loan_amnt,term,annual_inc,dti,fico_range_low,emp_length,home_ownership,mort_acc,acc_open_past_24mths,num_actv_rev_tl,mths_since_recent_inq,mths_since_recent_bc,mo_sin_old_rev_tl_op,mo_sin_rcnt_tl,avg_cur_bal,tot_cur_bal,total_bc_limit,verification_status,purpose
14300.0,60.0,48114.58,23.36,669.0,5.0,RENT,0.0,8.0,10.0,7.0,9.0,37.88,1.0,2075.86,25283.43,13856.55,Not Verified,debt_consolidation
20200.0,60.0,115748.67,13.06,719.0,2.0,RENT,0.0,6.0,7.0,0.0,0.0,114.84,0.0,6491.67,115768.78,78097.99,Source Verified,debt_consolidation
12100.0,60.0,35132.22,25.66,681.0,8.0,MORTGAGE,1.0,4.0,6.0,10.0,2.0,181.5,2.0,11091.2,101258.3,18466.79,Source Verified,debt_consolidation
23300.0,60.0,88103.53,16.41,688.0,2.0,MORTGAGE,3.0,3.0,4.0,5.0,75.0,179.44,5.0,50223.37,302716.5,11827.56,Not Verified,debt_consolidation
16100.0,60.0,66094.61,23.62,675.0,10.0,RENT,0.0,5.0,5.0,7.0,17.0,145.63,6.0,5723.34,46063.69,21428.72,Source Verified,debt_consolidation
15000.0,60.0,127819.15,13.67,680.0,3.0,RENT,6.0,5.0,1.0,2.0,93.0,226.33,7.0,12543.87,63112.95,28362.28,Source Verified,debt_consolidation
3000.0,36.0,59000.16,10.45,690.0,2.0,RENT,0.0,3.0,4.0,5.0,4.0,55.5,4.0,2645.61,31676.8,4534.85,Not Verified,debt_consolidation
12000.0,36.0,47634.53,20.79,688.0,10.0,RENT,0.0,12.0,10.0,2.0,1.0,215.3,1.0,1485.34,19610.5,20254.53,Not Verified,debt_consolidation
30800.0,60.0,70656.96,15.21,719.0,10.0,MORTGAGE,4.0,3.0,4.0,10.0,18.0,213.26,10.0,19570.62,158135.64,39718.94,Not Verified,debt_consolidation
30400.0,60.0,88292.87,16.04,644.0,6.0,MORTGAGE,0.0,3.0,6.0,15.0,12.0,184.92,12.0,5483.27,39612.77,37861.71,Not Verified,debt_consolidation
6300.0,36.0,41066.31,26.32,682.0,2.0,MORTGAGE,4.0,8.0,3.0,14.0,4.0,218.53,4.0,22998.44,218252.0,1485.91,Not Verified,debt_consolidation
6000.0,36.0,18565.67,10.49,673.0,,RENT,0.0,6.0,3.0,6.0,23.0,249.23,3.0,836.58,4169.11,3102.2,Not Verified,debt_consolidation
28500.0,36.0,84987.0,7.64,695.0,6.0,MORTGAGE,1.0,3.0,2.0,5.0,23.0,168.39,16.0,45207.19,224836.85,9074.64,Not Verified,debt_consolidation
24200.0,36.0,55902.39,12.32,691.0,0.0,RENT,0.0,1.0,4.0,1.0,14.0,159.33,14.0,3840.08,18681.38,17933.93,Not Verified,debt_consolidation
2500.0,36.0,28066.91,24.73,714.0,6.0,RENT,0.0,0.0,2.0,8.0,53.0,77.49,32.0,3164.2,15905.94,3227.22,Source Verified,debt_consolidation
14100.0,60.0,59974.73,13.48,711.0,3.0,RENT,1.0,8.0,7.0,4.0,8.0,239.55,7.0,2373.54,28180.81,12163.65,Source Verified,debt_consolidation
14200.0,36.0,35643.44,21.34,660.0,6.0,RENT,2.0,1.0,6.0,12.0,58.0,175.72,12.0,1978.2,13363.92,2700.73,Not Verified,debt_consolidation
4600.0,36.0,24209.47,22.39,701.0,5.0,RENT,,,,,,,,,,,Not Verified,debt_consolidation
26700.0,60.0,100714.9,16.13,658.0,10.0,MORTGAGE,0.0,9.0,5.0,10.0,,168.7,11.0,4438.84,40005.95,0.0,Not Verified,debt_consolidation
3600.0,36.0,50011.01,20.39,749.0,3.0,MORTGAGE,1.0,6.0,4.0,6.0,3.0,64.26,3.0,18220.52,218648.75,14356.86,Not Verified,debt_consolidation
5600.0,36.0,42824.45,32.07,687.0,9.0,MORTGAGE,0.0,5.0,5.0,7.0,35.0,104.52,7.0,3199.95,41390.41,14648.43,Source Verified,debt_consolidation
19000.0,36.0,52101.35,19.89,683.0,0.0,RENT,0.0,13.0,4.0,7.0,4.0,231.82,4.0,14361.06,253409.26,19467.24,Not Verified,debt_consolidation
7000.0,36.0,129863.89,26.52,696.0,7.0,MORTGAGE,4.0,8.0,11.0,3.0,12.0,216.3,3.0,21548.55,438685.25,73157.22,Not Verified,debt_consolidation
9900.0,36.0,48999.89,2.06,686.0,4.0,MORTGAGE,1.0,3.0,,15.0,15.0,,,,,3955.82,Source Verified,debt_consolidation
5000.0,36.0,50851.99,17.35,665.0,10.0,RENT,0.0,5.0,6.0,6.0,7.0,130.85,7.0,1595.05,19453.65,10923.02,Source Verified,debt_consolidation
35300.0,36.0,164474.58,21.89,676.0,10.0,MORTGAGE,4.0,0.0,11.0,,198.0,457.48,36.0,47903.34,637015.33,78911.62,Source Verified,debt_consolidation
11600.0,36.0,76877.73,10.86,673.0,0.0,MORTGAGE,3.0,4.0,3.0,7.0,0.0,451.32,0.0,48225.65,285950.73,5089.83,Source Verified,debt_consolidation
5000.0,36.0,51157.14,24.9,800.0,10.0,MORTGAGE,2.0,8.0,7.0,15.0,10.0,181.94,9.0,10946.22,154104.72,32935.2,Not Verified,debt_consolidation
35200.0,36.0,119139.45,12.04,672.0,10.0,MORTGAGE,5.0,13.0,9.0,1.0,2.0,228.71,2.0,13312.38,347040.76,56939.85,Source Verified,debt_consolidation
7700.0,36.0,62933.21,29.45,684.0,10.0,RENT,3.0,7.0,8.0,7.0,8.0,170.71,4.0,4296.09,59473.55,3965.1,Source Verified,debt_consolidation
16400.0,36.0,54563.11,23.42,676.0,10.0,RENT,0.0,4.0,6.0,3.0,26.0,278.98,6.0,4216.02,34186.99,5509.01,Source Verified,debt_consolidation
2100.0,36.0,72712.24,31.14,695.0,10.0,RENT,0.0,6.0,15.0,1.0,2.0,463.34,2.0,4535.04,90200.43,37129.9,Not Verified,debt_consolidation
7900.0,36.0,57654.68,23.21,664.0,0.0,MORTGAGE,1.0,3.0,2.0,18.0,152.0,159.81,17.0,18822.91,115956.5,3070.69,Not Verified,debt_consolidation
35300.0,36.0,90153.56,18.24,687.0,7.0,MORTGAGE,2.0,3.0,6.0,12.0,26.0,237.78,12.0,12419.56,146133.89,26957.73,Source Verified,debt_consolidation
14700.0,60.0,40862.7,26.69,664.0,5.0,RENT,0.0,12.0,8.0,1.0,17.0,240.1,5.0,3498.26,88872.2,8656.38,Source Verified,debt_consolidation
12500.0,36.0,99306.17,4.26,677.0,10.0,MORTGAGE,7.0,7.0,7.0,4.0,11.0,190.68,3.0,17051.66,146555.41,15533.51,Source Verified,debt_consolidation
9900.0,36.0,35523.19,11.73,736.0,0.0,OWN,2.0,2.0,4.0,10.0,10.0,304.35,10.0,3206.01,13199.13,13855.28,Source Verified,debt_consolidation
10100.0,60.0,59105.67,12.5,657.0,2.0,RENT,0.0,3.0,4.0,8.0,10.0,155.29,10.0,3037.17,24642.64,16642.88,Not Verified,debt_consolidation
5500.0,36.0,63813.75,12.7,733.0,0.0,RENT,,,,,,,,,,,Source Verified,debt_consolidation
3200.0,36.0,35484.39,29.33,702.0,0.0,RENT,0.0,3.0,3.0,,1.0,101.97,1.0,6194.09,68208.82,6178.92,Not Verified,debt_consolidation
10100.0,36.0,119168.27,26.8,674.0,6.0,RENT,1.0,17.0,6.0,10.0,14.0,95.25,1.0,10387.23,146247.53,10520.88,Not Verified,debt_consolidation
17800.0,36.0,123449.6,17.86,725.0,10.0,OWN,3.0,1.0,3.0,1.0,93.0,334.98,18.0,34270.65,344793.9,44967.21,Not Verified,debt_consolidation
8000.0,36.0,46461.78,19.81,676.0,2.0,RENT,0.0,2.0,3.0,19.0,9.0,127.24,6.0,8510.39,59200.7,7552.67,Source Verified,debt_consolidation
5000.0,36.0,100869.21,13.58,678.0,6.0,RENT,0.0,5.0,3.0,1.0,2.0,110.13,2.0,5577.9,32582.11,6620.46,Not Verified,debt_consolidation
21100.0,60.0,157613.6,12.16,734.0,7.0,MORTGAGE,2.0,2.0,6.0,,39.0,283.11,8.0,62041.82,870544.77,62395.14,Not Verified,debt_consolidation
10100.0,36.0,50495.33,29.6,684.0,8.0,MORTGAGE,1.0,4.0,5.0,21.0,21.0,75.78,11.0,9993.12,138598.58,8342.14,Not Verified,debt_consolidation
12000.0,36.0,65485.47,21.53,704.0,10.0,OWN,2.0,5.0,10.0,12.0,11.0,357.52,11.0,2554.11,37261.8,19161.2,Not Verified,debt_consolidation
24200.0,60.0,83127.31,23.36,694.0,0.0,MORTGAGE,2.0,9.0,9.0,4.0,17.0,137.86,4.0,18544.2,289635.02,31019.22,Source Verified,debt_consolidation
20000.0,60.0,73736.67,28.06,688.0,2.0,RENT,1.0,2.0,7.0,14.0,43.0,130.36,13.0,5973.15,64610.84,23129.2,Not Verified,debt_consolidation
24100.0,36.0,60566.78,13.61,658.0,10.0,OWN,1.0,6.0,8.0,1.0,9.0,319.1,8.0,1729.51,19305.47,30100.18,Not Verified,debt_consolidation
6100.0,36.0,28467.25,4.3,696.0,8.0,RENT,0.0,4.0,4.0,5.0,9.0,41.98,5.0,689.24,3412.1,5240.2,Not Verified,debt_consolidation
9800.0,36.0,73251.67,12.7,648.0,5.0,RENT,,,,,,,,,,,Not Verified,debt_consolidation
19900.0,36.0,126707.68,25.21,685.0,10.0,MORTGAGE,4.0,15.0,12.0,0.0,19.0,195.48,1.0,6129.77,139986.84,29335.39,Not Verified,debt_consolidation
12800.0,36.0,50274.84,7.68,719.0,5.0,MORTGAGE,7.0,5.0,,3.0,3.0,,,,,26195.6,Not Verified,debt_consolidation
9500.0,36.0,30262.4,8.89,676.0,1.0,RENT,3.0,8.0,3.0,1.0,8.0,164.89,7.0,803.37,8625.64,8750.21,Source Verified,debt_consolidation
5000.0,36.0,89334.64,25.71,684.0,,MORTGAGE,4.0,2.0,7.0,5.0,76.0,424.49,5.0,28400.62,303690.82,48447.9,Not Verified,debt_consolidation
12300.0,36.0,97284.68,10.53,669.0,8.0,MORTGAGE,3.0,16.0,7.0,10.0,13.0,210.56,1.0,14443.68,136614.08,24772.77,Not Verified,debt_consolidation
11800.0,36.0,39638.37,21.67,678.0,8.0,OWN,0.0,4.0,3.0,7.0,65.0,139.46,7.0,3331.35,23743.88,3412.22,Not Verified,debt_consolidation
18300.0,36.0,162295.08,26.49,686.0,2.0,MORTGAGE,3.0,2.0,6.0,21.0,47.0,163.79,9.0,29450.35,400723.16,38573.07,Source Verified,debt_consolidation
24400.0,36.0,88046.54,22.12,759.0,10.0,MORTGAGE,2.0,4.0,10.0,2.0,15.0,502.03,5.0,9400.67,180021.45,66336.69,Not Verified,debt_consolidation
9900.0,60.0,22568.38,14.02,681.0,,OWN,0.0,6.0,4.0,16.0,3.0,210.89,3.0,1284.24,11423.66,29173.12,Not Verified,debt_consolidation
21900.0,60.0,52212.83,39.51,692.0,8.0,MORTGAGE,3.0,8.0,12.0,4.0,7.0,237.72,4.0,11281.32,202711.67,50346.22,Source Verified,debt_consolidation
2400.0,36.0,38216.42,9.45,680.0,1.0,MORTGAGE,,,,,,,,,,,Source Verified,debt_consolidation
1600.0,36.0,55740.42,8.96,687.0,3.0,MORTGAGE,1.0,5.0,7.0,8.0,12.0,35.21,12.0,18963.96,205624.17,795.72,Not Verified,debt_consolidation
35400.0,36.0,197228.5,14.35,734.0,7.0,RENT,0.0,1.0,3.0,,93.0,166.18,22.0,11258.1,56571.49,43733.85,Not Verified,debt_consolidation
14900.0,36.0,79128.52,13.54,767.0,10.0,MORTGAGE,5.0,11.0,11.0,12.0,1.0,443.76,1.0,12357.53,342899.0,91956.67,Not Verified,debt_consolidation
9600.0,36.0,54973.32,11.89,672.0,4.0,RENT,0.0,5.0,8.0,9.0,9.0,94.06,5.0,2886.53,26232.33,34745.12,Source Verified,debt_consolidation
11100.0,36.0,85676.63,25.87,678.0,6.0,RENT,0.0,2.0,6.0,7.0,36.0,117.89,4.0,7762.03,78006.04,21291.86,Source Verified,debt_consolidation
10000.0,36.0,44867.7,25.73,650.0,2.0,RENT,1.0,9.0,7.0,7.0,0.0,40.4,0.0,3855.95,42424.59,24164.57,Not Verified,debt_consolidation
19600.0,36.0,89538.09,14.15,767.0,10.0,MORTGAGE,5.0,8.0,6.0,0.0,2.0,313.05,2.0,34615.24,421293.52,112571.41,Not Verified,debt_consolidation
3200.0,36.0,38176.96,22.26,676.0,10.0,RENT,0.0,7.0,7.0,5.0,13.0,195.43,6.0,1344.93,17239.12,12066.13,Source Verified,debt_consolidation
13600.0,36.0,35902.35,23.06,688.0,10.0,MORTGAGE,4.0,6.0,,1.0,10.0,,,,,26949.04,Not Verified,debt_consolidation
20100.0,36.0,79686.13,7.87,683.0,4.0,MORTGAGE,1.0,6.0,8.0,13.0,33.0,110.92,14.0,31087.78,379777.8,14346.32,Not Verified,debt_consolidation
21100.0,60.0,44037.29,26.43,726.0,2.0,RENT,0.0,10.0,5.0,3.0,6.0,183.99,4.0,7537.12,132896.2,54103.09,Source Verified,debt_consolidation
10100.0,36.0,59823.19,21.25,658.0,6.0,MORTGAGE,,,,,,,,,,,Not Verified,debt_consolidation
1200.0,36.0,35341.71,33.52,691.0,0.0,RENT,0.0,4.0,6.0,6.0,17.0,118.25,17.0,8522.49,178184.22,18423.24,Not Verified,debt_consolidation
30100.0,36.0,250201.57,1.67,710.0,2.0,RENT,4.0,1.0,3.0,,28.0,350.36,7.0,31415.15,231186.49,45193.78,Source Verified,debt_consolidation
21300.0,60.0,44280.12,31.1,691.0,1.0,MORTGAGE,2.0,6.0,5.0,3.0,9.0,50.71,3.0,11819.73,120902.19,7363.62,Not Verified,debt_consolidation
8000.0,36.0,29588.19,9.49,646.0,10.0,RENT,0.0,0.0,2.0,,90.0,332.47,68.0,4243.83,8547.95,5675.36,Not Verified,debt_consolidation
8100.0,36.0,60366.54,36.92,682.0,8.0,MORTGAGE,0.0,7.0,8.0,,16.0,109.24,6.0,2899.78,45850.81,5875.81,Source Verified,debt_consolidation
9900.0,36.0,71412.22,23.37,667.0,10.0,MORTGAGE,3.0,9.0,17.0,4.0,21.0,144.1,4.0,4948.49,118093.06,12844.86,Not Verified,debt_consolidation
3500.0,36.0,72360.74,10.77,679.0,8.0,OWN,1.0,6.0,2.0,2.0,21.0,155.08,3.0,28345.7,306455.59,3640.18,Not Verified,debt_consolidation
18900.0,60.0,80190.14,23.06,654.0,5.0,RENT,1.0,6.0,4.0,5.0,5.0,181.66,5.0,5871.02,64210.23,31687.63,Not Verified,small_business
19700.0,60.0,52797.48,32.64,674.0,10.0,MORTGAGE,0.0,5.0,10.0,1.0,16.0,171.77,1.0,5176.57,88083.65,16684.45,Not Verified,debt_consolidation
15100.0,36.0,42489.56,9.26,646.0,10.0,RENT,0.0,3.0,4.0,8.0,7.0,96.5,7.0,2648.49,12850.14,17285.38,Not Verified,debt_consolidation
17800.0,36.0,69899.95,23.8,688.0,10.0,MORTGAGE,3.0,5.0,8.0,10.0,2.0,183.06,2.0,33070.95,327948.93,26524.48,Not Verified,debt_consolidation
25000.0,60.0,139017.25,20.38,672.0,2.0,MORTGAGE,1.0,7.0,7.0,1.0,14.0,123.33,14.0,7030.42,87260.2,34019.42,Source Verified,debt_consolidation
2000.0,36.0,123819.98,14.84,678.0,6.0,MORTGAGE,2.0,1.0,6.0,8.0,50.0,169.43,20.0,42175.93,375581.53,27529.76,Source Verified,debt_consolidation
16100.0,36.0,48336.83,31.15,688.0,1.0,MORTGAGE,5.0,3.0,4.0,19.0,2.0,63.56,2.0,24909.43,174137.6,24734.29,Source Verified,debt_consolidation
5400.0,36.0,64187.3,19.31,682.0,1.0,OWN,2.0,1.0,5.0,22.0,22.0,233.15,22.0,7033.67,63797.32,34349.01,Not Verified,debt_consolidation
11200.0,36.0,40377.64,25.58,677.0,2.0,RENT,0.0,3.0,2.0,13.0,17.0,36.0,13.0,7975.61,48311.59,12636.61,Not Verified,debt_consolidation
9600.0,36.0,32063.3,18.51,746.0,2.0,MORTGAGE,2.0,3.0,3.0,13.0,13.0,134.39,13.0,30217.66,182823.21,19801.41,Not Verified,debt_consolidation
32800.0,60.0,79970.24,28.06,700.0,0.0,MORTGAGE,2.0,16.0,8.0,12.0,9.0,123.16,5.0,8667.33,211815.69,49304.98,Source Verified,debt_consolidation
17500.0,36.0,84119.19,5.86,725.0,10.0,MORTGAGE,0.0,3.0,2.0,2.0,12.0,128.37,12.0,470.68,4632.07,28845.32,Source Verified,debt_consolidation
31000.0,60.0,222589.47,11.31,685.0,10.0,RENT,0.0,15.0,11.0,3.0,8.0,155.45,7.0,4259.34,71564.31,10348.62,Not Verified,debt_consolidation
14700.0,36.0,75979.68,12.72,761.0,3.0,MORTGAGE,1.0,6.0,3.0,1.0,1.0,94.25,1.0,14305.62,231225.8,49922.44,Not Verified,debt_consolidation
7900.0,36.0,31613.83,28.78,652.0,3.0,OWN,0.0,6.0,9.0,2.0,3.0,49.58,3.0,2599.8,32413.86,11485.44,Source Verified,debt_consolidation
15100.0,36.0,82694.62,12.52,680.0,8.0,MORTGAGE,1.0,3.0,6.0,7.0,14.0,124.06,14.0,28299.82,288020.97,16282.79,Not Verified,debt_consolidation
7100.0,36.0,48599.74,13.8,660.0,4.0,OWN,0.0,5.0,7.0,0.0,15.0,90.11,3.0,1770.08,13773.69,5888.3,Not Verified,debt_consolidation
19600.0,36.0,55211.74,28.1,657.0,10.0,RENT,0.0,5.0,4.0,2.0,43.0,259.03,2.0,3861.59,35487.78,1100.61,Not Verified,debt_consolidation
16300.0,36.0,93531.14,21.52,727.0,6.0,MORTGAGE,5.0,2.0,2.0,6.0,54.0,381.85,17.0,19764.62,235652.89,1797.98,Not Verified,debt_consolidation
14900.0,36.0,62325.44,16.66,704.0,3.0,MORTGAGE,5.0,4.0,6.0,1.0,16.0,183.03,7.0,30952.08,278069.88,45874.36,Not Verified,debt_consolidation
10100.0,36.0,65752.58,18.9,698.0,10.0,MORTGAGE,0.0,15.0,11.0,0.0,23.0,205.14,6.0,1048.07,19765.05,4136.74,Not Verified,debt_consolidation
29600.0,36.0,134433.65,11.69,688.0,10.0,RENT,0.0,1.0,5.0,17.0,7.0,213.9,7.0,7998.33,45856.12,48006.18,Source Verified,debt_consolidation
34900.0,60.0,119078.29,20.4,667.0,5.0,MORTGAGE,1.0,10.0,4.0,2.0,6.0,70.32,6.0,11264.42,221771.56,8446.97,Source Verified,debt_consolidation
2500.0,36.0,61260.79,12.64,672.0,7.0,RENT,0.0,3.0,5.0,3.0,74.0,96.97,3.0,2923.67,20242.98,1988.8,Not Verified,debt_consolidation
24900.0,60.0,84649.0,21.15,689.0,4.0,MORTGAGE,1.0,2.0,13.0,0.0,58.0,171.11,12.0,1885.75,32646.32,18153.66,Not Verified,debt_consolidation
18200.0,60.0,67185.88,3.77,709.0,6.0,MORTGAGE,0.0,3.0,4.0,11.0,2.0,41.94,2.0,1300.39,7983.52,3056.69,Source Verified,debt_consolidation
15000.0,36.0,121383.67,11.73,658.0,10.0,OWN,5.0,3.0,2.0,2.0,22.0,187.23,2.0,6824.95,27211.54,4163.56,Not Verified,debt_consolidation
15500.0,60.0,120702.82,6.08,682.0,10.0,MORTGAGE,7.0,0.0,4.0,4.0,31.0,255.17,31.0,94550.69,848782.77,37977.54,Not Verified,debt_consolidation
8000.0,36.0,68506.27,1.56,743.0,8.0,MORTGAGE,3.0,3.0,3.0,21.0,12.0,428.79,12.0,11466.38,127671.81,14842.3,Not Verified,debt_consolidation
22200.0,60.0,55751.77,23.23,692.0,10.0,MORTGAGE,4.0,5.0,12.0,20.0,15.0,104.2,15.0,10053.65,138680.88,51664.54,Not Verified,debt_consolidation
18000.0,36.0,105312.76,6.93,673.0,10.0,RENT,0.0,1.0,5.0,2.0,10.0,195.12,10.0,5976.14,37752.26,15969.01,Not Verified,debt_consolidation
21000.0,36.0,100734.08,11.24,679.0,0.0,RENT,0.0,2.0,7.0,16.0,19.0,136.26,2.0,3998.51,31694.6,29909.13,Source Verified,debt_consolidation
9900.0,36.0,57774.49,29.3,695.0,0.0,OWN,0.0,7.0,13.0,2.0,29.0,324.54,2.0,3708.9,68058.93,3216.6,Not Verified,debt_consolidation
10000.0,36.0,70065.83,8.84,691.0,0.0,OWN,2.0,5.0,4.0,5.0,4.0,110.44,4.0,24086.22,304827.39,19141.36,Source Verified,debt_consolidation
6500.0,36.0,49079.04,15.26,649.0,5.0,MORTGAGE,0.0,8.0,5.0,3.0,3.0,105.2,3.0,2055.74,29162.9,6583.42,Source Verified,debt_consolidation
15400.0,60.0,65209.72,7.45,665.0,8.0,MORTGAGE,0.0,4.0,6.0,4.0,7.0,113.43,7.0,1400.77,13883.69,24585.26,Source Verified,debt_consolidation
12000.0,36.0,60695.29,7.75,775.0,8.0,MORTGAGE,2.0,8.0,2.0,19.0,6.0,160.25,6.0,21339.06,239232.37,26404.93,Not Verified,debt_consolidation
14800.0,36.0,60499.63,18.75,706.0,3.0,RENT,1.0,1.0,8.0,19.0,6.0,115.72,6.0,3609.5,36127.43,27395.39,Source Verified,debt_consolidation
15000.0,36.0,186123.37,10.38,670.0,3.0,MORTGAGE,8.0,2.0,9.0,2.0,17.0,233.77,17.0,3777.36,41340.21,19160.33,Not Verified,debt_consolidation
8000.0,36.0,45441.7,13.93,710.0,1.0,RENT,0.0,6.0,,,12.0,,,,,5275.19,Not Verified,debt_consolidation
10200.0,36.0,72985.01,18.9,662.0,10.0,RENT,0.0,8.0,5.0,5.0,17.0,100.83,5.0,7591.6,66470.21,3257.81,Not Verified,debt_consolidation
6100.0,36.0,39983.19,25.45,702.0,1.0,MORTGAGE,1.0,6.0,4.0,4.0,5.0,161.7,4.0,13636.69,123976.06,3465.52,Source Verified,debt_consolidation
20100.0,60.0,50144.89,29.68,646.0,4.0,MORTGAGE,3.0,5.0,10.0,14.0,24.0,254.98,8.0,13548.51,158233.2,7777.43,Not Verified,debt_consolidation
35800.0,60.0,157030.88,16.12,784.0,0.0,MORTGAGE,3.0,7.0,6.0,3.0,2.0,209.09,2.0,33672.73,474263.02,43579.65,Source Verified,debt_consolidation
16500.0,60.0,39685.74,24.27,745.0,5.0,RENT,0.0,5.0,4.0,,11.0,115.16,11.0,13080.86,102506.42,1003.11,Not Verified,debt_consolidation
15800.0,36.0,65411.73,14.31,734.0,10.0,MORTGAGE,4.0,1.0,6.0,4.0,6.0,185.8,6.0,37514.11,304758.31,27341.55,Not Verified,debt_consolidation
11800.0,36.0,60961.62,28.16,673.0,1.0,MORTGAGE,2.0,6.0,5.0,2.0,,33.07,1.0,22764.72,177775.25,0.0,Source Verified,debt_consolidation
5000.0,36.0,25036.75,21.35,664.0,8.0,RENT,0.0,10.0,9.0,5.0,5.0,131.74,5.0,3765.05,38473.32,10936.47,Source Verified,debt_consolidation
14700.0,36.0,89015.82,16.96,677.0,1.0,MORTGAGE,9.0,8.0,9.0,1.0,18.0,219.46,1.0,12212.44,171919.64,11305.88,Not Verified,debt_consolidation
12100.0,36.0,69603.06,30.68,669.0,10.0,MORTGAGE,4.0,8.0,5.0,10.0,0.0,128.75,0.0,4017.74,87272.67,10433.04,Not Verified,debt_consolidation
12800.0,36.0,60291.68,21.5,655.0,10.0,RENT,0.0,7.0,9.0,0.0,14.0,276.38,0.0,3502.93,50979.2,6356.73,Not Verified,debt_consolidation
14100.0,36.0,83981.52,6.76,733.0,0.0,RENT,0.0,5.0,6.0,0.0,4.0,208.2,2.0,3424.33,49309.44,66995.04,Source Verified,debt_consolidation
7900.0,36.0,26857.63,12.59,690.0,10.0,RENT,0.0,5.0,6.0,20.0,65.0,154.48,3.0,726.65,7053.78,8404.09,Not Verified,debt_consolidation
12200.0,36.0,43160.56,19.11,654.0,6.0,OWN,0.0,6.0,4.0,8.0,8.0,198.35,8.0,2143.24,19520.19,4470.52,Source Verified,debt_consolidation
30400.0,60.0,177221.55,11.35,639.0,10.0,MORTGAGE,6.0,1.0,5.0,3.0,26.0,310.58,3.0,43546.09,440387.66,23889.24,Source Verified,debt_consolidation
22700.0,36.0,97464.28,29.37,704.0,7.0,RENT,0.0,5.0,3.0,17.0,17.0,172.84,7.0,8683.7,88653.25,28748.6,Source Verified,debt_consolidation
10400.0,36.0,117171.97,10.11,720.0,10.0,MORTGAGE,3.0,7.0,5.0,14.0,8.0,175.89,5.0,23586.27,234657.9,52973.22,Source Verified,debt_consolidation
8800.0,36.0,73894.59,17.68,682.0,10.0,MORTGAGE,0.0,9.0,7.0,5.0,5.0,98.14,5.0,3842.33,47511.72,4605.5,Not Verified,debt_consolidation
11800.0,36.0,53730.94,19.26,679.0,2.0,MORTGAGE,0.0,4.0,9.0,0.0,8.0,82.43,8.0,2633.37,34091.96,21688.04,Not Verified,debt_consolidation
27600.0,60.0,78041.98,25.47,685.0,0.0,RENT,3.0,12.0,14.0,9.0,4.0,167.26,1.0,5430.8,106726.76,14040.07,Not Verified,debt_consolidation
15100.0,36.0,42248.37,21.28,710.0,6.0,RENT,2.0,3.0,4.0,1.0,11.0,257.1,10.0,2516.99,20084.71,16476.22,Not Verified,debt_consolidation
3600.0,36.0,49460.39,4.43,669.0,5.0,MORTGAGE,0.0,3.0,6.0,7.0,7.0,168.75,6.0,826.08,4938.8,6586.35,Not Verified,debt_consolidation
6000.0,36.0,95000.26,1.02,656.0,10.0,MORTGAGE,3.0,1.0,3.0,3.0,27.0,261.8,22.0,30771.23,156282.95,3933.8,Not Verified,debt_consolidation
3300.0,36.0,55208.15,27.6,655.0,10.0,MORTGAGE,2.0,7.0,4.0,12.0,3.0,343.4,1.0,25689.69,197277.66,4875.16,Not Verified,debt_consolidation
34900.0,60.0,223090.68,16.03,698.0,1.0,MORTGAGE,1.0,3.0,0.0,3.0,15.0,35.82,3.0,76840.33,531497.53,6643.61,Not Verified,debt_consolidation
4300.0,36.0,57682.99,15.63,674.0,10.0,MORTGAGE,6.0,2.0,5.0,3.0,16.0,197.73,16.0,19358.2,168738.3,12796.88,Not Verified,debt_consolidation
19000.0,60.0,75143.28,17.56,719.0,6.0,MORTGAGE,,,,,,,,,,,Source Verified,debt_consolidation
4700.0,36.0,13187.43,29.46,768.0,,RENT,0.0,4.0,3.0,,3.0,79.09,3.0,467.19,5337.71,16499.82,Not Verified,debt_consolidation
4900.0,36.0,24263.34,14.77,692.0,,RENT,0.0,3.0,5.0,16.0,5.0,56.19,5.0,1323.01,7884.57,16634.24,Not Verified,debt_consolidation
13600.0,60.0,49364.94,24.24,663.0,9.0,RENT,0.0,4.0,9.0,23.0,32.0,163.9,5.0,2170.82,30035.52,3815.92,Not Verified,debt_consolidation
14900.0,36.0,51161.05,22.2,658.0,6.0,RENT,0.0,3.0,5.0,4.0,4.0,108.41,4.0,4675.45,38265.41,29680.73,Not Verified,debt_consolidation
30000.0,60.0,75914.56,30.48,688.0,10.0,RENT,0.0,1.0,8.0,,2.0,235.24,2.0,8287.14,169615.27,38783.63,Source Verified,debt_consolidation
11500.0,36.0,63078.53,25.7,686.0,6.0,MORTGAGE,4.0,13.0,17.0,2.0,1.0,179.37,0.0,8190.07,163736.86,13921.19,Not Verified,debt_consolidation
12000.0,36.0,155773.14,5.12,722.0,1.0,RENT,0.0,1.0,,23.0,65.0,,,,,24478.46,Not Verified,debt_consolidation
35500.0,36.0,251903.84,17.27,706.0,4.0,MORTGAGE,4.0,3.0,9.0,14.0,92.0,271.6,11.0,37746.6,521624.97,38232.26,Not Verified,debt_consolidation
4000.0,36.0,42931.9,15.41,699.0,2.0,MORTGAGE,1.0,1.0,1.0,8.0,37.0,114.6,7.0,19719.12,59457.04,4251.02,Not Verified,debt_consolidation
19600.0,60.0,79107.37,17.57,726.0,10.0,MORTGAGE,9.0,20.0,,,131.0,,,,,6567.17,Source Verified,debt_consolidation
4300.0,36.0,99217.69,5.4,663.0,4.0,MORTGAGE,2.0,4.0,3.0,8.0,3.0,143.25,3.0,2463.17,10144.42,3520.12,Not Verified,debt_consolidation
9600.0,36.0,54221.24,11.66,659.0,4.0,RENT,0.0,5.0,8.0,9.0,9.0,92.88,5.0,2880.19,25735.45,34849.98,Source Verified,debt_consolidation
14400.0,36.0,60151.53,24.85,721.0,3.0,RENT,0.0,3.0,4.0,1.0,1.0,325.44,1.0,4114.85,64294.24,43774.19,Source Verified,debt_consolidation
26300.0,36.0,100939.03,16.91,735.0,,OWN,3.0,1.0,4.0,9.0,39.0,432.07,14.0,25015.22,252611.07,16958.54,Not Verified,debt_consolidation
5100.0,36.0,70635.24,28.75,691.0,0.0,RENT,0.0,1.0,8.0,,32.0,120.41,21.0,4468.16,93679.47,17713.68,Not Verified,debt_consolidation
27600.0,36.0,85571.49,5.84,807.0,9.0,MORTGAGE,,,,,,,,,,,Not Verified,small_business
15500.0,36.0,60447.0,26.6,742.0,10.0,RENT,0.0,6.0,8.0,6.0,6.0,351.85,6.0,3599.85,53774.43,76952.25,Not Verified,debt_consolidation
12100.0,60.0,73077.12,22.18,667.0,3.0,RENT,3.0,5.0,7.0,1.0,1.0,148.57,1.0,3202.63,38959.08,32065.72,Not Verified,debt_consolidation
8000.0,36.0,56368.69,18.29,684.0,2.0,RENT,0.0,5.0,4.0,7.0,76.0,80.43,13.0,3977.21,46609.49,5114.28,Not Verified,debt_consolidation
30000.0,60.0,69353.02,33.92,722.0,2.0,MORTGAGE,2.0,5.0,9.0,10.0,37.0,129.52,14.0,8596.98,117926.32,16986.65,Source Verified,debt_consolidation
9900.0,36.0,44425.7,21.73,678.0,1.0,RENT,6.0,4.0,5.0,4.0,11.0,186.05,3.0,3987.1,34873.83,8706.68,Source Verified,debt_consolidation
8100.0,36.0,50175.65,11.99,681.0,,OWN,1.0,1.0,2.0,3.0,88.0,312.49,1.0,15405.97,77555.35,11935.46,Not Verified,debt_consolidation
24800.0,60.0,82626.93,17.46,712.0,10.0,MORTGAGE,3.0,0.0,5.0,,68.0,207.66,29.0,9465.74,56758.22,52731.52,Source Verified,debt_consolidation
27500.0,36.0,137445.13,25.95,712.0,10.0,MORTGAGE,2.0,9.0,12.0,1.0,5.0,148.47,5.0,19798.45,401714.94,85415.25,Source Verified,debt_consolidation
4900.0,36.0,39196.0,4.9,738.0,7.0,RENT,0.0,0.0,4.0,,30.0,53.67,30.0,1364.17,5328.96,10506.97,Not Verified,debt_consolidation
13000.0,36.0,107082.98,7.63,698.0,10.0,RENT,0.0,3.0,5.0,2.0,7.0,139.24,1.0,3590.65,24776.19,17228.57,Not Verified,debt_consolidation
7200.0,36.0,108779.27,27.3,697.0,4.0,MORTGAGE,2.0,7.0,4.0,3.0,58.0,169.69,11.0,16846.11,178471.36,23410.89,Not Verified,debt_consolidation
18000.0,36.0,56930.3,14.66,660.0,3.0,RENT,,,,,,,,,,,Not Verified,debt_consolidation
8000.0,36.0,32289.44,19.73,677.0,1.0,RENT,3.0,5.0,4.0,9.0,14.0,116.54,4.0,3172.06,27678.63,5102.51,Source Verified,debt_consolidation
3500.0,36.0,34803.96,10.64,679.0,2.0,RENT,0.0,4.0,4.0,,24.0,64.02,15.0,3379.97,33544.02,5744.94,Not Verified,debt_consolidation
20200.0,36.0,72227.2,22.78,700.0,4.0,RENT,0.0,5.0,5.0,10.0,10.0,198.41,2.0,7230.62,55840.92,82628.01,Not Verified,debt_consolidation
4800.0,36.0,60210.99,23.79,689.0,10.0,RENT,1.0,6.0,8.0,15.0,15.0,138.47,3.0,2241.23,27385.21,18951.89,Source Verified,debt_consolidation
17900.0,36.0,150669.72,15.33,675.0,3.0,MORTGAGE,3.0,10.0,8.0,7.0,14.0,232.68,7.0,16718.92,317635.58,29099.56,Not Verified,debt_consolidation
10200.0,36.0,49248.22,28.41,661.0,3.0,OWN,0.0,10.0,17.0,2.0,5.0,255.18,2.0,1760.31,33000.26,14692.35,Not Verified,debt_consolidation
24200.0,60.0,82780.86,6.79,726.0,10.0,MORTGAGE,3.0,7.0,2.0,3.0,56.0,114.78,1.0,2416.28,16575.56,3523.02,Not Verified,debt_consolidation
6500.0,36.0,38009.88,6.55,680.0,10.0,MORTGAGE,0.0,8.0,6.0,0.0,1.0,184.92,1.0,384.05,4997.11,11137.03,Not Verified,debt_consolidation
6000.0,36.0,32939.71,19.16,712.0,5.0,RENT,0.0,1.0,2.0,,115.0,240.17,8.0,5123.76,15575.03,4828.73,Not Verified,debt_consolidation
4900.0,36.0,56798.09,31.34,741.0,10.0,MORTGAGE,1.0,3.0,4.0,4.0,28.0,197.02,3.0,16562.79,142451.08,19379.56,Not Verified,debt_consolidation
29400.0,60.0,103016.39,23.55,713.0,10.0,MORTGAGE,4.0,4.0,7.0,,36.0,138.12,4.0,20976.89,457192.75,23874.76,Not Verified,debt_consolidation
30700.0,60.0,80649.71,21.69,673.0,7.0,RENT,0.0,7.0,,0.0,3.0,,,,,20024.95,Not Verified,debt_consolidation
10000.0,36.0,30326.74,14.54,703.0,1.0,RENT,0.0,7.0,2.0,8.0,53.0,119.45,2.0,6233.3,135124.62,13803.88,Source Verified,debt_consolidation
6000.0,36.0,105505.63,10.4,760.0,7.0,MORTGAGE,4.0,6.0,5.0,3.0,14.0,191.84,14.0,11373.15,134568.03,13965.64,Source Verified,debt_consolidation
15800.0,36.0,35460.46,13.59,686.0,10.0,MORTGAGE,3.0,4.0,5.0,,5.0,114.41,5.0,8428.27,91034.66,21842.02,Not Verified,debt_consolidation
22700.0,60.0,54029.81,27.51,673.0,8.0,RENT,2.0,1.0,8.0,7.0,69.0,129.79,13.0,6139.92,69601.03,17606.97,Not Verified,debt_consolidation
24600.0,36.0,90233.56,22.63,665.0,5.0,RENT,0.0,5.0,8.0,3.0,8.0,133.29,3.0,7074.79,95867.0,15742.33,Source Verified,debt_consolidation
9500.0,36.0,34025.44,11.61,669.0,9.0,RENT,0.0,3.0,5.0,13.0,13.0,112.84,13.0,1542.85,8944.18,5597.77,Source Verified,debt_consolidation
16200.0,36.0,55848.54,20.79,673.0,8.0,MORTGAGE,9.0,6.0,6.0,6.0,77.0,152.63,3.0,24027.69,276996.05,4833.5,Not Verified,debt_consolidation
11900.0,36.0,68014.35,15.57,731.0,0.0,RENT,1.0,3.0,5.0,15.0,3.0,114.65,3.0,20404.8,210192.46,22436.41,Not Verified,debt_consolidation
20000.0,36.0,85722.46,14.57,702.0,10.0,MORTGAGE,3.0,0.0,3.0,,76.0,163.98,31.0,5708.17,33838.2,10138.73,Not Verified,debt_consolidation
2400.0,36.0,45438.76,26.92,661.0,7.0,MORTGAGE,2.0,9.0,4.0,5.0,8.0,179.9,5.0,10733.82,124739.11,16530.75,Source Verified,debt_consolidation
3000.0,36.0,50587.26,14.41,695.0,10.0,MORTGAGE,3.0,0.0,5.0,0.0,69.0,260.82,49.0,28149.24,191899.46,17587.07,Source Verified,debt_consolidation
12300.0,36.0,49867.36,14.0,701.0,10.0,OWN,1.0,6.0,3.0,,5.0,108.22,4.0,6331.14,63624.36,7108.03,Not Verified,debt_consolidation
6000.0,36.0,70095.34,16.62,676.0,10.0,MORTGAGE,2.0,11.0,9.0,0.0,13.0,93.86,4.0,8290.71,162499.24,10260.04,Not Verified,debt_consolidation
14100.0,60.0,63571.53,28.44,668.0,10.0,OWN,1.0,28.0,17.0,1.0,3.0,36.16,3.0,2936.3,79122.72,8585.9,Not Verified,debt_consolidation
5800.0,36.0,18682.06,10.6,664.0,,RENT,0.0,6.0,3.0,6.0,23.0,241.76,3.0,839.2,4170.2,3148.84,Not Verified,debt_consolidation
32000.0,36.0,71682.1,13.4,746.0,7.0,OWN,1.0,2.0,1.0,18.0,24.0,121.91,18.0,3208.48,25635.94,55119.94,Not Verified,debt_consolidation
5900.0,36.0,50651.04,23.34,684.0,4.0,RENT,0.0,2.0,3.0,,35.0,195.72,9.0,5488.97,33482.39,6598.72,Not Verified,debt_consolidation
13300.0,60.0,38249.46,35.35,677.0,10.0,MORTGAGE,3.0,5.0,10.0,0.0,15.0,110.1,5.0,7832.46,101939.3,20499.6,Not Verified,debt_consolidation
1000.0,36.0,52476.46,32.62,675.0,4.0,RENT,0.0,7.0,6.0,1.0,12.0,102.26,2.0,6145.77,60720.3,2084.54,Not Verified,debt_consolidation
34800.0,36.0,88781.97,17.72,693.0,2.0,MORTGAGE,1.0,13.0,12.0,3.0,14.0,126.02,5.0,20257.46,339881.06,5334.48,Source Verified,debt_consolidation
24000.0,60.0,53628.36,16.99,659.0,10.0,MORTGAGE,1.0,3.0,6.0,13.0,8.0,173.02,8.0,22202.5,173273.65,28387.83,Not Verified,debt_consolidation
11800.0,36.0,45661.22,11.57,708.0,10.0,RENT,0.0,9.0,11.0,6.0,6.0,237.96,6.0,794.42,12088.96,24570.54,Source Verified,debt_consolidation
15200.0,60.0,94292.21,29.5,695.0,5.0,MORTGAGE,4.0,6.0,3.0,11.0,11.0,181.56,11.0,30605.07,222148.28,4041.13,Source Verified,debt_consolidation
17900.0,36.0,86240.68,5.8,722.0,10.0,MORTGAGE,0.0,3.0,2.0,2.0,12.0,128.88,12.0,475.14,4602.87,28666.38,Source Verified,debt_consolidation
12900.0,60.0,64155.24,13.27,718.0,6.0,MORTGAGE,1.0,4.0,5.0,1.0,15.0,82.33,10.0,6566.73,68071.29,1009.75,Source Verified,debt_consolidation
18300.0,60.0,80016.68,17.24,677.0,4.0,MORTGAGE,1.0,3.0,5.0,7.0,10.0,68.87,7.0,21735.57,176410.95,17476.04,Not Verified,debt_consolidation
24300.0,36.0,130021.99,17.63,715.0,0.0,MORTGAGE,4.0,4.0,5.0,10.0,4.0,336.34,4.0,29835.53,231005.54,31413.07,Not Verified,debt_consolidation
9800.0,36.0,159764.62,17.24,708.0,10.0,MORTGAGE,2.0,0.0,12.0,0.0,45.0,180.66,31.0,9071.96,174244.79,44818.64,Not Verified,debt_consolidation
11700.0,36.0,49513.05,13.22,694.0,2.0,RENT,2.0,3.0,3.0,5.0,32.0,277.11,13.0,1595.32,14910.19,16466.85,Source Verified,debt_consolidation
9900.0,60.0,43997.25,23.1,673.0,6.0,RENT,0.0,4.0,5.0,8.0,14.0,43.94,12.0,3965.83,48283.89,4837.37,Source Verified,debt_consolidation
34900.0,36.0,218303.06,13.46,710.0,4.0,MORTGAGE,4.0,2.0,6.0,3.0,18.0,545.95,18.0,95755.66,753966.61,52603.62,Source Verified,debt_consolidation
16100.0,36.0,307415.62,3.17,732.0,8.0,MORTGAGE,5.0,4.0,2.0,2.0,2.0,175.02,2.0,28812.3,143936.98,30849.32,Not Verified,debt_consolidation
15200.0,60.0,38049.02,26.51,675.0,4.0,RENT,0.0,2.0,9.0,7.0,7.0,130.1,7.0,2151.16,29971.96,32201.59,Source Verified,debt_consolidation
8000.0,36.0,23714.14,33.0,668.0,,MORTGAGE,6.0,1.0,9.0,0.0,43.0,378.05,12.0,1181.14,14441.81,9654.62,Not Verified,debt_consolidation
16500.0,60.0,85564.95,10.31,720.0,6.0,RENT,2.0,2.0,3.0,8.0,92.0,173.62,14.0,59611.51,460534.5,2516.47,Not Verified,debt_consolidation
22800.0,60.0,60210.87,25.3,672.0,10.0,RENT,0.0,7.0,4.0,8.0,29.0,112.36,3.0,4537.14,49839.55,1558.66,Not Verified,debt_consolidation
20800.0,36.0,57129.04,10.66,785.0,2.0,MORTGAGE,3.0,4.0,4.0,13.0,32.0,293.95,10.0,7243.42,91965.16,87376.25,Source Verified,debt_consolidation
17500.0,60.0,41356.26,17.38,669.0,3.0,OWN,0.0,1.0,2.0,0.0,62.0,133.25,15.0,2098.92,12539.19,10169.38,Not Verified,debt_consolidation
19700.0,36.0,72295.16,12.88,703.0,3.0,RENT,,,,,,,,,,,Not Verified,debt_consolidation
11500.0,36.0,42174.69,24.84,659.0,1.0,RENT,3.0,7.0,11.0,5.0,14.0,211.13,1.0,2053.63,25966.01,7895.41,Not Verified,debt_consolidation
10200.0,60.0,42305.6,40.29,680.0,10.0,MORTGAGE,2.0,2.0,3.0,9.0,78.0,124.72,20.0,22059.8,193591.57,2946.23,Not Verified,debt_consolidation
14900.0,36.0,39353.46,2.16,760.0,5.0,RENT,0.0,3.0,0.0,9.0,15.0,14.79,3.0,712.79,3543.2,10045.94,Not Verified,debt_consolidation
35200.0,36.0,171621.87,16.09,724.0,10.0,MORTGAGE,3.0,2.0,9.0,1.0,22.0,534.81,22.0,66525.64,721603.39,82193.28,Source Verified,debt_consolidation
15300.0,36.0,117730.38,4.5,811.0,10.0,MORTGAGE,5.0,3.0,2.0,18.0,18.0,102.05,15.0,51353.73,356080.76,8604.2,Not Verified,debt_consolidation
19800.0,36.0,41639.1,4.84,753.0,7.0,RENT,,,,,,,,,,,Not Verified,debt_consolidation
34700.0,60.0,78747.27,19.79,707.0,,RENT,0.0,6.0,9.0,10.0,27.0,182.63,5.0,1760.0,31048.24,27126.5,Not Verified,debt_consolidation
15500.0,36.0,95943.7,21.53,733.0,6.0,MORTGAGE,5.0,2.0,2.0,6.0,54.0,375.16,16.0,19611.86,235587.86,1744.65,Not Verified,debt_consolidation
6800.0,36.0,44939.12,9.36,725.0,,MORTGAGE,7.0,16.0,0.0,1.0,8.0,72.56,3.0,6084.06,77777.26,29474.5,Not Verified,debt_consolidation
19700.0,36.0,63133.59,21.88,669.0,10.0,MORTGAGE,3.0,9.0,12.0,1.0,19.0,103.23,9.0,8495.02,133667.49,31914.66,Not Verified,debt_consolidation
19800.0,36.0,64702.65,9.93,694.0,10.0,MORTGAGE,4.0,5.0,6.0,9.0,3.0,353.98,3.0,1559.6,20361.4,30776.98,Source Verified,debt_consolidation
16800.0,36.0,52129.78,5.11,671.0,,OWN,5.0,1.0,4.0,8.0,8.0,249.78,8.0,1404.86,8388.01,8944.57,Not Verified,debt_consolidation
10000.0,36.0,34576.85,25.42,675.0,10.0,RENT,0.0,6.0,2.0,7.0,3.0,101.23,1.0,3677.58,25545.12,4628.05,Not Verified,debt_consolidation
7500.0,36.0,55220.95,8.23,670.0,1.0,MORTGAGE,2.0,5.0,8.0,5.0,1.0,85.61,1.0,609.62,7453.24,9285.15,Source Verified,debt_consolidation
17600.0,36.0,101413.89,14.4,713.0,10.0,MORTGAGE,2.0,2.0,4.0,,21.0,124.09,16.0,9502.77,55358.37,24637.9,Not Verified,debt_consolidation
6200.0,36.0,52358.81,8.37,691.0,10.0,OWN,0.0,14.0,8.0,2.0,5.0,180.75,3.0,1120.6,25143.04,62087.6,Not Verified,debt_consolidation
6300.0,36.0,47553.23,28.52,739.0,10.0,MORTGAGE,1.0,6.0,8.0,14.0,18.0,189.81,14.0,10452.99,137414.54,7731.76,Source Verified,debt_consolidation
19700.0,36.0,63457.39,11.86,686.0,2.0,MORTGAGE,3.0,2.0,3.0,6.0,100.0,308.14,2.0,43927.6,355800.26,32878.39,Source Verified,debt_consolidation
25700.0,36.0,57352.18,40.21,700.0,10.0,MORTGAGE,5.0,5.0,8.0,1.0,34.0,229.11,4.0,12055.21,228071.59,132520.74,Source Verified,debt_consolidation
11300.0,36.0,33972.1,14.51,688.0,2.0,RENT,0.0,5.0,5.0,3.0,6.0,89.43,5.0,1924.47,17297.3,13351.4,Not Verified,debt_consolidation
14200.0,60.0,41122.68,27.22,672.0,5.0,RENT,0.0,12.0,8.0,1.0,17.0,243.53,5.0,3468.85,92245.7,8747.17,Source Verified,debt_consolidation
10900.0,36.0,49222.56,3.11,692.0,10.0,RENT,0.0,5.0,3.0,2.0,25.0,206.23,4.0,4392.56,53718.86,5958.09,Not Verified,debt_consolidation
4400.0,36.0,99873.22,5.47,667.0,4.0,MORTGAGE,2.0,4.0,3.0,8.0,3.0,143.67,3.0,2454.88,10197.37,3545.78,Not Verified,debt_consolidation
30800.0,60.0,90911.45,32.27,690.0,8.0,RENT,0.0,11.0,17.0,2.0,3.0,123.9,3.0,2281.94,90980.97,67288.18,Not Verified,debt_consolidation
21700.0,60.0,53035.45,15.78,664.0,10.0,MORTGAGE,1.0,4.0,5.0,,3.0,160.4,3.0,13845.29,124201.74,21115.32,Source Verified,debt_consolidation
6000.0,36.0,63976.93,26.86,697.0,10.0,RENT,0.0,6.0,3.0,12.0,65.0,74.72,12.0,20681.97,141426.25,2759.57,Not Verified,debt_consolidation
16200.0,60.0,58444.66,10.73,725.0,2.0,MORTGAGE,2.0,0.0,3.0,19.0,43.0,249.73,24.0,34637.74,136480.08,22248.09,Not Verified,debt_consolidation
26200.0,36.0,135672.29,20.4,703.0,10.0,RENT,2.0,0.0,8.0,15.0,39.0,253.18,27.0,38639.67,415136.32,86658.81,Not Verified,debt_consolidation
29800.0,60.0,63835.34,14.31,720.0,10.0,RENT,,,,,,,,,,,Not Verified,debt_consolidation
4600.0,36.0,49289.04,2.33,649.0,10.0,RENT,0.0,4.0,4.0,5.0,5.0,115.8,5.0,742.04,2980.85,4502.95,Source Verified,debt_consolidation
8300.0,36.0,38314.03,23.53,660.0,4.0,RENT,0.0,1.0,6.0,9.0,59.0,120.35,1.0,4106.07,25135.83,19970.72,Not Verified,debt_consolidation
2500.0,36.0,52074.39,30.46,699.0,3.0,MORTGAGE,1.0,9.0,6.0,1.0,21.0,111.34,2.0,21537.34,252627.34,4079.68,Source Verified,debt_consolidation
10000.0,36.0,59293.7,20.44,700.0,0.0,MORTGAGE,7.0,6.0,3.0,4.0,48.0,243.09,6.0,28526.64,254253.69,1783.1,Not Verified,debt_consolidation
11000.0,36.0,100207.31,14.59,766.0,3.0,MORTGAGE,2.0,5.0,,1.0,6.0,,,,,10936.59,Source Verified,debt_consolidation
9900.0,60.0,49853.77,31.24,659.0,2.0,RENT,1.0,15.0,12.0,4.0,21.0,237.09,4.0,3436.31,54371.04,3937.6,Not Verified,debt_consolidation
15100.0,60.0,61437.01,20.06,681.0,7.0,RENT,0.0,14.0,6.0,5.0,8.0,214.76,4.0,1630.48,16186.72,5064.25,Source Verified,debt_consolidation
7900.0,36.0,45532.82,36.82,688.0,3.0,RENT,0.0,8.0,8.0,3.0,7.0,231.02,2.0,6551.8,110622.19,6978.72,Source Verified,debt_consolidation
13200.0,60.0,26640.95,9.52,694.0,3.0,RENT,,,,,,,,,,,Source Verified,small_business
31800.0,36.0,105659.3,21.2,686.0,2.0,RENT,0.0,7.0,7.0,1.0,1.0,191.58,1.0,6535.53,80662.6,8023.25,Not Verified,debt_consolidation
20000.0,60.0,75839.79,23.86,679.0,8.0,RENT,2.0,6.0,6.0,1.0,1.0,155.28,1.0,3504.93,42917.76,14141.33,Source Verified,debt_consolidation
14400.0,36.0,52674.88,24.53,683.0,,RENT,0.0,8.0,4.0,14.0,4.0,108.88,4.0,3851.5,43116.38,17131.61,Not Verified,debt_consolidation
7900.0,36.0,47652.77,12.06,744.0,8.0,RENT,0.0,5.0,,16.0,39.0,,,,,9989.68,Not Verified,debt_consolidation
14500.0,36.0,81642.39,19.68,659.0,0.0,RENT,0.0,8.0,4.0,1.0,1.0,55.26,1.0,5724.14,50939.72,7562.35,Not Verified,debt_consolidation
8700.0,36.0,22208.32,21.62,670.0,6.0,OWN,0.0,3.0,4.0,9.0,14.0,56.84,5.0,2785.57,13673.98,15500.45,Source Verified,debt_consolidation
20600.0,36.0,76021.94,30.93,691.0,3.0,MORTGAGE,2.0,10.0,9.0,10.0,8.0,127.81,8.0,10967.35,176275.03,22710.49,Not Verified,debt_consolidation
6100.0,36.0,40076.12,18.29,674.0,10.0,OWN,0.0,3.0,4.0,0.0,30.0,259.75,15.0,3912.82,27686.05,6878.65,Not Verified,debt_consolidation
7700.0,36.0,53808.04,8.31,674.0,1.0,MORTGAGE,2.0,5.0,8.0,5.0,1.0,86.18,1.0,617.57,7533.1,9305.71,Source Verified,debt_consolidation
9900.0,60.0,31386.52,5.96,708.0,8.0,MORTGAGE,0.0,7.0,4.0,6.0,8.0,44.23,8.0,670.22,4744.63,9328.59,Not Verified,debt_consolidation
12500.0,36.0,32905.37,7.62,722.0,5.0,OWN,0.0,6.0,9.0,0.0,16.0,69.98,5.0,326.48,5357.5,19640.81,Not Verified,debt_consolidation
8400.0,36.0,94221.18,8.69,670.0,4.0,RENT,0.0,4.0,5.0,8.0,12.0,70.97,4.0,3696.85,29550.41,4283.75,Source Verified,debt_consolidation
9000.0,36.0,46416.18,2.0,716.0,7.0,RENT,3.0,3.0,2.0,0.0,2.0,127.61,2.0,2762.13,5580.63,15572.6,Not Verified,debt_consolidation
7300.0,36.0,32592.92,6.89,701.0,10.0,OWN,0.0,6.0,6.0,2.0,2.0,258.8,2.0,727.24,6437.35,63616.06,Source Verified,debt_consolidation
9800.0,36.0,32006.41,22.57,737.0,10.0,MORTGAGE,1.0,2.0,6.0,1.0,18.0,296.16,1.0,14952.47,115202.28,11800.31,Not Verified,debt_consolidation
8900.0,36.0,150032.11,8.78,752.0,1.0,MORTGAGE,3.0,3.0,,1.0,,,,,,0.0,Not Verified,small_business
21300.0,36.0,67780.42,26.68,698.0,0.0,RENT,0.0,3.0,,9.0,15.0,,,,,27112.48,Not Verified,debt_consolidation
9400.0,36.0,54371.43,25.46,663.0,5.0,RENT,0.0,4.0,4.0,10.0,4.0,129.29,4.0,3954.58,39630.37,19511.74,Not Verified,debt_consolidation
20100.0,36.0,59823.99,12.21,647.0,7.0,MORTGAGE,1.0,7.0,5.0,3.0,9.0,101.53,6.0,29228.66,268745.26,9977.73,Source Verified,debt_consolidation
18100.0,60.0,50523.12,22.43,677.0,3.0,RENT,0.0,5.0,5.0,9.0,16.0,90.9,8.0,7058.16,62241.04,16002.86,Source Verified,debt_consolidation
5000.0,36.0,111172.36,17.56,651.0,9.0,OWN,3.0,8.0,9.0,7.0,7.0,207.37,5.0,14117.74,252500.2,17960.83,Not Verified,debt_consolidation
13900.0,60.0,91310.86,12.38,691.0,5.0,RENT,0.0,7.0,3.0,0.0,9.0,41.6,9.0,3326.77,34552.69,26621.69,Source Verified,debt_consolidation
7000.0,36.0,34170.32,22.91,661.0,7.0,RENT,,,,,,,,,,,Source Verified,debt_consolidation
28700.0,60.0,60402.0,22.98,714.0,3.0,MORTGAGE,0.0,5.0,4.0,1.0,11.0,174.44,10.0,9745.71,312755.36,38097.24,Source Verified,debt_consolidation
12000.0,36.0,76284.17,19.11,675.0,7.0,RENT,0.0,6.0,8.0,3.0,3.0,68.21,3.0,5955.58,67458.14,10430.1,Source Verified,debt_consolidation
13800.0,36.0,50209.76,16.04,706.0,2.0,MORTGAGE,2.0,2.0,6.0,,40.0,132.58,4.0,15738.5,141699.52,25505.26,Not Verified,debt_consolidation
33700.0,60.0,101636.43,22.21,679.0,10.0,MORTGAGE,6.0,6.0,3.0,12.0,15.0,272.31,2.0,24230.62,396049.26,61551.08,Not Verified,debt_consolidation
29900.0,60.0,108869.74,12.85,703.0,4.0,MORTGAGE,5.0,7.0,10.0,2.0,2.0,258.32,2.0,24007.28,291615.87,84951.04,Source Verified,debt_consolidation
35100.0,60.0,84155.04,10.72,695.0,10.0,MORTGAGE,1.0,7.0,3.0,1.0,14.0,236.8,8.0,29261.46,390773.25,28727.03,Not Verified,debt_consolidation
5100.0,36.0,62315.27,2.59,653.0,0.0,RENT,0.0,3.0,5.0,0.0,,37.81,2.0,360.23,2501.54,0.0,Not Verified,debt_consolidation
11800.0,60.0,41214.07,22.78,661.0,3.0,MORTGAGE,0.0,5.0,9.0,10.0,29.0,175.64,2.0,1938.28,22860.87,4655.13,Source Verified,debt_consolidation
7800.0,36.0,105193.23,22.72,670.0,10.0,RENT,3.0,7.0,8.0,2.0,22.0,197.22,2.0,24568.14,375763.92,2316.93,Not Verified,debt_consolidation
12100.0,36.0,64701.53,23.8,669.0,2.0,RENT,0.0,4.0,5.0,5.0,13.0,70.91,8.0,6228.78,43376.21,11390.34,Not Verified,debt_consolidation
5100.0,36.0,38713.22,4.95,737.0,7.0,RENT,0.0,0.0,4.0,,30.0,55.21,29.0,1328.73,5386.76,10439.93,Not Verified,debt_consolidation
22500.0,60.0,52292.43,34.87,658.0,9.0,MORTGAGE,1.0,9.0,4.0,17.0,11.0,137.78,7.0,2849.82,40773.14,6010.6,Not Verified,debt_consolidation
18200.0,36.0,35359.36,19.02,658.0,,RENT,2.0,5.0,5.0,15.0,6.0,151.36,5.0,2177.0,15663.81,9085.93,Not Verified,debt_consolidation
15900.0,36.0,94877.29,25.28,684.0,8.0,MORTGAGE,1.0,3.0,5.0,1.0,26.0,120.4,2.0,17024.15,187114.23,25986.9,Not Verified,debt_consolidation
6000.0,36.0,95526.34,9.58,695.0,3.0,RENT,0.0,6.0,2.0,1.0,59.0,129.28,1.0,9181.91,44631.92,3509.24,Source Verified,debt_consolidation
21600.0,36.0,129038.22,15.58,748.0,10.0,MORTGAGE,4.0,3.0,4.0,6.0,72.0,132.01,4.0,37874.22,303765.18,11195.81,Not Verified,debt_consolidation
9900.0,36.0,41212.68,29.45,643.0,4.0,MORTGAGE,0.0,4.0,8.0,5.0,8.0,46.45,5.0,3496.32,34018.27,7028.44,Source Verified,debt_consolidation
3600.0,36.0,48009.63,24.99,662.0,10.0,OWN,0.0,7.0,15.0,0.0,13.0,138.82,5.0,1259.56,23368.81,21758.5,Not Verified,debt_consolidation
35300.0,36.0,112130.2,24.35,703.0,3.0,MORTGAGE,6.0,2.0,11.0,5.0,26.0,268.85,4.0,26741.98,439996.45,19542.63,Not Verified,debt_consolidation
12300.0,60.0,33129.4,21.11,665.0,0.0,MORTGAGE,1.0,2.0,4.0,9.0,37.0,42.46,8.0,20491.85,120651.99,9627.74,Source Verified,debt_consolidation
7100.0,36.0,61958.64,25.79,716.0,5.0,MORTGAGE,4.0,2.0,5.0,3.0,55.0,208.66,3.0,11601.14,117335.53,13115.21,Not Verified,debt_consolidation
14400.0,60.0,40167.54,10.69,682.0,10.0,RENT,0.0,1.0,2.0,7.0,57.0,162.75,8.0,2590.21,13512.22,4145.5,Source Verified,debt_consolidation
12300.0,36.0,81438.44,30.69,766.0,10.0,RENT,0.0,14.0,7.0,4.0,3.0,455.49,3.0,2664.68,62705.62,75990.7,Not Verified,debt_consolidation
35200.0,60.0,102376.83,21.87,691.0,10.0,MORTGAGE,6.0,6.0,3.0,12.0,15.0,273.44,2.0,25001.78,390823.41,61682.97,Not Verified,debt_consolidation
16200.0,36.0,95706.97,10.61,724.0,0.0,MORTGAGE,5.0,3.0,4.0,0.0,24.0,152.74,10.0,34787.44,247740.26,7467.84,Not Verified,debt_consolidation
19900.0,36.0,65357.17,11.81,715.0,2.0,MORTGAGE,3.0,2.0,3.0,6.0,102.0,313.01,2.0,43514.88,349373.67,31700.06,Source Verified,debt_consolidation
7000.0,36.0,49783.79,9.86,704.0,10.0,MORTGAGE,2.0,4.0,3.0,2.0,5.0,192.16,5.0,7498.54,60144.33,12174.29,Source Verified,debt_consolidation
4200.0,36.0,128274.53,11.18,719.0,7.0,RENT,0.0,7.0,2.0,3.0,3.0,105.09,3.0,5619.04,39410.74,5165.05,Source Verified,debt_consolidation
35500.0,60.0,114720.25,13.89,700.0,10.0,MORTGAGE,3.0,6.0,10.0,5.0,5.0,249.78,4.0,23317.71,388197.12,36293.88,Source Verified,debt_consolidation
1700.0,36.0,50753.31,24.13,695.0,1.0,OWN,0.0,10.0,4.0,4.0,1.0,63.87,1.0,4860.4,63568.4,13619.85,Not Verified,debt_consolidation
11300.0,60.0,55346.06,12.51,666.0,7.0,MORTGAGE,1.0,5.0,8.0,6.0,18.0,79.57,8.0,8281.61,111542.95,14799.7,Source Verified,debt_consolidation
1500.0,36.0,86603.67,13.42,667.0,0.0,MORTGAGE,2.0,6.0,2.0,2.0,27.0,107.68,1.0,15881.13,251682.55,6052.47,Not Verified,debt_consolidation
25400.0,36.0,111881.42,10.37,676.0,7.0,MORTGAGE,7.0,3.0,6.0,2.0,50.0,166.06,8.0,3810.2,30757.67,3041.82,Source Verified,debt_consolidation
14600.0,60.0,80014.06,13.46,665.0,10.0,RENT,1.0,1.0,5.0,6.0,8.0,161.28,8.0,5673.33,35596.51,27016.94,Source Verified,debt_consolidation
5100.0,36.0,62676.2,10.84,698.0,6.0,MORTGAGE,3.0,5.0,5.0,0.0,12.0,133.03,6.0,23817.79,235195.0,19277.12,Not Verified,debt_consolidation
35400.0,60.0,120930.07,16.37,732.0,4.0,RENT,,,,,,,,,,,Not Verified,debt_consolidation
21300.0,60.0,50268.81,26.54,669.0,9.0,RENT,1.0,15.0,13.0,10.0,7.0,183.51,3.0,1929.3,38772.27,16909.69,Not Verified,debt_consolidation
6000.0,36.0,51102.45,21.23,676.0,10.0,RENT,0.0,7.0,7.0,1.0,3.0,112.19,3.0,2251.41,23554.42,13180.36,Source Verified,debt_consolidation
23600.0,36.0,80203.37,18.79,756.0,2.0,RENT,,,,,,,,,,,Not Verified,debt_consolidation
11900.0,60.0,91349.56,36.4,723.0,10.0,MORTGAGE,1.0,4.0,6.0,10.0,41.0,291.69,2.0,11490.38,124807.67,27344.72,Source Verified,debt_consolidation
15300.0,36.0,197293.67,2.75,679.0,0.0,MORTGAGE,3.0,1.0,1.0,,37.0,100.93,2.0,117295.28,471986.04,1023.64,Not Verified,debt_consolidation
10100.0,36.0,46882.19,13.14,672.0,6.0,RENT,0.0,5.0,5.0,25.0,29.0,216.67,14.0,1280.58,7409.93,2799.56,Not Verified,debt_consolidation
5900.0,36.0,44172.1,11.97,682.0,6.0,RENT,0.0,1.0,4.0,,41.0,109.42,2.0,4130.07,20921.52,6029.84,Not Verified,debt_consolidation
3900.0,36.0,41978.83,17.64,681.0,10.0,RENT,0.0,4.0,4.0,,3.0,134.39,3.0,1845.19,12711.28,3169.38,Not Verified,debt_consolidation
10000.0,36.0,61542.87,5.11,678.0,10.0,MORTGAGE,3.0,3.0,4.0,12.0,10.0,169.71,10.0,7837.45,39198.25,4982.01,Source Verified,debt_consolidation
2700.0,36.0,15019.05,16.43,705.0,0.0,RENT,0.0,3.0,2.0,9.0,47.0,48.03,7.0,1532.33,6234.99,2639.76,Not Verified,debt_consolidation
7100.0,36.0,20830.23,28.32,679.0,6.0,RENT,0.0,0.0,7.0,,37.0,96.55,28.0,1838.93,12593.79,12244.09,Not Verified,debt_consolidation
29800.0,60.0,60751.07,17.21,651.0,10.0,RENT,0.0,2.0,,1.0,13.0,,,,,24550.15,Not Verified,debt_consolidation
4100.0,36.0,36566.73,22.84,800.0,3.0,MORTGAGE,,,,,,,,,,,Not Verified,debt_consolidation
8100.0,36.0,47897.76,11.81,670.0,2.0,RENT,0.0,6.0,6.0,12.0,16.0,98.65,15.0,1199.53,17237.61,12589.49,Not Verified,debt_consolidation
24100.0,60.0,79730.97,12.24,697.0,5.0,MORTGAGE,1.0,1.0,4.0,11.0,11.0,197.06,11.0,38097.67,231576.02,5743.37,Not Verified,debt_consolidation
28100.0,60.0,59828.94,34.1,681.0,10.0,MORTGAGE,1.0,3.0,7.0,3.0,3.0,191.28,2.0,9066.1,89602.81,13713.83,Not Verified,debt_consolidation
35000.0,36.0,193835.72,19.45,676.0,10.0,MORTGAGE,4.0,6.0,5.0,8.0,13.0,211.38,11.0,48100.97,625292.51,13392.38,Not Verified,debt_consolidation
10100.0,36.0,64816.13,27.83,662.0,9.0,MORTGAGE,3.0,3.0,7.0,1.0,22.0,199.5,1.0,19523.44,174891.04,1071.98,Source Verified,debt_consolidation
15400.0,36.0,48523.72,31.68,690.0,8.0,RENT,0.0,0.0,11.0,22.0,45.0,132.32,34.0,3575.56,43548.01,29556.88,Not Verified,debt_consolidation
8700.0,36.0,41389.03,27.35,712.0,3.0,RENT,0.0,7.0,4.0,0.0,3.0,213.06,1.0,4671.18,130479.18,14827.38,Not Verified,debt_consolidation
16800.0,36.0,62833.33,15.73,704.0,10.0,RENT,0.0,2.0,9.0,,6.0,142.22,6.0,1727.76,22036.88,38799.47,Source Verified,debt_consolidation
12100.0,36.0,71252.89,9.81,678.0,10.0,MORTGAGE,0.0,2.0,3.0,10.0,28.0,238.58,14.0,4486.63,26334.4,5329.14,Source Verified,debt_consolidation
16600.0,36.0,138041.61,15.95,788.0,10.0,MORTGAGE,3.0,2.0,7.0,5.0,27.0,219.97,5.0,13600.91,219835.76,52748.26,Source Verified,debt_consolidation
12300.0,60.0,28314.77,29.76,675.0,2.0,RENT,0.0,1.0,2.0,7.0,22.0,35.2,22.0,4041.6,28990.17,15315.86,Source Verified,debt_consolidation
18100.0,60.0,60586.39,34.38,664.0,10.0,RENT,2.0,3.0,3.0,13.0,34.0,175.36,6.0,8895.44,53341.02,1303.54,Not Verified,debt_consolidation
20200.0,60.0,50466.2,29.21,652.0,4.0,MORTGAGE,3.0,5.0,10.0,14.0,24.0,246.16,8.0,14070.49,166947.0,7789.92,Not Verified,debt_consolidation
31700.0,60.0,79955.3,15.26,742.0,7.0,MORTGAGE,1.0,0.0,3.0,,40.0,165.86,39.0,34966.1,175938.4,33755.68,Not Verified,debt_consolidation
6300.0,36.0,24071.12,27.34,664.0,4.0,RENT,0.0,3.0,6.0,5.0,15.0,263.58,5.0,18921.88,169111.55,8325.58,Not Verified,debt_consolidation
15200.0,60.0,44200.0,27.05,711.0,1.0,MORTGAGE,0.0,3.0,3.0,0.0,87.0,116.78,7.0,14639.34,89170.59,12333.8,Not Verified,debt_consolidation
20500.0,36.0,59966.61,29.23,703.0,9.0,MORTGAGE,4.0,6.0,19.0,0.0,9.0,175.12,9.0,5738.62,172889.04,41924.48,Source Verified,debt_consolidation
28200.0,36.0,64244.3,29.39,708.0,1.0,RENT,0.0,9.0,6.0,6.0,22.0,189.07,5.0,5957.65,68761.34,16964.11,Source Verified,debt_consolidation
8000.0,36.0,88427.67,15.04,708.0,5.0,MORTGAGE,,,,,,,,,,,Not Verified,debt_consolidation
24100.0,36.0,55997.64,15.83,702.0,10.0,MORTGAGE,2.0,3.0,8.0,3.0,17.0,179.79,6.0,24675.45,252142.45,50693.78,Not Verified,debt_consolidation
10000.0,36.0,98262.72,18.53,711.0,10.0,MORTGAGE,4.0,3.0,7.0,9.0,73.0,208.93,6.0,25600.96,360404.37,31705.26,Not Verified,debt_consolidation
23300.0,36.0,53224.6,25.71,681.0,9.0,MORTGAGE,5.0,9.0,10.0,0.0,3.0,238.22,3.0,2224.26,27472.31,13481.32,Not Verified,debt_consolidation
12100.0,60.0,98502.96,25.71,704.0,10.0,MORTGAGE,4.0,4.0,10.0,23.0,37.0,156.77,18.0,17803.04,308526.57,47957.25,Not Verified,debt_consolidation
15200.0,36.0,61986.72,35.06,657.0,9.0,RENT,0.0,7.0,6.0,5.0,9.0,112.75,9.0,9643.53,82239.87,8478.89,Source Verified,debt_consolidation
15700.0,36.0,120864.6,12.52,785.0,0.0,MORTGAGE,1.0,2.0,2.0,9.0,46.0,174.63,14.0,39851.49,391771.66,32542.62,Not Verified,small_business
10000.0,36.0,66430.63,9.88,704.0,2.0,OWN,1.0,2.0,2.0,10.0,9.0,132.17,9.0,24045.98,240370.99,6926.63,Source Verified,debt_consolidation
22700.0,36.0,153330.22,12.28,716.0,3.0,MORTGAGE,1.0,3.0,6.0,2.0,15.0,174.74,13.0,33981.07,421005.24,37220.39,Not Verified,debt_consolidation
24200.0,60.0,71175.37,23.34,754.0,10.0,OWN,3.0,1.0,10.0,3.0,43.0,268.93,6.0,16024.41,262233.04,84939.12,Source Verified,debt_consolidation
4100.0,36.0,23860.4,19.45,660.0,3.0,RENT,1.0,6.0,9.0,1.0,1.0,217.04,1.0,1010.98,9009.44,5983.06,Not Verified,debt_consolidation
10000.0,36.0,69072.64,9.01,656.0,10.0,RENT,0.0,8.0,8.0,3.0,26.0,121.29,3.0,1068.52,15086.35,5028.81,Source Verified,debt_consolidation
15200.0,36.0,36426.01,19.04,676.0,5.0,RENT,0.0,3.0,9.0,0.0,36.0,154.48,20.0,7786.61,100598.72,21845.98,Source Verified,debt_consolidation
19200.0,36.0,39339.6,21.01,686.0,6.0,OWN,3.0,4.0,5.0,15.0,21.0,151.18,15.0,10492.6,172454.82,15392.41,Not Verified,debt_consolidation
2400.0,36.0,12000.0,32.05,702.0,2.0,RENT,0.0,6.0,5.0,,44.0,42.31,6.0,752.81,4635.15,808.18,Not Verified,debt_consolidation
16200.0,60.0,119793.4,20.54,770.0,10.0,OWN,2.0,5.0,5.0,3.0,63.0,489.68,3.0,31606.34,493675.05,49802.61,Not Verified,debt_consolidation
15200.0,60.0,54397.42,8.35,691.0,10.0,MORTGAGE,1.0,2.0,4.0,15.0,27.0,174.97,13.0,41706.62,375668.01,6526.46,Not Verified,debt_consolidation
6000.0,36.0,42771.22,15.9,693.0,1.0,MORTGAGE,1.0,7.0,1.0,7.0,24.0,252.6,7.0,10804.38,97756.7,20129.7,Not Verified,debt_consolidation
5200.0,36.0,37573.04,22.43,712.0,7.0,RENT,0.0,5.0,4.0,5.0,7.0,201.92,5.0,2026.1,24853.63,9025.03,Not Verified,debt_consolidation
23900.0,36.0,74156.91,14.13,706.0,7.0,MORTGAGE,,,,,,,,,,,Not Verified,debt_consolidation
19400.0,36.0,46507.19,12.87,722.0,,OWN,0.0,6.0,7.0,11.0,2.0,448.14,2.0,1482.72,15731.81,27106.9,Not Verified,debt_consolidation
22100.0,60.0,50031.97,39.16,693.0,0.0,MORTGAGE,8.0,6.0,6.0,24.0,8.0,164.14,8.0,17003.95,185922.85,21004.82,Source Verified,debt_consolidation
11900.0,36.0,61919.36,10.61,704.0,7.0,OWN,0.0,2.0,3.0,7.0,7.0,169.11,4.0,1457.33,18844.69,28653.62,Not Verified,debt_consolidation
12000.0,36.0,195195.31,15.43,701.0,10.0,MORTGAGE,4.0,4.0,6.0,8.0,33.0,206.27,2.0,62729.58,917173.51,49746.49,Source Verified,debt_consolidation
7300.0,36.0,48063.12,13.91,651.0,4.0,OWN,0.0,5.0,7.0,0.0,15.0,87.68,3.0,1743.86,13710.54,5806.87,Not Verified,debt_consolidation
20500.0,36.0,90373.15,26.01,682.0,9.0,MORTGAGE,5.0,5.0,19.0,11.0,4.0,110.62,4.0,13818.82,397986.1,39352.17,Not Verified,debt_consolidation
14700.0,36.0,198448.96,8.48,648.0,7.0,MORTGAGE,0.0,16.0,15.0,1.0,4.0,71.64,1.0,1749.37,44344.89,30198.24,Not Verified,debt_consolidation
4100.0,36.0,70718.24,12.9,665.0,9.0,RENT,0.0,3.0,3.0,,12.0,128.09,12.0,18684.95,110709.78,10777.01,Source Verified,debt_consolidation
9900.0,36.0,128802.53,17.22,830.0,10.0,RENT,1.0,5.0,8.0,14.0,7.0,228.71,7.0,5115.49,107862.22,45822.05,Not Verified,debt_consolidation
12400.0,36.0,27324.3,17.67,680.0,9.0,RENT,0.0,4.0,6.0,22.0,13.0,252.95,13.0,2097.61,16361.07,19397.8,Not Verified,debt_consolidation
3600.0,36.0,111103.12,1.93,650.0,10.0,MORTGAGE,4.0,0.0,2.0,,,163.58,30.0,67488.88,268673.22,0.0,Not Verified,debt_consolidation
6000.0,36.0,24404.31,19.07,704.0,2.0,RENT,0.0,4.0,1.0,4.0,2.0,41.4,2.0,1391.4,9649.36,8980.93,Source Verified,small_business
7800.0,36.0,57960.85,12.23,689.0,10.0,MORTGAGE,6.0,3.0,4.0,2.0,19.0,114.51,11.0,27525.33,194073.2,9578.12,Source Verified,debt_consolidation
30200.0,60.0,67941.11,14.89,684.0,10.0,MORTGAGE,5.0,1.0,1.0,4.0,28.0,254.34,22.0,37149.67,217159.93,5046.68,Not Verified,debt_consolidation
11700.0,36.0,64374.55,31.2,695.0,4.0,MORTGAGE,1.0,6.0,7.0,0.0,17.0,124.2,5.0,3199.11,97690.81,22721.48,Not Verified,debt_consolidation
4800.0,36.0,50705.29,17.03,664.0,0.0,RENT,2.0,1.0,6.0,,10.0,263.67,10.0,3737.45,22287.83,6810.13,Source Verified,small_business
21100.0,36.0,150694.8,16.18,745.0,10.0,MORTGAGE,8.0,4.0,5.0,13.0,46.0,269.04,13.0,51125.41,609150.14,56704.93,Source Verified,debt_consolidation
14100.0,60.0,67094.79,36.71,679.0,,RENT,0.0,3.0,7.0,3.0,95.0,275.0,3.0,8063.99,81190.15,34911.17,Not Verified,debt_consolidation
21000.0,36.0,69076.95,18.68,662.0,9.0,RENT,1.0,3.0,8.0,13.0,23.0,123.52,13.0,7362.49,111209.2,8769.5,Source Verified,debt_consolidation
8100.0,36.0,39337.51,22.63,702.0,2.0,RENT,0.0,3.0,5.0,,12.0,88.33,6.0,2564.5,73994.11,8764.28,Not Verified,debt_consolidation
35100.0,60.0,129642.57,9.7,706.0,9.0,MORTGAGE,3.0,2.0,3.0,16.0,21.0,250.64,16.0,48083.53,336982.5,38404.27,Source Verified,debt_consolidation
18100.0,36.0,77246.28,13.53,674.0,3.0,RENT,0.0,2.0,2.0,5.0,133.0,127.12,13.0,7986.6,32593.88,16770.4,Source Verified,debt_consolidation
1600.0,36.0,31268.7,17.59,677.0,1.0,MORTGAGE,0.0,4.0,,0.0,5.0,,,,,1811.82,Not Verified,debt_consolidation
4000.0,36.0,21852.8,32.55,676.0,2.0,RENT,0.0,1.0,2.0,11.0,29.0,42.21,11.0,3641.02,37477.76,3972.73,Source Verified,debt_consolidation
14000.0,60.0,73058.61,22.49,670.0,,MORTGAGE,8.0,10.0,8.0,0.0,23.0,177.14,9.0,4128.21,58156.0,29293.78,Source Verified,debt_consolidation
20900.0,60.0,58244.62,25.31,670.0,10.0,MORTGAGE,5.0,4.0,6.0,4.0,4.0,168.19,4.0,21676.53,212715.76,41343.77,Not Verified,debt_consolidation
29800.0,36.0,108849.03,22.13,676.0,10.0,RENT,0.0,11.0,23.0,2.0,7.0,188.68,2.0,1254.99,45359.6,37385.51,Source Verified,debt_consolidation
5000.0,36.0,88830.98,36.23,683.0,10.0,MORTGAGE,3.0,7.0,9.0,13.0,13.0,334.7,12.0,22067.07,354500.07,30645.96,Not Verified,debt_consolidation
11000.0,36.0,63393.69,20.6,673.0,6.0,RENT,0.0,6.0,5.0,2.0,9.0,112.42,8.0,2681.16,31770.38,8626.19,Not Verified,debt_consolidation
2000.0,36.0,45196.24,3.97,666.0,10.0,MORTGAGE,2.0,2.0,4.0,7.0,7.0,135.96,7.0,9838.96,58823.97,10536.95,Not Verified,debt_consolidation
10100.0,36.0,39377.44,27.14,658.0,,MORTGAGE,2.0,6.0,4.0,4.0,4.0,180.56,3.0,9582.76,66644.43,5527.08,Not Verified,debt_consolidation
6400.0,36.0,22181.59,20.48,678.0,1.0,RENT,0.0,7.0,5.0,19.0,8.0,60.98,8.0,1594.6,19188.24,13521.64,Not Verified,debt_consolidation
26800.0,60.0,84316.96,17.07,728.0,10.0,MORTGAGE,3.0,4.0,5.0,6.0,72.0,195.28,6.0,28093.41,368775.37,91560.58,Not Verified,debt_consolidation
9400.0,36.0,59189.07,14.1,677.0,10.0,MORTGAGE,5.0,3.0,5.0,0.0,22.0,275.2,7.0,16056.32,131211.87,2193.74,Source Verified,debt_consolidation
11600.0,36.0,95198.07,17.39,676.0,10.0,MORTGAGE,1.0,9.0,8.0,3.0,3.0,134.75,3.0,11103.78,162788.5,9894.24,Source Verified,debt_consolidation
4800.0,36.0,63339.79,38.56,670.0,0.0,OWN,0.0,4.0,9.0,11.0,13.0,130.9,11.0,4112.98,71163.58,15793.58,Source Verified,debt_consolidation
14200.0,36.0,53810.89,18.42,677.0,6.0,MORTGAGE,1.0,3.0,5.0,14.0,11.0,136.87,11.0,10335.21,80718.78,8949.55,Not Verified,debt_consolidation
10000.0,36.0,59982.32,13.09,688.0,10.0,RENT,1.0,6.0,10.0,6.0,3.0,226.83,3.0,9469.43,113502.89,33017.6,Not Verified,debt_consolidation
28100.0,60.0,142849.2,25.47,689.0,7.0,MORTGAGE,4.0,6.0,5.0,9.0,12.0,122.01,7.0,26472.96,378239.3,43780.64,Source Verified,debt_consolidation
5400.0,36.0,114703.73,9.94,673.0,10.0,RENT,0.0,7.0,10.0,9.0,3.0,218.91,2.0,2432.89,27832.26,6019.04,Not Verified,debt_consolidation
10200.0,36.0,69336.31,22.72,684.0,3.0,RENT,0.0,1.0,4.0,,35.0,152.01,9.0,6277.27,51378.47,7557.82,Source Verified,debt_consolidation
20500.0,36.0,50462.18,22.52,756.0,10.0,MORTGAGE,6.0,1.0,4.0,,42.0,305.82,0.0,17172.06,119360.95,22360.21,Source Verified,debt_consolidation
10400.0,36.0,46324.49,30.59,659.0,10.0,MORTGAGE,2.0,9.0,10.0,6.0,11.0,247.78,3.0,13294.03,178482.37,12531.03,Source Verified,debt_consolidation
12000.0,36.0,58324.93,12.94,705.0,,MORTGAGE,6.0,3.0,6.0,4.0,39.0,290.94,4.0,26049.72,232096.91,15696.22,Not Verified,debt_consolidation
11500.0,60.0,49789.45,16.9,697.0,,MORTGAGE,1.0,7.0,0.0,1.0,11.0,119.9,1.0,14390.9,87443.75,992.84,Not Verified,debt_consolidation
14500.0,36.0,96526.91,24.34,634.0,7.0,MORTGAGE,8.0,5.0,,2.0,22.0,,,,,14370.14,Not Verified,debt_consolidation
22500.0,36.0,119215.69,14.78,682.0,0.0,RENT,0.0,4.0,5.0,1.0,8.0,101.88,8.0,8883.36,86477.08,98513.31,Source Verified,debt_consolidation
19700.0,60.0,90136.26,6.94,709.0,10.0,OWN,4.0,2.0,6.0,16.0,1.0,204.19,1.0,36335.69,288518.28,62433.02,Source Verified,debt_consolidation
27800.0,36.0,101700.68,37.47,751.0,10.0,MORTGAGE,1.0,6.0,4.0,23.0,16.0,265.15,11.0,12522.59,134954.5,24508.97,Source Verified,debt_consolidation
21300.0,60.0,74791.24,7.85,705.0,10.0,RENT,2.0,6.0,3.0,2.0,8.0,332.11,2.0,3425.13,17078.2,14653.49,Not Verified,debt_consolidation
22600.0,36.0,117970.33,21.26,688.0,10.0,RENT,0.0,5.0,7.0,2.0,5.0,156.36,5.0,3198.57,64118.98,38154.5,Source Verified,debt_consolidation
4700.0,36.0,34991.16,36.49,708.0,10.0,MORTGAGE,2.0,5.0,4.0,13.0,8.0,593.59,8.0,4455.13,36095.86,7237.01,Not Verified,debt_consolidation
20100.0,36.0,99651.09,14.47,657.0,2.0,RENT,0.0,8.0,14.0,3.0,3.0,276.15,3.0,1503.67,22266.35,17836.5,Source Verified,debt_consolidation
11800.0,60.0,62538.69,27.69,651.0,10.0,RENT,0.0,4.0,13.0,8.0,21.0,114.55,8.0,3403.79,58095.36,13537.17,Not Verified,debt_consolidation
10100.0,36.0,76156.03,19.14,737.0,8.0,MORTGAGE,0.0,10.0,3.0,2.0,1.0,222.26,1.0,2904.41,43993.48,41394.06,Source Verified,debt_consolidation
6400.0,36.0,70900.22,5.29,668.0,3.0,RENT,0.0,6.0,5.0,0.0,11.0,133.4,7.0,954.96,6621.01,2982.62,Source Verified,debt_consolidation
4900.0,36.0,26039.96,17.09,680.0,0.0,RENT,0.0,2.0,6.0,4.0,10.0,251.69,4.0,1648.22,13008.06,19605.88,Source Verified,debt_consolidation
20300.0,60.0,70542.34,27.47,673.0,10.0,RENT,0.0,7.0,12.0,5.0,5.0,133.6,5.0,5218.23,84156.66,17891.77,Not Verified,debt_consolidation
24800.0,36.0,103491.13,13.82,752.0,10.0,MORTGAGE,3.0,2.0,4.0,1.0,8.0,226.29,6.0,40172.79,318845.96,78286.51,Source Verified,debt_consolidation
4800.0,36.0,25576.19,19.48,669.0,4.0,RENT,2.0,6.0,5.0,9.0,9.0,120.47,9.0,2380.17,16570.53,3595.77,Not Verified,debt_consolidation
5400.0,36.0,52215.6,24.79,701.0,4.0,RENT,0.0,4.0,6.0,7.0,17.0,203.23,7.0,4489.61,138493.2,16187.56,Not Verified,debt_consolidation
5000.0,36.0,50746.65,31.3,769.0,0.0,MORTGAGE,1.0,4.0,5.0,5.0,20.0,80.47,12.0,20340.19,199736.52,5432.36,Not Verified,debt_consolidation
7000.0,36.0,34931.89,17.02,674.0,0.0,MORTGAGE,5.0,2.0,4.0,6.0,7.0,246.77,7.0,32609.11,197993.92,28770.52,Not Verified,debt_consolidation
10000.0,36.0,120126.2,15.62,716.0,2.0,OWN,1.0,5.0,4.0,3.0,15.0,153.35,2.0,30358.99,341185.93,2253.09,Source Verified,debt_consolidation
10000.0,36.0,55471.22,13.43,682.0,7.0,MORTGAGE,2.0,5.0,7.0,8.0,11.0,94.86,8.0,12048.19,134226.57,12078.39,Source Verified,debt_consolidation
20100.0,60.0,49271.29,31.57,723.0,10.0,MORTGAGE,1.0,3.0,8.0,0.0,12.0,325.87,12.0,10039.71,137322.51,12442.33,Source Verified,debt_consolidation
10700.0,36.0,136497.88,12.05,674.0,10.0,RENT,0.0,1.0,8.0,,32.0,163.11,3.0,6920.77,76679.9,10797.48,Not Verified,debt_consolidation
34800.0,60.0,131597.72,9.8,690.0,10.0,RENT,0.0,4.0,3.0,6.0,30.0,240.74,8.0,6822.04,32931.81,4260.12,Not Verified,debt_consolidation
9800.0,36.0,46757.45,0.0,723.0,1.0,MORTGAGE,,,,,,,,,,,Source Verified,debt_consolidation
22300.0,60.0,283392.15,34.45,712.0,10.0,MORTGAGE,5.0,7.0,13.0,0.0,14.0,193.38,9.0,54721.03,1191924.02,119835.12,Source Verified,debt_consolidation
10000.0,36.0,85409.07,10.05,670.0,7.0,RENT,0.0,6.0,5.0,3.0,2.0,71.11,2.0,2155.38,22435.68,19932.12,Not Verified,debt_consolidation
10200.0,60.0,37426.78,17.09,665.0,5.0,RENT,0.0,3.0,5.0,4.0,11.0,96.38,11.0,3152.49,30622.05,3354.03,Source Verified,debt_consolidation
18000.0,60.0,55169.62,2.4,720.0,10.0,MORTGAGE,2.0,5.0,2.0,6.0,4.0,64.84,4.0,12903.49,169224.34,10915.45,Source Verified,debt_consolidation
27900.0,36.0,107133.16,24.22,708.0,8.0,MORTGAGE,3.0,6.0,27.0,,4.0,343.86,1.0,12408.42,377057.64,202561.6,Not Verified,debt_consolidation
6400.0,36.0,29818.58,7.13,678.0,10.0,MORTGAGE,4.0,1.0,3.0,,16.0,179.81,16.0,57692.68,234011.99,7788.45,Source Verified,debt_consolidation
28800.0,36.0,90730.53,14.19,806.0,4.0,MORTGAGE,5.0,5.0,,1.0,9.0,,,,,77455.99,Not Verified,debt_consolidation
10800.0,36.0,79006.9,29.24,678.0,8.0,RENT,0.0,3.0,4.0,4.0,26.0,96.65,4.0,9463.37,68327.05,24150.8,Not Verified,debt_consolidation
10000.0,60.0,49612.59,27.43,670.0,9.0,RENT,0.0,7.0,8.0,4.0,15.0,61.21,4.0,3406.95,37949.43,8303.79,Source Verified,debt_consolidation
12200.0,36.0,36448.92,22.84,668.0,2.0,RENT,0.0,4.0,8.0,0.0,1.0,104.38,1.0,2784.01,24823.05,8216.62,Source Verified,debt_consolidation
4900.0,36.0,33492.99,6.34,691.0,4.0,RENT,0.0,0.0,5.0,18.0,41.0,98.63,42.0,897.25,4685.36,2685.54,Not Verified,debt_consolidation
6200.0,36.0,49546.55,15.73,758.0,2.0,OWN,4.0,2.0,2.0,0.0,6.0,227.55,6.0,43423.57,214943.99,22732.19,Source Verified,debt_consolidation
20100.0,36.0,72927.32,24.65,666.0,10.0,MORTGAGE,1.0,2.0,7.0,8.0,28.0,180.71,8.0,23862.13,265540.39,22818.4,Not Verified,debt_consolidation
11500.0,36.0,48562.55,29.83,709.0,,MORTGAGE,2.0,9.0,3.0,1.0,74.0,163.4,10.0,12840.12,124982.15,1387.23,Not Verified,debt_consolidation
3000.0,36.0,33161.48,21.5,724.0,4.0,MORTGAGE,0.0,2.0,3.0,5.0,11.0,113.66,11.0,3206.42,16190.77,13698.13,Not Verified,debt_consolidation
27600.0,60.0,96069.64,34.78,715.0,10.0,MORTGAGE,6.0,2.0,14.0,,101.0,371.32,24.0,14769.43,413616.43,80881.49,Not Verified,debt_consolidation
9800.0,36.0,32921.07,16.22,747.0,7.0,RENT,,,,,,,,,,,Source Verified,debt_consolidation
2900.0,36.0,29465.0,26.15,683.0,3.0,RENT,0.0,4.0,4.0,9.0,2.0,48.22,2.0,5050.76,36820.16,7100.11,Source Verified,debt_consolidation
4900.0,36.0,59367.52,8.06,701.0,0.0,MORTGAGE,1.0,5.0,4.0,5.0,2.0,166.23,2.0,19103.36,255630.17,15394.2,Source Verified,debt_consolidation
8200.0,36.0,123548.59,4.23,677.0,1.0,RENT,0.0,5.0,5.0,14.0,4.0,74.25,4.0,2064.63,20545.43,5388.89,Not Verified,debt_consolidation
24900.0,36.0,64570.5,28.94,672.0,10.0,OWN,13.0,7.0,14.0,3.0,6.0,326.49,6.0,13895.08,282468.09,40140.48,Not Verified,debt_consolidation
13400.0,36.0,52011.72,9.57,702.0,2.0,RENT,0.0,4.0,3.0,17.0,1.0,67.52,1.0,1575.59,11592.55,9230.61,Source Verified,debt_consolidation
25400.0,36.0,90893.63,23.01,696.0,5.0,RENT,0.0,5.0,8.0,3.0,8.0,130.51,3.0,6770.96,97175.65,15827.32,Source Verified,debt_consolidation
14800.0,36.0,69795.88,8.77,674.0,5.0,RENT,0.0,1.0,4.0,16.0,17.0,33.99,17.0,1967.85,11782.84,3524.28,Source Verified,debt_consolidation
17600.0,60.0,64550.5,24.66,733.0,2.0,RENT,0.0,1.0,6.0,,12.0,464.24,12.0,6017.38,53818.08,50847.93,Not Verified,debt_consolidation
3600.0,36.0,205654.81,2.21,743.0,5.0,MORTGAGE,,,,,,,,,,,Not Verified,small_business
11900.0,36.0,100491.62,6.76,697.0,5.0,MORTGAGE,,,,,,,,,,,Not Verified,debt_consolidation
15000.0,36.0,54473.18,14.05,768.0,8.0,MORTGAGE,1.0,3.0,2.0,19.0,16.0,102.52,8.0,30570.24,181761.7,16484.11,Not Verified,debt_consolidation
20200.0,36.0,62142.3,6.9,648.0,10.0,MORTGAGE,2.0,6.0,6.0,2.0,44.0,244.83,2.0,15985.22,308204.77,13777.18,Source Verified,debt_consolidation
19100.0,60.0,48326.43,23.71,686.0,5.0,MORTGAGE,2.0,4.0,3.0,13.0,26.0,135.5,11.0,20185.8,241324.25,17394.28,Not Verified,debt_consolidation
35600.0,36.0,116343.08,20.54,665.0,10.0,MORTGAGE,1.0,12.0,8.0,9.0,18.0,80.07,4.0,25076.44,319450.45,6977.94,Not Verified,debt_consolidation
19700.0,60.0,57181.02,24.72,644.0,10.0,RENT,0.0,1.0,7.0,17.0,74.0,310.98,19.0,5141.18,84807.25,4687.04,Source Verified,debt_consolidation
10000.0,36.0,32365.83,28.3,699.0,8.0,RENT,4.0,3.0,4.0,4.0,4.0,244.61,4.0,4915.1,54413.7,11647.73,Not Verified,debt_consolidation
13100.0,36.0,34852.96,21.42,658.0,10.0,RENT,0.0,5.0,9.0,2.0,2.0,191.11,2.0,988.81,12744.83,15517.97,Source Verified,debt_consolidation
4000.0,36.0,82179.83,14.48,668.0,2.0,RENT,0.0,7.0,7.0,14.0,19.0,99.09,5.0,3367.18,34034.76,12160.86,Not Verified,debt_consolidation
4300.0,36.0,64899.63,9.86,688.0,0.0,RENT,0.0,3.0,4.0,4.0,4.0,85.2,4.0,5787.64,27599.14,19109.31,Source Verified,debt_consolidation
9000.0,36.0,42136.99,9.32,686.0,10.0,MORTGAGE,0.0,4.0,8.0,0.0,1.0,133.17,1.0,925.67,10044.3,12477.75,Not Verified,debt_consolidation
8100.0,36.0,134927.45,3.76,708.0,10.0,RENT,2.0,5.0,0.0,1.0,5.0,105.93,4.0,45267.82,271179.92,5318.0,Not Verified,debt_consolidation
8000.0,36.0,59909.73,21.68,727.0,0.0,MORTGAGE,1.0,7.0,5.0,2.0,44.0,110.95,2.0,8864.3,137144.3,2616.33,Source Verified,debt_consolidation
6000.0,36.0,73873.1,16.7,764.0,10.0,RENT,0.0,3.0,2.0,23.0,26.0,108.26,11.0,5598.26,38783.79,7160.15,Not Verified,debt_consolidation
9900.0,36.0,55088.36,19.63,699.0,8.0,MORTGAGE,1.0,2.0,10.0,6.0,8.0,140.36,6.0,9698.61,118130.64,16223.18,Not Verified,debt_consolidation
8400.0,36.0,24811.62,16.68,660.0,,RENT,1.0,8.0,9.0,1.0,10.0,203.35,5.0,631.84,9093.3,7465.01,Not Verified,debt_consolidation
11800.0,60.0,100025.27,11.05,667.0,10.0,OWN,6.0,4.0,6.0,1.0,4.0,320.34,4.0,44543.13,580930.92,6731.67,Not Verified,debt_consolidation
9200.0,36.0,79997.3,24.26,682.0,7.0,OWN,0.0,6.0,6.0,7.0,9.0,150.62,7.0,6823.57,67784.17,9626.11,Source Verified,debt_consolidation
10200.0,36.0,57560.44,22.94,716.0,8.0,MORTGAGE,2.0,5.0,,10.0,5.0,,,,,18595.13,Not Verified,debt_consolidation
10100.0,60.0,35126.31,25.98,701.0,5.0,MORTGAGE,1.0,3.0,5.0,5.0,5.0,239.51,5.0,17283.1,151563.46,19386.07,Not Verified,debt_consolidation
10700.0,60.0,32367.66,28.82,698.0,0.0,RENT,0.0,3.0,6.0,0.0,18.0,135.72,12.0,3395.82,30911.52,16860.61,Not Verified,debt_consolidation
10100.0,36.0,56215.04,22.02,705.0,8.0,MORTGAGE,2.0,5.0,,10.0,5.0,,,,,18847.95,Not Verified,debt_consolidation
17400.0,36.0,38678.59,21.39,721.0,2.0,OWN,0.0,6.0,9.0,8.0,3.0,491.33,3.0,1178.02,16797.16,50552.61,Not Verified,debt_consolidation
14700.0,36.0,48558.5,10.66,674.0,6.0,MORTGAGE,2.0,5.0,6.0,3.0,12.0,155.53,3.0,22143.29,180247.63,12120.45,Not Verified,debt_consolidation
29200.0,60.0,79853.5,26.98,705.0,2.0,MORTGAGE,3.0,0.0,7.0,4.0,39.0,138.7,32.0,22505.1,222874.77,19629.36,Not Verified,debt_consolidation
13800.0,36.0,33848.91,14.86,714.0,10.0,MORTGAGE,2.0,4.0,5.0,5.0,5.0,196.2,5.0,6732.65,67979.8,3569.91,Source Verified,debt_consolidation
19400.0,60.0,57101.67,17.65,695.0,8.0,MORTGAGE,1.0,5.0,7.0,1.0,9.0,109.28,2.0,21205.44,244866.09,14314.34,Source Verified,debt_consolidation
26400.0,60.0,102866.29,16.18,734.0,6.0,MORTGAGE,7.0,4.0,11.0,5.0,4.0,232.83,2.0,17014.75,323408.29,50735.04,Not Verified,debt_consolidation
5100.0,36.0,30248.88,31.13,683.0,,MORTGAGE,0.0,5.0,9.0,9.0,9.0,33.4,9.0,3182.2,31020.2,9610.35,Not Verified,debt_consolidation
8100.0,36.0,30112.01,16.75,731.0,0.0,RENT,0.0,6.0,5.0,4.0,4.0,114.0,4.0,1119.61,13817.62,29940.58,Source Verified,debt_consolidation
19800.0,60.0,103543.26,18.74,719.0,10.0,MORTGAGE,5.0,0.0,4.0,,120.0,287.66,48.0,56990.62,440674.43,6971.2,Not Verified,debt_consolidation
16600.0,60.0,48348.81,15.67,683.0,10.0,RENT,0.0,4.0,11.0,14.0,4.0,119.38,4.0,1301.15,17109.78,24702.33,Source Verified,debt_consolidation
11500.0,60.0,53968.09,14.48,722.0,10.0,MORTGAGE,5.0,4.0,5.0,3.0,3.0,188.79,3.0,21740.18,240258.51,63066.27,Not Verified,debt_consolidation
25100.0,60.0,55758.52,26.99,675.0,10.0,RENT,0.0,8.0,13.0,11.0,8.0,44.89,8.0,2870.31,44802.89,23169.47,Source Verified,debt_consolidation
20700.0,36.0,102282.55,30.38,749.0,8.0,MORTGAGE,4.0,10.0,3.0,13.0,18.0,137.75,10.0,15952.28,355946.22,44645.15,Not Verified,debt_consolidation
7000.0,36.0,65349.83,30.53,711.0,10.0,OWN,3.0,10.0,11.0,7.0,4.0,141.89,4.0,10565.57,203521.78,30080.33,Not Verified,debt_consolidation
13100.0,36.0,43701.47,24.37,659.0,,OWN,0.0,2.0,11.0,,16.0,218.7,16.0,2175.79,27020.01,10783.73,Not Verified,debt_consolidation
13100.0,60.0,104516.27,10.47,689.0,7.0,RENT,0.0,3.0,2.0,3.0,102.0,141.32,6.0,9277.73,58021.69,3442.61,Source Verified,debt_consolidation
11100.0,36.0,29729.34,30.52,688.0,3.0,OWN,0.0,6.0,5.0,0.0,4.0,115.55,4.0,2291.05,22404.09,17673.19,Source Verified,debt_consolidation
10000.0,36.0,59484.89,10.44,678.0,10.0,MORTGAGE,1.0,6.0,9.0,4.0,28.0,129.07,7.0,9369.25,130806.27,20573.74,Not Verified,debt_consolidation
20000.0,36.0,50162.15,33.79,740.0,,MORTGAGE,3.0,8.0,5.0,0.0,2.0,256.54,2.0,8824.38,140606.37,70028.8,Not Verified,debt_consolidation
2700.0,36.0,67808.9,13.19,674.0,10.0,OWN,2.0,8.0,4.0,0.0,24.0,164.97,5.0,2599.75,23246.72,10466.14,Not Verified,debt_consolidation
11300.0,60.0,95176.33,15.51,655.0,10.0,MORTGAGE,1.0,8.0,10.0,1.0,3.0,301.02,1.0,2880.49,48766.01,16750.34,Source Verified,debt_consolidation
18600.0,36.0,74340.17,23.07,768.0,6.0,MORTGAGE,2.0,6.0,5.0,7.0,17.0,110.25,6.0,16558.46,218449.06,18494.52,Not Verified,debt_consolidation
3000.0,36.0,80013.18,6.55,762.0,10.0,MORTGAGE,3.0,5.0,4.0,14.0,7.0,273.53,7.0,20571.08,188077.93,47893.16,Not Verified,debt_consolidation
10900.0,36.0,88873.97,11.76,770.0,3.0,MORTGAGE,7.0,5.0,2.0,9.0,15.0,231.32,9.0,31783.54,293371.06,31608.4,Not Verified,debt_consolidation
24300.0,36.0,136124.36,6.57,709.0,8.0,MORTGAGE,0.0,1.0,5.0,18.0,18.0,187.77,18.0,2512.52,14445.23,22074.97,Not Verified,debt_consolidation
10200.0,36.0,117893.68,13.97,662.0,2.0,RENT,0.0,2.0,5.0,2.0,86.0,105.95,2.0,9866.77,68891.26,1575.36,Source Verified,debt_consolidation
23700.0,36.0,104660.99,2.5,772.0,3.0,OWN,0.0,3.0,1.0,5.0,25.0,114.44,7.0,1103.7,9749.87,45374.86,Source Verified,debt_consolidation
5900.0,36.0,112940.78,14.93,698.0,10.0,RENT,0.0,3.0,5.0,17.0,19.0,226.48,8.0,8322.87,65518.42,39798.78,Not Verified,debt_consolidation
31400.0,60.0,109647.24,12.71,721.0,5.0,MORTGAGE,3.0,6.0,11.0,0.0,8.0,197.24,7.0,10038.43,170225.94,35220.79,Not Verified,debt_consolidation
7100.0,36.0,31595.02,9.73,671.0,,RENT,0.0,7.0,5.0,3.0,23.0,212.0,5.0,735.26,8220.53,7212.61,Not Verified,debt_consolidation
15300.0,36.0,30851.87,28.68,672.0,1.0,RENT,0.0,2.0,3.0,,134.0,201.21,20.0,3974.44,85669.01,1476.81,Not Verified,debt_consolidation
23800.0,36.0,67685.8,31.0,691.0,10.0,OWN,1.0,7.0,9.0,4.0,2.0,199.01,2.0,2130.69,27447.85,18120.45,Source Verified,debt_consolidation
1800.0,36.0,69926.49,16.09,674.0,8.0,MORTGAGE,,,,,,,,,,,Not Verified,debt_consolidation
12000.0,36.0,48727.01,10.51,754.0,6.0,RENT,1.0,2.0,2.0,3.0,4.0,118.18,4.0,7939.85,47564.95,12176.06,Source Verified,small_business
28100.0,36.0,122964.47,12.18,810.0,10.0,OWN,0.0,9.0,5.0,5.0,9.0,186.74,9.0,2410.82,73468.4,165318.82,Not Verified,debt_consolidation
35800.0,36.0,91252.06,29.94,642.0,2.0,RENT,0.0,4.0,8.0,12.0,25.0,205.56,12.0,5498.44,99008.05,15728.01,Not Verified,debt_consolidation
9900.0,36.0,71205.67,6.6,687.0,3.0,RENT,0.0,6.0,6.0,1.0,1.0,36.71,1.0,1440.03,10135.53,11790.61,Not Verified,debt_consolidation
13800.0,60.0,196585.92,9.74,662.0,10.0,MORTGAGE,3.0,5.0,4.0,2.0,35.0,217.52,2.0,32670.8,330701.66,10270.01,Source Verified,debt_consolidation
9500.0,36.0,55201.86,29.65,682.0,7.0,RENT,0.0,8.0,11.0,14.0,3.0,268.53,3.0,2657.21,47987.47,7652.57,Not Verified,debt_consolidation
10100.0,36.0,60130.96,18.16,727.0,5.0,RENT,0.0,12.0,10.0,7.0,1.0,229.89,1.0,1888.82,35720.12,56205.0,Not Verified,debt_consolidation
13700.0,36.0,53858.28,19.44,655.0,10.0,RENT,1.0,7.0,5.0,8.0,15.0,138.01,12.0,3080.35,30742.57,6455.06,Not Verified,debt_consolidation
24200.0,60.0,81254.77,35.99,694.0,9.0,MORTGAGE,2.0,2.0,8.0,10.0,30.0,267.56,7.0,12042.07,178009.81,30739.03,Source Verified,debt_consolidation
5000.0,36.0,49350.99,3.53,737.0,7.0,MORTGAGE,0.0,2.0,3.0,0.0,27.0,113.44,15.0,693.56,5670.21,9532.82,Not Verified,debt_consolidation
22900.0,36.0,111885.09,18.8,649.0,1.0,RENT,7.0,0.0,3.0,13.0,51.0,158.93,52.0,3288.65,16363.41,1805.2,Source Verified,debt_consolidation
18400.0,60.0,53488.48,33.11,688.0,2.0,RENT,0.0,7.0,5.0,1.0,6.0,173.71,3.0,2369.66,49320.68,37878.15,Source Verified,debt_consolidation
13800.0,36.0,45426.09,15.6,662.0,7.0,MORTGAGE,5.0,5.0,3.0,,17.0,301.55,1.0,4204.74,29431.6,3021.93,Not Verified,debt_consolidation
4900.0,36.0,33237.72,37.68,645.0,3.0,RENT,0.0,1.0,3.0,1.0,31.0,98.25,17.0,5970.12,65256.13,3772.58,Source Verified,debt_consolidation
6400.0,36.0,50305.8,11.57,717.0,9.0,RENT,0.0,6.0,3.0,4.0,3.0,102.46,3.0,1753.83,12573.54,9713.87,Source Verified,debt_consolidation
35100.0,36.0,91557.65,9.49,677.0,10.0,RENT,0.0,7.0,5.0,1.0,2.0,385.66,1.0,2085.11,20922.77,8795.87,Not Verified,debt_consolidation
9900.0,36.0,54945.45,31.58,686.0,7.0,MORTGAGE,2.0,9.0,6.0,7.0,9.0,277.12,8.0,10806.07,138399.04,10011.63,Source Verified,debt_consolidation
9000.0,36.0,43170.48,18.54,661.0,10.0,RENT,0.0,4.0,6.0,11.0,21.0,275.8,11.0,4289.84,29299.53,8679.51,Not Verified,debt_consolidation
6000.0,36.0,75891.4,1.88,705.0,5.0,RENT,3.0,1.0,3.0,4.0,4.0,336.43,4.0,928.44,5625.59,23490.69,Not Verified,debt_consolidation
5100.0,36.0,15871.38,19.14,660.0,3.0,RENT,1.0,3.0,3.0,15.0,15.0,179.96,2.0,744.79,3080.8,1754.53,Not Verified,debt_consolidation
10000.0,36.0,37091.15,20.14,682.0,3.0,RENT,0.0,11.0,7.0,2.0,4.0,73.66,4.0,1545.58,31715.18,10790.09,Not Verified,debt_consolidation
14100.0,36.0,68178.28,27.1,665.0,10.0,MORTGAGE,2.0,6.0,7.0,3.0,21.0,184.46,8.0,33205.29,302011.63,3412.77,Not Verified,debt_consolidation
5000.0,36.0,103616.01,6.5,670.0,9.0,RENT,0.0,3.0,5.0,8.0,13.0,265.6,8.0,2345.4,25856.32,20183.92,Not Verified,debt_consolidation
3100.0,36.0,32168.84,14.46,675.0,4.0,MORTGAGE,0.0,3.0,3.0,1.0,15.0,27.27,15.0,4080.89,62123.55,495.47,Source Verified,debt_consolidation
7100.0,36.0,42930.19,24.0,674.0,10.0,MORTGAGE,1.0,6.0,4.0,17.0,16.0,202.56,7.0,18116.92,145956.72,7392.78,Source Verified,debt_consolidation
15100.0,60.0,40733.32,13.5,682.0,2.0,OWN,0.0,0.0,9.0,1.0,34.0,232.54,35.0,1794.82,16006.82,11314.62,Not Verified,debt_consolidation
36100.0,60.0,101716.08,20.32,729.0,5.0,MORTGAGE,4.0,3.0,4.0,17.0,16.0,215.31,16.0,66129.14,459001.77,37568.68,Not Verified,debt_consolidation
21100.0,36.0,53309.28,19.32,708.0,8.0,MORTGAGE,2.0,3.0,7.0,23.0,5.0,246.0,5.0,20144.55,244983.41,23816.44,Source Verified,debt_consolidation
2500.0,36.0,22868.89,3.74,726.0,3.0,RENT,0.0,8.0,3.0,,4.0,51.83,4.0,300.84,1509.27,3852.95,Not Verified,debt_consolidation
5900.0,36.0,58110.71,18.7,676.0,2.0,RENT,0.0,10.0,4.0,9.0,6.0,68.17,6.0,7023.84,76883.36,8262.27,Source Verified,debt_consolidation
4400.0,36.0,32402.99,7.81,678.0,2.0,MORTGAGE,2.0,4.0,4.0,1.0,7.0,160.58,1.0,16526.68,117639.9,3459.14,Not Verified,debt_consolidation
5200.0,36.0,45968.63,12.27,665.0,2.0,RENT,0.0,2.0,3.0,7.0,,59.38,7.0,3739.4,18964.85,0.0,Source Verified,debt_consolidation
24700.0,36.0,87411.08,25.86,683.0,10.0,MORTGAGE,2.0,2.0,4.0,14.0,42.0,236.87,14.0,13421.0,94860.45,9940.21,Source Verified,debt_consolidation
19500.0,60.0,44236.91,21.84,775.0,10.0,MORTGAGE,2.0,1.0,5.0,15.0,27.0,165.3,15.0,4257.7,54558.61,47481.85,Not Verified,debt_consolidation
25100.0,36.0,73050.43,13.51,657.0,0.0,MORTGAGE,5.0,5.0,7.0,2.0,2.0,190.07,2.0,17347.1,192144.83,24355.68,Source Verified,debt_consolidation
10000.0,36.0,148908.66,15.42,685.0,5.0,MORTGAGE,,,,,,,,,,,Source Verified,debt_consolidation
7900.0,36.0,31782.31,21.24,675.0,3.0,RENT,0.0,3.0,4.0,3.0,35.0,92.82,3.0,4271.05,21370.04,9253.04,Not Verified,debt_consolidation
24300.0,36.0,106785.37,22.28,759.0,5.0,MORTGAGE,4.0,2.0,5.0,15.0,78.0,369.96,15.0,59387.43,662150.2,59256.53,Source Verified,debt_consolidation
12000.0,60.0,45350.34,18.34,681.0,10.0,RENT,0.0,8.0,6.0,8.0,14.0,111.84,8.0,2031.16,28238.48,11121.5,Source Verified,debt_consolidation
2500.0,36.0,30090.61,32.17,682.0,3.0,RENT,0.0,4.0,11.0,2.0,2.0,187.99,2.0,3700.49,79514.43,17316.62,Not Verified,debt_consolidation
10000.0,36.0,24158.23,13.64,655.0,1.0,RENT,0.0,2.0,7.0,,10.0,86.19,10.0,1320.56,9150.1,9217.27,Source Verified,debt_consolidation
11100.0,36.0,46697.08,18.35,726.0,9.0,RENT,0.0,1.0,6.0,16.0,16.0,70.31,16.0,2700.35,27611.08,33439.45,Not Verified,debt_consolidation
17500.0,60.0,60422.42,11.85,658.0,10.0,MORTGAGE,2.0,5.0,3.0,7.0,4.0,108.88,4.0,3286.18,19282.93,7767.3,Source Verified,debt_consolidation
11600.0,60.0,34125.13,20.52,658.0,10.0,RENT,0.0,3.0,3.0,10.0,13.0,26.16,2.0,6288.83,25659.69,10118.16,Source Verified,debt_consolidation
6000.0,36.0,156487.85,1.57,825.0,9.0,RENT,,,,,,,,,,,Not Verified,debt_consolidation
5600.0,36.0,45994.55,5.71,685.0,,MORTGAGE,1.0,6.0,2.0,10.0,53.0,180.18,10.0,9785.57,87203.28,8997.96,Not Verified,debt_consolidation
11800.0,36.0,70192.06,15.65,683.0,3.0,RENT,0.0,4.0,7.0,1.0,21.0,164.02,1.0,3678.18,36253.93,41573.43,Not Verified,debt_consolidation
35100.0,60.0,94895.66,31.75,720.0,10.0,MORTGAGE,2.0,2.0,4.0,17.0,115.0,255.41,9.0,67668.51,704789.41,57313.47,Not Verified,debt_consolidation
29300.0,36.0,91520.44,18.86,699.0,3.0,RENT,0.0,5.0,2.0,0.0,8.0,35.13,1.0,5536.24,102018.4,501.57,Not Verified,small_business
21700.0,60.0,48400.37,20.49,691.0,10.0,MORTGAGE,1.0,7.0,9.0,1.0,16.0,118.05,1.0,14855.82,189785.53,9106.06,Not Verified,debt_consolidation
14300.0,60.0,58804.91,28.82,672.0,1.0,RENT,0.0,5.0,2.0,14.0,15.0,85.42,11.0,4982.09,107879.07,16560.34,Not Verified,debt_consolidation
12000.0,60.0,28531.85,29.32,659.0,2.0,RENT,0.0,1.0,2.0,7.0,22.0,34.69,22.0,3947.11,28619.48,14902.33,Source Verified,debt_consolidation
3000.0,36.0,14288.19,21.6,675.0,,OWN,1.0,3.0,4.0,2.0,58.0,105.21,2.0,762.58,2881.76,501.6,Source Verified,debt_consolidation
12500.0,36.0,54182.34,4.73,684.0,0.0,OWN,0.0,5.0,3.0,9.0,9.0,253.19,1.0,8538.74,79179.03,6946.92,Source Verified,debt_consolidation
9800.0,36.0,71016.4,6.59,685.0,3.0,RENT,0.0,6.0,6.0,1.0,1.0,37.24,1.0,1422.61,10073.66,11464.37,Not Verified,debt_consolidation
9300.0,36.0,58373.76,14.96,697.0,10.0,RENT,1.0,6.0,6.0,7.0,3.0,132.15,3.0,3882.0,26943.46,7628.27,Not Verified,debt_consolidation
8100.0,36.0,49249.76,26.53,699.0,10.0,MORTGAGE,6.0,3.0,5.0,11.0,72.0,155.96,11.0,24921.14,192471.15,21912.55,Source Verified,debt_consolidation
30300.0,36.0,130897.43,16.3,723.0,0.0,RENT,0.0,1.0,2.0,,58.0,117.63,24.0,7150.61,84102.47,5110.82,Not Verified,debt_consolidation
9100.0,36.0,65969.49,14.33,666.0,7.0,MORTGAGE,4.0,11.0,13.0,2.0,2.0,135.08,2.0,8203.33,156286.98,10182.51,Not Verified,debt_consolidation
11800.0,36.0,60074.45,12.82,714.0,,MORTGAGE,6.0,3.0,6.0,4.0,39.0,291.1,4.0,26371.14,237495.06,15923.65,Not Verified,debt_consolidation
5400.0,36.0,38803.79,23.09,788.0,6.0,MORTGAGE,2.0,3.0,3.0,0.0,19.0,220.59,6.0,9382.46,132471.5,24216.61,Not Verified,debt_consolidation
27100.0,60.0,95645.86,22.4,693.0,10.0,MORTGAGE,2.0,7.0,3.0,13.0,7.0,103.37,7.0,53573.44,439749.02,3042.67,Source Verified,debt_consolidation
12300.0,36.0,100936.28,19.58,685.0,2.0,OWN,0.0,10.0,11.0,2.0,2.0,70.82,2.0,2903.7,106837.91,30230.02,Not Verified,debt_consolidation
1300.0,36.0,29625.03,11.5,674.0,1.0,RENT,0.0,4.0,2.0,4.0,4.0,166.35,4.0,2294.52,8994.23,1300.51,Source Verified,debt_consolidation
15700.0,60.0,107367.51,20.42,692.0,8.0,MORTGAGE,0.0,8.0,7.0,16.0,5.0,221.8,5.0,9162.73,162881.14,7340.43,Source Verified,debt_consolidation
8700.0,36.0,47331.23,19.58,723.0,3.0,MORTGAGE,2.0,2.0,5.0,5.0,48.0,264.0,5.0,7210.4,79466.53,8576.51,Not Verified,debt_consolidation
24500.0,36.0,68727.26,10.59,703.0,0.0,MORTGAGE,3.0,1.0,2.0,3.0,78.0,123.29,10.0,69201.59,268056.63,8196.64,Not Verified,debt_consolidation
23500.0,60.0,126864.04,20.45,654.0,3.0,OWN,4.0,10.0,9.0,4.0,11.0,317.47,5.0,39255.63,566308.98,59391.1,Not Verified,debt_consolidation
5500.0,36.0,44444.68,5.72,714.0,3.0,RENT,,,,,,,,,,,Source Verified,debt_consolidation
5700.0,36.0,36668.46,6.86,663.0,5.0,RENT,0.0,3.0,4.0,4.0,4.0,131.23,4.0,1457.57,10122.16,2901.27,Not Verified,debt_consolidation
6100.0,36.0,50215.17,7.89,684.0,10.0,OWN,0.0,3.0,5.0,,23.0,331.84,20.0,766.49,5254.08,43082.99,Not Verified,debt_consolidation
13500.0,60.0,33023.97,27.16,665.0,3.0,MORTGAGE,0.0,3.0,3.0,13.0,7.0,156.65,7.0,6997.24,34681.44,2931.69,Source Verified,debt_consolidation
11700.0,60.0,55856.59,30.74,688.0,0.0,RENT,0.0,5.0,7.0,7.0,63.0,99.12,7.0,4795.19,56398.24,8030.17,Source Verified,debt_consolidation
5000.0,36.0,42649.26,7.03,669.0,10.0,RENT,0.0,3.0,4.0,0.0,5.0,186.78,5.0,3216.48,12676.81,12864.62,Source Verified,debt_consolidation
10400.0,36.0,38804.45,19.15,667.0,3.0,RENT,0.0,3.0,6.0,9.0,3.0,172.97,1.0,2961.42,66067.15,23169.85,Source Verified,debt_consolidation
3100.0,36.0,23968.38,20.23,687.0,,OWN,0.0,3.0,7.0,10.0,20.0,222.04,10.0,1579.69,16172.17,3526.79,Source Verified,debt_consolidation
34700.0,36.0,140429.88,16.9,778.0,10.0,MORTGAGE,6.0,4.0,3.0,0.0,5.0,118.28,5.0,54216.34,489335.56,44597.81,Not Verified,debt_consolidation
29700.0,36.0,71237.9,23.22,703.0,2.0,RENT,0.0,7.0,4.0,11.0,20.0,246.73,2.0,4536.84,36059.81,15743.55,Source Verified,debt_consolidation
20200.0,36.0,70044.17,22.19,647.0,10.0,MORTGAGE,11.0,8.0,6.0,3.0,29.0,250.56,3.0,3841.71,59446.96,11158.95,Source Verified,debt_consolidation
15200.0,36.0,59106.44,18.62,728.0,0.0,MORTGAGE,1.0,3.0,3.0,21.0,21.0,363.04,16.0,8819.42,105883.79,8027.93,Not Verified,debt_consolidation
18100.0,60.0,41078.56,17.06,689.0,3.0,RENT,0.0,2.0,6.0,6.0,19.0,136.2,19.0,2830.42,45850.76,19989.57,Source Verified,debt_consolidation
11700.0,36.0,78967.79,25.18,676.0,10.0,MORTGAGE,1.0,8.0,4.0,4.0,,89.92,6.0,20313.33,176629.54,0.0,Not Verified,debt_consolidation
14100.0,36.0,34301.29,26.9,698.0,2.0,RENT,1.0,5.0,5.0,5.0,42.0,342.44,1.0,2310.55,22818.57,12711.35,Not Verified,debt_consolidation
29500.0,36.0,95547.99,7.19,659.0,6.0,RENT,0.0,2.0,8.0,17.0,2.0,85.1,2.0,979.86,12794.5,17355.1,Not Verified,debt_consolidation
10400.0,36.0,99210.87,8.3,649.0,2.0,MORTGAGE,0.0,7.0,6.0,13.0,1.0,23.42,1.0,3717.33,25187.77,10862.56,Not Verified,debt_consolidation
4300.0,60.0,39955.32,19.72,719.0,10.0,MORTGAGE,,,,,,,,,,,Not Verified,debt_consolidation
10400.0,60.0,28829.38,24.34,706.0,1.0,RENT,0.0,3.0,3.0,1.0,108.0,111.93,8.0,6621.36,53859.59,10680.79,Source Verified,debt_consolidation
2400.0,36.0,39858.06,27.02,728.0,10.0,OWN,0.0,6.0,2.0,4.0,12.0,149.69,3.0,3451.66,20659.76,8480.29,Not Verified,debt_consolidation
9400.0,36.0,96012.09,8.4,696.0,5.0,RENT,0.0,2.0,3.0,,37.0,184.42,20.0,2627.78,42923.17,10529.71,Not Verified,debt_consolidation
7300.0,36.0,134984.68,6.84,666.0,2.0,RENT,0.0,2.0,6.0,2.0,10.0,46.91,2.0,3560.08,24827.18,23445.26,Not Verified,debt_consolidation
20100.0,36.0,50697.78,19.28,705.0,6.0,RENT,0.0,5.0,7.0,18.0,11.0,154.21,3.0,2326.72,30229.58,43408.84,Source Verified,debt_consolidation
19800.0,60.0,217454.94,10.41,676.0,2.0,RENT,3.0,4.0,4.0,8.0,18.0,226.4,10.0,10887.72,76941.78,18949.18,Source Verified,debt_consolidation
12300.0,60.0,163977.7,15.46,728.0,9.0,MORTGAGE,3.0,8.0,4.0,12.0,3.0,468.71,3.0,40414.99,773824.42,77070.3,Not Verified,debt_consolidation
14900.0,36.0,59383.9,17.5,669.0,0.0,MORTGAGE,1.0,6.0,5.0,2.0,11.0,68.95,2.0,12778.66,132353.09,13060.49,Source Verified,debt_consolidation
28000.0,60.0,79180.29,17.35,703.0,0.0,MORTGAGE,2.0,9.0,7.0,1.0,1.0,118.4,1.0,10532.75,276797.92,22898.81,Source Verified,debt_consolidation
20100.0,60.0,75706.47,8.88,684.0,5.0,MORTGAGE,1.0,2.0,6.0,11.0,11.0,72.66,11.0,20213.4,180766.69,18582.41,Not Verified,debt_consolidation
14900.0,36.0,60190.31,19.17,689.0,3.0,RENT,1.0,1.0,8.0,19.0,6.0,116.84,6.0,3679.17,36485.95,27490.46,Source Verified,debt_consolidation
16100.0,60.0,113056.04,12.27,698.0,10.0,MORTGAGE,4.0,3.0,6.0,4.0,28.0,161.03,14.0,27316.57,297426.57,49879.01,Not Verified,debt_consolidation
9600.0,36.0,41902.27,21.52,664.0,8.0,MORTGAGE,4.0,6.0,6.0,4.0,12.0,147.81,2.0,21269.88,217300.46,3380.08,Source Verified,debt_consolidation
16700.0,60.0,61619.76,26.39,665.0,3.0,MORTGAGE,1.0,7.0,6.0,4.0,11.0,150.24,5.0,16335.29,228319.61,19609.53,Not Verified,debt_consolidation
4400.0,36.0,20439.86,29.82,658.0,1.0,RENT,0.0,10.0,15.0,1.0,4.0,156.89,3.0,699.29,10537.45,14270.03,Not Verified,debt_consolidation
14800.0,36.0,86921.83,14.94,670.0,2.0,RENT,0.0,8.0,5.0,10.0,10.0,159.35,3.0,7369.44,50343.72,11523.06,Source Verified,debt_consolidation
5500.0,36.0,29980.9,25.4,738.0,10.0,OWN,0.0,3.0,4.0,22.0,20.0,187.52,20.0,2113.7,12758.01,11092.47,Not Verified,debt_consolidation
16400.0,60.0,115155.52,24.05,719.0,3.0,MORTGAGE,1.0,4.0,10.0,23.0,21.0,185.35,10.0,34414.31,531732.96,40165.28,Source Verified,debt_consolidation
13700.0,36.0,29556.19,24.26,681.0,8.0,RENT,0.0,4.0,5.0,17.0,3.0,37.41,3.0,3274.47,19173.06,11304.58,Not Verified,debt_consolidation
15900.0,36.0,62947.38,21.58,795.0,10.0,RENT,0.0,3.0,7.0,,58.0,215.71,14.0,4770.03,57674.13,24806.72,Source Verified,debt_consolidation
19400.0,60.0,85006.79,8.65,647.0,3.0,MORTGAGE,1.0,5.0,4.0,4.0,12.0,161.06,2.0,21732.58,192854.67,9076.2,Source Verified,debt_consolidation
24900.0,36.0,73638.27,24.18,681.0,3.0,MORTGAGE,0.0,7.0,6.0,13.0,8.0,130.83,8.0,3346.06,38538.75,16916.5,Source Verified,debt_consolidation
34800.0,36.0,500000.0,2.94,728.0,10.0,MORTGAGE,7.0,2.0,5.0,16.0,21.0,164.68,13.0,71335.49,632333.29,140933.62,Source Verified,debt_consolidation
17900.0,36.0,139308.66,15.05,682.0,4.0,MORTGAGE,,,,,,,,,,,Not Verified,debt_consolidation
12600.0,60.0,44357.19,38.81,667.0,2.0,RENT,0.0,8.0,12.0,14.0,21.0,126.6,5.0,2305.04,36985.59,6146.63,Not Verified,debt_consolidation
16100.0,36.0,75747.33,26.02,708.0,5.0,RENT,0.0,1.0,7.0,16.0,24.0,138.57,18.0,4760.17,47645.54,31148.66,Not Verified,debt_consolidation
35300.0,60.0,93016.29,7.5,687.0,10.0,MORTGAGE,2.0,3.0,5.0,0.0,11.0,347.12,11.0,19674.35,135559.07,13380.64,Not Verified,debt_consolidation
28100.0,60.0,60529.78,23.66,726.0,3.0,MORTGAGE,0.0,5.0,4.0,1.0,11.0,165.71,10.0,9917.89,315824.31,37554.43,Source Verified,debt_consolidation
21000.0,36.0,66911.65,25.84,658.0,0.0,RENT,4.0,6.0,3.0,4.0,13.0,122.02,4.0,12129.26,72066.28,21202.11,Not Verified,debt_consolidation
27900.0,36.0,68982.13,27.08,719.0,1.0,MORTGAGE,,,,,,,,,,,Not Verified,debt_consolidation
20100.0,36.0,84272.86,22.12,728.0,10.0,OWN,1.0,1.0,2.0,,16.0,317.2,16.0,1890.4,5344.96,3059.17,Not Verified,debt_consolidation
13100.0,36.0,59258.94,36.46,714.0,10.0,RENT,0.0,7.0,4.0,13.0,2.0,247.06,2.0,5942.69,53286.45,9643.96,Source Verified,debt_consolidation
5800.0,36.0,52875.64,25.8,665.0,0.0,MORTGAGE,1.0,4.0,2.0,2.0,36.0,45.31,2.0,31910.34,216407.11,905.38,Source Verified,debt_consolidation
25200.0,60.0,148567.77,28.85,716.0,5.0,MORTGAGE,,,,,,,,,,,Not Verified,debt_consolidation
26300.0,60.0,100221.84,16.11,711.0,6.0,MORTGAGE,7.0,4.0,11.0,5.0,4.0,237.7,2.0,17461.26,324478.22,51390.21,Not Verified,debt_consolidation
7600.0,36.0,43187.83,14.94,670.0,10.0,RENT,0.0,4.0,7.0,0.0,4.0,152.7,4.0,1803.41,18160.28,26167.25,Not Verified,debt_consolidation
31800.0,36.0,113947.92,20.49,668.0,9.0,MORTGAGE,4.0,13.0,4.0,1.0,14.0,183.59,1.0,26168.27,318429.46,25052.26,Not Verified,debt_consolidation
24700.0,60.0,66921.47,14.63,678.0,10.0,MORTGAGE,8.0,3.0,10.0,3.0,17.0,192.59,5.0,27109.38,363389.19,24192.79,Not Verified,debt_consolidation
15000.0,60.0,77722.62,34.14,655.0,5.0,MORTGAGE,3.0,12.0,10.0,6.0,7.0,128.38,2.0,6464.71,135834.97,23532.51,Source Verified,debt_consolidation
20500.0,36.0,122315.86,6.94,667.0,10.0,MORTGAGE,2.0,7.0,6.0,14.0,14.0,119.7,2.0,14999.18,141122.3,13097.22,Source Verified,debt_consolidation
4100.0,36.0,43723.72,10.1,703.0,3.0,MORTGAGE,1.0,6.0,4.0,0.0,6.0,116.45,6.0,800.27,8991.74,8038.79,Not Verified,debt_consolidation
15100.0,36.0,50984.16,22.45,780.0,10.0,MORTGAGE,4.0,6.0,3.0,,14.0,191.1,10.0,37061.75,268584.13,3951.56,Not Verified,debt_consolidation
12100.0,36.0,54516.62,4.59,679.0,2.0,RENT,0.0,1.0,3.0,,14.0,108.4,14.0,1151.01,8086.21,12909.91,Not Verified,debt_consolidation
10700.0,36.0,41164.92,25.05,736.0,3.0,OWN,2.0,6.0,4.0,7.0,5.0,113.86,5.0,6259.69,91188.64,22732.24,Not Verified,debt_consolidation
2000.0,36.0,55201.55,38.7,663.0,8.0,RENT,0.0,5.0,7.0,4.0,57.0,221.26,4.0,7741.0,104783.66,7022.07,Not Verified,debt_consolidation
6100.0,36.0,29919.03,14.94,691.0,2.0,RENT,0.0,5.0,2.0,15.0,7.0,51.1,7.0,1559.28,6190.15,11191.44,Source Verified,debt_consolidation
8500.0,36.0,81017.98,20.92,671.0,5.0,RENT,0.0,9.0,6.0,0.0,6.0,173.11,6.0,3412.56,74631.47,40338.52,Source Verified,debt_consolidation
11700.0,36.0,132958.17,12.68,772.0,10.0,MORTGAGE,5.0,7.0,4.0,10.0,77.0,196.48,2.0,43310.92,508005.62,24076.44,Source Verified,debt_consolidation
35000.0,36.0,247374.68,12.21,720.0,10.0,MORTGAGE,6.0,2.0,6.0,6.0,24.0,351.65,20.0,113586.82,1629097.8,14698.41,Not Verified,debt_consolidation
21700.0,60.0,56702.99,33.2,657.0,10.0,MORTGAGE,4.0,8.0,5.0,4.0,23.0,248.93,2.0,16518.76,193772.3,43303.13,Source Verified,debt_consolidation
11900.0,36.0,58714.07,14.55,674.0,0.0,MORTGAGE,1.0,5.0,3.0,4.0,114.0,109.12,3.0,19666.31,158028.29,402.57,Not Verified,debt_consolidation
12000.0,36.0,89429.54,15.68,658.0,10.0,RENT,3.0,5.0,12.0,0.0,17.0,125.13,5.0,1778.61,28330.04,11975.92,Source Verified,debt_consolidation
12900.0,36.0,82146.12,5.98,702.0,4.0,OWN,0.0,1.0,,13.0,51.0,,,,,8111.26,Not Verified,debt_consolidation
10700.0,36.0,47712.32,18.53,725.0,9.0,RENT,0.0,1.0,6.0,16.0,16.0,69.77,16.0,2786.63,27996.15,33292.86,Not Verified,debt_consolidation
9100.0,36.0,79674.35,3.61,683.0,6.0,RENT,0.0,3.0,8.0,,2.0,384.27,2.0,465.86,7530.75,38382.25,Source Verified,debt_consolidation
15900.0,36.0,94971.64,10.9,704.0,0.0,MORTGAGE,5.0,3.0,4.0,0.0,23.0,151.7,10.0,35815.24,250872.75,7350.52,Not Verified,debt_consolidation
15400.0,36.0,251501.62,14.21,666.0,7.0,OWN,2.0,4.0,13.0,5.0,13.0,183.06,13.0,27690.88,671096.59,37941.65,Not Verified,debt_consolidation
10100.0,60.0,50437.47,26.15,668.0,9.0,RENT,0.0,7.0,8.0,4.0,15.0,63.11,4.0,3482.68,37428.55,8247.65,Source Verified,debt_consolidation
3600.0,36.0,64357.0,3.84,670.0,2.0,OWN,1.0,4.0,2.0,1.0,19.0,24.92,3.0,905.23,3680.76,395.6,Source Verified,debt_consolidation
19000.0,36.0,87387.02,28.89,683.0,10.0,MORTGAGE,2.0,14.0,4.0,3.0,20.0,85.09,2.0,16488.37,208504.6,4038.1,Not Verified,debt_consolidation
9600.0,36.0,44320.23,14.11,663.0,10.0,MORTGAGE,0.0,5.0,6.0,0.0,9.0,59.37,9.0,1409.67,15227.92,13565.16,Not Verified,debt_consolidation
7100.0,36.0,84694.49,27.8,700.0,9.0,MORTGAGE,5.0,8.0,6.0,4.0,10.0,192.53,5.0,17276.2,254342.19,29381.54,Not Verified,debt_consolidation
15100.0,36.0,85466.0,13.55,683.0,4.0,RENT,0.0,0.0,4.0,0.0,61.0,165.87,44.0,14530.99,88230.73,15807.77,Source Verified,debt_consolidation
6200.0,36.0,59135.83,32.11,689.0,,RENT,0.0,10.0,7.0,4.0,4.0,153.52,1.0,6157.87,66117.95,22236.31,Source Verified,debt_consolidation
23500.0,60.0,65495.94,14.64,681.0,10.0,MORTGAGE,4.0,6.0,8.0,3.0,11.0,165.19,7.0,14353.56,236012.64,21398.68,Not Verified,debt_consolidation
18100.0,60.0,43802.95,25.03,686.0,5.0,MORTGAGE,0.0,4.0,6.0,2.0,21.0,299.81,6.0,4635.18,37080.83,8092.22,Not Verified,debt_consolidation
23900.0,60.0,149429.72,17.1,708.0,2.0,MORTGAGE,3.0,2.0,17.0,1.0,28.0,362.88,3.0,4262.91,74585.34,90782.21,Not Verified,debt_consolidation
6100.0,36.0,37959.23,9.37,666.0,3.0,RENT,0.0,8.0,6.0,16.0,2.0,62.13,2.0,716.89,6444.88,9267.72,Not Verified,debt_consolidation
7300.0,36.0,41860.39,13.65,767.0,,OWN,1.0,7.0,5.0,3.0,7.0,287.44,7.0,1162.46,16475.14,80107.71,Source Verified,debt_consolidation
16300.0,36.0,65970.74,13.88,685.0,1.0,MORTGAGE,4.0,2.0,4.0,3.0,16.0,298.69,3.0,8686.35,60091.21,12428.61,Not Verified,debt_consolidation
10400.0,60.0,39585.93,10.08,686.0,10.0,MORTGAGE,1.0,3.0,2.0,0.0,24.0,437.25,9.0,35418.01,144143.13,1972.27,Not Verified,debt_consolidation
19900.0,36.0,83105.94,21.54,702.0,7.0,RENT,0.0,3.0,5.0,4.0,6.0,155.94,6.0,5492.97,43924.91,44666.62,Not Verified,debt_consolidation
8900.0,36.0,181383.27,21.49,653.0,10.0,MORTGAGE,0.0,12.0,6.0,1.0,2.0,191.16,0.0,4921.94,104496.16,57863.53,Not Verified,debt_consolidation
24300.0,60.0,107101.81,10.2,688.0,0.0,MORTGAGE,4.0,1.0,2.0,,40.0,322.77,19.0,55683.7,274330.83,18650.93,Source Verified,debt_consolidation
30700.0,36.0,64766.22,33.65,698.0,10.0,OWN,0.0,4.0,8.0,1.0,7.0,200.5,1.0,4710.95,69858.51,25293.84,Not Verified,debt_consolidation
14600.0,36.0,39243.15,13.83,695.0,6.0,RENT,0.0,4.0,8.0,1.0,8.0,95.69,1.0,1272.02,12615.38,7263.34,Source Verified,debt_consolidation
2200.0,36.0,53424.45,5.4,776.0,3.0,RENT,0.0,3.0,2.0,11.0,13.0,114.66,8.0,2727.03,11013.56,24845.75,Not Verified,debt_consolidation
8500.0,36.0,39232.3,35.65,677.0,10.0,RENT,3.0,10.0,8.0,1.0,13.0,150.81,7.0,2436.76,39291.05,10968.53,Not Verified,debt_consolidation
12000.0,60.0,106328.11,26.48,669.0,3.0,MORTGAGE,2.0,6.0,3.0,3.0,8.0,108.73,3.0,28096.21,362706.22,6843.54,Not Verified,debt_consolidation
2400.0,36.0,79924.02,12.5,648.0,1.0,RENT,0.0,6.0,5.0,4.0,4.0,68.79,4.0,8221.4,71058.82,20149.66,Source Verified,debt_consolidation
19300.0,60.0,129286.85,13.86,686.0,2.0,RENT,0.0,6.0,6.0,3.0,35.0,314.62,6.0,11248.48,114580.22,13182.28,Source Verified,debt_consolidation
34600.0,60.0,91888.83,35.28,680.0,10.0,MORTGAGE,5.0,7.0,10.0,2.0,45.0,164.83,6.0,18900.67,320589.2,9509.64,Not Verified,debt_consolidation
8900.0,36.0,65930.49,14.24,689.0,5.0,MORTGAGE,2.0,4.0,3.0,4.0,68.0,87.5,4.0,52678.06,366005.49,7933.1,Not Verified,debt_consolidation
17400.0,60.0,40297.16,29.05,687.0,0.0,MORTGAGE,4.0,0.0,7.0,,78.0,209.0,75.0,17998.25,166812.19,34296.14,Not Verified,debt_consolidation
6400.0,36.0,82179.13,10.9,660.0,2.0,MORTGAGE,2.0,3.0,2.0,1.0,45.0,245.4,10.0,31839.76,189519.95,12214.13,Source Verified,debt_consolidation
11300.0,36.0,55324.41,16.42,716.0,0.0,RENT,0.0,1.0,6.0,,13.0,157.96,13.0,6140.38,68259.9,28044.19,Source Verified,debt_consolidation
14000.0,36.0,83900.97,9.3,700.0,10.0,MORTGAGE,5.0,4.0,3.0,,75.0,312.25,10.0,37032.69,344634.81,63832.16,Source Verified,debt_consolidation
6100.0,36.0,75964.36,26.45,702.0,9.0,MORTGAGE,3.0,3.0,5.0,0.0,7.0,157.96,1.0,14953.73,263985.37,48955.13,Not Verified,debt_consolidation
5000.0,36.0,36579.48,15.24,708.0,1.0,RENT,,,,,,,,,,,Source Verified,debt_consolidation
1600.0,36.0,43538.82,15.23,652.0,4.0,RENT,0.0,3.0,2.0,7.0,13.0,15.09,7.0,9946.59,29235.51,2296.98,Source Verified,debt_consolidation
6400.0,36.0,20355.84,30.25,691.0,3.0,RENT,0.0,7.0,7.0,20.0,26.0,111.69,2.0,2038.94,19711.35,8407.12,Source Verified,debt_consolidation
12200.0,36.0,38120.19,16.12,675.0,1.0,MORTGAGE,0.0,1.0,5.0,,27.0,73.65,13.0,1302.87,14193.93,10279.53,Source Verified,debt_consolidation
9900.0,36.0,74801.76,19.8,735.0,8.0,MORTGAGE,0.0,10.0,3.0,2.0,1.0,225.57,1.0,2876.87,44996.06,41127.34,Source Verified,debt_consolidation
14800.0,36.0,39403.19,14.26,705.0,10.0,MORTGAGE,3.0,3.0,4.0,12.0,7.0,289.48,7.0,14573.55,116953.15,12962.59,Not Verified,debt_consolidation
11600.0,60.0,30626.47,0.94,716.0,10.0,MORTGAGE,2.0,4.0,1.0,4.0,23.0,69.49,3.0,31.63,188.21,4754.53,Source Verified,debt_consolidation
19900.0,60.0,76344.57,26.97,673.0,10.0,MORTGAGE,6.0,4.0,10.0,5.0,53.0,269.32,3.0,12298.34,191204.15,14846.65,Not Verified,debt_consolidation
11700.0,36.0,30947.29,25.76,695.0,4.0,MORTGAGE,4.0,9.0,1.0,8.0,8.0,143.68,8.0,5525.89,70452.71,12688.55,Not Verified,debt_consolidation
6000.0,36.0,49962.03,22.8,677.0,10.0,MORTGAGE,2.0,9.0,3.0,1.0,2.0,291.22,2.0,13740.07,122108.69,8132.72,Source Verified,debt_consolidation
11100.0,36.0,49519.3,25.89,696.0,10.0,OWN,0.0,5.0,5.0,6.0,32.0,245.09,6.0,2851.47,64910.89,32554.45,Source Verified,debt_consolidation
5900.0,36.0,49444.48,0.0,672.0,6.0,RENT,,,,,,,,,,,Not Verified,debt_consolidation
18400.0,36.0,118930.52,12.92,741.0,10.0,RENT,,,,,,,,,,,Not Verified,small_business
29900.0,60.0,99787.9,25.66,650.0,8.0,OWN,4.0,3.0,5.0,15.0,23.0,156.13,14.0,35014.16,383949.0,41148.82,Not Verified,debt_consolidation
17700.0,36.0,61061.81,17.01,649.0,10.0,RENT,0.0,5.0,7.0,,8.0,266.15,7.0,2176.26,25628.99,2347.6,Source Verified,debt_consolidation
19500.0,36.0,106182.74,16.48,690.0,10.0,MORTGAGE,3.0,2.0,13.0,14.0,63.0,325.18,8.0,32715.49,651463.47,27509.6,Not Verified,debt_consolidation
3200.0,36.0,30072.86,19.02,662.0,9.0,RENT,0.0,1.0,3.0,1.0,4.0,188.89,4.0,3191.4,12877.28,6851.23,Not Verified,debt_consolidation
11900.0,36.0,39608.03,27.92,641.0,5.0,RENT,0.0,0.0,1.0,,41.0,167.87,34.0,11300.66,34293.74,2964.56,Source Verified,debt_consolidation
4900.0,36.0,25576.45,17.03,665.0,0.0,RENT,0.0,2.0,6.0,4.0,10.0,242.44,4.0,1621.99,12831.47,19651.05,Source Verified,debt_consolidation
18000.0,36.0,61160.77,15.92,675.0,10.0,RENT,0.0,5.0,7.0,,8.0,272.17,7.0,2186.96,25811.32,2297.56,Source Verified,debt_consolidation
8100.0,36.0,30580.47,6.27,681.0,5.0,RENT,0.0,7.0,3.0,20.0,2.0,50.9,2.0,1076.95,5410.6,3032.52,Source Verified,debt_consolidation
9700.0,36.0,77918.47,11.87,689.0,0.0,MORTGAGE,2.0,10.0,3.0,15.0,23.0,23.24,9.0,36602.44,332286.02,2900.17,Not Verified,debt_consolidation
21500.0,60.0,49132.04,11.65,695.0,5.0,RENT,0.0,4.0,6.0,,18.0,521.45,18.0,2516.57,17544.76,22388.58,Source Verified,debt_consolidation
14800.0,60.0,99121.93,11.38,670.0,3.0,RENT,0.0,5.0,2.0,9.0,5.0,76.73,5.0,13784.65,96687.31,16215.17,Not Verified,debt_consolidation
10200.0,36.0,59666.36,28.17,642.0,8.0,RENT,1.0,2.0,6.0,2.0,17.0,65.6,10.0,7088.11,57660.11,5244.76,Source Verified,debt_consolidation
12400.0,36.0,37484.26,22.25,686.0,10.0,OWN,0.0,5.0,7.0,18.0,5.0,341.0,5.0,1780.2,17684.39,11228.7,Source Verified,debt_consolidation
12100.0,36.0,79796.54,25.95,703.0,10.0,MORTGAGE,4.0,1.0,10.0,,11.0,376.73,11.0,11710.59,164129.57,31642.67,Not Verified,debt_consolidation
13800.0,36.0,102761.88,14.49,740.0,2.0,MORTGAGE,3.0,2.0,5.0,16.0,26.0,76.22,20.0,8826.4,257558.43,7834.25,Not Verified,debt_consolidation
9800.0,36.0,58862.01,15.4,662.0,10.0,MORTGAGE,1.0,3.0,9.0,1.0,12.0,185.65,12.0,19360.1,229032.35,13050.57,Source Verified,debt_consolidation
15100.0,36.0,48140.34,26.68,705.0,2.0,RENT,0.0,3.0,5.0,4.0,19.0,87.04,4.0,4546.76,56264.85,15251.69,Not Verified,debt_consolidation
16000.0,36.0,49023.55,20.36,684.0,0.0,RENT,0.0,4.0,5.0,,12.0,158.52,8.0,5505.85,86149.02,17517.39,Not Verified,debt_consolidation
12100.0,36.0,82072.9,14.84,677.0,3.0,MORTGAGE,3.0,5.0,8.0,6.0,20.0,289.27,7.0,3370.2,33790.58,14009.17,Source Verified,debt_consolidation
20900.0,36.0,85900.11,28.25,656.0,10.0,MORTGAGE,5.0,4.0,13.0,3.0,3.0,174.83,3.0,16981.12,412643.26,89980.21,Source Verified,debt_consolidation
10000.0,36.0,64975.0,25.4,711.0,10.0,RENT,3.0,4.0,9.0,11.0,27.0,186.01,3.0,11894.82,151039.14,5922.37,Not Verified,debt_consolidation
15000.0,36.0,84486.45,10.46,692.0,,RENT,0.0,2.0,1.0,7.0,113.0,481.17,6.0,5275.22,36635.62,26718.7,Source Verified,debt_consolidation
10400.0,36.0,29433.05,19.06,765.0,0.0,RENT,,,,,,,,,,,Not Verified,debt_consolidation
15200.0,60.0,51816.58,15.51,680.0,10.0,RENT,0.0,3.0,9.0,1.0,1.0,181.23,1.0,1487.52,15056.66,6038.33,Not Verified,debt_consolidation
22800.0,36.0,53917.43,25.88,664.0,9.0,MORTGAGE,5.0,9.0,10.0,0.0,3.0,244.01,3.0,2300.94,27912.34,13590.83,Not Verified,debt_consolidation
17400.0,36.0,56148.46,14.3,650.0,10.0,RENT,0.0,2.0,11.0,15.0,1.0,170.9,1.0,1753.44,21034.81,21097.18,Not Verified,debt_consolidation
35500.0,36.0,128336.77,24.11,661.0,2.0,RENT,1.0,1.0,3.0,10.0,56.0,285.1,9.0,11506.47,70530.2,84460.62,Not Verified,debt_consolidation
10200.0,36.0,41196.32,9.48,746.0,7.0,RENT,0.0,10.0,9.0,11.0,7.0,118.9,7.0,558.2,10300.62,26485.34,Not Verified,debt_consolidation
20700.0,60.0,71595.72,7.82,687.0,10.0,RENT,2.0,6.0,3.0,2.0,8.0,335.75,2.0,3390.96,17201.05,14447.9,Not Verified,debt_consolidation
14600.0,36.0,56454.56,9.43,685.0,10.0,MORTGAGE,6.0,19.0,10.0,4.0,2.0,140.16,2.0,11802.39,239287.53,32612.51,Not Verified,debt_consolidation
10000.0,60.0,71070.49,12.96,716.0,10.0,MORTGAGE,4.0,4.0,1.0,7.0,84.0,113.71,7.0,65205.04,324885.42,7931.01,Source Verified,debt_consolidation
10100.0,36.0,59314.5,10.58,784.0,2.0,RENT,0.0,6.0,6.0,9.0,10.0,215.23,8.0,1005.16,13985.68,65299.52,Not Verified,debt_consolidation
1700.0,36.0,20313.82,14.21,717.0,1.0,RENT,0.0,8.0,3.0,1.0,6.0,47.07,2.0,2637.03,51625.92,4275.29,Not Verified,debt_consolidation
4000.0,36.0,54612.36,18.01,692.0,10.0,MORTGAGE,,,,,,,,,,,Not Verified,debt_consolidation
6000.0,36.0,21545.96,11.87,685.0,0.0,RENT,0.0,1.0,4.0,8.0,16.0,91.2,16.0,893.11,6396.71,5413.89,Source Verified,debt_consolidation
20700.0,60.0,252811.62,9.52,706.0,10.0,MORTGAGE,8.0,8.0,4.0,11.0,2.0,146.27,2.0,51624.98,683851.04,8156.04,Source Verified,debt_consolidation
6400.0,36.0,58340.6,23.94,677.0,3.0,RENT,0.0,9.0,5.0,1.0,10.0,140.81,2.0,6611.53,126910.53,5202.06,Not Verified,debt_consolidation
17900.0,36.0,82509.92,12.31,684.0,2.0,RENT,1.0,1.0,3.0,5.0,5.0,233.95,5.0,5874.62,30209.39,5274.18,Not Verified,debt_consolidation
18700.0,36.0,58542.84,18.14,677.0,7.0,RENT,,,,,,,,,,,Not Verified,debt_consolidation
24700.0,36.0,51235.37,19.88,686.0,,RENT,2.0,0.0,1.0,,82.0,375.67,30.0,3539.25,10456.96,17600.65,Not Verified,debt_consolidation
20500.0,36.0,63003.48,5.9,664.0,2.0,RENT,1.0,2.0,2.0,1.0,13.0,250.17,1.0,2572.16,10274.44,19078.95,Not Verified,debt_consolidation
15300.0,60.0,98203.62,6.34,740.0,8.0,MORTGAGE,3.0,7.0,3.0,4.0,12.0,77.25,3.0,21085.65,205910.44,18009.01,Not Verified,debt_consolidation
19700.0,36.0,176676.74,7.74,656.0,2.0,RENT,0.0,5.0,11.0,1.0,85.0,203.88,1.0,1483.79,22491.46,14215.74,Not Verified,debt_consolidation
34400.0,36.0,138786.79,26.36,692.0,10.0,MORTGAGE,2.0,3.0,6.0,0.0,10.0,209.66,3.0,41596.49,541911.83,67091.15,Not Verified,debt_consolidation
7900.0,36.0,52585.12,10.17,739.0,10.0,MORTGAGE,7.0,3.0,1.0,5.0,245.0,322.97,5.0,27724.0,164751.34,11850.43,Source Verified,debt_consolidation
12100.0,60.0,44575.5,20.29,737.0,1.0,RENT,0.0,3.0,3.0,15.0,22.0,192.84,3.0,3442.19,24141.73,6915.75,Source Verified,debt_consolidation
20400.0,36.0,92031.22,8.94,679.0,3.0,RENT,0.0,0.0,6.0,,47.0,103.42,47.0,4907.38,28942.0,30014.53,Not Verified,debt_consolidation
15100.0,36.0,48787.28,26.41,666.0,2.0,RENT,6.0,0.0,4.0,,74.0,128.71,42.0,6571.93,45884.36,9676.16,Not Verified,debt_consolidation
6100.0,36.0,29263.92,6.21,682.0,10.0,RENT,0.0,3.0,4.0,13.0,6.0,38.81,6.0,1318.29,5307.96,6687.0,Source Verified,debt_consolidation
16200.0,36.0,86133.64,5.58,694.0,5.0,RENT,0.0,1.0,4.0,,22.0,188.91,22.0,9663.59,67202.75,44892.52,Not Verified,debt_consolidation
5000.0,36.0,12000.0,0.0,776.0,,RENT,,,,,,,,,,,Not Verified,debt_consolidation
2900.0,36.0,42552.34,19.05,669.0,7.0,RENT,0.0,3.0,5.0,7.0,7.0,102.31,7.0,2937.82,20938.63,11096.48,Not Verified,debt_consolidation
22400.0,36.0,114776.21,12.5,694.0,10.0,MORTGAGE,5.0,7.0,6.0,15.0,4.0,218.61,4.0,27090.99,300457.47,25815.05,Not Verified,debt_consolidation
14900.0,36.0,94418.65,7.79,685.0,10.0,RENT,0.0,0.0,6.0,12.0,34.0,202.89,35.0,3660.98,22015.43,24152.09,Not Verified,debt_consolidation
4300.0,36.0,101238.57,5.39,678.0,4.0,MORTGAGE,2.0,4.0,3.0,8.0,3.0,145.32,3.0,2461.07,10024.62,3384.04,Not Verified,debt_consolidation
35900.0,60.0,101154.84,14.5,676.0,3.0,MORTGAGE,4.0,2.0,5.0,23.0,40.0,268.68,14.0,27121.36,312853.04,29792.96,Not Verified,debt_consolidation
7600.0,36.0,30435.48,26.72,665.0,,MORTGAGE,1.0,9.0,11.0,3.0,3.0,323.48,3.0,7492.63,96212.9,7636.77,Not Verified,debt_consolidation
8200.0,36.0,72622.85,15.1,691.0,10.0,MORTGAGE,2.0,5.0,2.0,9.0,,67.0,8.0,17305.0,140860.64,0.0,Source Verified,small_business
28100.0,60.0,85684.82,29.47,700.0,5.0,MORTGAGE,1.0,8.0,14.0,4.0,5.0,120.48,5.0,12649.52,288686.46,45462.92,Source Verified,debt_consolidation
6100.0,36.0,179557.84,7.55,772.0,4.0,MORTGAGE,6.0,4.0,4.0,14.0,29.0,238.33,7.0,36634.3,443288.33,87099.91,Not Verified,debt_consolidation
31200.0,60.0,81474.1,21.16,678.0,2.0,MORTGAGE,2.0,3.0,8.0,4.0,18.0,181.65,15.0,20052.33,214742.65,7562.73,Not Verified,debt_consolidation
12000.0,36.0,31185.63,30.93,686.0,7.0,RENT,3.0,0.0,4.0,5.0,39.0,256.18,38.0,5862.75,36511.18,6036.52,Source Verified,debt_consolidation
9600.0,36.0,76633.74,21.94,657.0,10.0,MORTGAGE,5.0,6.0,8.0,0.0,,249.05,2.0,13807.77,229128.11,0.0,Source Verified,debt_consolidation
15100.0,36.0,198608.6,8.4,659.0,7.0,MORTGAGE,0.0,16.0,15.0,1.0,4.0,70.36,1.0,1735.23,45929.85,29547.21,Not Verified,debt_consolidation
3500.0,36.0,35244.39,27.76,653.0,10.0,RENT,0.0,8.0,6.0,9.0,3.0,186.43,3.0,5456.9,44252.2,9033.49,Not Verified,debt_consolidation
17600.0,36.0,108332.07,13.34,675.0,10.0,OWN,0.0,2.0,5.0,19.0,11.0,185.19,11.0,18661.8,136454.64,44253.24,Source Verified,debt_consolidation
15000.0,36.0,163610.82,19.84,671.0,10.0,MORTGAGE,,,,,,,,,,,Not Verified,debt_consolidation
9600.0,36.0,89107.56,33.98,770.0,10.0,MORTGAGE,3.0,15.0,7.0,1.0,1.0,314.41,1.0,7487.96,161772.55,117598.95,Not Verified,debt_consolidation
25700.0,36.0,233743.78,22.71,727.0,10.0,MORTGAGE,4.0,5.0,7.0,5.0,28.0,443.73,5.0,20966.79,351248.8,26712.71,Source Verified,debt_consolidation
20300.0,36.0,137158.6,15.23,778.0,10.0,RENT,0.0,4.0,4.0,4.0,14.0,238.9,7.0,3481.7,37580.77,4747.09,Not Verified,debt_consolidation
3600.0,36.0,80461.72,13.65,671.0,10.0,RENT,0.0,5.0,4.0,9.0,22.0,127.39,4.0,7117.65,93427.37,7269.1,Not Verified,debt_consolidation
10400.0,36.0,128181.38,23.9,742.0,3.0,RENT,0.0,2.0,3.0,10.0,45.0,139.8,10.0,9051.03,250393.51,32461.8,Source Verified,debt_consolidation
16000.0,36.0,60009.72,10.74,740.0,10.0,MORTGAGE,3.0,4.0,5.0,7.0,16.0,130.11,7.0,6976.1,91362.02,46439.36,Not Verified,debt_consolidation
6000.0,36.0,55153.27,26.67,708.0,10.0,MORTGAGE,4.0,2.0,6.0,17.0,71.0,219.27,17.0,17387.67,225768.91,6118.25,Source Verified,debt_consolidation
14800.0,60.0,38983.83,29.44,655.0,4.0,RENT,0.0,5.0,8.0,12.0,10.0,105.56,8.0,1823.18,24820.13,12163.74,Not Verified,debt_consolidation
26100.0,36.0,77474.1,25.59,812.0,10.0,MORTGAGE,2.0,3.0,2.0,12.0,12.0,281.95,12.0,11473.22,157184.9,46579.58,Not Verified,debt_consolidation
3000.0,36.0,29132.52,23.51,698.0,,RENT,1.0,4.0,5.0,,9.0,184.07,9.0,2392.01,21812.92,16027.31,Not Verified,debt_consolidation
9800.0,36.0,39934.88,26.14,736.0,3.0,MORTGAGE,1.0,4.0,13.0,13.0,13.0,83.11,13.0,7580.31,143090.98,55077.54,Not Verified,debt_consolidation
10100.0,36.0,46446.01,25.67,699.0,5.0,RENT,0.0,10.0,7.0,4.0,1.0,113.69,1.0,2337.85,38625.37,22272.5,Source Verified,debt_consolidation
10100.0,36.0,114546.97,3.53,732.0,4.0,MORTGAGE,,,,,,,,,,,Not Verified,debt_consolidation
18000.0,36.0,132145.72,7.82,666.0,8.0,MORTGAGE,2.0,4.0,2.0,13.0,18.0,140.14,8.0,65557.63,387525.31,7732.4,Source Verified,debt_consolidation
12800.0,60.0,136368.1,13.97,766.0,10.0,MORTGAGE,1.0,18.0,7.0,8.0,1.0,107.76,1.0,2640.38,82431.42,85778.08,Source Verified,debt_consolidation
12200.0,36.0,80672.4,23.05,662.0,6.0,OWN,4.0,4.0,11.0,0.0,17.0,207.07,6.0,4142.91,65643.08,37188.78,Not Verified,debt_consolidation
25400.0,36.0,119536.46,20.76,704.0,10.0,MORTGAGE,7.0,5.0,4.0,19.0,33.0,159.8,10.0,31551.8,502407.63,75921.07,Not Verified,debt_consolidation
17100.0,60.0,40344.02,24.22,723.0,5.0,RENT,0.0,5.0,4.0,,11.0,117.84,11.0,12867.93,101790.98,979.58,Not Verified,debt_consolidation
16000.0,36.0,251548.03,3.11,680.0,10.0,MORTGAGE,5.0,4.0,9.0,15.0,4.0,236.29,4.0,1992.99,20809.71,22896.68,Source Verified,debt_consolidation
20100.0,60.0,70723.51,26.03,655.0,4.0,MORTGAGE,2.0,4.0,8.0,17.0,6.0,140.55,6.0,11752.52,289074.11,20237.52,Not Verified,debt_consolidation
19700.0,36.0,85221.95,2.45,731.0,3.0,MORTGAGE,0.0,0.0,1.0,14.0,217.0,218.79,131.0,9558.14,9517.61,11743.41,Source Verified,debt_consolidation
12100.0,36.0,50655.71,21.76,709.0,0.0,MORTGAGE,3.0,7.0,7.0,13.0,7.0,137.54,5.0,9193.99,192897.82,18882.74,Not Verified,debt_consolidation
35200.0,36.0,144274.27,12.54,727.0,8.0,MORTGAGE,3.0,4.0,7.0,4.0,27.0,264.37,4.0,9857.96,128763.14,75739.25,Not Verified,debt_consolidation
10200.0,36.0,41461.02,12.79,687.0,6.0,OWN,3.0,4.0,5.0,2.0,10.0,194.68,10.0,10407.92,82534.72,5056.62,Source Verified,debt_consolidation
7100.0,36.0,35057.07,16.57,670.0,10.0,OWN,1.0,6.0,10.0,7.0,5.0,256.74,2.0,436.05,4470.2,3813.01,Not Verified,debt_consolidation
6000.0,36.0,41035.68,32.31,686.0,10.0,MORTGAGE,2.0,5.0,4.0,2.0,2.0,143.98,2.0,11602.02,161783.8,17125.67,Source Verified,debt_consolidation
6500.0,36.0,58609.33,18.03,697.0,3.0,OWN,4.0,5.0,4.0,7.0,70.0,293.79,6.0,8639.95,139309.91,7105.95,Source Verified,debt_consolidation
2500.0,36.0,90375.75,16.7,703.0,10.0,MORTGAGE,1.0,5.0,4.0,2.0,2.0,101.06,2.0,18831.09,168412.23,6164.62,Source Verified,debt_consolidation
12000.0,60.0,29380.78,34.89,716.0,10.0,RENT,2.0,5.0,9.0,13.0,19.0,160.05,19.0,1987.94,24804.2,10588.17,Source Verified,debt_consolidation
16000.0,60.0,99048.5,21.1,674.0,4.0,MORTGAGE,4.0,5.0,8.0,4.0,21.0,119.8,2.0,19046.1,282418.68,15633.83,Not Verified,debt_consolidation
29700.0,60.0,119344.03,12.77,715.0,5.0,MORTGAGE,2.0,7.0,3.0,1.0,34.0,243.99,12.0,34025.54,394396.84,15251.42,Source Verified,debt_consolidation
6100.0,36.0,41735.08,21.88,671.0,10.0,MORTGAGE,3.0,16.0,35.0,7.0,5.0,249.01,5.0,3379.93,120442.94,17672.6,Not Verified,debt_consolidation
17300.0,60.0,84319.41,26.08,654.0,8.0,MORTGAGE,2.0,8.0,7.0,1.0,14.0,128.63,5.0,17111.13,185434.15,8498.32,Not Verified,debt_consolidation
19800.0,36.0,110011.89,14.89,688.0,10.0,MORTGAGE,2.0,3.0,11.0,7.0,29.0,244.72,18.0,17485.28,338647.16,48207.16,Source Verified,debt_consolidation
15100.0,36.0,59518.27,9.82,670.0,10.0,MORTGAGE,4.0,9.0,4.0,6.0,16.0,93.19,4.0,34783.64,392610.07,13535.67,Source Verified,debt_consolidation
24800.0,60.0,100740.5,11.69,729.0,9.0,MORTGAGE,2.0,9.0,10.0,0.0,6.0,269.13,6.0,14043.28,240011.95,45446.1,Not Verified,debt_consolidation
27100.0,36.0,74865.66,20.82,699.0,1.0,MORTGAGE,1.0,2.0,6.0,,8.0,154.07,8.0,26702.59,392138.28,20903.02,Not Verified,debt_consolidation
10000.0,60.0,39946.08,11.74,696.0,4.0,RENT,0.0,4.0,3.0,12.0,20.0,127.69,12.0,2182.86,14889.86,10858.4,Source Verified,debt_consolidation
2000.0,36.0,19240.3,24.06,689.0,4.0,RENT,0.0,0.0,,,57.0,,,,,1439.64,Not Verified,debt_consolidation
17900.0,36.0,48844.45,21.08,669.0,1.0,RENT,1.0,9.0,6.0,4.0,6.0,211.76,6.0,2932.67,31635.62,17863.2,Not Verified,debt_consolidation
10200.0,36.0,68146.19,25.85,699.0,2.0,MORTGAGE,3.0,7.0,5.0,9.0,7.0,208.26,7.0,36947.68,442789.53,44617.88,Source Verified,debt_consolidation
7100.0,36.0,43436.01,6.02,688.0,10.0,RENT,0.0,13.0,4.0,4.0,2.0,49.48,2.0,2730.62,31932.76,2947.05,Not Verified,debt_consolidation
24200.0,60.0,59071.92,32.79,742.0,10.0,RENT,3.0,1.0,5.0,15.0,158.0,668.98,5.0,6611.5,60699.46,69249.17,Source Verified,debt_consolidation
14600.0,36.0,60008.26,20.67,693.0,10.0,OWN,1.0,10.0,5.0,1.0,16.0,180.39,1.0,1386.07,15528.59,3453.59,Not Verified,debt_consolidation
8100.0,36.0,59895.36,4.32,682.0,1.0,RENT,0.0,1.0,3.0,2.0,69.0,108.28,3.0,1361.15,10818.41,2956.16,Not Verified,small_business
6500.0,36.0,33911.86,24.59,684.0,6.0,RENT,0.0,11.0,5.0,,4.0,156.02,1.0,3689.63,36798.45,12915.26,Not Verified,debt_consolidation
8000.0,36.0,102886.74,20.53,678.0,0.0,MORTGAGE,3.0,3.0,6.0,2.0,2.0,316.25,2.0,29516.84,323608.46,40509.52,Not Verified,debt_consolidation
25500.0,60.0,141380.02,29.44,721.0,5.0,MORTGAGE,,,,,,,,,,,Not Verified,debt_consolidation
11500.0,36.0,158931.04,13.88,676.0,10.0,MORTGAGE,2.0,7.0,7.0,10.0,17.0,313.75,3.0,27057.13,326585.71,12181.49,Not Verified,debt_consolidation
11100.0,36.0,65352.33,12.3,707.0,10.0,MORTGAGE,4.0,4.0,3.0,9.0,28.0,251.19,8.0,30817.59,240453.76,6036.35,Not Verified,debt_consolidation
2900.0,36.0,12000.0,25.63,662.0,,RENT,0.0,4.0,,1.0,19.0,,,,,6575.06,Not Verified,debt_consolidation
6900.0,36.0,137979.82,0.57,679.0,9.0,RENT,9.0,2.0,2.0,10.0,10.0,198.21,10.0,691.42,3519.54,16877.81,Not Verified,debt_consolidation
3200.0,36.0,45312.97,17.11,663.0,2.0,MORTGAGE,1.0,5.0,4.0,4.0,18.0,186.52,2.0,3579.95,28087.16,7410.88,Not Verified,debt_consolidation
14800.0,36.0,187376.22,10.02,664.0,3.0,MORTGAGE,8.0,2.0,9.0,2.0,17.0,232.92,17.0,3720.3,41393.47,18616.91,Not Verified,debt_consolidation
23700.0,36.0,179709.66,24.91,705.0,5.0,MORTGAGE,2.0,13.0,6.0,5.0,4.0,181.35,2.0,13538.93,331850.34,60246.26,Not Verified,debt_consolidation
19900.0,60.0,70582.05,13.55,668.0,2.0,MORTGAGE,1.0,8.0,9.0,3.0,4.0,156.89,3.0,16110.23,182980.94,25924.99,Not Verified,debt_consolidation
4900.0,36.0,79474.04,20.11,704.0,10.0,MORTGAGE,,,,,,,,,,,Not Verified,debt_consolidation
28800.0,36.0,111973.96,23.17,740.0,10.0,OWN,1.0,6.0,4.0,9.0,40.0,118.03,2.0,21947.02,283241.79,2902.89,Source Verified,debt_consolidation
12500.0,36.0,55062.2,14.11,669.0,10.0,RENT,0.0,4.0,7.0,15.0,10.0,177.85,10.0,1898.59,15561.29,8656.95,Source Verified,debt_consolidation
36000.0,36.0,254357.88,16.98,729.0,4.0,MORTGAGE,4.0,3.0,9.0,14.0,92.0,278.47,11.0,36813.08,510362.8,38573.78,Not Verified,debt_consolidation
35000.0,36.0,91987.91,20.66,697.0,1.0,MORTGAGE,6.0,3.0,7.0,10.0,23.0,135.7,9.0,27394.21,273598.84,51002.13,Not Verified,debt_consolidation
20500.0,36.0,211828.25,5.88,688.0,10.0,MORTGAGE,1.0,3.0,7.0,2.0,5.0,132.63,5.0,4887.05,43567.13,37106.04,Not Verified,debt_consolidation
7000.0,36.0,36395.18,17.62,664.0,5.0,MORTGAGE,4.0,0.0,6.0,,78.0,224.1,26.0,5605.76,56352.94,1500.57,Source Verified,debt_consolidation
25000.0,60.0,64352.03,24.46,667.0,10.0,RENT,0.0,17.0,18.0,2.0,6.0,245.13,2.0,1236.08,26196.91,9881.15,Not Verified,debt_consolidation
30200.0,60.0,73824.08,11.99,712.0,3.0,RENT,0.0,10.0,5.0,2.0,9.0,179.12,3.0,5092.18,106568.67,33215.21,Not Verified,debt_consolidation
36700.0,36.0,228041.36,19.72,692.0,2.0,RENT,0.0,1.0,3.0,1.0,55.0,119.43,20.0,69734.06,491216.4,29619.96,Not Verified,debt_consolidation
16000.0,60.0,39627.51,32.37,667.0,10.0,MORTGAGE,1.0,5.0,5.0,4.0,6.0,92.2,4.0,10987.22,178624.38,21841.15,Not Verified,debt_consolidation
10300.0,60.0,48566.06,17.06,654.0,1.0,RENT,2.0,5.0,10.0,4.0,3.0,186.89,3.0,907.21,13693.76,43240.63,Source Verified,debt_consolidation
4100.0,36.0,45151.47,25.39,718.0,3.0,MORTGAGE,0.0,7.0,2.0,1.0,33.0,95.82,7.0,5236.59,79674.37,596.57,Not Verified,debt_consolidation
9000.0,36.0,119720.77,0.95,759.0,3.0,MORTGAGE,0.0,4.0,4.0,3.0,14.0,58.73,14.0,175.84,876.26,53228.22,Source Verified,debt_consolidation
31800.0,60.0,96017.6,13.56,725.0,10.0,MORTGAGE,4.0,4.0,4.0,8.0,,163.81,8.0,39849.26,239324.72,0.0,Source Verified,debt_consolidation
10100.0,60.0,132668.52,14.24,765.0,5.0,MORTGAGE,,,,,,,,,,,Source Verified,debt_consolidation
6500.0,36.0,26094.93,24.5,682.0,,RENT,1.0,1.0,5.0,,43.0,153.56,19.0,1982.52,16355.45,21205.66,Source Verified,debt_consolidation
15000.0,60.0,53334.27,3.23,656.0,10.0,MORTGAGE,3.0,3.0,5.0,5.0,29.0,295.17,15.0,4252.4,30045.92,4127.19,Not Verified,debt_consolidation
6000.0,36.0,42992.49,18.91,670.0,7.0,MORTGAGE,6.0,2.0,5.0,15.0,73.0,176.47,20.0,34379.61,241943.1,28797.42,Not Verified,debt_consolidation
4300.0,36.0,40962.47,5.52,724.0,6.0,OWN,0.0,2.0,2.0,,37.0,221.5,9.0,1706.1,4979.87,9176.41,Source Verified,debt_consolidation
9500.0,36.0,30056.77,33.08,722.0,1.0,RENT,0.0,2.0,6.0,5.0,5.0,60.14,5.0,3206.5,28820.41,14613.35,Source Verified,debt_consolidation
23300.0,36.0,54321.86,12.19,724.0,0.0,RENT,0.0,1.0,4.0,1.0,14.0,162.99,14.0,3843.72,18948.07,17986.45,Not Verified,debt_consolidation
12700.0,36.0,49332.66,21.25,665.0,3.0,MORTGAGE,1.0,11.0,9.0,3.0,4.0,191.61,3.0,9960.93,162707.91,28496.27,Not Verified,debt_consolidation
20700.0,60.0,244492.6,9.55,710.0,10.0,MORTGAGE,8.0,8.0,4.0,11.0,2.0,148.83,2.0,53548.49,688300.93,8415.93,Source Verified,debt_consolidation
14700.0,36.0,72683.5,12.34,696.0,10.0,RENT,0.0,9.0,6.0,2.0,10.0,171.27,5.0,855.63,13942.47,11829.76,Source Verified,debt_consolidation
5000.0,36.0,106236.77,17.92,675.0,9.0,OWN,3.0,8.0,9.0,7.0,7.0,208.97,5.0,14348.53,257619.95,17708.27,Not Verified,debt_consolidation
25000.0,60.0,112956.44,16.53,701.0,10.0,RENT,0.0,9.0,5.0,5.0,3.0,213.12,3.0,3795.74,45965.72,18317.36,Not Verified,debt_consolidation
29700.0,36.0,132800.7,8.17,707.0,3.0,RENT,1.0,2.0,8.0,,2.0,170.49,2.0,5166.52,51336.51,113229.12,Source Verified,debt_consolidation
12100.0,36.0,76528.86,25.65,675.0,10.0,MORTGAGE,1.0,8.0,4.0,4.0,,92.88,6.0,20186.66,176722.1,0.0,Not Verified,debt_consolidation
9100.0,36.0,42321.39,17.87,664.0,2.0,OWN,2.0,3.0,7.0,17.0,48.0,174.93,16.0,21857.43,217995.57,9365.49,Source Verified,debt_consolidation
34800.0,36.0,163670.35,27.09,702.0,8.0,RENT,2.0,9.0,13.0,5.0,0.0,176.7,0.0,7513.16,180597.89,76927.1,Not Verified,debt_consolidation
13900.0,60.0,70067.82,25.27,660.0,5.0,OWN,0.0,5.0,9.0,0.0,8.0,125.57,1.0,3298.84,61899.69,29154.32,Not Verified,small_business
35000.0,36.0,176502.14,16.35,737.0,10.0,MORTGAGE,3.0,2.0,9.0,1.0,22.0,540.33,22.0,65654.81,693100.75,81005.76,Source Verified,debt_consolidation
35100.0,36.0,79150.97,26.8,694.0,10.0,MORTGAGE,1.0,0.0,5.0,8.0,27.0,169.25,27.0,20406.68,187238.57,4028.09,Not Verified,debt_consolidation
29500.0,36.0,59390.24,13.87,671.0,10.0,MORTGAGE,2.0,7.0,8.0,5.0,6.0,367.7,3.0,8857.9,138038.84,34841.11,Source Verified,debt_consolidation
8500.0,36.0,78711.66,10.76,698.0,2.0,RENT,0.0,2.0,1.0,1.0,12.0,127.35,10.0,6040.16,69148.35,7205.71,Not Verified,debt_consolidation
3200.0,36.0,34005.1,28.76,679.0,0.0,RENT,0.0,3.0,3.0,,1.0,98.8,1.0,6210.75,67980.54,6232.62,Not Verified,debt_consolidation
7800.0,36.0,54094.75,10.28,702.0,,OWN,7.0,4.0,7.0,5.0,4.0,321.98,4.0,26647.44,290649.44,13755.19,Not Verified,debt_consolidation
5800.0,36.0,50226.44,8.28,683.0,10.0,OWN,0.0,14.0,8.0,2.0,5.0,182.65,3.0,1155.76,25691.08,61219.82,Not Verified,debt_consolidation
35000.0,36.0,196033.41,12.44,701.0,1.0,OWN,3.0,1.0,3.0,,125.0,223.52,10.0,87206.39,722046.87,66084.48,Source Verified,debt_consolidation
19900.0,36.0,138871.89,24.02,660.0,2.0,MORTGAGE,2.0,13.0,5.0,3.0,3.0,295.12,3.0,10428.39,136169.79,16690.55,Not Verified,debt_consolidation
30000.0,60.0,133316.65,34.5,695.0,9.0,MORTGAGE,1.0,6.0,10.0,11.0,14.0,166.99,4.0,22734.8,343170.95,64733.48,Not Verified,debt_consolidation
12800.0,36.0,40237.85,21.27,681.0,4.0,RENT,0.0,2.0,7.0,1.0,30.0,130.84,14.0,8239.47,157171.27,16729.67,Not Verified,debt_consolidation
3200.0,36.0,26621.47,27.18,648.0,2.0,RENT,0.0,1.0,4.0,10.0,71.0,81.6,16.0,4262.28,30800.63,1758.16,Not Verified,debt_consolidation
12200.0,36.0,49656.94,7.18,727.0,10.0,OWN,2.0,6.0,7.0,10.0,4.0,210.21,4.0,1377.95,16600.36,21144.3,Source Verified,debt_consolidation
19700.0,36.0,80902.86,30.09,718.0,10.0,MORTGAGE,7.0,2.0,6.0,,94.0,193.6,11.0,28031.28,345150.72,16388.76,Not Verified,debt_consolidation
9800.0,36.0,76283.41,15.75,666.0,0.0,OWN,1.0,12.0,3.0,1.0,7.0,212.41,5.0,9955.38,128819.15,12743.5,Source Verified,debt_consolidation
23600.0,36.0,119996.55,15.33,688.0,,MORTGAGE,4.0,6.0,8.0,5.0,8.0,257.77,5.0,30264.19,507682.74,84783.8,Not Verified,debt_consolidation
10000.0,36.0,38172.98,23.45,702.0,0.0,MORTGAGE,1.0,3.0,4.0,8.0,40.0,144.81,5.0,11650.18,113654.53,5410.44,Source Verified,debt_consolidation
28500.0,36.0,129989.78,11.4,659.0,10.0,MORTGAGE,3.0,3.0,8.0,4.0,14.0,329.92,4.0,5921.64,59007.17,39957.32,Source Verified,debt_consolidation
39700.0,60.0,160339.98,12.73,674.0,0.0,MORTGAGE,6.0,2.0,5.0,,103.0,219.56,1.0,41010.48,507967.44,32637.53,Not Verified,debt_consolidation
9600.0,36.0,86978.68,15.68,680.0,10.0,MORTGAGE,1.0,5.0,3.0,3.0,7.0,215.59,3.0,6212.12,50662.45,6198.76,Source Verified,debt_consolidation
10000.0,36.0,24455.44,25.99,675.0,10.0,OWN,0.0,1.0,6.0,0.0,27.0,151.55,22.0,2173.49,17521.38,7472.13,Not Verified,debt_consolidation
11300.0,36.0,110319.32,5.84,699.0,10.0,RENT,0.0,1.0,3.0,25.0,46.0,167.61,24.0,3266.94,13294.6,3933.58,Not Verified,debt_consolidation
9900.0,36.0,37234.0,15.96,676.0,3.0,RENT,0.0,3.0,5.0,17.0,21.0,204.31,16.0,1763.68,12273.64,17371.37,Source Verified,debt_consolidation
19900.0,36.0,89873.08,13.97,764.0,10.0,MORTGAGE,5.0,8.0,6.0,0.0,2.0,315.09,2.0,34520.1,409951.53,114429.75,Not Verified,debt_consolidation
30000.0,60.0,59403.14,23.48,720.0,2.0,MORTGAGE,0.0,4.0,2.0,3.0,40.0,129.45,17.0,8511.83,52814.94,503.42,Source Verified,debt_consolidation
14900.0,36.0,100986.77,31.18,699.0,10.0,OWN,4.0,3.0,6.0,6.0,9.0,293.64,9.0,22932.08,304453.47,53504.36,Source Verified,debt_consolidation
2500.0,36.0,97202.56,31.04,681.0,3.0,MORTGAGE,2.0,9.0,14.0,10.0,18.0,109.59,10.0,17189.05,324360.23,25091.73,Source Verified,debt_consolidation
4800.0,36.0,72042.47,21.91,761.0,2.0,MORTGAGE,1.0,5.0,6.0,16.0,11.0,223.97,8.0,14870.82,165760.5,63255.3,Not Verified,debt_consolidation
5300.0,36.0,40047.17,37.08,687.0,6.0,MORTGAGE,5.0,5.0,7.0,7.0,7.0,122.91,7.0,16022.52,186203.87,8129.96,Source Verified,debt_consolidation
30200.0,36.0,155955.16,5.57,699.0,10.0,MORTGAGE,1.0,4.0,5.0,8.0,4.0,178.4,4.0,34467.25,274125.34,27466.64,Source Verified,debt_consolidation
5900.0,36.0,30363.85,2.23,675.0,0.0,MORTGAGE,1.0,3.0,2.0,21.0,21.0,181.67,3.0,22774.95,87757.41,1007.9,Source Verified,debt_consolidation
5000.0,60.0,74369.5,14.29,659.0,1.0,MORTGAGE,,,,,,,,,,,Not Verified,debt_consolidation
5000.0,36.0,73417.69,13.59,684.0,10.0,MORTGAGE,3.0,5.0,2.0,0.0,4.0,161.41,4.0,22226.7,113588.54,2791.37,Source Verified,debt_consolidation
10000.0,36.0,40663.5,29.35,653.0,4.0,MORTGAGE,0.0,4.0,8.0,5.0,8.0,46.15,5.0,3442.3,35055.9,7058.16,Source Verified,debt_consolidation
15400.0,36.0,44637.46,25.78,685.0,0.0,OWN,0.0,6.0,5.0,12.0,13.0,78.04,3.0,1239.02,17309.83,14356.95,Source Verified,debt_consolidation
5900.0,36.0,42736.26,11.14,667.0,1.0,RENT,0.0,0.0,3.0,,74.0,86.93,72.0,3607.86,13817.36,8441.89,Not Verified,debt_consolidation
16500.0,60.0,114070.42,12.16,713.0,10.0,MORTGAGE,4.0,3.0,6.0,4.0,27.0,161.18,14.0,26400.05,293524.62,50930.85,Not Verified,debt_consolidation
17100.0,36.0,87067.08,13.86,679.0,10.0,RENT,0.0,3.0,9.0,4.0,7.0,278.73,4.0,2248.93,22743.93,10965.71,Not Verified,debt_consolidation
15700.0,60.0,150045.08,8.92,720.0,0.0,OWN,1.0,6.0,5.0,4.0,4.0,111.81,4.0,27465.57,364665.22,23572.32,Not Verified,debt_consolidation
30000.0,36.0,171852.32,12.22,756.0,10.0,MORTGAGE,3.0,0.0,5.0,,53.0,175.1,25.0,85754.24,1127764.33,95517.76,Source Verified,debt_consolidation
34400.0,60.0,85693.44,17.37,719.0,10.0,RENT,0.0,5.0,5.0,1.0,1.0,135.8,1.0,4938.79,59319.91,42337.38,Not Verified,debt_consolidation
11900.0,36.0,99272.52,9.66,666.0,0.0,RENT,0.0,13.0,6.0,3.0,3.0,121.49,3.0,3239.72,77733.69,10853.9,Source Verified,debt_consolidation
5000.0,36.0,47302.67,10.52,674.0,4.0,MORTGAGE,2.0,1.0,10.0,7.0,38.0,132.5,8.0,5943.31,95177.33,8579.48,Source Verified,debt_consolidation
7400.0,36.0,20723.65,34.63,692.0,,RENT,0.0,6.0,5.0,0.0,23.0,82.34,10.0,2589.59,44564.14,6987.41,Not Verified,debt_consolidation
24800.0,36.0,72485.59,3.25,697.0,0.0,RENT,1.0,1.0,2.0,3.0,3.0,216.79,3.0,39912.72,79137.42,2955.64,Source Verified,debt_consolidation
8100.0,36.0,37600.48,5.22,663.0,8.0,RENT,0.0,0.0,3.0,8.0,35.0,81.72,30.0,1795.12,5443.46,5307.94,Not Verified,debt_consolidation
12200.0,36.0,53516.79,18.24,711.0,9.0,MORTGAGE,1.0,2.0,4.0,20.0,25.0,157.86,2.0,26154.19,239110.26,16619.95,Not Verified,debt_consolidation
16300.0,36.0,57323.77,20.16,663.0,8.0,MORTGAGE,9.0,6.0,6.0,6.0,75.0,153.82,3.0,24173.78,263395.43,4749.28,Not Verified,debt_consolidation
10100.0,60.0,56510.54,13.91,681.0,10.0,OWN,2.0,3.0,5.0,18.0,35.0,128.85,16.0,19086.7,131540.72,25948.04,Source Verified,debt_consolidation
8300.0,36.0,60066.92,23.75,657.0,10.0,MORTGAGE,1.0,7.0,6.0,1.0,14.0,259.88,3.0,12075.46,121661.14,2391.67,Not Verified,debt_consolidation
11700.0,60.0,76026.17,13.15,672.0,8.0,MORTGAGE,3.0,9.0,6.0,0.0,9.0,93.85,2.0,12515.53,174882.03,15734.27,Not Verified,debt_consolidation
24900.0,60.0,143429.66,28.73,740.0,5.0,MORTGAGE,,,,,,,,,,,Not Verified,debt_consolidation
23700.0,60.0,102343.16,9.28,690.0,6.0,RENT,0.0,1.0,8.0,0.0,45.0,169.44,9.0,2696.86,30155.63,37327.17,Not Verified,debt_consolidation
6300.0,36.0,23541.74,28.03,668.0,4.0,RENT,0.0,3.0,6.0,5.0,15.0,266.02,5.0,18784.28,171507.18,8058.34,Not Verified,debt_consolidation
19800.0,36.0,79226.65,29.78,721.0,10.0,MORTGAGE,7.0,2.0,6.0,,97.0,192.82,11.0,28357.49,338741.53,16543.57,Not Verified,debt_consolidation
7100.0,36.0,25736.26,10.8,660.0,6.0,RENT,0.0,2.0,5.0,6.0,12.0,77.6,12.0,1153.23,5564.55,8262.37,Not Verified,debt_consolidation
6200.0,36.0,30404.35,2.28,680.0,0.0,MORTGAGE,1.0,3.0,2.0,21.0,22.0,185.94,3.0,22298.1,88793.94,1039.01,Source Verified,debt_consolidation
11200.0,36.0,73674.39,19.16,676.0,10.0,MORTGAGE,,,,,,,,,,,Source Verified,debt_consolidation
18100.0,60.0,50207.61,32.25,688.0,10.0,MORTGAGE,1.0,1.0,4.0,17.0,38.0,215.8,17.0,7894.15,63779.37,34321.27,Source Verified,debt_consolidation
12600.0,60.0,39189.75,31.76,657.0,2.0,RENT,0.0,11.0,6.0,9.0,2.0,139.61,2.0,2904.85,52892.32,4429.74,Not Verified,debt_consolidation
17400.0,36.0,39813.02,11.0,742.0,1.0,RENT,0.0,1.0,4.0,1.0,102.0,144.05,4.0,2556.13,12932.6,21291.85,Not Verified,debt_consolidation
2500.0,36.0,12000.0,2.53,705.0,0.0,RENT,,,,,,,,,,,Not Verified,debt_consolidation
3300.0,36.0,35456.58,35.59,693.0,10.0,MORTGAGE,2.0,4.0,6.0,4.0,20.0,89.37,6.0,11826.03,196823.71,26326.0,Source Verified,debt_consolidation
2500.0,36.0,81413.82,23.36,706.0,,MORTGAGE,4.0,8.0,9.0,3.0,2.0,591.7,2.0,5504.99,93502.95,16362.37,Not Verified,debt_consolidation
9800.0,36.0,71109.2,10.78,702.0,4.0,RENT,0.0,4.0,7.0,2.0,4.0,235.06,4.0,2257.94,26647.77,37491.14,Source Verified,debt_consolidation
6000.0,36.0,47456.24,20.61,695.0,10.0,RENT,0.0,2.0,9.0,,17.0,204.55,18.0,2633.37,25983.9,24791.63,Source Verified,debt_consolidation
21500.0,36.0,46506.99,20.48,715.0,5.0,MORTGAGE,1.0,4.0,4.0,0.0,54.0,110.53,3.0,15171.1,120189.3,16253.86,Source Verified,debt_consolidation
14200.0,36.0,111951.99,7.89,682.0,6.0,RENT,0.0,0.0,7.0,2.0,35.0,218.05,34.0,4807.54,40991.67,36172.42,Not Verified,debt_consolidation
20000.0,36.0,178731.77,7.53,655.0,2.0,RENT,0.0,5.0,11.0,1.0,86.0,201.07,1.0,1520.82,21921.19,13999.56,Not Verified,debt_consolidation
7300.0,36.0,118084.96,11.71,743.0,1.0,MORTGAGE,4.0,6.0,9.0,0.0,3.0,219.35,3.0,11341.92,188858.64,37898.24,Not Verified,debt_consolidation
35500.0,36.0,108761.3,23.39,719.0,6.0,MORTGAGE,4.0,4.0,7.0,7.0,28.0,207.05,11.0,6244.66,82062.39,64889.63,Not Verified,debt_consolidation
35100.0,60.0,85045.11,10.71,706.0,10.0,MORTGAGE,1.0,7.0,3.0,1.0,14.0,242.98,8.0,29809.03,392821.23,28616.64,Not Verified,debt_consolidation
9100.0,36.0,65214.55,7.4,640.0,10.0,MORTGAGE,2.0,2.0,3.0,7.0,56.0,126.86,7.0,30257.89,212660.91,789.84,Not Verified,debt_consolidation
35300.0,60.0,205075.18,20.91,659.0,1.0,RENT,3.0,7.0,5.0,4.0,13.0,136.65,2.0,20935.87,362885.3,25890.83,Not Verified,debt_consolidation
8300.0,36.0,23894.37,33.22,664.0,,MORTGAGE,6.0,1.0,9.0,0.0,45.0,381.1,12.0,1170.39,14495.44,9635.63,Not Verified,debt_consolidation
10000.0,36.0,38356.84,30.79,706.0,10.0,OWN,0.0,6.0,4.0,6.0,17.0,109.56,3.0,4596.71,41334.97,18063.9,Not Verified,debt_consolidation
34800.0,36.0,210715.56,15.79,728.0,6.0,MORTGAGE,3.0,2.0,6.0,20.0,9.0,294.51,9.0,38738.58,427677.94,33924.27,Not Verified,debt_consolidation
20100.0,60.0,71680.05,26.25,721.0,10.0,OWN,0.0,6.0,13.0,7.0,16.0,228.31,8.0,2899.04,42160.27,68607.81,Not Verified,debt_consolidation
13200.0,60.0,30190.11,17.73,718.0,2.0,RENT,0.0,1.0,4.0,14.0,103.0,178.16,14.0,3580.96,14257.76,20160.34,Source Verified,debt_consolidation
11300.0,60.0,101089.04,20.79,684.0,2.0,MORTGAGE,1.0,5.0,8.0,1.0,3.0,106.69,3.0,28126.83,371775.2,28766.52,Not Verified,debt_consolidation
10500.0,60.0,37648.94,34.39,668.0,3.0,RENT,0.0,3.0,3.0,7.0,27.0,118.11,7.0,4263.56,29279.49,10228.28,Not Verified,debt_consolidation
17500.0,60.0,88420.94,14.19,728.0,4.0,MORTGAGE,3.0,6.0,4.0,7.0,8.0,136.29,7.0,36220.35,332594.62,17209.3,Source Verified,debt_consolidation
30200.0,60.0,83686.97,22.1,776.0,3.0,RENT,0.0,3.0,4.0,4.0,15.0,106.95,2.0,5612.77,66381.91,64233.69,Not Verified,debt_consolidation
35300.0,60.0,79646.52,19.59,720.0,,RENT,0.0,6.0,9.0,10.0,27.0,182.16,5.0,1763.68,29867.46,27412.03,Not Verified,debt_consolidation
14700.0,60.0,56773.26,20.82,687.0,0.0,MORTGAGE,1.0,7.0,4.0,1.0,54.0,53.71,7.0,24260.14,187992.38,2327.53,Not Verified,debt_consolidation
24700.0,36.0,100680.06,25.54,688.0,10.0,RENT,0.0,3.0,4.0,13.0,46.0,211.6,13.0,10998.8,165635.43,53572.74,Source Verified,debt_consolidation
16300.0,60.0,52190.6,31.03,670.0,1.0,RENT,0.0,22.0,26.0,4.0,13.0,252.51,6.0,2430.96,70360.12,19992.65,Not Verified,debt_consolidation
8900.0,36.0,48382.48,19.5,677.0,4.0,OWN,2.0,5.0,5.0,13.0,29.0,89.61,12.0,12518.16,195371.91,29445.54,Not Verified,debt_consolidation
18600.0,60.0,126076.85,12.61,712.0,10.0,MORTGAGE,5.0,2.0,9.0,5.0,5.0,228.95,5.0,26968.69,334015.46,57686.1,Source Verified,debt_consolidation
11000.0,36.0,45124.45,30.84,732.0,5.0,RENT,0.0,2.0,2.0,,76.0,248.82,7.0,2325.53,18241.39,9970.78,Not Verified,debt_consolidation
27200.0,36.0,113219.06,19.71,753.0,4.0,MORTGAGE,0.0,4.0,4.0,5.0,61.0,155.41,5.0,5614.01,55780.21,21292.25,Not Verified,debt_consolidation
20500.0,60.0,41200.47,20.03,704.0,10.0,MORTGAGE,3.0,5.0,7.0,7.0,7.0,372.37,7.0,15030.67,168064.52,52250.51,Source Verified,debt_consolidation
20000.0,36.0,155935.81,22.4,718.0,4.0,MORTGAGE,4.0,2.0,4.0,0.0,40.0,340.56,16.0,40884.4,452822.53,3410.16,Not Verified,debt_consolidation
20700.0,36.0,86895.01,29.34,668.0,10.0,MORTGAGE,5.0,4.0,13.0,3.0,3.0,174.35,3.0,17002.67,406178.72,91668.8,Source Verified,debt_consolidation
20000.0,60.0,47469.88,13.25,700.0,10.0,MORTGAGE,4.0,7.0,8.0,3.0,6.0,225.84,6.0,16468.24,235235.32,29042.67,Source Verified,debt_consolidation
12000.0,36.0,55023.37,25.21,817.0,0.0,MORTGAGE,5.0,5.0,4.0,11.0,33.0,230.5,6.0,16920.68,222397.14,8066.03,Source Verified,debt_consolidation
19600.0,60.0,73200.06,19.08,668.0,10.0,RENT,0.0,4.0,4.0,19.0,3.0,363.49,3.0,4682.85,31169.73,5443.89,Not Verified,debt_consolidation
11400.0,36.0,61268.92,7.12,685.0,8.0,MORTGAGE,2.0,4.0,4.0,12.0,1.0,91.44,1.0,13019.3,89394.49,14760.07,Not Verified,debt_consolidation
14800.0,36.0,40580.81,17.33,667.0,8.0,RENT,0.0,2.0,4.0,8.0,21.0,143.71,8.0,3547.63,21817.09,14780.62,Not Verified,debt_consolidation
3000.0,36.0,14426.59,21.25,694.0,,OWN,1.0,3.0,4.0,2.0,57.0,106.39,2.0,763.14,2964.37,484.14,Source Verified,debt_consolidation
9500.0,36.0,75962.98,13.78,706.0,10.0,MORTGAGE,3.0,6.0,4.0,0.0,2.0,196.02,2.0,15923.11,204622.23,11038.1,Source Verified,debt_consolidation
3000.0,36.0,33508.89,14.21,677.0,4.0,MORTGAGE,0.0,3.0,3.0,1.0,15.0,25.55,15.0,4140.9,60226.08,510.31,Source Verified,debt_consolidation
12000.0,36.0,74940.03,5.53,674.0,2.0,RENT,0.0,4.0,3.0,9.0,14.0,22.51,9.0,2703.77,10536.36,4214.22,Source Verified,debt_consolidation
25600.0,36.0,124942.36,1.51,653.0,2.0,RENT,10.0,6.0,6.0,14.0,2.0,135.57,2.0,422.3,2534.68,13045.89,Not Verified,debt_consolidation
16300.0,36.0,93115.06,21.73,712.0,10.0,MORTGAGE,2.0,16.0,5.0,9.0,0.0,136.5,0.0,17449.58,242272.8,13488.22,Not Verified,debt_consolidation
5900.0,36.0,65116.15,12.24,705.0,0.0,RENT,0.0,0.0,3.0,,84.0,110.63,28.0,4967.24,35008.83,2839.41,Source Verified,debt_consolidation
14300.0,36.0,48228.96,21.68,646.0,6.0,RENT,,,,,,,,,,,Source Verified,debt_consolidation
8500.0,36.0,24211.78,16.99,666.0,,RENT,1.0,8.0,9.0,1.0,10.0,207.75,5.0,663.84,8935.61,7568.83,Not Verified,debt_consolidation
8000.0,36.0,95819.94,12.86,675.0,7.0,RENT,0.0,2.0,10.0,,3.0,158.89,2.0,5844.04,85303.56,16705.4,Not Verified,debt_consolidation
5900.0,36.0,36661.4,4.22,700.0,4.0,MORTGAGE,0.0,0.0,4.0,,88.0,139.48,50.0,593.64,3638.01,3536.16,Source Verified,debt_consolidation
31500.0,36.0,64800.76,16.61,742.0,,MORTGAGE,3.0,7.0,4.0,2.0,28.0,253.57,4.0,2086.91,20430.57,49583.59,Not Verified,debt_consolidation
6000.0,36.0,95870.79,13.96,686.0,10.0,RENT,1.0,2.0,3.0,13.0,19.0,101.95,18.0,5189.86,128849.13,17804.2,Not Verified,debt_consolidation
24400.0,60.0,56274.82,19.81,709.0,0.0,OWN,0.0,3.0,4.0,1.0,45.0,186.56,3.0,2364.81,21568.11,5267.8,Source Verified,debt_consolidation
21200.0,60.0,62815.14,13.1,690.0,10.0,RENT,0.0,3.0,4.0,3.0,16.0,133.27,16.0,7090.56,35808.66,38140.12,Source Verified,debt_consolidation
22100.0,60.0,52202.24,31.25,687.0,1.0,RENT,0.0,5.0,3.0,,102.0,97.8,7.0,6910.32,61682.33,10957.62,Source Verified,debt_consolidation
6000.0,36.0,35776.55,21.72,659.0,5.0,RENT,0.0,5.0,5.0,,12.0,47.51,3.0,3028.64,27170.48,4447.46,Source Verified,debt_consolidation
15100.0,36.0,78172.23,23.51,724.0,5.0,MORTGAGE,0.0,8.0,3.0,6.0,67.0,214.92,6.0,4989.86,58453.83,10531.5,Not Verified,debt_consolidation
9800.0,36.0,50157.9,18.45,669.0,8.0,RENT,0.0,4.0,5.0,1.0,15.0,77.93,11.0,2230.71,24556.95,6654.35,Source Verified,debt_consolidation
26900.0,36.0,85588.85,22.76,703.0,5.0,RENT,0.0,20.0,7.0,5.0,4.0,110.02,3.0,5501.77,65882.55,10970.03,Not Verified,debt_consolidation
4000.0,36.0,50166.49,20.64,802.0,7.0,RENT,0.0,3.0,5.0,3.0,12.0,116.82,10.0,6597.43,90340.16,19553.5,Not Verified,debt_consolidation
15900.0,36.0,122490.7,17.5,673.0,10.0,MORTGAGE,2.0,6.0,7.0,2.0,4.0,339.5,4.0,11488.58,156893.0,13739.42,Not Verified,debt_consolidation
5500.0,36.0,65624.71,9.76,794.0,4.0,RENT,2.0,2.0,2.0,4.0,10.0,434.63,4.0,23920.72,191237.53,31739.11,Not Verified,debt_consolidation
20400.0,36.0,103465.51,20.88,699.0,1.0,MORTGAGE,1.0,5.0,3.0,1.0,1.0,215.62,1.0,16216.66,115140.66,23633.03,Not Verified,debt_consolidation
7000.0,36.0,15985.83,32.06,682.0,4.0,OWN,0.0,9.0,6.0,2.0,5.0,111.28,2.0,1351.35,19230.86,24301.09,Not Verified,debt_consolidation
10200.0,36.0,56971.93,36.35,715.0,10.0,MORTGAGE,4.0,6.0,9.0,12.0,17.0,154.0,3.0,14438.89,268271.64,48408.84,Not Verified,debt_consolidation
9000.0,36.0,64526.74,14.25,707.0,5.0,MORTGAGE,2.0,4.0,3.0,4.0,67.0,85.48,4.0,51706.71,361671.13,8233.01,Not Verified,debt_consolidation
8000.0,36.0,49425.15,18.85,681.0,10.0,RENT,2.0,5.0,7.0,6.0,35.0,167.02,4.0,3559.86,35895.86,4513.22,Not Verified,debt_consolidation
20200.0,60.0,78547.94,15.76,697.0,10.0,OWN,1.0,5.0,3.0,1.0,1.0,477.07,1.0,4830.01,39191.78,10283.28,Source Verified,debt_consolidation
34300.0,36.0,80727.3,21.42,719.0,5.0,RENT,0.0,1.0,2.0,1.0,35.0,186.29,14.0,8651.18,59206.03,19124.24,Not Verified,debt_consolidation
20000.0,36.0,96167.71,21.03,721.0,,MORTGAGE,11.0,5.0,6.0,8.0,14.0,345.6,11.0,37345.2,438466.16,71147.05,Not Verified,debt_consolidation
1500.0,36.0,28854.66,16.78,695.0,7.0,RENT,0.0,4.0,3.0,14.0,14.0,40.49,12.0,8121.11,57788.19,10738.89,Not Verified,debt_consolidation
35000.0,60.0,85573.77,19.22,704.0,10.0,MORTGAGE,6.0,5.0,5.0,19.0,3.0,254.09,3.0,28834.85,286670.29,40190.08,Not Verified,debt_consolidation
20800.0,60.0,57587.98,14.02,715.0,10.0,MORTGAGE,1.0,7.0,5.0,2.0,5.0,111.54,1.0,15700.59,168845.66,10872.6,Source Verified,debt_consolidation
24300.0,36.0,64652.09,27.88,722.0,9.0,MORTGAGE,3.0,6.0,6.0,5.0,13.0,217.02,2.0,10343.32,126671.54,24865.49,Not Verified,debt_consolidation
16400.0,36.0,213915.37,4.79,658.0,10.0,MORTGAGE,1.0,6.0,5.0,8.0,4.0,123.67,4.0,9707.31,84909.9,11831.29,Not Verified,debt_consolidation
35000.0,36.0,89008.3,17.87,692.0,2.0,MORTGAGE,1.0,13.0,12.0,3.0,14.0,128.6,5.0,20327.29,350250.59,5228.14,Source Verified,debt_consolidation
4500.0,36.0,67528.23,10.27,723.0,10.0,MORTGAGE,2.0,8.0,5.0,8.0,8.0,349.19,4.0,13198.12,119973.53,5884.1,Not Verified,debt_consolidation
8600.0,36.0,25230.26,27.68,683.0,3.0,OWN,0.0,5.0,5.0,1.0,1.0,317.7,1.0,2999.83,23890.0,23232.73,Source Verified,debt_consolidation
8400.0,36.0,53842.96,28.74,674.0,9.0,OWN,0.0,6.0,9.0,1.0,5.0,413.11,1.0,5036.48,69994.64,9287.16,Source Verified,debt_consolidation
8100.0,36.0,72703.92,13.72,657.0,0.0,RENT,4.0,1.0,2.0,7.0,36.0,175.42,12.0,5109.13,20917.79,7559.67,Not Verified,debt_consolidation
28200.0,36.0,101109.45,28.49,698.0,7.0,MORTGAGE,1.0,1.0,7.0,5.0,79.0,199.21,15.0,39343.76,437386.32,73888.34,Not Verified,debt_consolidation
29400.0,36.0,213291.7,11.38,743.0,8.0,OWN,6.0,2.0,7.0,0.0,54.0,399.95,9.0,71659.65,845358.12,98215.73,Source Verified,debt_consolidation
6100.0,36.0,59682.08,27.09,708.0,8.0,RENT,0.0,3.0,4.0,18.0,9.0,116.18,9.0,2295.94,27858.25,19061.88,Not Verified,debt_consolidation
19800.0,36.0,104336.68,15.48,741.0,9.0,RENT,2.0,0.0,3.0,20.0,58.0,125.49,36.0,14583.42,144665.39,37900.79,Not Verified,debt_consolidation
14600.0,36.0,60106.8,18.74,780.0,2.0,RENT,0.0,5.0,2.0,4.0,12.0,119.96,4.0,1825.57,18299.91,35995.84,Not Verified,debt_consolidation
12300.0,36.0,25370.22,38.22,712.0,2.0,RENT,0.0,2.0,5.0,17.0,35.0,259.07,4.0,3596.83,32570.06,10764.29,Not Verified,debt_consolidation
3400.0,36.0,74362.45,27.93,683.0,10.0,RENT,0.0,3.0,4.0,2.0,9.0,167.08,9.0,13254.31,140053.36,18417.36,Not Verified,debt_consolidation
8400.0,36.0,28032.16,22.37,675.0,2.0,RENT,1.0,4.0,5.0,1.0,39.0,142.84,4.0,1707.98,11642.87,9171.2,Not Verified,debt_consolidation
17900.0,36.0,107680.93,11.32,675.0,4.0,RENT,0.0,3.0,4.0,19.0,12.0,97.61,12.0,6440.3,38654.1,21158.11,Source Verified,debt_consolidation
9000.0,36.0,30170.39,12.85,667.0,1.0,MORTGAGE,1.0,2.0,7.0,3.0,108.0,120.44,3.0,11677.86,99278.13,2890.29,Not Verified,debt_consolidation
19000.0,36.0,41681.15,19.31,671.0,3.0,RENT,0.0,3.0,3.0,4.0,4.0,129.94,4.0,3173.2,21819.28,5049.93,Not Verified,debt_consolidation
8000.0,36.0,63805.24,31.2,706.0,8.0,RENT,2.0,6.0,9.0,1.0,2.0,113.94,1.0,10879.5,213524.09,7462.16,Not Verified,debt_consolidation
19100.0,60.0,122702.22,14.82,723.0,10.0,MORTGAGE,5.0,2.0,6.0,1.0,67.0,171.65,10.0,26317.12,295149.75,8966.19,Not Verified,debt_consolidation
12100.0,36.0,40241.16,21.48,654.0,4.0,MORTGAGE,1.0,2.0,1.0,,,157.39,5.0,46391.93,140351.79,0.0,Not Verified,debt_consolidation
13100.0,36.0,81062.5,19.3,698.0,10.0,MORTGAGE,3.0,9.0,11.0,18.0,2.0,138.64,2.0,14050.88,264389.0,21532.24,Source Verified,debt_consolidation
8700.0,36.0,89769.95,16.34,765.0,10.0,MORTGAGE,6.0,2.0,2.0,,57.0,240.78,4.0,51092.67,399190.34,11322.27,Not Verified,debt_consolidation
6000.0,36.0,30005.96,0.58,777.0,7.0,RENT,,,,,,,,,,,Not Verified,debt_consolidation
6800.0,36.0,44485.58,29.16,683.0,10.0,OWN,4.0,2.0,3.0,8.0,128.0,133.6,6.0,11976.0,105634.91,1518.86,Source Verified,debt_consolidation
28000.0,36.0,274295.29,16.23,722.0,10.0,MORTGAGE,4.0,2.0,5.0,8.0,319.0,445.26,2.0,117986.8,1530611.51,30472.14,Source Verified,debt_consolidation
5400.0,36.0,39495.43,11.02,717.0,4.0,RENT,,,,,,,,,,,Not Verified,debt_consolidation
25600.0,36.0,105155.79,7.45,665.0,7.0,MORTGAGE,4.0,3.0,4.0,12.0,37.0,155.31,4.0,28236.04,275404.98,12848.79,Source Verified,debt_consolidation
20400.0,60.0,83874.21,15.12,658.0,10.0,MORTGAGE,1.0,3.0,6.0,3.0,29.0,178.3,3.0,19468.53,153668.62,10819.62,Not Verified,debt_consolidation
13500.0,36.0,76651.92,7.26,774.0,10.0,OWN,5.0,1.0,3.0,,151.0,179.26,21.0,36458.63,282628.4,12640.02,Not Verified,debt_consolidation
25000.0,36.0,81469.26,28.74,661.0,8.0,MORTGAGE,1.0,13.0,12.0,5.0,9.0,65.05,5.0,7517.74,171300.15,13979.46,Not Verified,debt_consolidation
23800.0,36.0,140749.97,16.43,676.0,10.0,MORTGAGE,2.0,4.0,7.0,1.0,22.0,116.71,4.0,21950.94,249075.26,16389.18,Not Verified,debt_consolidation
29800.0,60.0,91473.64,16.19,655.0,6.0,MORTGAGE,0.0,3.0,6.0,15.0,12.0,183.68,12.0,5603.6,37421.05,37440.9,Not Verified,debt_consolidation
6400.0,36.0,38277.49,16.03,668.0,2.0,MORTGAGE,2.0,1.0,4.0,0.0,23.0,141.71,23.0,13236.63,94483.87,9870.66,Not Verified,debt_consolidation
3000.0,36.0,69497.18,19.47,721.0,10.0,MORTGAGE,5.0,3.0,4.0,9.0,39.0,213.75,7.0,3466.23,35663.69,10367.12,Not Verified,debt_consolidation
20800.0,36.0,90869.12,47.72,686.0,2.0,OWN,0.0,0.0,12.0,,36.0,280.58,27.0,6290.68,135688.78,97620.01,Not Verified,debt_consolidation
5100.0,36.0,45423.95,10.18,691.0,4.0,MORTGAGE,2.0,1.0,10.0,7.0,38.0,133.71,8.0,6161.6,96163.86,8828.99,Source Verified,debt_consolidation
16600.0,60.0,33963.28,25.16,657.0,5.0,MORTGAGE,2.0,12.0,,1.0,3.0,,,,,14627.48,Not Verified,debt_consolidation
34500.0,36.0,372915.79,1.54,716.0,10.0,MORTGAGE,1.0,0.0,3.0,7.0,109.0,318.35,109.0,2981.98,24413.26,17044.96,Source Verified,debt_consolidation
7200.0,36.0,19964.29,10.19,697.0,7.0,RENT,0.0,0.0,4.0,,36.0,89.64,36.0,927.18,3791.6,3906.0,Source Verified,debt_consolidation
12100.0,60.0,56239.22,12.3,682.0,7.0,RENT,0.0,4.0,7.0,7.0,11.0,159.67,7.0,1534.44,17168.3,12649.14,Source Verified,debt_consolidation
9500.0,36.0,59556.98,12.19,716.0,1.0,MORTGAGE,3.0,2.0,9.0,6.0,33.0,455.45,12.0,12007.03,175356.5,19581.21,Not Verified,debt_consolidation
7100.0,36.0,60180.77,15.15,730.0,10.0,RENT,0.0,5.0,2.0,7.0,7.0,347.78,7.0,5647.64,22141.48,9605.88,Not Verified,debt_consolidation
12800.0,36.0,169047.54,15.36,797.0,4.0,MORTGAGE,3.0,4.0,5.0,5.0,23.0,250.78,4.0,54211.3,770225.56,74617.04,Source Verified,debt_consolidation
2000.0,36.0,55400.38,19.13,681.0,5.0,RENT,1.0,5.0,5.0,1.0,53.0,153.79,2.0,8285.86,205758.46,11926.65,Source Verified,debt_consolidation
30200.0,36.0,76596.04,21.35,677.0,7.0,RENT,0.0,3.0,12.0,6.0,10.0,83.3,10.0,2708.09,41546.06,35298.4,Source Verified,debt_consolidation
2500.0,36.0,30400.04,27.95,693.0,,MORTGAGE,0.0,7.0,6.0,14.0,16.0,131.02,14.0,4509.78,54285.96,5462.53,Not Verified,debt_consolidation
14200.0,36.0,71494.74,29.12,716.0,,MORTGAGE,3.0,8.0,8.0,2.0,4.0,370.74,2.0,22681.87,311920.68,25961.72,Not Verified,debt_consolidation
34300.0,60.0,86269.72,17.5,700.0,10.0,RENT,0.0,5.0,5.0,1.0,1.0,137.78,1.0,5039.08,60093.7,43774.15,Not Verified,debt_consolidation
12000.0,36.0,44369.39,22.72,718.0,0.0,RENT,,,,,,,,,,,Not Verified,debt_consolidation
17400.0,60.0,39457.88,26.04,695.0,7.0,RENT,0.0,6.0,7.0,0.0,1.0,192.62,1.0,2145.64,19134.89,13812.11,Not Verified,debt_consolidation
20700.0,36.0,73915.89,18.06,741.0,10.0,MORTGAGE,6.0,1.0,4.0,,35.0,253.68,11.0,39546.89,312545.72,40522.17,Not Verified,debt_consolidation
8800.0,36.0,19864.65,11.95,689.0,,OWN,0.0,2.0,3.0,3.0,96.0,115.07,5.0,1455.14,5791.8,5054.38,Source Verified,debt_consolidation
35800.0,36.0,86123.9,21.08,696.0,10.0,OWN,7.0,2.0,3.0,17.0,74.0,215.69,17.0,24253.47,195451.77,21910.08,Source Verified,debt_consolidation
20000.0,36.0,74503.1,22.95,686.0,6.0,MORTGAGE,3.0,4.0,10.0,9.0,9.0,269.41,9.0,13919.89,191848.89,23254.75,Source Verified,debt_consolidation
4500.0,36.0,29985.05,13.23,669.0,1.0,RENT,0.0,2.0,3.0,,19.0,56.99,6.0,3334.72,19587.76,5432.22,Not Verified,debt_consolidation
20000.0,36.0,79193.78,14.05,690.0,0.0,MORTGAGE,3.0,7.0,6.0,4.0,10.0,103.29,4.0,27160.75,314413.84,22494.42,Source Verified,debt_consolidation
14400.0,36.0,47772.63,11.89,665.0,7.0,RENT,0.0,3.0,1.0,10.0,12.0,152.47,10.0,1072.41,9770.14,6268.94,Not Verified,debt_consolidation
12300.0,36.0,28494.95,24.98,691.0,3.0,OWN,0.0,9.0,10.0,5.0,10.0,193.96,5.0,1330.63,18816.61,20079.52,Source Verified,debt_consolidation
20400.0,36.0,80239.09,30.75,703.0,10.0,MORTGAGE,7.0,2.0,6.0,,97.0,185.22,11.0,28856.36,339670.79,16961.22,Not Verified,debt_consolidation
9200.0,36.0,36297.7,20.13,717.0,1.0,MORTGAGE,3.0,3.0,5.0,4.0,8.0,67.82,4.0,10643.64,78447.83,1812.71,Source Verified,debt_consolidation
22400.0,36.0,90230.19,17.53,707.0,0.0,RENT,2.0,1.0,7.0,,92.0,262.58,5.0,8949.12,107606.13,12679.52,Source Verified,debt_consolidation
4400.0,36.0,18738.11,39.36,676.0,,MORTGAGE,0.0,6.0,5.0,5.0,11.0,88.53,6.0,1647.91,14759.04,5408.51,Not Verified,debt_consolidation
20000.0,36.0,225013.95,17.38,695.0,1.0,MORTGAGE,1.0,6.0,8.0,5.0,8.0,190.48,3.0,49883.68,727583.98,40409.01,Not Verified,debt_consolidation
6900.0,36.0,130500.16,1.57,700.0,10.0,OWN,2.0,3.0,5.0,1.0,42.0,222.98,1.0,49415.85,332820.86,7453.51,Not Verified,debt_consolidation
20100.0,36.0,75489.66,28.71,672.0,10.0,MORTGAGE,2.0,6.0,8.0,10.0,10.0,383.98,8.0,8957.54,136158.31,26971.43,Not Verified,debt_consolidation
6100.0,36.0,30934.52,3.09,724.0,3.0,OWN,0.0,3.0,2.0,18.0,13.0,63.77,13.0,856.15,3432.77,5661.73,Not Verified,debt_consolidation
4800.0,36.0,87871.5,10.01,664.0,7.0,RENT,0.0,4.0,7.0,7.0,7.0,316.88,7.0,1616.05,12666.52,10970.79,Not Verified,debt_consolidation
3900.0,36.0,12000.0,37.78,672.0,,OWN,0.0,4.0,6.0,15.0,15.0,143.87,2.0,563.51,3326.52,500.1,Not Verified,debt_consolidation
3900.0,36.0,30093.49,5.45,791.0,,RENT,0.0,7.0,0.0,13.0,13.0,269.44,7.0,255.34,2761.46,29524.4,Source Verified,debt_consolidation
19900.0,60.0,82996.85,24.04,676.0,4.0,OWN,4.0,4.0,4.0,21.0,25.0,299.32,6.0,16753.42,165610.26,12394.24,Source Verified,debt_consolidation
9300.0,36.0,42485.54,33.43,696.0,10.0,RENT,3.0,8.0,5.0,9.0,9.0,178.09,9.0,2613.58,39120.37,23608.51,Source Verified,debt_consolidation
15800.0,60.0,81521.15,18.15,702.0,5.0,RENT,0.0,7.0,12.0,0.0,2.0,127.04,2.0,2792.53,44170.36,15576.88,Not Verified,debt_consolidation
8000.0,36.0,54292.83,9.94,647.0,10.0,MORTGAGE,2.0,2.0,3.0,14.0,9.0,94.65,9.0,15278.53,119293.74,4940.79,Source Verified,debt_consolidation
28600.0,36.0,269963.82,2.46,822.0,10.0,OWN,7.0,6.0,4.0,5.0,6.0,217.57,3.0,32437.86,390773.51,99840.74,Not Verified,debt_consolidation
14600.0,36.0,63317.78,6.18,682.0,2.0,RENT,1.0,2.0,8.0,6.0,4.0,284.96,4.0,1109.96,16467.24,25311.36,Not Verified,debt_consolidation
9900.0,60.0,34339.13,22.79,690.0,10.0,RENT,0.0,3.0,6.0,13.0,16.0,280.97,13.0,3609.04,25672.31,8012.14,Source Verified,debt_consolidation
5100.0,36.0,75163.31,20.04,673.0,7.0,MORTGAGE,1.0,4.0,3.0,5.0,2.0,126.06,2.0,48551.05,373675.37,5109.54,Not Verified,debt_consolidation
5000.0,36.0,173775.66,11.11,718.0,10.0,MORTGAGE,2.0,8.0,2.0,7.0,12.0,268.8,5.0,30891.0,307939.09,8843.02,Not Verified,debt_consolidation
27900.0,36.0,137671.51,9.88,741.0,8.0,MORTGAGE,1.0,7.0,2.0,3.0,3.0,148.14,3.0,27329.73,436881.88,42790.53,Not Verified,debt_consolidation
18100.0,36.0,55189.3,13.05,684.0,1.0,RENT,0.0,5.0,5.0,,2.0,115.99,2.0,1800.29,30012.56,40605.39,Not Verified,debt_consolidation
6400.0,36.0,34725.73,16.0,704.0,1.0,RENT,0.0,1.0,3.0,16.0,41.0,98.24,16.0,5324.65,21133.73,7233.79,Source Verified,debt_consolidation
7000.0,36.0,91350.27,18.39,760.0,1.0,MORTGAGE,2.0,3.0,3.0,14.0,16.0,174.92,13.0,26998.99,266751.58,11954.94,Not Verified,debt_consolidation
29800.0,60.0,121330.79,17.08,729.0,10.0,MORTGAGE,5.0,4.0,3.0,,9.0,236.67,9.0,10346.14,276810.91,34211.32,Not Verified,debt_consolidation
8800.0,36.0,49128.7,17.45,693.0,10.0,RENT,0.0,5.0,1.0,15.0,15.0,276.3,1.0,3748.43,36771.63,9035.63,Not Verified,debt_consolidation
11400.0,36.0,64117.27,14.24,654.0,4.0,MORTGAGE,1.0,6.0,11.0,2.0,4.0,70.26,3.0,10699.81,137099.67,8430.31,Not Verified,debt_consolidation
11300.0,36.0,70161.78,15.33,699.0,4.0,MORTGAGE,2.0,2.0,5.0,,27.0,55.06,16.0,35999.98,283831.38,13538.71,Not Verified,debt_consolidation
6000.0,36.0,28407.15,24.78,690.0,10.0,OWN,0.0,9.0,4.0,5.0,3.0,127.72,3.0,2185.13,19508.87,9719.91,Not Verified,debt_consolidation
4200.0,36.0,25464.31,15.67,694.0,9.0,OWN,0.0,7.0,8.0,3.0,3.0,154.86,3.0,470.58,6052.49,21435.98,Not Verified,debt_consolidation
4500.0,36.0,34886.47,16.16,658.0,10.0,RENT,0.0,1.0,1.0,2.0,42.0,151.23,10.0,6364.73,19248.32,733.02,Not Verified,debt_consolidation
15200.0,36.0,116616.98,4.32,800.0,10.0,MORTGAGE,5.0,3.0,2.0,18.0,18.0,102.59,15.0,50108.23,346900.23,8620.6,Not Verified,debt_consolidation
23400.0,60.0,64235.46,14.47,679.0,10.0,MORTGAGE,4.0,6.0,8.0,3.0,11.0,165.25,7.0,15009.87,229493.64,21710.27,Not Verified,debt_consolidation
21600.0,60.0,51369.66,24.2,673.0,10.0,OWN,4.0,8.0,9.0,3.0,3.0,180.53,3.0,3458.31,42114.99,37944.64,Not Verified,debt_consolidation
6600.0,36.0,67826.55,3.91,682.0,10.0,MORTGAGE,0.0,2.0,7.0,8.0,25.0,294.55,8.0,872.08,6208.3,2346.48,Not Verified,debt_consolidation
40000.0,36.0,128510.82,12.15,686.0,2.0,MORTGAGE,3.0,6.0,8.0,15.0,4.0,390.09,4.0,16885.74,309664.17,71974.61,Not Verified,debt_consolidation
24200.0,36.0,66340.23,32.65,680.0,10.0,OWN,1.0,7.0,9.0,4.0,2.0,186.08,2.0,2143.87,27028.02,18052.44,Source Verified,debt_consolidation
16200.0,36.0,51509.93,32.7,673.0,10.0,MORTGAGE,2.0,4.0,8.0,4.0,46.0,141.93,11.0,1467.41,19413.45,6272.83,Not Verified,debt_consolidation
21400.0,36.0,80709.58,24.2,719.0,4.0,MORTGAGE,1.0,1.0,8.0,,18.0,205.69,18.0,17215.53,296902.85,28517.61,Not Verified,debt_consolidation
33400.0,60.0,102415.01,15.37,688.0,4.0,OWN,0.0,3.0,8.0,20.0,12.0,319.93,12.0,4539.48,43388.52,11557.39,Not Verified,debt_consolidation
16600.0,60.0,45381.69,25.4,652.0,10.0,RENT,0.0,9.0,6.0,4.0,4.0,106.05,4.0,3092.13,28000.69,818.37,Not Verified,debt_consolidation
3000.0,36.0,55644.47,11.06,812.0,1.0,MORTGAGE,1.0,5.0,2.0,11.0,3.0,150.85,3.0,15426.25,141815.86,20776.46,Not Verified,debt_consolidation
1800.0,36.0,147289.5,10.39,680.0,2.0,MORTGAGE,3.0,3.0,5.0,1.0,1.0,131.46,1.0,25270.88,275423.08,3096.47,Not Verified,debt_consolidation
21600.0,60.0,44952.27,34.02,723.0,3.0,RENT,0.0,11.0,10.0,8.0,10.0,144.0,3.0,1907.16,31559.24,35643.64,Source Verified,debt_consolidation
21600.0,60.0,51034.16,17.94,669.0,8.0,MORTGAGE,3.0,11.0,6.0,6.0,17.0,123.79,3.0,7610.08,97020.57,16517.23,Not Verified,debt_consolidation
2900.0,36.0,54614.27,7.41,740.0,10.0,RENT,1.0,7.0,4.0,6.0,48.0,124.97,4.0,1013.11,8985.54,6551.05,Not Verified,debt_consolidation
19800.0,36.0,100197.7,29.87,759.0,8.0,MORTGAGE,4.0,10.0,3.0,13.0,18.0,140.43,10.0,15944.07,355129.53,44716.56,Not Verified,debt_consolidation
18600.0,60.0,42165.69,27.56,701.0,5.0,MORTGAGE,1.0,2.0,2.0,,25.0,138.06,19.0,23880.64,164868.03,16404.05,Not Verified,debt_consolidation
7100.0,36.0,32874.16,13.07,681.0,5.0,OWN,0.0,2.0,3.0,17.0,17.0,191.23,17.0,2180.9,8950.0,7760.91,Not Verified,debt_consolidation
6100.0,36.0,130458.48,6.7,660.0,10.0,MORTGAGE,5.0,1.0,2.0,8.0,97.0,208.28,9.0,93810.12,557115.41,5584.88,Source Verified,debt_consolidation
8000.0,36.0,76367.42,16.68,695.0,3.0,MORTGAGE,2.0,6.0,9.0,9.0,5.0,202.47,5.0,9790.08,140082.93,59599.64,Source Verified,debt_consolidation
7900.0,36.0,30727.19,29.44,707.0,,OWN,0.0,6.0,11.0,2.0,46.0,397.44,2.0,1167.96,19227.36,9564.37,Not Verified,debt_consolidation
19900.0,60.0,95099.14,17.59,677.0,10.0,MORTGAGE,2.0,5.0,6.0,13.0,70.0,148.56,13.0,21839.62,218009.19,9021.77,Source Verified,debt_consolidation
16000.0,36.0,63070.63,21.48,689.0,3.0,RENT,,,,,,,,,,,Not Verified,debt_consolidation
6500.0,36.0,70786.25,16.48,679.0,3.0,RENT,0.0,17.0,9.0,0.0,8.0,43.76,0.0,2078.85,49953.76,5886.81,Not Verified,debt_consolidation
18300.0,36.0,35639.95,24.8,687.0,,MORTGAGE,4.0,6.0,3.0,4.0,28.0,296.09,2.0,2744.98,34279.53,26585.13,Not Verified,debt_consolidation
19900.0,36.0,60074.72,7.78,678.0,10.0,RENT,1.0,0.0,1.0,,53.0,361.49,54.0,2090.38,6230.15,7833.0,Not Verified,debt_consolidation
28100.0,60.0,75060.49,34.9,721.0,10.0,MORTGAGE,6.0,7.0,11.0,12.0,12.0,187.81,5.0,9532.28,224227.73,28047.68,Source Verified,debt_consolidation
7900.0,36.0,98126.89,0.63,759.0,5.0,RENT,0.0,7.0,2.0,20.0,9.0,75.02,9.0,168.22,2371.3,44380.22,Not Verified,debt_consolidation
19300.0,36.0,88440.28,28.72,701.0,10.0,MORTGAGE,2.0,14.0,4.0,3.0,20.0,82.09,2.0,17514.24,201549.15,4091.82,Not Verified,debt_consolidation
35000.0,60.0,87242.09,35.89,662.0,10.0,MORTGAGE,2.0,8.0,6.0,12.0,1.0,328.54,1.0,20387.17,259948.34,40205.83,Not Verified,debt_consolidation
7100.0,36.0,42433.22,13.56,766.0,,OWN,1.0,7.0,5.0,3.0,7.0,299.41,7.0,1161.88,16448.03,81278.25,Source Verified,debt_consolidation
20900.0,60.0,136105.88,12.95,704.0,10.0,MORTGAGE,,,,,,,,,,,Not Verified,debt_consolidation
8800.0,36.0,28704.09,29.15,699.0,0.0,RENT,0.0,2.0,2.0,,,33.78,11.0,4972.75,19913.8,0.0,Not Verified,debt_consolidation
18900.0,60.0,60500.95,20.04,690.0,10.0,MORTGAGE,2.0,1.0,12.0,17.0,25.0,297.59,24.0,5735.31,102450.28,82003.61,Source Verified,debt_consolidation
6200.0,36.0,37246.14,9.22,656.0,3.0,RENT,0.0,8.0,6.0,16.0,2.0,60.34,2.0,712.77,6422.73,9366.44,Not Verified,debt_consolidation
30000.0,60.0,120743.2,17.1,721.0,10.0,MORTGAGE,5.0,4.0,3.0,,9.0,243.48,9.0,10266.27,279451.75,33849.42,Not Verified,debt_consolidation
17900.0,36.0,90997.92,20.89,722.0,10.0,OWN,6.0,3.0,4.0,9.0,52.0,201.97,9.0,5552.89,51284.96,37774.83,Not Verified,debt_consolidation
4800.0,36.0,120665.47,22.73,670.0,2.0,MORTGAGE,1.0,8.0,7.0,1.0,23.0,125.98,4.0,33179.79,406625.92,19885.86,Source Verified,debt_consolidation
10600.0,36.0,30300.79,22.91,675.0,4.0,OWN,0.0,7.0,3.0,3.0,23.0,75.95,15.0,2196.44,25972.55,4537.52,Not Verified,debt_consolidation
13400.0,36.0,98995.48,7.5,666.0,9.0,MORTGAGE,1.0,4.0,3.0,5.0,29.0,142.44,5.0,27002.91,290321.71,15590.76,Not Verified,debt_consolidation
15800.0,60.0,76059.09,15.43,693.0,8.0,RENT,0.0,5.0,7.0,10.0,4.0,44.14,3.0,3010.38,37783.25,9839.43,Source Verified,debt_consolidation
10200.0,36.0,87176.84,17.96,671.0,10.0,RENT,3.0,5.0,7.0,3.0,3.0,205.41,3.0,3703.15,48510.24,10656.6,Source Verified,debt_consolidation
1200.0,36.0,43652.51,17.85,661.0,2.0,MORTGAGE,4.0,7.0,4.0,3.0,37.0,120.88,3.0,15549.16,132385.88,3598.29,Source Verified,debt_consolidation
25500.0,36.0,138620.77,6.06,747.0,9.0,MORTGAGE,7.0,4.0,5.0,18.0,18.0,196.13,12.0,48684.36,492271.41,37945.84,Not Verified,debt_consolidation
11000.0,60.0,28146.45,32.53,672.0,2.0,OWN,0.0,10.0,6.0,13.0,11.0,89.36,1.0,3716.91,40187.95,7868.19,Source Verified,debt_consolidation
12000.0,36.0,86257.15,20.51,659.0,10.0,RENT,2.0,14.0,8.0,7.0,14.0,332.28,7.0,2267.79,41019.64,6805.52,Source Verified,debt_consolidation
14000.0,36.0,61390.95,11.11,719.0,5.0,MORTGAGE,4.0,6.0,6.0,6.0,15.0,164.35,5.0,17729.85,152796.02,10974.77,Not Verified,debt_consolidation
10400.0,60.0,26769.16,9.58,674.0,10.0,RENT,0.0,3.0,3.0,3.0,22.0,27.73,14.0,968.01,3730.63,8728.23,Not Verified,debt_consolidation
24600.0,60.0,164531.62,17.69,730.0,10.0,MORTGAGE,3.0,3.0,6.0,15.0,45.0,253.0,11.0,45977.11,473763.92,70042.73,Source Verified,debt_consolidation
17400.0,36.0,77761.49,10.04,754.0,4.0,RENT,0.0,5.0,9.0,1.0,4.0,237.79,4.0,1107.66,10998.61,20864.99,Not Verified,debt_consolidation
22300.0,36.0,69761.09,10.63,671.0,6.0,MORTGAGE,4.0,2.0,5.0,1.0,5.0,208.55,3.0,15881.22,138035.85,10461.59,Not Verified,debt_consolidation
11900.0,60.0,100382.79,25.99,694.0,10.0,MORTGAGE,4.0,4.0,10.0,23.0,38.0,163.38,17.0,17663.91,305083.79,47814.7,Not Verified,debt_consolidation
18000.0,36.0,54671.83,13.95,658.0,10.0,RENT,0.0,2.0,11.0,16.0,1.0,172.56,1.0,1760.71,21433.64,20315.73,Not Verified,debt_consolidation
9700.0,36.0,80446.79,11.94,680.0,6.0,RENT,0.0,3.0,7.0,4.0,4.0,82.75,4.0,2542.43,22568.4,10197.52,Not Verified,debt_consolidation
10100.0,36.0,121504.11,9.35,778.0,10.0,MORTGAGE,6.0,1.0,2.0,13.0,36.0,243.65,20.0,60496.3,364152.27,26056.93,Not Verified,debt_consolidation
9500.0,36.0,219624.08,15.81,676.0,10.0,MORTGAGE,5.0,5.0,11.0,,7.0,221.84,7.0,23570.33,410903.18,38622.46,Source Verified,debt_consolidation
4100.0,36.0,49279.24,6.73,670.0,10.0,OWN,0.0,5.0,4.0,7.0,7.0,87.78,6.0,1200.43,6145.1,6379.44,Not Verified,debt_consolidation
35500.0,36.0,185663.64,16.07,715.0,,OWN,3.0,2.0,3.0,,4.0,442.37,4.0,54462.11,444509.23,60850.48,Source Verified,debt_consolidation
18000.0,36.0,61247.49,17.01,656.0,10.0,RENT,0.0,5.0,7.0,,8.0,276.15,7.0,2130.09,25647.52,2285.59,Source Verified,debt_consolidation
24300.0,60.0,138091.1,7.1,671.0,10.0,MORTGAGE,2.0,2.0,5.0,1.0,18.0,335.69,1.0,22912.26,159759.28,6847.39,Source Verified,debt_consolidation
15100.0,36.0,60376.65,34.93,687.0,3.0,MORTGAGE,2.0,9.0,15.0,6.0,1.0,133.18,1.0,6810.47,233708.06,24638.31,Not Verified,debt_consolidation
5000.0,36.0,69859.27,29.44,676.0,0.0,RENT,0.0,1.0,8.0,,32.0,121.46,21.0,4435.01,92817.31,17473.01,Not Verified,debt_consolidation
22200.0,36.0,117914.29,21.93,719.0,10.0,RENT,0.0,5.0,7.0,2.0,5.0,157.53,5.0,3227.0,63743.32,37643.92,Source Verified,debt_consolidation
2000.0,36.0,44475.88,3.95,679.0,10.0,MORTGAGE,2.0,2.0,4.0,7.0,7.0,133.07,7.0,9575.16,60215.27,10612.18,Not Verified,debt_consolidation
1800.0,36.0,38569.16,10.45,667.0,,MORTGAGE,3.0,4.0,7.0,9.0,8.0,175.69,8.0,13652.58,126394.9,2951.81,Not Verified,debt_consolidation
10200.0,60.0,36475.27,19.15,728.0,,MORTGAGE,5.0,3.0,3.0,0.0,3.0,386.6,3.0,46948.48,285204.25,9169.45,Not Verified,debt_consolidation
11600.0,36.0,53797.99,4.56,666.0,2.0,RENT,0.0,1.0,3.0,,14.0,109.61,14.0,1172.22,8061.99,12901.42,Not Verified,debt_consolidation
10100.0,36.0,29543.31,18.68,731.0,0.0,RENT,,,,,,,,,,,Not Verified,debt_consolidation
33500.0,36.0,260798.11,21.9,669.0,9.0,MORTGAGE,7.0,10.0,12.0,7.0,7.0,145.32,3.0,36432.75,777689.65,56385.0,Source Verified,debt_consolidation
22500.0,60.0,110902.0,12.46,702.0,5.0,RENT,2.0,4.0,3.0,5.0,8.0,126.44,5.0,13988.17,128258.9,8122.86,Source Verified,debt_consolidation
12000.0,36.0,50416.1,33.11,676.0,,MORTGAGE,3.0,3.0,6.0,20.0,121.0,251.59,12.0,11980.39,118648.88,17579.17,Source Verified,debt_consolidation
11700.0,36.0,40405.97,21.67,663.0,4.0,MORTGAGE,1.0,2.0,1.0,,,160.04,5.0,47072.92,136342.68,0.0,Not Verified,debt_consolidation
6400.0,36.0,60409.95,14.98,660.0,3.0,MORTGAGE,2.0,0.0,5.0,,81.0,140.63,31.0,15351.51,110017.24,3944.63,Not Verified,debt_consolidation
4900.0,36.0,30153.2,21.14,678.0,0.0,OWN,0.0,8.0,7.0,3.0,2.0,131.47,2.0,2841.25,36481.46,10938.89,Source Verified,debt_consolidation
33700.0,36.0,64145.84,37.67,667.0,3.0,MORTGAGE,8.0,11.0,19.0,4.0,24.0,132.95,4.0,2801.55,67431.77,13541.2,Not Verified,debt_consolidation
3400.0,36.0,83219.25,24.95,697.0,3.0,MORTGAGE,3.0,1.0,4.0,3.0,43.0,181.83,2.0,34787.03,371423.96,15884.65,Source Verified,debt_consolidation
6200.0,36.0,44380.55,16.19,691.0,6.0,RENT,0.0,2.0,3.0,2.0,40.0,100.8,2.0,5988.03,35939.4,2447.84,Not Verified,debt_consolidation
15900.0,60.0,49108.71,31.41,678.0,6.0,MORTGAGE,1.0,6.0,6.0,16.0,5.0,191.69,3.0,4970.72,62868.65,8101.1,Not Verified,debt_consolidation
5900.0,36.0,50798.16,7.94,684.0,10.0,OWN,0.0,3.0,5.0,,22.0,330.7,20.0,766.12,5387.12,43129.53,Not Verified,debt_consolidation
6800.0,36.0,41423.5,17.43,669.0,10.0,RENT,1.0,5.0,5.0,8.0,8.0,226.76,8.0,3407.76,27149.6,2992.27,Not Verified,debt_consolidation
4800.0,36.0,26339.3,19.47,657.0,4.0,RENT,2.0,6.0,5.0,9.0,9.0,119.16,9.0,2360.85,17347.54,3539.43,Not Verified,debt_consolidation
16500.0,36.0,57441.85,18.93,695.0,4.0,MORTGAGE,3.0,4.0,4.0,10.0,15.0,138.84,3.0,19079.76,152240.47,28749.62,Source Verified,debt_consolidation
16500.0,36.0,151747.82,0.92,803.0,0.0,MORTGAGE,2.0,1.0,2.0,7.0,26.0,216.62,7.0,96697.36,481550.86,47082.3,Source Verified,debt_consolidation
4900.0,36.0,58414.84,19.99,740.0,0.0,RENT,0.0,2.0,3.0,10.0,9.0,110.99,6.0,4661.04,46637.26,44895.04,Not Verified,debt_consolidation
11900.0,36.0,70906.24,13.46,674.0,10.0,MORTGAGE,3.0,6.0,7.0,10.0,6.0,259.94,6.0,33456.04,325861.87,13316.78,Not Verified,debt_consolidation
5000.0,36.0,42111.59,4.73,659.0,10.0,RENT,0.0,0.0,2.0,,34.0,154.65,33.0,1768.81,6928.04,18122.84,Source Verified,debt_consolidation
16100.0,36.0,54507.96,15.6,782.0,4.0,MORTGAGE,5.0,4.0,3.0,3.0,3.0,131.08,3.0,24077.7,221357.35,20980.16,Not Verified,debt_consolidation
10300.0,60.0,42239.41,16.72,671.0,0.0,RENT,3.0,4.0,8.0,8.0,8.0,176.91,1.0,3755.0,41991.77,4372.1,Source Verified,debt_consolidation
8400.0,36.0,93593.45,15.15,703.0,2.0,RENT,0.0,9.0,5.0,6.0,6.0,125.11,6.0,3969.65,89203.13,20918.62,Not Verified,debt_consolidation
17300.0,36.0,49854.0,27.9,663.0,10.0,RENT,0.0,15.0,8.0,2.0,7.0,178.6,1.0,1955.53,27678.28,5304.52,Not Verified,debt_consolidation
19000.0,60.0,91017.37,16.66,680.0,10.0,MORTGAGE,1.0,8.0,5.0,2.0,1.0,228.2,1.0,26181.3,343495.31,26017.18,Not Verified,debt_consolidation
8100.0,36.0,46188.1,27.14,683.0,3.0,MORTGAGE,0.0,6.0,5.0,2.0,14.0,310.88,2.0,14040.26,137081.48,1800.98,Not Verified,debt_consolidation
10600.0,36.0,55569.33,9.15,717.0,1.0,RENT,0.0,5.0,3.0,7.0,22.0,81.6,8.0,4244.84,45389.1,7707.53,Source Verified,debt_consolidation
23500.0,36.0,102845.49,19.87,701.0,5.0,RENT,0.0,1.0,5.0,2.0,15.0,81.74,15.0,6920.05,79395.15,50176.91,Source Verified,debt_consolidation
1000.0,36.0,29558.51,23.33,693.0,0.0,RENT,,,,,,,,,,,Not Verified,debt_consolidation
24100.0,36.0,85660.52,27.88,718.0,1.0,MORTGAGE,1.0,6.0,3.0,3.0,4.0,131.36,4.0,30424.94,328670.12,7701.48,Source Verified,debt_consolidation
12100.0,36.0,89517.64,16.34,700.0,10.0,MORTGAGE,4.0,3.0,3.0,14.0,101.0,235.08,2.0,61845.1,436672.03,6836.22,Not Verified,debt_consolidation
15000.0,36.0,68569.85,8.93,719.0,7.0,MORTGAGE,0.0,4.0,4.0,16.0,16.0,174.25,6.0,1399.45,15140.94,23476.36,Not Verified,debt_consolidation
4800.0,36.0,27304.87,16.55,655.0,5.0,RENT,0.0,2.0,10.0,0.0,21.0,331.63,1.0,886.39,10423.66,7219.42,Not Verified,debt_consolidation
2900.0,36.0,12000.0,26.6,649.0,,RENT,0.0,4.0,,1.0,18.0,,,,,6549.95,Not Verified,debt_consolidation
24900.0,36.0,120155.26,9.83,731.0,6.0,MORTGAGE,,,,,,,,,,,Source Verified,debt_consolidation
14200.0,36.0,72689.54,23.86,670.0,10.0,MORTGAGE,1.0,7.0,,11.0,8.0,,,,,37762.35,Not Verified,debt_consolidation
1000.0,36.0,12000.0,5.37,762.0,,RENT,0.0,3.0,1.0,1.0,17.0,20.23,12.0,78.34,155.49,5065.94,Not Verified,debt_consolidation
13000.0,36.0,35555.74,21.6,672.0,10.0,RENT,0.0,5.0,9.0,2.0,2.0,189.86,2.0,989.41,12625.92,15476.9,Source Verified,debt_consolidation
8800.0,36.0,36277.51,27.72,674.0,0.0,RENT,0.0,3.0,5.0,,51.0,94.32,21.0,3892.95,51737.09,12517.59,Not Verified,debt_consolidation
19700.0,36.0,74767.75,20.96,663.0,,MORTGAGE,3.0,9.0,11.0,1.0,7.0,287.29,1.0,12411.28,169850.05,30829.94,Source Verified,debt_consolidation
4900.0,36.0,54830.05,19.1,670.0,10.0,OWN,1.0,2.0,15.0,1.0,13.0,380.36,13.0,1290.48,22720.89,15648.89,Not Verified,debt_consolidation
5900.0,36.0,75970.35,1.87,714.0,5.0,RENT,3.0,1.0,3.0,4.0,4.0,330.31,4.0,923.46,5698.63,22363.47,Not Verified,debt_consolidation
24500.0,60.0,92199.73,18.35,668.0,10.0,MORTGAGE,7.0,6.0,5.0,3.0,9.0,329.25,5.0,19999.51,305769.28,31272.76,Not Verified,debt_consolidation
8900.0,36.0,58503.52,6.48,667.0,8.0,RENT,0.0,2.0,5.0,11.0,14.0,175.31,14.0,1755.21,8760.97,9379.11,Not Verified,debt_consolidation
8100.0,36.0,52076.71,12.08,716.0,8.0,MORTGAGE,2.0,4.0,5.0,15.0,3.0,237.48,3.0,3014.76,23971.82,19374.89,Not Verified,debt_consolidation
20000.0,60.0,60994.05,33.51,726.0,10.0,OWN,0.0,5.0,5.0,6.0,25.0,166.12,6.0,6757.93,67710.66,15781.59,Source Verified,debt_consolidation
15800.0,60.0,114733.53,11.64,699.0,10.0,MORTGAGE,4.0,3.0,6.0,4.0,28.0,169.19,14.0,27031.93,297326.27,50569.77,Not Verified,debt_consolidation
19800.0,60.0,101475.45,19.05,682.0,10.0,MORTGAGE,5.0,0.0,4.0,,121.0,296.27,48.0,55513.64,439275.7,7058.13,Not Verified,debt_consolidation
9900.0,36.0,48345.38,5.87,678.0,2.0,MORTGAGE,1.0,8.0,8.0,6.0,6.0,277.89,6.0,647.33,5871.59,10523.9,Not Verified,debt_consolidation
5900.0,36.0,52224.83,8.21,683.0,10.0,OWN,0.0,14.0,8.0,2.0,5.0,182.74,3.0,1192.56,25562.9,61543.84,Not Verified,debt_consolidation
19700.0,36.0,44673.78,22.07,713.0,2.0,MORTGAGE,0.0,5.0,7.0,1.0,12.0,172.53,12.0,1482.21,21754.86,40712.0,Source Verified,debt_consolidation
11000.0,36.0,84300.86,17.88,700.0,1.0,MORTGAGE,1.0,6.0,5.0,0.0,18.0,362.54,3.0,17350.42,328206.06,51083.44,Source Verified,debt_consolidation
9900.0,36.0,48029.67,29.22,692.0,10.0,RENT,0.0,5.0,18.0,2.0,2.0,164.23,2.0,3279.25,69765.55,8512.88,Not Verified,debt_consolidation
24800.0,36.0,64940.02,21.42,654.0,10.0,OWN,2.0,0.0,4.0,,63.0,153.88,37.0,3756.14,22747.13,16877.8,Source Verified,debt_consolidation
10000.0,36.0,80844.98,11.78,697.0,0.0,MORTGAGE,2.0,10.0,3.0,15.0,23.0,22.79,9.0,36749.18,318683.86,2812.55,Not Verified,debt_consolidation
10700.0,36.0,44691.02,22.09,706.0,4.0,RENT,0.0,2.0,8.0,6.0,20.0,158.26,11.0,2651.77,31894.94,25041.12,Not Verified,debt_consolidation
9400.0,36.0,47716.97,24.35,660.0,10.0,RENT,2.0,9.0,13.0,4.0,10.0,161.57,4.0,1327.09,22660.43,6670.85,Not Verified,debt_consolidation
11700.0,60.0,72503.64,16.16,753.0,10.0,RENT,0.0,3.0,1.0,17.0,19.0,270.55,12.0,2070.43,21336.43,33386.52,Not Verified,debt_consolidation
19500.0,36.0,91162.89,8.82,654.0,3.0,RENT,0.0,0.0,6.0,,46.0,102.08,48.0,4930.34,30299.48,30836.34,Not Verified,debt_consolidation
11700.0,36.0,37059.71,22.42,671.0,2.0,RENT,0.0,4.0,8.0,0.0,1.0,103.37,1.0,2831.51,26288.91,8235.38,Source Verified,debt_consolidation
12300.0,36.0,87848.47,19.07,694.0,3.0,MORTGAGE,2.0,6.0,7.0,0.0,4.0,258.4,4.0,22347.9,237297.75,82199.77,Not Verified,debt_consolidation
4700.0,36.0,54811.49,12.6,686.0,10.0,RENT,2.0,5.0,3.0,2.0,27.0,158.71,2.0,4330.74,26141.82,2461.36,Source Verified,debt_consolidation
2400.0,36.0,38813.38,17.07,712.0,2.0,MORTGAGE,0.0,5.0,4.0,10.0,39.0,95.98,3.0,9689.26,125570.93,1011.34,Not Verified,debt_consolidation
12200.0,36.0,45057.63,15.79,739.0,4.0,OWN,0.0,2.0,6.0,19.0,7.0,104.97,7.0,1033.23,13594.1,25565.04,Not Verified,debt_consolidation
12200.0,36.0,41284.78,32.82,681.0,,MORTGAGE,3.0,4.0,8.0,7.0,20.0,118.38,7.0,5304.01,64140.14,24984.32,Not Verified,debt_consolidation
13500.0,36.0,38893.53,38.12,743.0,,MORTGAGE,2.0,8.0,8.0,6.0,3.0,169.57,3.0,4902.61,101827.28,60778.0,Not Verified,debt_consolidation
32400.0,36.0,78443.0,21.37,707.0,10.0,RENT,1.0,10.0,3.0,0.0,5.0,206.76,2.0,3929.99,58364.85,17150.4,Source Verified,debt_consolidation
18100.0,36.0,53520.5,19.18,756.0,2.0,MORTGAGE,6.0,2.0,3.0,20.0,5.0,176.29,5.0,51077.6,251806.4,39479.09,Not Verified,debt_consolidation
5600.0,36.0,25643.32,25.18,701.0,2.0,MORTGAGE,0.0,3.0,5.0,,6.0,184.9,6.0,1159.58,11472.99,16744.14,Source Verified,debt_consolidation
5000.0,36.0,87917.17,6.89,701.0,2.0,RENT,0.0,7.0,2.0,2.0,2.0,78.7,2.0,1878.49,18727.74,18099.33,Not Verified,debt_consolidation
10100.0,36.0,57390.08,22.47,695.0,8.0,MORTGAGE,2.0,5.0,,10.0,5.0,,,,,19284.35,Not Verified,debt_consolidation
11100.0,36.0,83147.73,25.79,700.0,6.0,RENT,0.0,2.0,6.0,7.0,37.0,115.31,4.0,7687.11,76589.79,21410.12,Source Verified,debt_consolidation
9900.0,36.0,34764.34,12.81,667.0,3.0,RENT,0.0,1.0,6.0,14.0,25.0,80.07,14.0,1978.71,12023.82,11614.44,Source Verified,debt_consolidation
7900.0,36.0,68006.1,16.12,731.0,9.0,MORTGAGE,3.0,4.0,10.0,2.0,4.0,243.99,4.0,10541.44,189879.47,75492.88,Not Verified,debt_consolidation
9800.0,60.0,59032.24,17.66,664.0,7.0,RENT,0.0,6.0,7.0,7.0,21.0,110.59,3.0,5367.53,102870.22,6358.64,Not Verified,debt_consolidation
25000.0,60.0,83069.81,10.57,777.0,0.0,RENT,,,,,,,,,,,Not Verified,debt_consolidation
21100.0,36.0,312709.65,18.83,679.0,10.0,MORTGAGE,5.0,3.0,17.0,11.0,21.0,285.06,11.0,25933.37,651073.15,110359.37,Not Verified,debt_consolidation
9900.0,36.0,65532.15,18.32,692.0,10.0,MORTGAGE,0.0,15.0,11.0,0.0,23.0,206.22,6.0,1087.56,19421.76,3884.95,Not Verified,debt_consolidation
10000.0,36.0,96563.69,6.03,789.0,6.0,RENT,0.0,1.0,1.0,,24.0,113.15,24.0,1665.37,16174.43,9262.01,Source Verified,debt_consolidation
27500.0,60.0,72800.58,23.75,660.0,4.0,MORTGAGE,3.0,8.0,13.0,2.0,8.0,171.63,3.0,24645.49,417719.75,15722.63,Not Verified,debt_consolidation
6100.0,36.0,30409.12,14.91,699.0,2.0,RENT,0.0,5.0,2.0,16.0,7.0,50.31,7.0,1563.23,6211.74,11374.56,Source Verified,debt_consolidation
20700.0,60.0,45284.02,19.22,712.0,0.0,MORTGAGE,3.0,5.0,9.0,16.0,6.0,177.48,6.0,10404.74,121564.14,16339.3,Source Verified,debt_consolidation
5900.0,36.0,20334.1,2.19,773.0,,RENT,0.0,3.0,2.0,3.0,5.0,188.29,5.0,574.7,2801.31,8095.78,Not Verified,debt_consolidation
19700.0,60.0,74040.72,27.74,680.0,2.0,RENT,1.0,2.0,7.0,14.0,44.0,132.28,13.0,6083.34,66425.67,23583.42,Not Verified,debt_consolidation
16400.0,36.0,68666.29,7.28,745.0,3.0,RENT,0.0,0.0,5.0,6.0,30.0,222.83,29.0,2197.44,26749.16,118200.27,Source Verified,debt_consolidation
9900.0,36.0,45174.32,27.59,666.0,0.0,RENT,0.0,10.0,5.0,3.0,17.0,110.62,2.0,3782.66,61739.61,8351.36,Not Verified,debt_consolidation
10200.0,60.0,60436.61,19.56,659.0,9.0,MORTGAGE,1.0,5.0,9.0,9.0,9.0,194.27,2.0,13400.52,196641.84,8998.71,Source Verified,debt_consolidation
4200.0,36.0,125631.79,6.76,740.0,2.0,OWN,2.0,5.0,,0.0,8.0,,,,,85676.48,Not Verified,debt_consolidation
9900.0,60.0,34557.0,24.34,647.0,2.0,OWN,0.0,5.0,4.0,16.0,31.0,92.62,4.0,2987.26,26841.33,12569.57,Source Verified,debt_consolidation
5400.0,36.0,70542.14,23.49,704.0,6.0,MORTGAGE,3.0,3.0,4.0,3.0,70.0,85.37,3.0,29532.74,199418.66,11248.8,Not Verified,debt_consolidation
5000.0,36.0,38497.24,21.52,699.0,3.0,MORTGAGE,7.0,5.0,11.0,9.0,6.0,113.5,3.0,11227.07,167802.85,26451.39,Source Verified,debt_consolidation
3100.0,36.0,35097.56,28.91,675.0,0.0,RENT,0.0,3.0,3.0,,1.0,100.89,1.0,6271.91,69527.08,6307.66,Not Verified,debt_consolidation
10100.0,60.0,152586.1,15.54,749.0,10.0,MORTGAGE,5.0,6.0,8.0,9.0,2.0,172.86,2.0,16762.8,315498.79,72993.36,Source Verified,debt_consolidation
12300.0,36.0,55962.42,21.49,670.0,10.0,RENT,0.0,7.0,8.0,13.0,141.0,162.33,6.0,3759.34,37137.36,9176.04,Source Verified,debt_consolidation
9900.0,36.0,41114.75,9.41,690.0,2.0,RENT,0.0,1.0,2.0,11.0,22.0,148.31,22.0,5329.28,27071.68,10316.03,Not Verified,debt_consolidation
5000.0,36.0,54782.57,21.58,684.0,10.0,MORTGAGE,0.0,8.0,7.0,1.0,11.0,158.03,1.0,1905.95,37747.1,9403.88,Not Verified,debt_consolidation
2100.0,36.0,12000.0,12.14,686.0,5.0,RENT,0.0,3.0,2.0,16.0,14.0,44.69,5.0,612.48,3038.62,1985.27,Not Verified,debt_consolidation
14300.0,36.0,40205.2,24.96,712.0,10.0,MORTGAGE,1.0,0.0,5.0,,46.0,246.17,27.0,12886.02,114311.22,21211.13,Not Verified,debt_consolidation
5100.0,36.0,128737.45,23.11,677.0,10.0,OWN,6.0,7.0,4.0,14.0,17.0,371.78,4.0,45131.72,657946.8,13774.41,Not Verified,debt_consolidation
1800.0,36.0,29715.27,13.12,692.0,0.0,RENT,0.0,0.0,1.0,,69.0,135.67,27.0,1978.33,9674.17,802.98,Source Verified,debt_consolidation
4900.0,36.0,21710.73,22.66,694.0,,RENT,0.0,4.0,2.0,4.0,4.0,199.04,4.0,2535.01,7676.43,1788.01,Not Verified,debt_consolidation
9900.0,36.0,109443.24,33.2,669.0,10.0,RENT,1.0,4.0,10.0,2.0,18.0,168.11,7.0,4846.83,90873.53,38234.94,Source Verified,debt_consolidation
20300.0,36.0,91376.04,18.95,696.0,2.0,RENT,,,,,,,,,,,Not Verified,debt_consolidation
12000.0,36.0,77705.76,34.43,718.0,7.0,OWN,4.0,8.0,4.0,1.0,8.0,192.71,6.0,14327.23,116284.47,11857.3,Source Verified,debt_consolidation
2500.0,36.0,30148.73,28.16,702.0,,MORTGAGE,0.0,7.0,6.0,14.0,16.0,130.71,14.0,4640.37,54494.01,5443.11,Not Verified,debt_consolidation
29800.0,60.0,163868.59,16.16,725.0,3.0,MORTGAGE,4.0,6.0,8.0,7.0,7.0,260.24,6.0,12356.11,255648.51,87239.74,Source Verified,small_business
9000.0,36.0,26801.36,20.28,671.0,0.0,RENT,0.0,4.0,5.0,22.0,5.0,46.56,5.0,1877.53,23585.35,5173.59,Source Verified,debt_consolidation
17500.0,60.0,40237.09,14.98,689.0,1.0,MORTGAGE,1.0,1.0,5.0,8.0,63.0,233.99,8.0,16956.48,121738.53,11443.87,Not Verified,debt_consolidation
9900.0,36.0,33364.79,9.54,754.0,,OWN,2.0,3.0,2.0,17.0,3.0,131.96,3.0,1213.79,8722.95,41139.89,Not Verified,debt_consolidation
4000.0,36.0,49970.8,6.63,681.0,3.0,RENT,0.0,4.0,4.0,1.0,2.0,112.04,2.0,1601.22,14648.7,5049.39,Not Verified,debt_consolidation
12100.0,60.0,107492.87,26.65,684.0,3.0,MORTGAGE,2.0,6.0,3.0,3.0,8.0,112.45,3.0,28162.16,372906.43,6776.71,Not Verified,debt_consolidation
5000.0,36.0,97290.67,6.55,665.0,10.0,OWN,2.0,3.0,1.0,1.0,42.0,437.29,7.0,895.26,2657.91,1937.02,Source Verified,debt_consolidation
4600.0,36.0,32519.1,7.86,686.0,2.0,MORTGAGE,2.0,4.0,4.0,1.0,7.0,155.32,1.0,16621.33,114945.1,3487.16,Not Verified,debt_consolidation
13500.0,36.0,70652.55,18.87,687.0,0.0,RENT,0.0,4.0,3.0,2.0,12.0,95.88,8.0,9153.34,43922.31,16896.32,Source Verified,debt_consolidation
6000.0,36.0,48869.55,10.31,646.0,10.0,OWN,0.0,4.0,4.0,,10.0,93.64,6.0,1432.5,11393.94,8384.66,Not Verified,debt_consolidation
10100.0,36.0,99434.21,17.53,665.0,10.0,MORTGAGE,10.0,6.0,5.0,24.0,35.0,150.44,11.0,20383.14,247731.06,7804.57,Not Verified,debt_consolidation
18800.0,36.0,59828.86,22.58,714.0,6.0,MORTGAGE,1.0,1.0,2.0,,87.0,139.34,11.0,18670.24,111294.45,21114.14,Source Verified,debt_consolidation
8000.0,36.0,19660.4,26.61,679.0,5.0,OWN,0.0,4.0,5.0,18.0,8.0,258.11,6.0,2293.01,13270.94,5257.86,Not Verified,debt_consolidation
32700.0,60.0,177522.87,2.82,681.0,10.0,RENT,5.0,3.0,3.0,17.0,5.0,186.39,5.0,90222.59,620796.6,76276.6,Source Verified,debt_consolidation
20500.0,36.0,58101.04,13.15,747.0,10.0,OWN,1.0,4.0,3.0,16.0,26.0,203.46,3.0,4337.67,51588.73,32283.09,Source Verified,debt_consolidation
24100.0,36.0,134436.72,19.25,663.0,2.0,MORTGAGE,4.0,6.0,9.0,1.0,5.0,124.82,1.0,18543.88,303246.72,39468.26,Not Verified,debt_consolidation
10000.0,36.0,63616.27,19.02,748.0,10.0,RENT,0.0,5.0,10.0,4.0,6.0,237.9,6.0,1296.48,24074.75,53988.82,Source Verified,debt_consolidation
11200.0,36.0,36941.56,19.84,656.0,2.0,RENT,0.0,4.0,4.0,0.0,12.0,114.81,12.0,3736.92,36456.09,8658.57,Not Verified,debt_consolidation
7000.0,36.0,25320.6,19.57,670.0,,MORTGAGE,4.0,7.0,6.0,4.0,10.0,562.67,6.0,1298.62,11698.56,43748.15,Source Verified,debt_consolidation
15500.0,36.0,100155.89,6.26,698.0,6.0,RENT,0.0,0.0,1.0,11.0,194.0,206.55,26.0,7226.58,14158.23,7877.8,Not Verified,debt_consolidation
19200.0,60.0,44860.98,8.25,680.0,1.0,MORTGAGE,1.0,2.0,4.0,1.0,36.0,128.94,5.0,10429.97,71975.44,8474.95,Not Verified,debt_consolidation
9800.0,36.0,39555.69,18.68,649.0,8.0,MORTGAGE,1.0,6.0,6.0,8.0,5.0,97.57,5.0,23947.59,264220.59,9931.66,Source Verified,debt_consolidation
35100.0,36.0,500000.0,3.01,736.0,10.0,MORTGAGE,7.0,2.0,5.0,16.0,21.0,170.53,13.0,70664.2,632799.18,138788.69,Source Verified,debt_consolidation
15400.0,36.0,70532.41,17.27,736.0,1.0,MORTGAGE,,,,,,,,,,,Not Verified,debt_consolidation
15000.0,36.0,86368.4,31.61,721.0,10.0,RENT,0.0,5.0,11.0,4.0,3.0,177.71,3.0,7218.26,110673.87,20990.17,Not Verified,debt_consolidation
7200.0,36.0,32798.96,16.98,689.0,2.0,RENT,0.0,5.0,3.0,9.0,8.0,118.94,8.0,4367.86,21351.32,3617.42,Not Verified,debt_consolidation
12100.0,36.0,48244.05,25.17,706.0,3.0,RENT,0.0,5.0,,,81.0,,,,,6936.17,Source Verified,debt_consolidation
4000.0,36.0,71765.48,12.56,683.0,4.0,RENT,0.0,4.0,3.0,3.0,8.0,28.19,3.0,8699.96,42763.47,5387.09,Source Verified,debt_consolidation
5500.0,36.0,70291.21,11.69,681.0,,MORTGAGE,2.0,2.0,4.0,11.0,64.0,234.88,3.0,16426.61,161302.25,15810.99,Not Verified,debt_consolidation
8000.0,60.0,89332.09,18.37,683.0,5.0,RENT,,,,,,,,,,,Not Verified,debt_consolidation
17400.0,60.0,45373.92,26.31,684.0,5.0,MORTGAGE,0.0,4.0,6.0,2.0,21.0,307.45,6.0,4485.06,36785.4,8036.22,Not Verified,debt_consolidation
9600.0,36.0,60189.01,28.56,735.0,10.0,MORTGAGE,3.0,4.0,3.0,10.0,15.0,219.68,15.0,25584.65,175574.72,16244.78,Source Verified,debt_consolidation
7600.0,36.0,104291.55,13.17,678.0,2.0,MORTGAGE,8.0,3.0,2.0,2.0,74.0,143.33,1.0,40768.6,339546.52,507.23,Not Verified,debt_consolidation
18600.0,60.0,60398.0,19.38,683.0,10.0,MORTGAGE,2.0,1.0,12.0,17.0,24.0,291.96,24.0,5725.58,99800.07,80799.24,Source Verified,debt_consolidation
23700.0,36.0,59823.28,13.42,663.0,10.0,OWN,1.0,6.0,8.0,1.0,9.0,322.6,8.0,1768.79,19275.94,30406.42,Not Verified,debt_consolidation
9800.0,36.0,35761.65,30.18,665.0,10.0,MORTGAGE,0.0,7.0,10.0,6.0,18.0,245.05,9.0,1433.09,22551.11,6943.5,Not Verified,debt_consolidation
10700.0,60.0,52118.2,10.62,686.0,3.0,MORTGAGE,0.0,5.0,5.0,5.0,5.0,56.97,5.0,2235.11,17765.45,11412.04,Not Verified,debt_consolidation
32000.0,36.0,103850.14,21.78,712.0,10.0,MORTGAGE,8.0,3.0,9.0,2.0,18.0,263.78,1.0,17804.52,287131.65,20125.01,Not Verified,debt_consolidation
9000.0,60.0,37113.37,0.49,783.0,5.0,RENT,0.0,0.0,,,28.0,,,,,15894.64,Not Verified,small_business
30300.0,60.0,110738.77,15.06,694.0,0.0,MORTGAGE,3.0,8.0,,7.0,7.0,,,,,11213.64,Source Verified,small_business
16500.0,36.0,65951.59,22.87,684.0,10.0,MORTGAGE,3.0,7.0,13.0,8.0,7.0,197.65,7.0,16496.77,348776.2,59936.24,Not Verified,debt_consolidation
29900.0,60.0,72196.61,22.02,705.0,5.0,MORTGAGE,0.0,2.0,3.0,18.0,11.0,137.5,11.0,7699.64,38350.13,5427.62,Source Verified,debt_consolidation
9600.0,36.0,95735.24,26.47,720.0,10.0,MORTGAGE,2.0,1.0,3.0,9.0,67.0,159.34,1.0,17883.55,215418.89,19719.54,Not Verified,debt_consolidation
14800.0,36.0,85617.92,5.18,683.0,10.0,RENT,6.0,10.0,8.0,3.0,3.0,154.02,3.0,774.88,9053.94,17750.2,Source Verified,debt_consolidation
30600.0,36.0,136425.63,11.7,666.0,10.0,RENT,0.0,1.0,5.0,17.0,7.0,210.81,7.0,7651.16,47154.33,49051.93,Source Verified,debt_consolidation
14400.0,36.0,31515.7,31.45,697.0,0.0,RENT,1.0,2.0,5.0,5.0,12.0,132.74,12.0,5761.74,34857.14,19391.42,Not Verified,debt_consolidation
8000.0,36.0,33276.94,29.76,677.0,10.0,MORTGAGE,1.0,1.0,6.0,,21.0,157.24,21.0,2653.11,15783.66,13399.25,Source Verified,debt_consolidation
20600.0,60.0,51605.19,11.58,666.0,1.0,MORTGAGE,3.0,2.0,1.0,,58.0,313.06,8.0,19667.18,97221.66,832.38,Source Verified,debt_consolidation
7200.0,36.0,212039.98,10.47,702.0,5.0,MORTGAGE,3.0,2.0,2.0,,188.0,190.83,5.0,98060.25,688028.17,1092.08,Source Verified,debt_consolidation
24700.0,36.0,144621.17,13.01,765.0,0.0,MORTGAGE,7.0,5.0,7.0,8.0,29.0,237.1,7.0,32474.18,537936.86,109693.92,Not Verified,debt_consolidation
8000.0,36.0,50103.67,16.47,662.0,10.0,MORTGAGE,4.0,8.0,6.0,9.0,17.0,152.9,11.0,15094.51,168501.17,10104.0,Not Verified,debt_consolidation
10200.0,60.0,95025.16,29.2,665.0,3.0,MORTGAGE,4.0,5.0,8.0,1.0,12.0,182.72,7.0,7704.11,113603.01,21797.35,Not Verified,debt_consolidation
25700.0,36.0,65841.57,19.42,685.0,1.0,RENT,0.0,0.0,1.0,,27.0,122.7,27.0,4309.29,52206.18,810.19,Not Verified,debt_consolidation
4800.0,36.0,32919.95,31.37,668.0,10.0,RENT,0.0,0.0,2.0,,48.0,217.65,34.0,5255.02,31172.17,11317.2,Source Verified,debt_consolidation
12100.0,36.0,49497.5,23.04,733.0,10.0,MORTGAGE,2.0,5.0,6.0,12.0,5.0,262.41,5.0,20561.03,266804.21,53094.34,Source Verified,debt_consolidation
3100.0,36.0,40681.16,1.75,656.0,5.0,RENT,0.0,3.0,3.0,18.0,22.0,167.93,7.0,851.43,2499.63,991.37,Not Verified,debt_consolidation
20400.0,36.0,141625.17,18.39,667.0,2.0,MORTGAGE,7.0,11.0,14.0,3.0,15.0,179.07,10.0,17497.19,288890.76,8004.29,Not Verified,debt_consolidation
7600.0,36.0,40597.7,22.53,659.0,6.0,MORTGAGE,2.0,2.0,3.0,3.0,5.0,295.8,5.0,6644.53,46578.75,18143.08,Source Verified,debt_consolidation
24800.0,36.0,174177.97,9.68,664.0,2.0,MORTGAGE,2.0,6.0,5.0,10.0,21.0,105.34,8.0,50503.35,446378.64,25466.83,Not Verified,debt_consolidation
4700.0,36.0,17476.08,24.06,685.0,,RENT,0.0,2.0,6.0,2.0,10.0,434.81,10.0,1739.85,10519.46,2535.3,Not Verified,debt_consolidation
15900.0,60.0,34397.2,32.94,688.0,1.0,OWN,0.0,3.0,13.0,1.0,20.0,199.73,6.0,2986.34,62899.8,31212.1,Source Verified,debt_consolidation
7000.0,36.0,15204.77,2.4,729.0,1.0,RENT,,,,,,,,,,,Not Verified,debt_consolidation
4600.0,36.0,43183.12,26.71,715.0,6.0,RENT,1.0,5.0,7.0,1.0,1.0,118.93,1.0,1553.59,15563.39,1930.87,Source Verified,debt_consolidation
3600.0,36.0,60526.72,12.96,727.0,8.0,RENT,0.0,3.0,2.0,2.0,3.0,35.83,3.0,8891.82,52290.82,6525.64,Not Verified,debt_consolidation
4900.0,36.0,42040.41,26.38,675.0,10.0,RENT,0.0,7.0,16.0,1.0,7.0,107.52,7.0,1375.4,25229.21,10559.28,Not Verified,debt_consolidation
6200.0,36.0,44545.15,16.08,694.0,6.0,RENT,0.0,2.0,3.0,2.0,39.0,100.51,2.0,6066.43,35855.39,2459.45,Not Verified,debt_consolidation
24300.0,36.0,119529.72,9.59,676.0,1.0,RENT,0.0,2.0,3.0,14.0,30.0,103.51,16.0,37044.73,219835.96,25339.53,Source Verified,debt_consolidation
23300.0,36.0,145041.31,4.89,741.0,0.0,MORTGAGE,1.0,9.0,,4.0,,,,,,0.0,Not Verified,debt_consolidation
24600.0,36.0,134929.77,20.63,752.0,5.0,RENT,,,,,,,,,,,Not Verified,debt_consolidation
21300.0,60.0,242929.1,4.27,711.0,5.0,MORTGAGE,2.0,3.0,8.0,8.0,5.0,315.92,5.0,39900.18,548527.11,23117.12,Not Verified,debt_consolidation
10000.0,36.0,59642.26,20.61,716.0,0.0,MORTGAGE,7.0,6.0,3.0,4.0,49.0,244.67,6.0,27800.8,256224.24,1824.5,Not Verified,debt_consolidation
12100.0,36.0,55046.37,5.93,733.0,8.0,RENT,0.0,4.0,4.0,0.0,6.0,98.45,6.0,863.73,9555.88,22268.47,Not Verified,debt_consolidation
20600.0,36.0,84641.25,35.24,683.0,3.0,OWN,0.0,8.0,12.0,2.0,12.0,109.62,7.0,6051.65,94746.74,12628.58,Source Verified,debt_consolidation
10100.0,36.0,59777.86,21.03,682.0,0.0,MORTGAGE,3.0,7.0,8.0,5.0,25.0,272.97,5.0,10510.0,159765.63,9574.72,Not Verified,debt_consolidation
4300.0,36.0,35356.93,29.83,670.0,3.0,RENT,0.0,2.0,3.0,5.0,23.0,87.64,7.0,3437.08,45175.21,11297.05,Not Verified,debt_consolidation
16700.0,60.0,53126.04,32.84,660.0,10.0,RENT,3.0,2.0,7.0,14.0,63.0,182.32,14.0,2983.61,38334.4,4881.35,Not Verified,debt_consolidation
15000.0,36.0,82924.25,21.33,709.0,,MORTGAGE,0.0,4.0,5.0,8.0,4.0,411.56,4.0,2555.59,34830.51,26545.6,Not Verified,debt_consolidation
4000.0,36.0,20890.33,9.0,658.0,8.0,MORTGAGE,1.0,6.0,4.0,4.0,15.0,185.36,4.0,516.65,3619.89,6413.54,Not Verified,debt_consolidation
10100.0,36.0,70802.32,8.72,712.0,0.0,OWN,2.0,5.0,4.0,5.0,4.0,104.31,4.0,25284.16,297025.62,19433.91,Source Verified,debt_consolidation
9100.0,36.0,153796.99,28.01,758.0,10.0,MORTGAGE,4.0,7.0,13.0,13.0,6.0,342.51,6.0,43606.19,887656.12,116193.04,Not Verified,debt_consolidation
19800.0,36.0,106231.85,10.71,726.0,1.0,MORTGAGE,4.0,4.0,6.0,0.0,100.0,140.08,1.0,35683.86,624942.03,40404.39,Not Verified,debt_consolidation
14300.0,36.0,43030.95,17.87,741.0,10.0,OWN,,,,,,,,,,,Source Verified,debt_consolidation
10300.0,60.0,69756.01,12.87,690.0,10.0,MORTGAGE,4.0,4.0,1.0,7.0,86.0,110.59,7.0,64235.79,327640.63,7851.02,Source Verified,debt_consolidation
14600.0,36.0,47180.93,10.69,708.0,6.0,MORTGAGE,2.0,5.0,6.0,3.0,12.0,156.54,3.0,21998.08,179887.1,11678.39,Not Verified,debt_consolidation
20800.0,60.0,72191.8,11.77,696.0,4.0,MORTGAGE,1.0,5.0,10.0,2.0,21.0,165.91,11.0,1694.82,19200.05,5836.71,Source Verified,debt_consolidation
22700.0,36.0,45073.7,36.73,716.0,3.0,RENT,0.0,2.0,3.0,22.0,244.0,253.29,12.0,12156.32,180131.07,55181.02,Not Verified,debt_consolidation
12000.0,36.0,59174.66,17.36,686.0,10.0,RENT,0.0,6.0,8.0,8.0,12.0,164.27,8.0,2323.7,25228.44,20633.53,Source Verified,debt_consolidation
29900.0,36.0,98095.47,24.13,750.0,10.0,MORTGAGE,4.0,3.0,2.0,6.0,80.0,140.16,10.0,36740.83,222176.01,33546.09,Not Verified,debt_consolidation
22200.0,36.0,97611.57,29.95,704.0,7.0,RENT,0.0,5.0,3.0,17.0,17.0,176.41,7.0,8893.81,88920.24,28609.22,Source Verified,debt_consolidation
20600.0,60.0,73828.18,13.06,678.0,10.0,RENT,0.0,2.0,8.0,13.0,13.0,409.26,10.0,3064.86,33435.96,59903.35,Source Verified,debt_consolidation
6100.0,36.0,16794.54,16.74,691.0,,OWN,0.0,3.0,8.0,18.0,7.0,117.52,7.0,776.96,7538.28,3444.86,Not Verified,debt_consolidation
36000.0,36.0,69637.59,17.21,722.0,2.0,MORTGAGE,3.0,4.0,4.0,1.0,1.0,210.48,1.0,22210.19,171699.87,51495.88,Not Verified,debt_consolidation
14100.0,36.0,35499.38,18.7,650.0,3.0,RENT,0.0,5.0,4.0,3.0,4.0,114.47,2.0,6141.96,76075.42,12278.79,Not Verified,debt_consolidation
26800.0,60.0,95105.09,16.5,687.0,10.0,MORTGAGE,7.0,7.0,4.0,,6.0,123.15,6.0,18972.09,250578.97,19057.12,Source Verified,debt_consolidation
4000.0,36.0,17338.53,22.87,706.0,4.0,OWN,0.0,5.0,7.0,2.0,13.0,298.2,13.0,548.1,6559.87,29508.93,Not Verified,debt_consolidation
13700.0,36.0,46226.05,24.99,647.0,8.0,RENT,4.0,12.0,12.0,3.0,34.0,160.55,3.0,3302.92,82860.92,10312.11,Source Verified,debt_consolidation
10500.0,36.0,62655.26,14.54,687.0,2.0,RENT,1.0,0.0,2.0,0.0,63.0,63.9,36.0,6213.34,43874.79,6989.17,Source Verified,debt_consolidation
9900.0,36.0,109907.69,25.91,679.0,10.0,MORTGAGE,5.0,2.0,14.0,16.0,38.0,343.94,10.0,21740.18,349371.7,88852.59,Not Verified,debt_consolidation
8500.0,36.0,72458.38,4.63,686.0,1.0,RENT,0.0,0.0,1.0,2.0,35.0,91.88,27.0,2241.5,28831.97,9194.73,Source Verified,small_business
20500.0,60.0,113064.32,15.13,655.0,10.0,RENT,2.0,8.0,8.0,11.0,8.0,221.08,8.0,3745.19,64783.47,21391.67,Source Verified,debt_consolidation
3600.0,36.0,204117.55,2.23,754.0,5.0,MORTGAGE,,,,,,,,,,,Not Verified,small_business
14900.0,36.0,70509.97,28.06,685.0,1.0,MORTGAGE,1.0,1.0,18.0,13.0,52.0,392.73,13.0,2442.88,57814.53,25863.28,Not Verified,debt_consolidation
20100.0,60.0,57277.1,19.6,691.0,10.0,MORTGAGE,1.0,9.0,7.0,21.0,8.0,111.68,6.0,2426.36,47610.98,65214.27,Source Verified,debt_consolidation
34400.0,36.0,200090.02,11.62,725.0,8.0,MORTGAGE,13.0,6.0,8.0,0.0,8.0,204.9,1.0,17953.5,225486.8,41106.25,Source Verified,debt_consolidation
11200.0,36.0,49787.63,3.2,700.0,10.0,RENT,0.0,5.0,3.0,2.0,24.0,206.42,4.0,4533.49,54943.2,5978.19,Not Verified,debt_consolidation
7100.0,36.0,66300.07,11.68,689.0,10.0,MORTGAGE,5.0,5.0,6.0,0.0,20.0,181.48,12.0,9167.0,100534.29,7892.67,Not Verified,debt_consolidation
30400.0,36.0,120224.46,11.06,722.0,2.0,RENT,2.0,2.0,4.0,4.0,20.0,303.89,18.0,4497.43,41748.13,67514.41,Not Verified,debt_consolidation
20500.0,36.0,87663.18,20.43,687.0,3.0,RENT,0.0,3.0,5.0,17.0,17.0,256.68,17.0,6745.03,169566.49,39630.98,Source Verified,debt_consolidation
11100.0,36.0,84995.16,11.84,787.0,3.0,MORTGAGE,7.0,5.0,2.0,9.0,15.0,231.67,9.0,32311.37,289249.4,32001.26,Not Verified,debt_consolidation
20100.0,36.0,95828.5,19.97,690.0,10.0,MORTGAGE,0.0,7.0,6.0,17.0,21.0,250.3,11.0,6456.79,72064.78,20338.49,Not Verified,debt_consolidation
11100.0,36.0,79299.34,36.14,671.0,8.0,MORTGAGE,4.0,11.0,4.0,5.0,19.0,212.76,5.0,30765.58,463418.58,1294.36,Not Verified,debt_consolidation
2900.0,36.0,44994.41,23.39,713.0,10.0,MORTGAGE,3.0,5.0,3.0,15.0,32.0,173.64,4.0,19803.3,193923.49,9335.46,Not Verified,debt_consolidation
20000.0,60.0,54690.43,20.51,663.0,3.0,RENT,0.0,18.0,15.0,3.0,3.0,50.47,3.0,1393.11,26024.73,27498.7,Not Verified,debt_consolidation
12100.0,36.0,53497.04,15.01,704.0,10.0,MORTGAGE,1.0,1.0,5.0,,2.0,177.62,2.0,14225.8,132225.39,24452.61,Not Verified,debt_consolidation
15000.0,36.0,64727.76,6.29,724.0,10.0,MORTGAGE,1.0,4.0,3.0,15.0,8.0,165.87,8.0,26372.02,297752.8,26679.14,Not Verified,debt_consolidation
9300.0,36.0,34493.37,20.35,696.0,1.0,MORTGAGE,3.0,3.0,5.0,4.0,8.0,68.8,4.0,10852.18,77225.64,1784.84,Source Verified,debt_consolidation
15300.0,60.0,39833.14,16.81,722.0,4.0,OWN,0.0,3.0,6.0,15.0,23.0,235.53,13.0,1650.41,18201.76,29615.61,Not Verified,debt_consolidation
20400.0,36.0,87294.75,11.49,664.0,2.0,RENT,0.0,1.0,4.0,6.0,6.0,149.94,6.0,2849.35,16690.07,11480.45,Source Verified,debt_consolidation
4800.0,36.0,98477.58,21.87,667.0,10.0,OWN,2.0,1.0,9.0,12.0,35.0,367.01,12.0,45846.21,579977.99,29762.21,Source Verified,debt_consolidation
29900.0,60.0,118240.2,11.95,741.0,5.0,MORTGAGE,,,,,,,,,,,Source Verified,debt_consolidation
6000.0,36.0,39598.65,11.94,740.0,2.0,RENT,0.0,4.0,4.0,11.0,16.0,119.79,3.0,4346.98,61133.63,35493.04,Source Verified,debt_consolidation
22400.0,60.0,50943.79,32.47,727.0,10.0,MORTGAGE,4.0,3.0,9.0,8.0,16.0,165.51,8.0,8130.56,114211.3,40203.91,Not Verified,debt_consolidation
10000.0,36.0,38242.89,31.81,678.0,10.0,RENT,0.0,10.0,5.0,0.0,16.0,63.94,13.0,2073.7,29365.9,17357.96,Source Verified,debt_consolidation
12200.0,36.0,69975.41,15.07,738.0,10.0,MORTGAGE,2.0,3.0,6.0,13.0,4.0,283.98,4.0,17372.11,158792.5,15429.7,Not Verified,debt_consolidation
13000.0,36.0,67489.37,9.26,677.0,2.0,RENT,0.0,0.0,5.0,0.0,58.0,401.93,62.0,5223.17,35730.83,14235.74,Source Verified,debt_consolidation
5000.0,36.0,17134.34,14.51,671.0,4.0,RENT,0.0,6.0,7.0,11.0,2.0,170.5,2.0,555.96,5461.56,10617.34,Source Verified,debt_consolidation
2600.0,36.0,64501.94,10.02,659.0,10.0,RENT,0.0,7.0,4.0,1.0,2.0,15.53,2.0,3906.54,23032.45,5772.51,Not Verified,debt_consolidation
14800.0,60.0,63953.14,20.95,653.0,1.0,OWN,0.0,6.0,7.0,19.0,13.0,37.74,13.0,3011.47,55878.42,8765.04,Source Verified,debt_consolidation
15300.0,60.0,253266.23,9.6,659.0,0.0,RENT,0.0,13.0,4.0,0.0,11.0,84.43,8.0,7062.24,90884.32,15319.02,Source Verified,debt_consolidation
23800.0,36.0,113627.45,19.67,687.0,7.0,RENT,8.0,4.0,3.0,4.0,19.0,310.34,4.0,12102.04,136753.81,27096.18,Not Verified,debt_consolidation
3600.0,36.0,59057.62,12.42,724.0,8.0,RENT,0.0,3.0,2.0,2.0,3.0,36.81,3.0,8796.67,51665.72,6751.64,Not Verified,debt_consolidation
17500.0,36.0,63551.68,13.74,759.0,1.0,RENT,2.0,0.0,5.0,13.0,34.0,184.7,30.0,16982.19,150450.2,51219.03,Not Verified,debt_consolidation
36000.0,60.0,100901.64,14.29,690.0,3.0,MORTGAGE,4.0,2.0,5.0,23.0,41.0,267.97,14.0,26640.55,317876.03,30805.97,Not Verified,debt_consolidation
13100.0,36.0,46362.77,12.69,736.0,2.0,RENT,,,,,,,,,,,Not Verified,debt_consolidation
6000.0,36.0,31875.09,34.2,720.0,6.0,RENT,0.0,5.0,7.0,1.0,1.0,65.8,1.0,2927.67,32141.4,14832.37,Source Verified,debt_consolidation
11900.0,36.0,48606.32,12.55,677.0,2.0,RENT,2.0,3.0,3.0,5.0,33.0,272.19,13.0,1608.28,14339.93,16263.09,Source Verified,debt_consolidation
29400.0,60.0,104221.41,17.44,680.0,10.0,MORTGAGE,3.0,6.0,4.0,4.0,8.0,167.89,4.0,4085.41,45645.42,8468.06,Not Verified,debt_consolidation
25400.0,60.0,65389.01,28.18,672.0,10.0,MORTGAGE,4.0,6.0,9.0,4.0,4.0,223.81,4.0,10062.04,163537.25,34917.7,Not Verified,debt_consolidation
11900.0,60.0,91599.61,17.7,675.0,7.0,MORTGAGE,2.0,2.0,4.0,5.0,5.0,140.36,5.0,35433.91,247415.42,16801.58,Not Verified,debt_consolidation
7000.0,36.0,49465.21,7.6,660.0,3.0,MORTGAGE,1.0,1.0,4.0,14.0,28.0,149.79,17.0,21299.35,198635.29,2792.28,Source Verified,debt_consolidation
2400.0,36.0,54852.0,30.06,661.0,9.0,RENT,0.0,3.0,6.0,12.0,12.0,229.13,12.0,5498.91,44199.38,55057.3,Not Verified,debt_consolidation
13900.0,36.0,68408.52,32.61,693.0,4.0,MORTGAGE,0.0,9.0,13.0,15.0,15.0,179.7,6.0,3163.97,64557.29,10767.24,Source Verified,debt_consolidation
12100.0,36.0,59858.42,16.74,667.0,8.0,RENT,0.0,8.0,7.0,12.0,22.0,166.22,5.0,5523.0,118015.03,7402.51,Not Verified,debt_consolidation
13700.0,36.0,75798.37,14.66,700.0,1.0,MORTGAGE,3.0,1.0,5.0,,29.0,110.56,10.0,21786.2,197229.28,28326.53,Not Verified,debt_consolidation
24200.0,36.0,389525.39,0.12,724.0,7.0,RENT,0.0,1.0,2.0,11.0,27.0,327.83,10.0,312.62,1915.82,17240.73,Source Verified,debt_consolidation
24000.0,60.0,73312.64,16.0,676.0,10.0,MORTGAGE,6.0,4.0,6.0,24.0,15.0,306.29,15.0,42410.8,300531.41,45515.7,Source Verified,debt_consolidation
3600.0,36.0,42474.28,5.52,662.0,10.0,MORTGAGE,2.0,5.0,4.0,7.0,4.0,106.03,3.0,14263.43,86492.19,6438.3,Not Verified,debt_consolidation
29800.0,60.0,77357.08,21.27,683.0,7.0,RENT,0.0,7.0,,0.0,3.0,,,,,19826.79,Not Verified,debt_consolidation
24800.0,36.0,96853.85,11.38,690.0,9.0,MORTGAGE,2.0,3.0,4.0,8.0,18.0,141.0,6.0,34575.85,315264.16,22670.49,Not Verified,debt_consolidation
24400.0,60.0,102198.0,25.4,675.0,10.0,MORTGAGE,0.0,5.0,10.0,14.0,16.0,195.15,7.0,4258.35,78398.79,35510.19,Source Verified,debt_consolidation
7100.0,36.0,129301.78,1.64,700.0,10.0,OWN,2.0,3.0,5.0,1.0,41.0,218.6,1.0,47385.13,336715.14,7454.59,Not Verified,debt_consolidation
10200.0,36.0,173080.6,16.44,643.0,0.0,RENT,0.0,1.0,8.0,,56.0,147.25,3.0,9140.01,100633.33,16531.76,Source Verified,debt_consolidation
21700.0,36.0,67278.07,26.54,652.0,5.0,RENT,0.0,13.0,9.0,4.0,12.0,96.07,3.0,1667.41,47927.61,35606.72,Not Verified,debt_consolidation
16500.0,60.0,225388.57,14.61,688.0,10.0,MORTGAGE,6.0,3.0,4.0,5.0,50.0,260.87,3.0,57294.08,510260.06,35663.51,Source Verified,debt_consolidation
35500.0,60.0,136912.44,14.11,653.0,6.0,MORTGAGE,1.0,6.0,10.0,2.0,3.0,149.05,1.0,24648.78,342262.75,13575.27,Source Verified,debt_consolidation
35500.0,36.0,240491.77,15.76,722.0,9.0,MORTGAGE,5.0,0.0,6.0,,25.0,326.48,26.0,112649.44,985345.2,101640.95,Source Verified,debt_consolidation
6000.0,36.0,52958.15,23.45,672.0,10.0,RENT,0.0,3.0,4.0,6.0,13.0,271.9,13.0,3544.74,24339.89,2429.9,Not Verified,debt_consolidation
1500.0,36.0,35004.2,11.86,712.0,9.0,RENT,,,,,,,,,,,Not Verified,debt_consolidation
23800.0,60.0,59896.2,15.77,718.0,10.0,MORTGAGE,1.0,5.0,4.0,7.0,10.0,318.74,7.0,5766.9,51872.84,12508.14,Not Verified,small_business
6000.0,36.0,77213.32,24.55,676.0,4.0,RENT,0.0,9.0,6.0,4.0,23.0,135.29,1.0,10040.05,82693.83,1695.32,Not Verified,debt_consolidation
12300.0,36.0,73899.25,5.65,662.0,2.0,RENT,0.0,4.0,3.0,9.0,14.0,21.77,9.0,2706.68,10740.62,4134.12,Source Verified,debt_consolidation
9000.0,36.0,99010.59,6.34,707.0,1.0,MORTGAGE,3.0,4.0,2.0,8.0,,236.07,22.0,16548.01,213418.92,0.0,Not Verified,debt_consolidation
27800.0,60.0,84472.82,28.87,670.0,2.0,MORTGAGE,5.0,8.0,11.0,0.0,9.0,303.51,9.0,21903.25,393905.95,46066.53,Source Verified,debt_consolidation
3600.0,36.0,20360.65,8.74,771.0,10.0,OWN,,,,,,,,,,,Not Verified,debt_consolidation
21500.0,60.0,49385.95,20.8,682.0,10.0,MORTGAGE,1.0,7.0,9.0,1.0,16.0,116.06,1.0,14449.5,189976.81,9158.03,Not Verified,debt_consolidation
11100.0,36.0,35985.5,1.83,733.0,2.0,OWN,,,,,,,,,,,Not Verified,debt_consolidation
8100.0,36.0,30356.63,22.65,701.0,3.0,RENT,0.0,1.0,3.0,24.0,2.0,92.72,2.0,18370.36,102442.76,7915.3,Not Verified,debt_consolidation
10000.0,36.0,87833.17,18.86,687.0,10.0,MORTGAGE,3.0,1.0,5.0,,49.0,173.56,23.0,29304.65,288752.43,26054.58,Not Verified,debt_consolidation
20900.0,36.0,61263.12,23.63,694.0,10.0,MORTGAGE,1.0,6.0,7.0,4.0,4.0,189.94,1.0,12449.67,141500.22,12676.05,Not Verified,debt_consolidation
9900.0,36.0,65364.05,12.68,720.0,9.0,MORTGAGE,1.0,5.0,4.0,4.0,17.0,200.34,7.0,18960.71,228089.99,13322.2,Not Verified,debt_consolidation
20500.0,36.0,75621.35,12.17,693.0,2.0,MORTGAGE,3.0,8.0,2.0,6.0,50.0,143.61,6.0,28036.6,296400.99,5065.49,Source Verified,debt_consolidation
11900.0,60.0,34328.39,24.48,665.0,8.0,MORTGAGE,1.0,4.0,6.0,10.0,2.0,182.03,2.0,11163.67,98790.52,18639.18,Source Verified,debt_consolidation
5100.0,36.0,35647.16,9.91,663.0,0.0,RENT,,,,,,,,,,,Not Verified,debt_consolidation
14900.0,60.0,39609.18,25.57,701.0,6.0,MORTGAGE,2.0,3.0,4.0,4.0,4.0,157.41,4.0,6626.23,97982.13,25032.42,Not Verified,debt_consolidation
30600.0,36.0,94141.24,14.96,676.0,10.0,MORTGAGE,13.0,7.0,6.0,4.0,16.0,141.13,11.0,4502.19,53994.58,15550.09,Not Verified,debt_consolidation
28700.0,36.0,64723.0,13.6,677.0,8.0,MORTGAGE,1.0,1.0,3.0,19.0,37.0,60.56,19.0,35322.21,178264.64,2223.12,Not Verified,debt_consolidation
9900.0,36.0,46299.38,20.71,672.0,6.0,MORTGAGE,0.0,5.0,9.0,6.0,6.0,35.55,6.0,2053.72,20631.74,13786.82,Not Verified,debt_consolidation
39600.0,36.0,247136.14,11.59,671.0,10.0,OWN,5.0,6.0,10.0,7.0,13.0,209.34,13.0,60791.37,1039500.8,42380.13,Not Verified,debt_consolidation
6000.0,36.0,24016.74,20.68,696.0,5.0,RENT,0.0,2.0,4.0,1.0,22.0,69.42,19.0,1431.26,10038.78,4142.97,Not Verified,debt_consolidation
4900.0,36.0,22821.88,12.88,670.0,0.0,RENT,0.0,2.0,3.0,1.0,23.0,36.2,2.0,2682.0,40463.46,3477.75,Source Verified,debt_consolidation
23300.0,60.0,124299.79,18.19,718.0,7.0,RENT,4.0,4.0,2.0,5.0,41.0,218.13,5.0,8458.37,50082.47,807.1,Not Verified,debt_consolidation
12000.0,36.0,76244.26,5.52,699.0,10.0,RENT,3.0,5.0,7.0,2.0,4.0,77.18,2.0,1498.1,11916.74,31655.38,Not Verified,debt_consolidation
30100.0,60.0,159210.59,15.86,742.0,3.0,MORTGAGE,4.0,6.0,8.0,7.0,7.0,258.66,6.0,12592.4,242411.31,88556.33,Source Verified,small_business
29000.0,60.0,84462.79,30.28,697.0,1.0,MORTGAGE,5.0,16.0,7.0,2.0,9.0,112.45,2.0,10116.88,326824.85,22277.19,Source Verified,debt_consolidation
20500.0,36.0,65954.13,9.83,713.0,10.0,MORTGAGE,4.0,5.0,6.0,9.0,3.0,353.85,3.0,1505.16,21557.99,30692.5,Source Verified,debt_consolidation
16300.0,60.0,64475.16,24.19,681.0,10.0,RENT,0.0,5.0,5.0,7.0,17.0,144.44,6.0,5723.89,46512.67,21817.25,Source Verified,debt_consolidation
34700.0,60.0,84951.86,17.43,695.0,10.0,RENT,0.0,5.0,5.0,1.0,1.0,140.51,1.0,5088.7,60568.89,42026.92,Not Verified,debt_consolidation
15900.0,36.0,78102.43,19.04,651.0,3.0,RENT,0.0,5.0,5.0,5.0,7.0,91.1,2.0,7760.96,55289.18,23146.47,Not Verified,debt_consolidation
31400.0,60.0,82866.15,20.96,679.0,2.0,MORTGAGE,2.0,3.0,8.0,4.0,18.0,179.47,15.0,19359.51,224033.97,7151.0,Not Verified,debt_consolidation
14000.0,60.0,136872.03,18.98,703.0,10.0,MORTGAGE,2.0,4.0,6.0,12.0,75.0,188.81,7.0,21454.04,283806.62,37438.06,Source Verified,debt_consolidation
23900.0,36.0,121298.21,14.99,674.0,,MORTGAGE,4.0,6.0,8.0,5.0,8.0,256.31,5.0,30532.33,510937.36,81601.59,Not Verified,debt_consolidation
20400.0,60.0,100148.84,8.24,736.0,8.0,RENT,3.0,3.0,3.0,4.0,1.0,161.98,1.0,5062.63,40245.7,41018.04,Not Verified,debt_consolidation
10500.0,36.0,57263.89,2.77,663.0,1.0,MORTGAGE,1.0,1.0,3.0,1.0,26.0,336.68,21.0,8692.02,44500.43,995.95,Not Verified,debt_consolidation
10900.0,36.0,30106.35,24.54,741.0,10.0,RENT,0.0,2.0,7.0,1.0,60.0,209.29,6.0,3895.23,30623.5,8660.96,Source Verified,debt_consolidation
21000.0,36.0,70981.39,15.93,808.0,4.0,MORTGAGE,2.0,2.0,2.0,2.0,35.0,156.85,14.0,11422.66,102136.93,47736.49,Not Verified,debt_consolidation
4300.0,36.0,50825.76,29.35,668.0,6.0,RENT,0.0,2.0,1.0,17.0,29.0,212.94,18.0,17652.36,106542.94,4914.71,Not Verified,debt_consolidation
17600.0,60.0,70810.82,31.33,679.0,3.0,MORTGAGE,0.0,11.0,8.0,10.0,5.0,94.7,5.0,5232.43,70345.11,19234.24,Not Verified,debt_consolidation
20300.0,36.0,65099.28,11.76,704.0,10.0,MORTGAGE,1.0,0.0,9.0,7.0,41.0,222.75,30.0,2366.29,30098.07,54203.79,Source Verified,debt_consolidation
27700.0,60.0,78304.83,16.69,708.0,1.0,MORTGAGE,3.0,5.0,7.0,8.0,13.0,296.62,8.0,23609.66,277662.68,14983.82,Not Verified,debt_consolidation
7100.0,36.0,93126.08,8.77,691.0,10.0,OWN,0.0,4.0,8.0,6.0,4.0,228.55,4.0,1831.66,25923.18,33053.27,Source Verified,debt_consolidation
23700.0,60.0,47005.56,20.31,711.0,1.0,RENT,,,,,,,,,,,Not Verified,debt_consolidation
5100.0,36.0,130958.33,22.6,661.0,10.0,OWN,6.0,7.0,4.0,14.0,17.0,367.58,4.0,44664.2,658487.05,13691.29,Not Verified,debt_consolidation
5000.0,36.0,63403.94,20.35,710.0,3.0,RENT,0.0,4.0,2.0,10.0,27.0,252.79,6.0,5353.39,30736.75,55110.38,Not Verified,debt_consolidation
14700.0,36.0,65307.96,12.08,691.0,7.0,RENT,0.0,4.0,4.0,,11.0,125.46,6.0,6267.19,81716.46,53181.95,Source Verified,debt_consolidation
15900.0,36.0,63151.41,22.97,694.0,10.0,MORTGAGE,3.0,7.0,13.0,8.0,7.0,194.51,7.0,16588.5,356863.79,61470.11,Not Verified,debt_consolidation
8200.0,36.0,118472.67,7.11,707.0,3.0,MORTGAGE,1.0,3.0,5.0,1.0,1.0,146.71,1.0,48461.45,377498.1,6803.48,Source Verified,debt_consolidation
14000.0,36.0,36505.66,18.58,769.0,2.0,MORTGAGE,1.0,6.0,5.0,13.0,13.0,116.22,13.0,9986.13,184065.16,116509.58,Not Verified,debt_consolidation
5000.0,36.0,58609.23,26.26,677.0,10.0,RENT,0.0,3.0,7.0,11.0,31.0,113.56,11.0,4325.08,43337.0,16707.07,Not Verified,debt_consolidation
10200.0,36.0,69681.64,25.54,709.0,1.0,RENT,0.0,0.0,5.0,16.0,44.0,160.83,28.0,4848.51,96878.78,14496.28,Source Verified,debt_consolidation
10000.0,36.0,31712.7,19.26,654.0,1.0,RENT,0.0,5.0,4.0,2.0,2.0,55.86,2.0,4432.66,66163.89,11408.57,Not Verified,debt_consolidation
4200.0,36.0,19681.17,7.82,768.0,4.0,RENT,0.0,2.0,0.0,,9.0,204.33,2.0,0.0,0.0,5862.82,Not Verified,debt_consolidation
15000.0,36.0,70341.09,20.89,738.0,7.0,RENT,0.0,6.0,9.0,11.0,11.0,47.93,11.0,3460.28,56188.08,39381.36,Not Verified,debt_consolidation
9800.0,60.0,30274.83,14.05,757.0,10.0,RENT,0.0,2.0,5.0,12.0,22.0,146.86,12.0,2716.4,24087.31,17514.47,Source Verified,debt_consolidation
20600.0,60.0,48396.87,30.58,709.0,10.0,MORTGAGE,5.0,2.0,7.0,,16.0,85.48,16.0,14522.5,153822.81,21434.04,Not Verified,debt_consolidation
20900.0,60.0,50829.54,18.33,672.0,8.0,MORTGAGE,3.0,11.0,6.0,6.0,17.0,122.37,3.0,7491.91,94344.16,17009.94,Not Verified,debt_consolidation
9900.0,36.0,111877.63,26.46,661.0,10.0,MORTGAGE,5.0,2.0,14.0,16.0,39.0,327.21,10.0,21334.74,331305.2,91526.25,Not Verified,debt_consolidation
19700.0,60.0,46012.69,20.22,679.0,0.0,RENT,0.0,4.0,4.0,4.0,16.0,143.92,17.0,4347.63,38148.9,16765.17,Source Verified,debt_consolidation
9100.0,36.0,69476.12,9.18,756.0,10.0,MORTGAGE,3.0,4.0,4.0,3.0,4.0,207.29,3.0,17191.22,240237.27,43429.91,Not Verified,debt_consolidation
10100.0,60.0,111467.42,8.34,689.0,8.0,RENT,0.0,6.0,3.0,4.0,24.0,57.9,1.0,5054.24,41451.8,5383.98,Source Verified,debt_consolidation
20000.0,36.0,81169.7,23.83,661.0,10.0,RENT,1.0,2.0,6.0,22.0,24.0,136.29,20.0,5239.37,40607.14,12806.03,Not Verified,debt_consolidation
18100.0,36.0,50064.84,18.77,654.0,2.0,RENT,0.0,9.0,9.0,6.0,8.0,154.85,5.0,6542.77,103457.7,18820.37,Source Verified,debt_consolidation
24300.0,60.0,187426.3,12.11,661.0,1.0,RENT,1.0,9.0,10.0,4.0,11.0,169.97,7.0,3244.1,58684.53,10668.83,Source Verified,debt_consolidation
9900.0,36.0,38616.38,23.85,704.0,0.0,MORTGAGE,1.0,3.0,4.0,8.0,40.0,142.93,5.0,12047.32,122062.82,5487.23,Source Verified,debt_consolidation
5100.0,36.0,35384.78,4.31,675.0,,OWN,0.0,7.0,4.0,1.0,2.0,71.13,2.0,427.97,3976.85,19734.27,Not Verified,debt_consolidation
17900.0,36.0,45179.23,30.08,690.0,9.0,RENT,2.0,5.0,7.0,0.0,3.0,124.46,3.0,3742.87,45442.19,18682.18,Not Verified,debt_consolidation
20100.0,60.0,68091.3,22.94,663.0,10.0,OWN,0.0,0.0,3.0,,175.0,356.25,44.0,6983.69,42402.31,52907.82,Source Verified,debt_consolidation
25700.0,36.0,101636.99,18.36,758.0,10.0,MORTGAGE,1.0,2.0,5.0,14.0,14.0,224.05,14.0,6060.37,109802.4,83144.16,Source Verified,debt_consolidation
13400.0,36.0,87486.54,18.58,671.0,10.0,MORTGAGE,2.0,7.0,5.0,2.0,9.0,376.48,9.0,9305.51,150933.02,28975.63,Not Verified,debt_consolidation
18000.0,60.0,78853.63,11.69,678.0,2.0,MORTGAGE,2.0,9.0,6.0,8.0,4.0,130.89,4.0,26892.15,236631.43,11962.95,Source Verified,debt_consolidation
8900.0,36.0,134428.92,3.59,652.0,1.0,OWN,4.0,4.0,0.0,6.0,27.0,262.73,6.0,5590.83,56324.8,6429.01,Source Verified,debt_consolidation
13800.0,36.0,54195.58,19.28,651.0,10.0,RENT,1.0,7.0,5.0,8.0,15.0,136.38,12.0,2991.82,30860.25,6543.2,Not Verified,debt_consolidation
11900.0,60.0,66404.79,14.33,708.0,10.0,MORTGAGE,,,,,,,,,,,Not Verified,debt_consolidation
15700.0,36.0,107932.29,7.59,772.0,0.0,MORTGAGE,3.0,6.0,6.0,7.0,18.0,225.07,7.0,21309.07,268334.12,44841.12,Not Verified,debt_consolidation
2500.0,36.0,23143.19,15.28,692.0,2.0,RENT,0.0,2.0,3.0,4.0,122.0,121.43,4.0,3979.77,63619.12,784.45,Not Verified,debt_consolidation
9800.0,36.0,111780.87,7.08,682.0,0.0,RENT,0.0,2.0,3.0,1.0,3.0,48.06,1.0,6807.92,39348.47,15344.5,Not Verified,debt_consolidation
10100.0,60.0,59791.7,17.99,670.0,7.0,RENT,0.0,6.0,7.0,7.0,22.0,108.92,3.0,5416.96,102080.3,6237.97,Not Verified,debt_consolidation
20600.0,36.0,151338.05,4.2,744.0,0.0,RENT,5.0,2.0,3.0,5.0,10.0,185.25,9.0,36495.83,372198.72,54983.65,Not Verified,debt_consolidation
17800.0,36.0,56791.78,29.78,750.0,10.0,MORTGAGE,1.0,1.0,9.0,12.0,29.0,205.73,12.0,5738.73,86003.32,25712.14,Not Verified,debt_consolidation
5900.0,36.0,68736.68,17.78,653.0,0.0,RENT,5.0,10.0,13.0,0.0,13.0,136.57,1.0,8646.73,274262.94,6301.37,Not Verified,debt_consolidation
33100.0,36.0,65619.95,2.2,769.0,0.0,RENT,0.0,7.0,3.0,16.0,3.0,116.35,3.0,174.34,2085.92,20612.53,Source Verified,debt_consolidation
6000.0,36.0,16696.43,31.36,729.0,3.0,MORTGAGE,5.0,5.0,3.0,5.0,2.0,162.23,2.0,2322.48,21328.82,10451.69,Source Verified,debt_consolidation
5000.0,36.0,63152.64,33.13,722.0,10.0,MORTGAGE,3.0,3.0,4.0,2.0,11.0,198.6,11.0,25389.26,210850.93,11042.06,Not Verified,debt_consolidation
10100.0,36.0,73779.96,19.62,653.0,4.0,MORTGAGE,1.0,5.0,6.0,6.0,18.0,238.83,17.0,18285.12,229722.15,10947.76,Not Verified,debt_consolidation
29100.0,60.0,114687.38,11.98,720.0,5.0,MORTGAGE,,,,,,,,,,,Source Verified,debt_consolidation
24000.0,60.0,93624.56,23.0,672.0,10.0,MORTGAGE,3.0,6.0,8.0,16.0,15.0,198.41,15.0,12624.96,246566.24,23396.55,Source Verified,debt_consolidation
12400.0,36.0,72690.37,22.41,667.0,3.0,OWN,0.0,9.0,7.0,21.0,6.0,133.29,5.0,5959.81,119705.84,42315.05,Not Verified,debt_consolidation
29800.0,60.0,61035.94,24.45,677.0,,MORTGAGE,,,,,,,,,,,Not Verified,debt_consolidation
27000.0,60.0,110842.67,11.96,690.0,10.0,MORTGAGE,0.0,3.0,3.0,3.0,30.0,241.14,3.0,7670.2,38460.81,44066.67,Not Verified,debt_consolidation
6000.0,36.0,55808.27,19.18,692.0,6.0,MORTGAGE,1.0,4.0,7.0,1.0,3.0,113.46,3.0,6917.58,92055.05,17857.8,Not Verified,debt_consolidation
16200.0,36.0,118873.88,16.89,688.0,10.0,MORTGAGE,2.0,6.0,7.0,2.0,4.0,334.5,4.0,11377.92,162315.08,13273.73,Not Verified,debt_consolidation
25200.0,60.0,148355.83,7.25,662.0,6.0,RENT,0.0,3.0,7.0,18.0,6.0,287.67,6.0,4749.93,49201.8,12653.02,Not Verified,small_business
3900.0,60.0,74400.02,13.17,725.0,2.0,MORTGAGE,,,,,,,,,,,Not Verified,debt_consolidation
3000.0,36.0,75652.9,15.07,699.0,0.0,RENT,4.0,14.0,3.0,0.0,2.0,132.35,2.0,20123.35,270865.44,6507.25,Not Verified,debt_consolidation
19800.0,60.0,90602.72,6.12,673.0,3.0,MORTGAGE,6.0,1.0,5.0,8.0,67.0,158.27,6.0,17966.73,162364.29,10479.43,Source Verified,debt_consolidation
17100.0,36.0,59945.92,27.54,668.0,9.0,RENT,0.0,4.0,6.0,5.0,4.0,156.12,4.0,4844.79,55037.63,17360.43,Not Verified,debt_consolidation
11900.0,60.0,36672.92,19.91,740.0,10.0,MORTGAGE,3.0,0.0,8.0,1.0,40.0,172.52,41.0,14053.17,130715.73,10575.19,Not Verified,debt_consolidation
4900.0,36.0,32820.2,18.41,650.0,0.0,OWN,2.0,5.0,8.0,3.0,8.0,323.89,3.0,930.76,7941.9,28549.79,Source Verified,debt_consolidation
11800.0,36.0,108799.84,11.45,648.0,10.0,MORTGAGE,5.0,3.0,4.0,5.0,31.0,200.17,5.0,22341.16,176152.08,2990.26,Not Verified,debt_consolidation
17300.0,60.0,80048.4,12.24,684.0,2.0,MORTGAGE,2.0,9.0,6.0,8.0,4.0,128.52,4.0,26807.35,238732.29,12131.79,Source Verified,debt_consolidation
21400.0,60.0,68676.8,22.38,664.0,6.0,OWN,0.0,7.0,13.0,1.0,6.0,292.72,6.0,2866.61,43562.74,34447.9,Not Verified,debt_consolidation
19900.0,36.0,63454.04,23.3,725.0,10.0,RENT,0.0,7.0,9.0,8.0,8.0,280.93,5.0,2902.0,44527.48,39966.93,Source Verified,debt_consolidation
15900.0,60.0,55226.82,8.83,685.0,10.0,MORTGAGE,1.0,4.0,10.0,5.0,37.0,127.41,14.0,2093.87,25635.73,12198.23,Source Verified,debt_consolidation
3600.0,36.0,46058.54,22.63,705.0,0.0,RENT,,,,,,,,,,,Not Verified,debt_consolidation
2400.0,36.0,59340.48,12.6,680.0,6.0,MORTGAGE,0.0,2.0,2.0,,39.0,125.62,23.0,5597.55,27924.66,4156.55,Not Verified,debt_consolidation
24900.0,60.0,78411.69,12.07,704.0,2.0,MORTGAGE,0.0,8.0,4.0,9.0,12.0,89.66,4.0,2903.31,29984.28,16762.34,Source Verified,debt_consolidation
11100.0,36.0,78151.57,9.62,701.0,5.0,RENT,0.0,3.0,,,10.0,,,,,7360.29,Not Verified,debt_consolidation
21200.0,60.0,64890.64,14.37,677.0,4.0,RENT,1.0,2.0,6.0,7.0,76.0,194.37,7.0,4068.75,40891.03,14909.9,Not Verified,debt_consolidation
3000.0,36.0,32581.53,29.5,707.0,,MORTGAGE,1.0,1.0,4.0,6.0,23.0,320.11,22.0,4130.29,36234.89,22281.36,Not Verified,debt_consolidation
14100.0,60.0,59831.92,13.3,693.0,3.0,RENT,1.0,8.0,7.0,4.0,8.0,241.17,7.0,2407.64,28633.86,12147.78,Source Verified,debt_consolidation
5100.0,36.0,25490.12,18.52,670.0,2.0,RENT,0.0,3.0,5.0,1.0,4.0,135.97,4.0,1379.12,13876.84,9576.52,Source Verified,debt_consolidation
4700.0,36.0,47248.11,25.65,696.0,,MORTGAGE,2.0,7.0,9.0,0.0,24.0,144.53,3.0,4639.84,55593.99,1376.76,Source Verified,debt_consolidation
36100.0,60.0,120848.25,16.57,709.0,4.0,RENT,,,,,,,,,,,Not Verified,debt_consolidation
23700.0,36.0,107796.06,13.24,700.0,2.0,OWN,3.0,3.0,7.0,2.0,2.0,137.52,2.0,29868.69,337080.0,19020.54,Not Verified,debt_consolidation
20200.0,60.0,157179.74,11.95,722.0,3.0,MORTGAGE,5.0,12.0,7.0,2.0,12.0,167.83,5.0,14257.98,215241.15,33040.37,Not Verified,debt_consolidation
11700.0,36.0,67658.37,14.9,754.0,1.0,RENT,0.0,0.0,1.0,2.0,42.0,166.7,30.0,2713.21,26650.77,10403.74,Not Verified,debt_consolidation
23700.0,36.0,126618.3,25.31,647.0,10.0,RENT,1.0,4.0,8.0,10.0,12.0,218.34,10.0,5610.08,76259.6,34116.44,Not Verified,debt_consolidation
20500.0,60.0,69145.12,7.37,658.0,10.0,OWN,2.0,5.0,2.0,7.0,22.0,237.48,6.0,2218.23,15806.01,3778.87,Source Verified,debt_consolidation
15300.0,36.0,55146.07,14.47,655.0,9.0,RENT,0.0,2.0,7.0,15.0,2.0,117.91,2.0,1258.44,11514.88,7202.99,Not Verified,debt_consolidation
10300.0,36.0,30158.4,29.36,696.0,5.0,RENT,0.0,2.0,6.0,18.0,4.0,55.99,4.0,2429.15,21867.07,31641.64,Not Verified,debt_consolidation
4000.0,36.0,85801.3,17.75,706.0,10.0,MORTGAGE,6.0,5.0,10.0,2.0,7.0,238.58,2.0,18702.05,341556.86,48534.78,Not Verified,debt_consolidation
21000.0,60.0,73367.52,12.64,694.0,10.0,RENT,0.0,2.0,8.0,13.0,13.0,399.55,10.0,3025.84,33526.41,61553.38,Source Verified,debt_consolidation
10200.0,36.0,42828.17,8.25,690.0,5.0,RENT,0.0,7.0,6.0,8.0,4.0,41.16,4.0,876.19,7945.64,18045.07,Not Verified,debt_consolidation
23600.0,60.0,53474.26,22.44,706.0,6.0,MORTGAGE,1.0,4.0,5.0,,55.0,80.19,11.0,15700.02,151932.66,15662.37,Not Verified,debt_consolidation
15600.0,60.0,92167.4,16.05,688.0,2.0,MORTGAGE,1.0,8.0,9.0,4.0,7.0,312.15,4.0,12903.53,163599.63,31205.76,Source Verified,debt_consolidation
2000.0,36.0,25596.5,16.14,737.0,2.0,RENT,0.0,6.0,,8.0,1.0,,,,,7434.39,Not Verified,debt_consolidation
5000.0,36.0,48093.65,6.07,728.0,,MORTGAGE,9.0,2.0,3.0,12.0,19.0,433.75,15.0,66309.14,266320.63,12009.8,Not Verified,debt_consolidation
12100.0,36.0,50426.33,11.06,715.0,0.0,RENT,0.0,7.0,4.0,0.0,2.0,101.7,2.0,5296.2,61795.4,45224.27,Source Verified,debt_consolidation
8200.0,36.0,41603.31,2.83,698.0,,MORTGAGE,3.0,6.0,3.0,1.0,1.0,154.02,1.0,4134.45,44752.3,12859.6,Source Verified,debt_consolidation
24700.0,36.0,83489.53,28.61,712.0,10.0,RENT,0.0,4.0,4.0,1.0,39.0,143.35,12.0,8245.15,75420.47,36087.45,Source Verified,debt_consolidation
4800.0,36.0,78194.05,17.98,757.0,4.0,MORTGAGE,1.0,0.0,2.0,14.0,65.0,231.72,45.0,78946.03,390063.08,35584.01,Not Verified,debt_consolidation
4000.0,36.0,21437.65,8.21,667.0,0.0,OWN,0.0,9.0,3.0,4.0,3.0,73.87,3.0,1911.47,9608.64,11702.23,Source Verified,debt_consolidation
3900.0,36.0,12276.34,13.64,733.0,,RENT,0.0,3.0,4.0,0.0,3.0,196.9,0.0,643.06,3873.66,10021.1,Not Verified,debt_consolidation
1300.0,36.0,50806.67,31.77,717.0,1.0,RENT,0.0,3.0,5.0,4.0,27.0,119.99,4.0,4779.78,65050.48,3826.4,Not Verified,debt_consolidation
5900.0,36.0,109650.95,14.91,688.0,10.0,RENT,0.0,3.0,5.0,17.0,18.0,231.2,8.0,8278.55,64681.22,39146.03,Not Verified,debt_consolidation
14700.0,60.0,80491.7,13.33,685.0,0.0,RENT,0.0,2.0,5.0,5.0,5.0,150.59,5.0,14942.25,104647.52,18248.33,Not Verified,debt_consolidation
10500.0,36.0,40348.72,12.64,675.0,3.0,RENT,0.0,10.0,10.0,10.0,4.0,184.7,4.0,621.76,11362.74,11679.34,Source Verified,debt_consolidation
5500.0,36.0,56155.21,25.73,664.0,10.0,RENT,1.0,5.0,7.0,2.0,7.0,195.86,2.0,5669.73,58069.75,9239.07,Source Verified,debt_consolidation
11200.0,36.0,38409.1,11.59,719.0,10.0,RENT,0.0,1.0,,,9.0,,,,,13576.44,Not Verified,debt_consolidation
30100.0,60.0,210357.12,13.86,798.0,10.0,MORTGAGE,5.0,3.0,,8.0,60.0,,,,,86328.19,Not Verified,debt_consolidation
23700.0,60.0,100078.24,9.23,696.0,6.0,RENT,0.0,1.0,8.0,0.0,45.0,173.58,9.0,2716.37,30887.64,36631.38,Not Verified,debt_consolidation
15700.0,36.0,83785.96,15.89,691.0,2.0,MORTGAGE,3.0,3.0,21.0,1.0,26.0,196.78,11.0,15270.19,380541.21,63598.67,Source Verified,debt_consolidation
12600.0,60.0,56139.56,30.47,665.0,1.0,RENT,0.0,8.0,6.0,3.0,11.0,410.69,3.0,4362.69,38832.89,32493.02,Source Verified,debt_consolidation
3500.0,36.0,46131.7,23.3,675.0,0.0,RENT,,,,,,,,,,,Not Verified,debt_consolidation
8800.0,36.0,97032.98,18.62,673.0,10.0,RENT,0.0,1.0,17.0,2.0,84.0,358.98,2.0,2089.88,38908.04,22614.14,Not Verified,debt_consolidation
8000.0,36.0,64134.06,13.14,693.0,3.0,RENT,0.0,4.0,5.0,6.0,11.0,308.94,8.0,2958.36,39980.98,3875.77,Source Verified,debt_consolidation
30300.0,36.0,135993.48,11.73,698.0,10.0,RENT,0.0,1.0,5.0,17.0,7.0,215.91,7.0,7883.05,46545.33,48841.42,Source Verified,debt_consolidation
13700.0,60.0,75957.22,18.28,736.0,6.0,RENT,0.0,6.0,12.0,15.0,1.0,170.9,1.0,2673.85,48044.02,88460.12,Not Verified,debt_consolidation
20000.0,36.0,75816.42,19.43,634.0,10.0,MORTGAGE,4.0,6.0,6.0,3.0,3.0,141.65,3.0,22950.28,209032.34,29692.0,Not Verified,debt_consolidation
20900.0,36.0,86000.82,23.92,727.0,10.0,OWN,1.0,1.0,5.0,12.0,12.0,464.66,12.0,28078.52,196906.98,103661.6,Not Verified,debt_consolidation
20100.0,36.0,150817.34,9.94,699.0,4.0,MORTGAGE,,,,,,,,,,,Not Verified,debt_consolidation
33500.0,36.0,216764.3,23.37,664.0,10.0,MORTGAGE,6.0,8.0,9.0,17.0,52.0,249.85,2.0,22713.61,460980.54,76966.96,Source Verified,debt_consolidation
9800.0,36.0,49543.72,19.65,705.0,10.0,RENT,1.0,2.0,7.0,4.0,22.0,185.98,6.0,2982.75,29859.68,13111.36,Source Verified,debt_consolidation
17700.0,36.0,43718.89,25.3,718.0,7.0,MORTGAGE,1.0,3.0,9.0,14.0,49.0,167.38,14.0,8264.33,91749.55,2972.0,Source Verified,debt_consolidation
30000.0,60.0,120611.36,16.85,729.0,10.0,MORTGAGE,5.0,4.0,3.0,,9.0,234.89,9.0,10126.89,269908.62,33399.17,Not Verified,debt_consolidation
15200.0,36.0,108301.41,9.91,660.0,10.0,RENT,0.0,1.0,5.0,22.0,62.0,267.37,14.0,1464.05,14762.18,11384.56,Not Verified,debt_consolidation
20100.0,60.0,45376.36,26.02,724.0,0.0,MORTGAGE,0.0,4.0,9.0,,5.0,134.76,0.0,2070.62,37297.66,14375.9,Not Verified,debt_consolidation
35200.0,60.0,110732.86,32.13,700.0,1.0,RENT,0.0,9.0,16.0,0.0,18.0,144.38,3.0,4766.53,99024.11,23454.95,Not Verified,debt_consolidation
9200.0,36.0,65628.89,7.41,691.0,3.0,RENT,,,,,,,,,,,Not Verified,debt_consolidation
8000.0,36.0,46386.82,10.59,685.0,3.0,RENT,0.0,11.0,7.0,2.0,12.0,50.29,12.0,742.3,8761.07,20685.78,Source Verified,debt_consolidation
32300.0,36.0,91106.08,31.56,692.0,10.0,MORTGAGE,5.0,10.0,5.0,3.0,101.0,455.46,9.0,20936.67,303307.61,8443.94,Not Verified,debt_consolidation
23700.0,60.0,49953.75,27.36,720.0,0.0,MORTGAGE,6.0,2.0,2.0,11.0,29.0,320.14,5.0,7649.3,55320.06,53147.23,Source Verified,debt_consolidation
16000.0,60.0,150695.26,8.98,732.0,0.0,OWN,1.0,6.0,5.0,4.0,4.0,113.4,4.0,28317.02,375249.84,23601.43,Not Verified,debt_consolidation
3900.0,36.0,51524.25,20.84,804.0,7.0,RENT,0.0,3.0,5.0,3.0,12.0,117.07,10.0,6367.17,85990.87,20012.49,Not Verified,debt_consolidation
17700.0,36.0,44309.04,30.14,687.0,9.0,RENT,2.0,5.0,7.0,0.0,3.0,121.21,3.0,3661.92,44635.47,19127.93,Not Verified,debt_consolidation
25400.0,36.0,115350.53,21.23,670.0,,MORTGAGE,2.0,6.0,19.0,0.0,4.0,363.38,1.0,3422.72,70628.41,11554.36,Source Verified,debt_consolidation
16100.0,36.0,98247.23,14.99,653.0,,RENT,1.0,5.0,4.0,4.0,41.0,143.39,9.0,4186.2,42214.73,5957.63,Source Verified,debt_consolidation
16900.0,36.0,55540.52,33.67,680.0,9.0,MORTGAGE,2.0,7.0,4.0,1.0,10.0,95.79,10.0,22972.34,216886.9,2520.34,Source Verified,debt_consolidation
9800.0,36.0,34973.97,28.77,690.0,10.0,RENT,0.0,3.0,8.0,0.0,14.0,154.04,1.0,3392.59,31627.76,16915.91,Not Verified,debt_consolidation
33300.0,36.0,69374.27,4.85,692.0,10.0,MORTGAGE,3.0,3.0,6.0,24.0,3.0,224.79,3.0,8195.44,140693.04,44405.9,Source Verified,debt_consolidation
20000.0,36.0,46215.67,19.5,721.0,5.0,MORTGAGE,1.0,2.0,4.0,0.0,30.0,175.31,12.0,8863.69,108115.49,14158.24,Not Verified,debt_consolidation
26700.0,60.0,90604.99,27.1,725.0,10.0,MORTGAGE,3.0,6.0,8.0,14.0,3.0,174.55,3.0,36626.1,534699.57,52724.89,Source Verified,debt_consolidation
15100.0,36.0,53694.96,13.97,779.0,8.0,MORTGAGE,1.0,3.0,2.0,19.0,16.0,104.57,8.0,31337.58,184436.88,16365.78,Not Verified,debt_consolidation
24200.0,36.0,108926.06,2.55,745.0,3.0,OWN,0.0,3.0,1.0,5.0,24.0,110.71,7.0,1046.8,9704.2,46247.36,Source Verified,debt_consolidation
13300.0,60.0,26230.69,9.61,690.0,3.0,RENT,,,,,,,,,,,Source Verified,small_business
17100.0,36.0,94186.13,9.14,684.0,0.0,RENT,0.0,2.0,6.0,,38.0,169.31,3.0,4509.45,37702.65,25457.04,Not Verified,debt_consolidation
9800.0,36.0,68136.31,10.74,696.0,4.0,RENT,0.0,4.0,7.0,2.0,4.0,232.7,4.0,2226.72,27255.47,37410.38,Source Verified,debt_consolidation
13300.0,36.0,53088.95,19.77,776.0,10.0,RENT,5.0,0.0,3.0,21.0,36.0,366.94,35.0,36180.22,182228.63,16669.14,Not Verified,debt_consolidation
24000.0,60.0,101452.37,16.39,708.0,10.0,RENT,0.0,4.0,2.0,2.0,30.0,227.27,2.0,8129.41,88367.67,19396.38,Source Verified,debt_consolidation
3700.0,36.0,24870.41,4.85,645.0,0.0,RENT,,,,,,,,,,,Not Verified,debt_consolidation
5100.0,36.0,58749.43,6.28,668.0,10.0,RENT,0.0,0.0,4.0,,33.0,165.07,33.0,1710.93,6865.48,7430.73,Not Verified,debt_consolidation
3900.0,36.0,12372.83,13.76,725.0,,RENT,0.0,3.0,4.0,0.0,3.0,193.14,0.0,636.53,3819.66,10123.26,Not Verified,debt_consolidation
7500.0,36.0,49051.55,15.53,774.0,,OWN,2.0,4.0,4.0,,15.0,248.56,15.0,963.24,16459.79,75539.73,Not Verified,debt_consolidation
16500.0,36.0,131571.9,7.01,672.0,10.0,RENT,0.0,8.0,5.0,11.0,11.0,143.51,5.0,1397.6,15497.62,10182.69,Source Verified,debt_consolidation
10100.0,36.0,165798.17,11.07,703.0,10.0,MORTGAGE,4.0,3.0,4.0,4.0,44.0,179.0,4.0,31264.32,401445.37,9657.64,Source Verified,debt_consolidation
5000.0,36.0,30660.64,30.81,663.0,4.0,MORTGAGE,2.0,6.0,1.0,6.0,18.0,342.35,6.0,5054.79,35477.28,2981.64,Not Verified,debt_consolidation
6000.0,36.0,17200.56,31.82,750.0,3.0,MORTGAGE,5.0,5.0,3.0,5.0,2.0,161.31,2.0,2378.43,21492.79,10545.15,Source Verified,debt_consolidation
13400.0,36.0,26984.24,25.6,670.0,3.0,MORTGAGE,0.0,2.0,8.0,0.0,10.0,125.35,10.0,1609.6,14477.12,11664.3,Source Verified,debt_consolidation
6500.0,36.0,26251.59,25.51,694.0,,RENT,1.0,1.0,5.0,,44.0,150.17,19.0,1992.91,16022.26,21711.5,Source Verified,debt_consolidation
13900.0,36.0,69196.23,25.89,706.0,3.0,MORTGAGE,2.0,2.0,11.0,5.0,94.0,201.04,5.0,5798.44,90658.02,2381.25,Not Verified,debt_consolidation
25000.0,36.0,69391.59,26.62,728.0,10.0,RENT,0.0,7.0,10.0,9.0,11.0,172.1,2.0,5061.93,98020.46,24947.7,Not Verified,debt_consolidation
20000.0,36.0,61569.0,23.34,675.0,10.0,MORTGAGE,3.0,0.0,6.0,,33.0,330.64,34.0,11262.87,149342.56,36719.74,Source Verified,debt_consolidation
9900.0,36.0,87498.82,16.7,679.0,10.0,MORTGAGE,4.0,7.0,12.0,16.0,11.0,336.55,7.0,2237.7,39946.18,69717.8,Not Verified,debt_consolidation
18100.0,36.0,84072.89,12.19,678.0,2.0,RENT,1.0,1.0,3.0,5.0,5.0,235.77,5.0,5958.32,29669.22,5452.17,Not Verified,debt_consolidation
20900.0,60.0,122144.87,24.12,709.0,10.0,MORTGAGE,4.0,3.0,1.0,7.0,123.0,177.26,7.0,35787.81,280884.36,15666.08,Source Verified,debt_consolidation
17500.0,36.0,59368.79,13.24,769.0,10.0,MORTGAGE,7.0,3.0,2.0,1.0,9.0,366.22,9.0,21353.07,132635.46,39324.69,Not Verified,debt_consolidation
25100.0,60.0,58302.94,16.25,677.0,10.0,MORTGAGE,1.0,3.0,6.0,,2.0,198.31,2.0,26913.36,247818.16,28749.13,Source Verified,debt_consolidation
4900.0,36.0,24900.42,33.46,674.0,,OWN,0.0,3.0,2.0,1.0,35.0,182.61,1.0,2619.15,18241.5,997.29,Not Verified,debt_consolidation
5000.0,36.0,70652.19,13.21,763.0,0.0,RENT,0.0,1.0,3.0,9.0,25.0,152.81,9.0,12174.14,118701.04,21607.73,Not Verified,debt_consolidation
12000.0,36.0,79246.91,13.39,657.0,0.0,MORTGAGE,2.0,5.0,4.0,14.0,13.0,166.24,13.0,24487.39,271221.39,9990.91,Source Verified,debt_consolidation
9700.0,36.0,51310.93,17.06,668.0,0.0,RENT,0.0,4.0,5.0,11.0,55.0,81.99,11.0,9171.28,97140.53,6869.55,Not Verified,debt_consolidation
8100.0,36.0,37076.01,14.04,824.0,,MORTGAGE,2.0,4.0,4.0,4.0,4.0,457.69,4.0,13814.37,235473.55,74270.14,Not Verified,debt_consolidation
16000.0,36.0,54947.31,25.97,676.0,0.0,RENT,0.0,8.0,15.0,10.0,17.0,152.58,10.0,2438.26,47836.49,38659.99,Not Verified,debt_consolidation
4100.0,36.0,24727.96,10.24,670.0,5.0,OWN,,,,,,,,,,,Not Verified,debt_consolidation
16200.0,60.0,75052.1,24.23,673.0,10.0,RENT,1.0,1.0,3.0,6.0,67.0,151.53,6.0,5925.61,47533.99,1494.69,Not Verified,debt_consolidation
6100.0,36.0,30569.37,4.16,643.0,10.0,OWN,2.0,3.0,3.0,2.0,2.0,177.24,2.0,754.79,4553.64,8306.51,Not Verified,debt_consolidation
12100.0,36.0,38699.36,36.36,683.0,10.0,RENT,0.0,0.0,4.0,10.0,80.0,148.55,79.0,6580.19,33003.64,49708.94,Source Verified,debt_consolidation
2500.0,36.0,23015.73,15.86,692.0,2.0,RENT,0.0,2.0,3.0,4.0,120.0,121.13,4.0,4002.24,63461.24,793.82,Not Verified,debt_consolidation
13300.0,60.0,27832.18,12.14,736.0,1.0,MORTGAGE,2.0,6.0,7.0,3.0,5.0,59.7,3.0,16529.14,143737.31,21797.95,Source Verified,debt_consolidation
17800.0,60.0,73285.85,25.01,685.0,10.0,MORTGAGE,8.0,5.0,6.0,9.0,18.0,141.59,9.0,23248.1,262834.9,31268.29,Not Verified,debt_consolidation
20500.0,36.0,101001.22,7.84,656.0,8.0,MORTGAGE,4.0,1.0,5.0,11.0,76.0,224.76,20.0,101340.59,723437.79,22426.73,Not Verified,debt_consolidation
32000.0,60.0,79847.3,15.45,715.0,7.0,MORTGAGE,1.0,0.0,3.0,,39.0,168.58,38.0,35331.77,177615.07,32795.87,Not Verified,debt_consolidation
15100.0,60.0,57850.84,21.08,695.0,5.0,MORTGAGE,4.0,6.0,6.0,13.0,18.0,95.28,4.0,11525.68,113557.05,2028.8,Source Verified,debt_consolidation
28500.0,60.0,50993.22,19.97,685.0,10.0,RENT,,,,,,,,,,,Not Verified,debt_consolidation
32000.0,60.0,103588.8,15.67,693.0,4.0,OWN,0.0,3.0,8.0,20.0,12.0,322.86,12.0,4338.2,44545.26,11560.65,Not Verified,debt_consolidation
10100.0,36.0,30601.37,34.06,687.0,,MORTGAGE,1.0,3.0,9.0,,4.0,81.85,4.0,8936.15,99487.23,20644.11,Not Verified,debt_consolidation
8000.0,36.0,37131.72,15.88,671.0,2.0,RENT,0.0,5.0,4.0,7.0,7.0,61.41,7.0,6484.3,64182.74,11153.37,Not Verified,debt_consolidation
5000.0,36.0,26454.85,19.68,672.0,5.0,MORTGAGE,0.0,3.0,3.0,1.0,,113.15,4.0,3940.42,19705.89,0.0,Not Verified,debt_consolidation
17700.0,60.0,39269.64,25.09,656.0,10.0,MORTGAGE,4.0,1.0,4.0,20.0,13.0,155.45,13.0,9564.61,66869.8,10199.75,Source Verified,debt_consolidation
8100.0,36.0,34336.55,28.63,689.0,10.0,MORTGAGE,1.0,1.0,6.0,,21.0,158.54,21.0,2688.68,16370.39,13036.9,Source Verified,debt_consolidation
17300.0,36.0,64911.94,21.38,666.0,10.0,MORTGAGE,2.0,2.0,6.0,4.0,7.0,219.47,2.0,38586.41,351168.28,15822.82,Not Verified,debt_consolidation
27800.0,36.0,61397.91,23.69,741.0,10.0,MORTGAGE,1.0,1.0,3.0,10.0,97.0,359.3,10.0,21776.98,86069.94,43158.52,Not Verified,debt_consolidation
23500.0,60.0,81662.99,25.7,675.0,10.0,RENT,0.0,4.0,2.0,11.0,67.0,171.17,1.0,20637.04,138882.47,13174.82,Source Verified,debt_consolidation
12000.0,36.0,44002.82,1.29,799.0,10.0,RENT,0.0,3.0,2.0,9.0,9.0,142.69,9.0,44.18,310.82,20626.19,Source Verified,debt_consolidation
10000.0,36.0,91921.18,13.92,677.0,3.0,MORTGAGE,1.0,5.0,7.0,6.0,13.0,95.76,1.0,60196.81,584210.16,19295.87,Source Verified,debt_consolidation
9700.0,36.0,59646.25,6.14,725.0,7.0,RENT,0.0,3.0,4.0,,6.0,85.41,6.0,7958.3,95869.22,19180.34,Not Verified,debt_consolidation
34900.0,60.0,158179.21,12.03,699.0,10.0,MORTGAGE,4.0,4.0,5.0,3.0,14.0,156.29,1.0,56232.98,525783.39,39606.19,Source Verified,debt_consolidation
17800.0,60.0,128099.17,20.49,651.0,10.0,MORTGAGE,1.0,4.0,5.0,,48.0,238.32,4.0,32433.73,356019.98,6781.97,Source Verified,debt_consolidation
14900.0,60.0,61286.58,28.97,668.0,5.0,OWN,5.0,2.0,7.0,3.0,18.0,150.5,8.0,15303.71,152677.77,8630.12,Source Verified,debt_consolidation
20400.0,36.0,96369.64,26.03,684.0,6.0,MORTGAGE,2.0,10.0,7.0,22.0,2.0,121.41,2.0,12148.5,218067.84,44724.88,Source Verified,debt_consolidation
20200.0,36.0,91151.86,4.4,735.0,5.0,MORTGAGE,3.0,2.0,2.0,,49.0,120.8,14.0,26881.35,215856.35,12574.37,Source Verified,debt_consolidation
24100.0,60.0,68288.73,19.84,694.0,5.0,OWN,0.0,5.0,3.0,3.0,0.0,93.33,0.0,5706.26,33766.91,18176.83,Source Verified,debt_consolidation
34900.0,60.0,80747.95,15.2,681.0,10.0,MORTGAGE,2.0,5.0,5.0,19.0,19.0,71.73,11.0,33668.67,231900.75,7877.58,Not Verified,debt_consolidation
29300.0,60.0,75391.43,13.17,689.0,6.0,MORTGAGE,1.0,4.0,5.0,4.0,5.0,92.18,5.0,3362.38,33598.5,13863.28,Source Verified,debt_consolidation
10100.0,36.0,59790.43,10.95,649.0,8.0,RENT,0.0,5.0,7.0,7.0,7.0,216.7,7.0,1684.07,14980.14,7948.0,Not Verified,debt_consolidation
14100.0,36.0,74068.67,34.46,725.0,10.0,MORTGAGE,5.0,6.0,14.0,10.0,13.0,367.2,2.0,18868.77,399191.43,62695.74,Not Verified,debt_consolidation
15200.0,36.0,71020.51,15.4,670.0,7.0,MORTGAGE,0.0,9.0,12.0,5.0,5.0,46.37,5.0,1429.17,22272.26,7859.41,Source Verified,debt_consolidation
8000.0,36.0,54003.49,23.21,672.0,4.0,RENT,0.0,10.0,13.0,8.0,8.0,52.84,8.0,1791.59,29897.93,28820.41,Not Verified,debt_consolidation
2200.0,36.0,62013.84,22.52,672.0,10.0,MORTGAGE,,,,,,,,,,,Not Verified,debt_consolidation
15700.0,36.0,255533.3,3.14,674.0,10.0,MORTGAGE,5.0,4.0,9.0,15.0,4.0,232.83,4.0,1989.9,20041.59,22925.58,Source Verified,debt_consolidation
5500.0,36.0,39742.32,14.31,713.0,1.0,RENT,0.0,1.0,1.0,,54.0,75.72,7.0,7569.41,22875.42,1007.75,Not Verified,debt_consolidation
8100.0,36.0,74751.26,19.21,696.0,5.0,OWN,0.0,1.0,2.0,,21.0,203.87,21.0,3962.47,19690.62,4531.78,Not Verified,debt_consolidation
11000.0,36.0,59848.04,14.21,655.0,10.0,MORTGAGE,4.0,5.0,5.0,1.0,8.0,381.94,4.0,2480.31,17653.93,4437.89,Not Verified,debt_consolidation
16300.0,36.0,36122.02,30.9,691.0,,MORTGAGE,3.0,0.0,5.0,,78.0,289.42,77.0,6644.69,41175.75,42238.33,Not Verified,debt_consolidation
10000.0,36.0,55007.88,19.23,699.0,8.0,MORTGAGE,1.0,2.0,10.0,6.0,8.0,137.25,6.0,9595.19,117224.05,15931.2,Not Verified,debt_consolidation
19000.0,36.0,60583.08,22.75,717.0,6.0,MORTGAGE,1.0,1.0,2.0,,90.0,137.06,11.0,18311.91,112931.37,20879.27,Source Verified,debt_consolidation
26800.0,60.0,97398.42,15.97,669.0,10.0,MORTGAGE,0.0,9.0,5.0,10.0,,171.72,11.0,4451.22,39647.74,0.0,Not Verified,debt_consolidation
15800.0,36.0,72949.47,17.09,733.0,10.0,MORTGAGE,3.0,2.0,4.0,12.0,18.0,163.02,12.0,19161.95,113947.77,16483.13,Not Verified,debt_consolidation
6000.0,36.0,64468.37,13.47,667.0,10.0,MORTGAGE,3.0,4.0,8.0,12.0,12.0,283.08,12.0,9064.47,89400.13,13457.57,Not Verified,debt_consolidation
14600.0,36.0,85671.54,26.41,733.0,0.0,MORTGAGE,1.0,4.0,7.0,14.0,3.0,351.52,3.0,15905.16,157876.02,53839.69,Not Verified,debt_consolidation
14700.0,36.0,38827.54,13.88,691.0,6.0,RENT,0.0,4.0,8.0,1.0,8.0,96.86,1.0,1225.72,12446.91,7020.8,Source Verified,debt_consolidation
5000.0,36.0,69912.8,4.58,694.0,10.0,MORTGAGE,1.0,8.0,5.0,1.0,24.0,139.19,1.0,2160.18,25683.77,11533.93,Not Verified,debt_consolidation
2400.0,36.0,29387.54,14.21,700.0,7.0,RENT,0.0,0.0,4.0,9.0,26.0,285.53,26.0,2145.07,8802.99,5514.32,Not Verified,debt_consolidation
11700.0,60.0,102960.28,3.53,740.0,5.0,RENT,0.0,4.0,2.0,0.0,41.0,173.33,10.0,3603.38,21286.89,27576.72,Source Verified,debt_consolidation
12200.0,36.0,45277.43,27.25,693.0,10.0,MORTGAGE,1.0,0.0,7.0,,33.0,201.62,29.0,3420.87,40707.74,29410.56,Source Verified,debt_consolidation
11900.0,36.0,60549.76,10.02,679.0,1.0,RENT,0.0,2.0,4.0,,50.0,127.75,9.0,2621.41,15429.96,18318.66,Source Verified,debt_consolidation
14800.0,36.0,84120.2,4.05,696.0,1.0,MORTGAGE,,,,,,,,,,,Source Verified,debt_consolidation
14300.0,60.0,63535.84,15.91,692.0,2.0,RENT,0.0,4.0,6.0,10.0,10.0,283.52,10.0,4759.75,38544.12,24675.75,Source Verified,debt_consolidation
9300.0,36.0,66363.58,13.57,697.0,0.0,RENT,0.0,2.0,3.0,10.0,24.0,148.27,8.0,4781.25,34160.09,19552.57,Source Verified,debt_consolidation
19700.0,36.0,121010.77,17.56,696.0,4.0,MORTGAGE,5.0,4.0,7.0,1.0,14.0,116.63,2.0,26382.21,292374.98,28639.39,Source Verified,debt_consolidation
14900.0,36.0,42086.17,12.69,684.0,5.0,MORTGAGE,1.0,1.0,6.0,,38.0,128.2,18.0,19374.82,137824.66,18049.87,Not Verified,debt_consolidation
30600.0,36.0,74495.67,14.87,734.0,0.0,RENT,0.0,6.0,4.0,3.0,9.0,177.04,3.0,2462.06,32009.93,45580.77,Not Verified,debt_consolidation
34700.0,60.0,77610.86,32.33,663.0,1.0,RENT,1.0,3.0,8.0,1.0,16.0,237.82,1.0,13867.02,225072.17,5914.7,Not Verified,debt_consolidation
15100.0,36.0,93373.55,24.71,679.0,5.0,MORTGAGE,1.0,5.0,5.0,11.0,15.0,91.43,14.0,44138.4,479140.75,12987.28,Not Verified,debt_consolidation
13000.0,60.0,81494.09,20.31,672.0,10.0,RENT,3.0,2.0,4.0,18.0,137.0,396.54,13.0,7622.42,45517.83,18528.77,Source Verified,debt_consolidation
18500.0,36.0,105673.28,7.01,685.0,10.0,RENT,0.0,1.0,5.0,2.0,10.0,194.38,10.0,6244.75,37123.69,15924.52,Not Verified,debt_consolidation
18000.0,36.0,57166.85,16.93,678.0,10.0,RENT,2.0,6.0,12.0,7.0,1.0,88.76,1.0,1770.8,24503.54,28327.63,Source Verified,debt_consolidation
12200.0,36.0,46931.62,15.21,682.0,10.0,MORTGAGE,0.0,5.0,4.0,0.0,19.0,70.11,0.0,3620.63,24151.46,8971.17,Not Verified,debt_consolidation
17300.0,60.0,38409.46,35.3,683.0,1.0,MORTGAGE,0.0,1.0,12.0,5.0,5.0,219.43,5.0,2230.64,33226.73,16328.29,Source Verified,debt_consolidation
8800.0,36.0,89884.43,31.04,755.0,10.0,MORTGAGE,4.0,5.0,4.0,6.0,2.0,328.28,2.0,22381.71,292450.54,42266.25,Source Verified,debt_consolidation
4900.0,36.0,38836.75,12.85,668.0,10.0,RENT,1.0,4.0,4.0,6.0,6.0,336.4,0.0,6046.01,29942.31,1412.59,Source Verified,debt_consolidation
9900.0,60.0,49008.29,21.53,667.0,7.0,RENT,0.0,8.0,6.0,18.0,16.0,130.83,9.0,4622.37,40984.65,7418.26,Source Verified,debt_consolidation
34300.0,36.0,71346.93,17.38,729.0,2.0,MORTGAGE,3.0,4.0,4.0,1.0,1.0,211.35,1.0,21507.03,177487.42,50876.53,Not Verified,debt_consolidation
25200.0,36.0,59289.22,21.03,685.0,10.0,RENT,0.0,2.0,10.0,14.0,40.0,257.34,8.0,3927.68,43674.22,58566.69,Source Verified,debt_consolidation
9900.0,36.0,40569.96,14.48,679.0,6.0,OWN,4.0,1.0,5.0,20.0,48.0,195.11,15.0,11916.37,97795.3,20526.47,Source Verified,debt_consolidation
6000.0,36.0,29925.46,31.9,682.0,10.0,OWN,0.0,6.0,16.0,1.0,17.0,96.78,1.0,1665.5,29471.25,7264.0,Not Verified,debt_consolidation
14600.0,36.0,91518.45,25.14,690.0,5.0,MORTGAGE,1.0,5.0,5.0,11.0,15.0,92.55,14.0,44723.92,489919.6,12879.88,Not Verified,debt_consolidation
8000.0,36.0,29447.95,17.22,772.0,4.0,RENT,0.0,5.0,3.0,22.0,3.0,192.37,3.0,1762.92,16043.74,47263.66,Not Verified,small_business
11800.0,36.0,60953.82,16.38,665.0,8.0,RENT,0.0,8.0,7.0,12.0,22.0,166.49,5.0,5604.01,117551.59,7426.39,Not Verified,debt_consolidation
7900.0,36.0,28326.77,27.81,678.0,,OWN,2.0,4.0,4.0,1.0,1.0,145.51,1.0,14440.13,88467.36,8000.47,Not Verified,debt_consolidation
17000.0,36.0,71199.7,17.68,636.0,10.0,RENT,0.0,2.0,8.0,9.0,38.0,247.43,6.0,3924.9,38910.14,9199.23,Source Verified,debt_consolidation
24100.0,60.0,58308.65,21.84,702.0,10.0,MORTGAGE,3.0,5.0,7.0,11.0,2.0,187.4,2.0,9643.0,114398.37,57311.33,Source Verified,debt_consolidation
5300.0,36.0,45352.59,11.95,671.0,2.0,RENT,0.0,2.0,3.0,7.0,,61.25,7.0,3769.85,18270.32,0.0,Source Verified,debt_consolidation
15400.0,36.0,86697.08,11.76,661.0,4.0,MORTGAGE,0.0,0.0,5.0,0.0,93.0,169.95,93.0,10227.94,60991.63,35731.54,Source Verified,debt_consolidation
13900.0,36.0,58841.96,25.02,739.0,3.0,RENT,0.0,3.0,4.0,1.0,1.0,341.49,1.0,4342.96,64572.58,43243.88,Source Verified,debt_consolidation
30100.0,36.0,73653.66,19.34,663.0,10.0,MORTGAGE,3.0,4.0,,7.0,35.0,,,,,24213.39,Not Verified,debt_consolidation
9100.0,36.0,35316.59,13.73,679.0,0.0,RENT,0.0,1.0,2.0,4.0,31.0,56.27,4.0,3910.55,15496.46,4634.87,Not Verified,debt_consolidation
12000.0,36.0,51782.96,17.99,710.0,9.0,MORTGAGE,1.0,2.0,4.0,19.0,24.0,158.56,2.0,25744.15,239837.12,16656.16,Not Verified,debt_consolidation
34700.0,36.0,78550.43,25.07,768.0,1.0,RENT,2.0,1.0,3.0,,140.0,158.17,13.0,11841.45,72342.73,28536.12,Source Verified,debt_consolidation
14000.0,36.0,49608.29,20.21,731.0,,MORTGAGE,2.0,5.0,5.0,1.0,23.0,255.5,13.0,12392.3,160522.96,17919.85,Not Verified,debt_consolidation
1800.0,36.0,40909.55,2.0,710.0,0.0,RENT,0.0,3.0,,0.0,7.0,,,,,31553.84,Source Verified,debt_consolidation
15000.0,36.0,65078.59,23.07,658.0,8.0,MORTGAGE,2.0,3.0,10.0,0.0,0.0,251.89,0.0,6924.65,91575.22,35821.42,Not Verified,debt_consolidation
4400.0,36.0,84003.22,28.11,687.0,10.0,MORTGAGE,3.0,6.0,6.0,9.0,108.0,240.93,4.0,21758.95,445506.61,28480.93,Not Verified,debt_consolidation
21200.0,36.0,76993.0,8.99,653.0,10.0,MORTGAGE,0.0,2.0,6.0,1.0,22.0,211.31,8.0,1308.58,7867.56,8828.41,Not Verified,debt_consolidation
11900.0,60.0,75865.29,22.53,709.0,3.0,RENT,3.0,5.0,7.0,1.0,1.0,146.98,1.0,3111.92,38451.4,32716.01,Not Verified,debt_consolidation
27800.0,60.0,80533.93,21.62,691.0,2.0,MORTGAGE,2.0,7.0,5.0,3.0,11.0,117.39,3.0,20423.92,180823.47,22545.75,Source Verified,debt_consolidation
15100.0,36.0,50341.47,21.62,689.0,10.0,MORTGAGE,6.0,17.0,13.0,1.0,5.0,463.26,5.0,1699.1,32327.82,36894.41,Not Verified,debt_consolidation
14700.0,60.0,107450.77,14.31,656.0,5.0,MORTGAGE,0.0,3.0,2.0,2.0,31.0,407.51,17.0,9728.3,86552.48,10098.7,Not Verified,debt_consolidation
4100.0,36.0,300207.91,2.09,691.0,10.0,MORTGAGE,0.0,1.0,9.0,1.0,13.0,138.6,13.0,1447.47,13043.41,9688.23,Source Verified,debt_consolidation
18100.0,36.0,76793.91,14.41,747.0,2.0,MORTGAGE,3.0,3.0,5.0,,22.0,153.27,22.0,24677.2,238112.19,40881.22,Not Verified,debt_consolidation
11100.0,36.0,50302.82,34.76,736.0,0.0,RENT,1.0,3.0,3.0,,27.0,200.61,5.0,15648.59,109876.89,17449.51,Source Verified,debt_consolidation
6200.0,36.0,50683.42,17.89,683.0,3.0,RENT,0.0,11.0,8.0,0.0,2.0,107.38,0.0,1933.14,33039.82,29969.78,Source Verified,debt_consolidation
9800.0,36.0,28716.52,18.15,662.0,7.0,RENT,0.0,1.0,9.0,16.0,16.0,328.81,16.0,1071.14,9461.02,11253.98,Not Verified,debt_consolidation
20000.0,60.0,51040.24,31.68,727.0,10.0,MORTGAGE,1.0,3.0,8.0,0.0,12.0,334.68,12.0,9956.98,144604.43,12460.61,Source Verified,debt_consolidation
8900.0,36.0,35513.29,13.35,683.0,0.0,RENT,0.0,1.0,2.0,4.0,31.0,55.82,4.0,3884.14,15729.45,4488.85,Not Verified,debt_consolidation
29700.0,60.0,65616.57,23.26,726.0,9.0,RENT,0.0,4.0,2.0,2.0,22.0,110.43,3.0,7948.78,46809.32,9705.03,Source Verified,debt_consolidation
6400.0,36.0,40169.25,14.65,692.0,8.0,MORTGAGE,1.0,5.0,4.0,16.0,9.0,75.98,9.0,7252.29,58679.56,12736.46,Not Verified,debt_consolidation
11600.0,60.0,50185.26,16.38,679.0,,MORTGAGE,1.0,7.0,0.0,1.0,11.0,120.72,1.0,14295.88,90302.31,1007.86,Not Verified,debt_consolidation
25000.0,60.0,49448.19,4.93,682.0,9.0,RENT,3.0,2.0,4.0,4.0,13.0,129.07,13.0,2161.07,10767.39,33315.58,Not Verified,debt_consolidation
12000.0,36.0,68715.38,15.96,754.0,,MORTGAGE,3.0,6.0,13.0,7.0,5.0,242.84,3.0,23864.41,416895.88,107893.49,Source Verified,debt_consolidation
13000.0,36.0,71944.88,13.55,700.0,3.0,RENT,0.0,4.0,6.0,8.0,143.0,258.74,6.0,4137.84,28004.99,5998.95,Not Verified,debt_consolidation
19600.0,36.0,53696.42,23.71,650.0,4.0,MORTGAGE,1.0,8.0,6.0,3.0,15.0,50.25,6.0,11283.28,125501.68,8200.24,Not Verified,debt_consolidation
26300.0,60.0,60063.9,19.92,711.0,2.0,MORTGAGE,1.0,4.0,6.0,16.0,5.0,141.4,5.0,25563.19,228059.2,18979.32,Not Verified,debt_consolidation
14200.0,36.0,74498.02,19.13,695.0,10.0,MORTGAGE,2.0,4.0,22.0,3.0,3.0,248.41,3.0,11735.02,319916.6,31190.63,Not Verified,debt_consolidation
4900.0,36.0,71969.28,1.73,671.0,3.0,MORTGAGE,3.0,6.0,3.0,1.0,0.0,283.84,0.0,392.93,3091.12,9798.82,Not Verified,debt_consolidation
6000.0,36.0,43996.17,15.85,695.0,1.0,MORTGAGE,1.0,7.0,1.0,7.0,24.0,256.35,7.0,10690.6,98206.85,20286.03,Not Verified,debt_consolidation
9800.0,36.0,24632.01,38.22,680.0,,OWN,3.0,5.0,3.0,5.0,5.0,344.95,5.0,2499.97,17194.26,3726.69,Not Verified,debt_consolidation
4000.0,36.0,26311.55,6.26,701.0,1.0,RENT,3.0,2.0,5.0,18.0,5.0,128.69,5.0,1949.94,15640.31,4852.85,Not Verified,debt_consolidation
1500.0,36.0,14642.81,9.22,674.0,,OWN,5.0,1.0,4.0,,37.0,175.69,23.0,869.12,3419.62,3013.54,Not Verified,debt_consolidation
15300.0,60.0,79090.87,20.49,671.0,9.0,MORTGAGE,1.0,7.0,4.0,6.0,15.0,97.87,6.0,26383.74,205568.07,11025.89,Not Verified,debt_consolidation
26200.0,60.0,81468.38,9.02,683.0,10.0,MORTGAGE,7.0,3.0,4.0,3.0,7.0,155.17,3.0,46918.02,392824.8,5111.17,Source Verified,debt_consolidation
4900.0,36.0,42498.98,21.25,679.0,4.0,RENT,,,,,,,,,,,Not Verified,debt_consolidation
10100.0,36.0,56267.75,25.22,636.0,10.0,MORTGAGE,1.0,7.0,5.0,10.0,14.0,112.15,6.0,30406.25,273000.24,8884.37,Not Verified,debt_consolidation
14800.0,36.0,59669.99,10.31,668.0,10.0,MORTGAGE,4.0,9.0,4.0,6.0,16.0,93.06,4.0,34677.57,383551.15,13666.8,Source Verified,debt_consolidation
11900.0,36.0,77999.89,22.3,674.0,6.0,OWN,4.0,4.0,11.0,0.0,17.0,208.43,6.0,4121.0,67436.01,36858.78,Not Verified,debt_consolidation
4500.0,36.0,40540.0,5.57,681.0,3.0,RENT,0.0,4.0,5.0,1.0,14.0,146.57,2.0,585.64,4723.95,6238.65,Source Verified,debt_consolidation
11900.0,36.0,77149.5,17.27,770.0,1.0,RENT,0.0,3.0,2.0,,15.0,192.03,14.0,3441.12,17144.94,32424.88,Not Verified,debt_consolidation
9400.0,36.0,45877.06,24.78,688.0,5.0,MORTGAGE,6.0,14.0,3.0,2.0,8.0,160.17,1.0,18993.27,289132.53,6742.62,Source Verified,debt_consolidation
13800.0,60.0,69703.87,18.21,703.0,1.0,OWN,2.0,4.0,5.0,0.0,12.0,244.55,5.0,32929.08,291384.38,8424.41,Source Verified,small_business
9600.0,36.0,36677.08,26.35,667.0,4.0,RENT,2.0,6.0,6.0,5.0,14.0,128.86,10.0,2181.78,26467.79,11856.35,Not Verified,debt_consolidation
9300.0,36.0,44879.88,21.08,640.0,6.0,RENT,3.0,4.0,5.0,8.0,8.0,75.53,3.0,19657.99,158535.4,3344.98,Not Verified,debt_consolidation
5000.0,36.0,107204.87,7.65,685.0,10.0,MORTGAGE,5.0,1.0,3.0,2.0,,254.86,14.0,41721.8,333550.02,0.0,Source Verified,debt_consolidation
10200.0,36.0,69761.21,8.44,668.0,10.0,RENT,0.0,9.0,8.0,4.0,1.0,83.72,1.0,1138.0,17332.34,12626.78,Not Verified,debt_consolidation
17200.0,36.0,104217.66,12.2,707.0,9.0,OWN,4.0,5.0,4.0,0.0,5.0,240.6,4.0,73746.92,607239.62,18681.12,Not Verified,debt_consolidation
17400.0,36.0,44865.79,11.98,821.0,,OWN,0.0,4.0,3.0,,1.0,353.3,1.0,2758.66,21946.21,34558.91,Not Verified,debt_consolidation
15900.0,36.0,46103.34,18.41,672.0,0.0,OWN,0.0,5.0,10.0,,11.0,86.65,4.0,1235.26,18329.76,16008.46,Source Verified,debt_consolidation
9800.0,60.0,150893.32,15.64,754.0,10.0,MORTGAGE,5.0,6.0,8.0,9.0,2.0,176.33,2.0,16645.22,318994.1,73670.02,Source Verified,debt_consolidation
10400.0,36.0,95373.51,7.65,641.0,2.0,MORTGAGE,0.0,7.0,6.0,13.0,1.0,23.86,1.0,3621.92,25677.8,11191.06,Not Verified,debt_consolidation
9800.0,36.0,34766.84,30.63,666.0,0.0,RENT,0.0,4.0,4.0,8.0,38.0,45.96,5.0,4905.06,34669.05,4680.86,Not Verified,debt_consolidation
4900.0,36.0,30341.72,32.11,660.0,,MORTGAGE,0.0,5.0,9.0,9.0,9.0,33.68,9.0,3093.06,30816.46,9552.72,Not Verified,debt_consolidation
20800.0,60.0,100454.57,26.25,674.0,2.0,MORTGAGE,2.0,4.0,6.0,13.0,24.0,58.24,4.0,25797.42,262858.02,15845.35,Source Verified,debt_consolidation
11800.0,36.0,70619.84,31.4,665.0,10.0,MORTGAGE,4.0,8.0,5.0,10.0,0.0,126.15,0.0,4007.55,82320.75,10770.05,Not Verified,debt_consolidation
23600.0,36.0,109892.67,8.38,771.0,9.0,OWN,1.0,8.0,5.0,1.0,6.0,171.61,6.0,1863.21,32233.66,86078.76,Source Verified,debt_consolidation
17000.0,60.0,73263.33,8.92,665.0,8.0,MORTGAGE,3.0,5.0,8.0,5.0,28.0,91.98,1.0,20494.39,204335.92,17319.85,Source Verified,debt_consolidation
14700.0,36.0,60832.23,24.88,726.0,10.0,MORTGAGE,1.0,6.0,6.0,0.0,8.0,251.32,1.0,16510.31,189247.09,17730.56,Not Verified,debt_consolidation
16200.0,36.0,95132.4,9.81,704.0,10.0,RENT,0.0,10.0,3.0,2.0,2.0,43.43,2.0,1771.78,23597.99,26067.52,Source Verified,debt_consolidation
29600.0,60.0,228130.47,30.74,677.0,6.0,RENT,9.0,6.0,7.0,0.0,8.0,285.75,3.0,72888.11,904793.89,54675.45,Not Verified,debt_consolidation
20800.0,36.0,202251.27,13.4,704.0,3.0,MORTGAGE,3.0,9.0,7.0,0.0,57.0,128.27,5.0,15947.18,186180.1,3725.1,Source Verified,debt_consolidation
1500.0,36.0,63578.12,13.67,764.0,3.0,MORTGAGE,0.0,3.0,3.0,5.0,7.0,70.37,7.0,3146.88,24249.17,12145.2,Not Verified,debt_consolidation
8000.0,36.0,58790.49,21.85,714.0,0.0,MORTGAGE,1.0,7.0,5.0,2.0,44.0,111.85,2.0,9194.7,137219.0,2545.16,Source Verified,debt_consolidation
24500.0,60.0,106668.38,19.52,707.0,0.0,MORTGAGE,3.0,10.0,7.0,1.0,4.0,266.77,1.0,13304.14,202797.38,7350.53,Source Verified,debt_consolidation
12300.0,60.0,65532.44,20.69,726.0,10.0,MORTGAGE,2.0,4.0,6.0,6.0,6.0,216.05,6.0,13033.16,131438.99,5875.17,Source Verified,debt_consolidation
4900.0,36.0,96553.92,14.67,704.0,6.0,MORTGAGE,3.0,7.0,3.0,2.0,9.0,138.93,8.0,33633.88,611966.61,8985.81,Source Verified,small_business
12100.0,36.0,88735.97,14.68,654.0,10.0,RENT,3.0,5.0,6.0,10.0,17.0,219.26,2.0,5616.96,64289.31,6471.27,Source Verified,debt_consolidation
14700.0,36.0,64116.23,14.66,737.0,10.0,MORTGAGE,0.0,11.0,6.0,1.0,2.0,45.56,2.0,1803.64,32113.27,26804.39,Source Verified,debt_consolidation
5000.0,36.0,18124.17,10.64,748.0,3.0,RENT,0.0,5.0,4.0,3.0,10.0,298.47,10.0,444.74,3037.22,10380.34,Not Verified,debt_consolidation
23600.0,60.0,79914.6,15.41,689.0,10.0,MORTGAGE,3.0,5.0,8.0,0.0,0.0,220.82,0.0,13236.85,226738.05,31270.65,Not Verified,debt_consolidation
9600.0,36.0,58302.81,6.78,668.0,10.0,RENT,0.0,9.0,10.0,0.0,15.0,347.44,2.0,585.09,5941.02,4017.94,Not Verified,debt_consolidation
3000.0,36.0,32015.13,29.7,713.0,,MORTGAGE,1.0,1.0,4.0,6.0,23.0,322.39,23.0,4084.44,36606.9,22496.03,Not Verified,debt_consolidation
5000.0,36.0,24305.34,14.17,668.0,3.0,RENT,0.0,2.0,7.0,,1.0,83.55,1.0,1448.55,13242.14,10765.23,Not Verified,debt_consolidation
15400.0,36.0,104497.04,8.34,698.0,10.0,MORTGAGE,2.0,9.0,5.0,2.0,5.0,141.54,5.0,45811.7,490119.35,13031.09,Not Verified,debt_consolidation
9900.0,36.0,54074.59,12.15,678.0,0.0,MORTGAGE,1.0,2.0,3.0,,36.0,271.76,10.0,1344.88,8143.35,16239.2,Source Verified,debt_consolidation
20200.0,36.0,43379.81,4.75,742.0,7.0,RENT,,,,,,,,,,,Not Verified,debt_consolidation
21400.0,36.0,91304.16,6.99,779.0,,MORTGAGE,4.0,10.0,16.0,5.0,4.0,158.26,4.0,8827.5,234390.89,77012.01,Not Verified,debt_consolidation
7300.0,36.0,291552.32,23.35,753.0,9.0,OWN,6.0,4.0,5.0,1.0,1.0,299.21,1.0,50202.81,649570.55,121020.45,Source Verified,debt_consolidation
11700.0,36.0,80051.15,14.16,686.0,3.0,MORTGAGE,3.0,5.0,8.0,6.0,21.0,288.97,7.0,3418.49,33627.78,14014.96,Source Verified,debt_consolidation
20100.0,36.0,79159.99,13.0,771.0,2.0,MORTGAGE,2.0,2.0,5.0,7.0,14.0,254.13,7.0,12013.53,82133.92,23878.01,Not Verified,debt_consolidation
14300.0,60.0,32160.47,20.72,701.0,5.0,RENT,,,,,,,,,,,Not Verified,debt_consolidation
11700.0,36.0,89356.21,26.07,685.0,10.0,MORTGAGE,4.0,7.0,12.0,4.0,18.0,366.44,4.0,11457.67,228247.94,31429.99,Not Verified,debt_consolidation
20000.0,36.0,61393.85,13.77,713.0,,MORTGAGE,4.0,5.0,10.0,3.0,3.0,169.91,3.0,25954.83,449918.1,48300.49,Not Verified,debt_consolidation
8500.0,36.0,80022.58,21.08,688.0,5.0,RENT,0.0,9.0,6.0,0.0,6.0,171.02,6.0,3427.74,75945.31,38965.34,Source Verified,debt_consolidation
17900.0,36.0,70758.31,23.18,735.0,7.0,MORTGAGE,4.0,3.0,9.0,17.0,30.0,164.73,7.0,12222.68,147204.73,30644.8,Not Verified,debt_consolidation
14600.0,60.0,48892.14,12.95,677.0,2.0,MORTGAGE,0.0,6.0,4.0,,5.0,138.98,5.0,4502.24,79372.7,13683.4,Not Verified,debt_consolidation
10000.0,60.0,74807.36,1.45,658.0,6.0,RENT,0.0,4.0,3.0,3.0,3.0,214.58,3.0,606.75,3885.52,14747.9,Not Verified,debt_consolidation
14900.0,60.0,58506.36,29.78,694.0,5.0,OWN,5.0,2.0,7.0,3.0,18.0,148.39,8.0,15452.9,157525.21,8437.05,Source Verified,debt_consolidation
17000.0,60.0,40350.91,16.94,651.0,3.0,OWN,0.0,1.0,2.0,0.0,61.0,130.99,15.0,2098.88,12699.82,9700.13,Not Verified,debt_consolidation
5000.0,36.0,37465.76,10.77,695.0,8.0,MORTGAGE,2.0,3.0,4.0,7.0,20.0,297.83,7.0,20268.64,122116.54,12499.74,Source Verified,debt_consolidation
16400.0,36.0,45965.57,36.77,686.0,10.0,MORTGAGE,2.0,6.0,10.0,16.0,0.0,104.58,0.0,16565.02,218276.73,4834.07,Not Verified,debt_consolidation
12000.0,60.0,79617.07,4.74,731.0,10.0,MORTGAGE,4.0,9.0,3.0,7.0,2.0,155.36,2.0,11619.75,120735.08,29218.08,Source Verified,debt_consolidation
24200.0,60.0,79101.5,14.79,700.0,10.0,MORTGAGE,3.0,5.0,8.0,0.0,0.0,225.68,0.0,13455.98,222012.83,31647.16,Not Verified,debt_consolidation
19900.0,36.0,89702.11,2.99,698.0,,MORTGAGE,3.0,15.0,2.0,0.0,1.0,124.19,1.0,23321.42,328309.67,18333.7,Source Verified,debt_consolidation
4800.0,36.0,50225.83,18.67,661.0,,RENT,0.0,7.0,4.0,9.0,88.0,180.98,9.0,3024.25,27159.72,1560.06,Not Verified,debt_consolidation
10000.0,36.0,45663.47,21.29,651.0,1.0,RENT,6.0,4.0,5.0,4.0,11.0,183.85,3.0,3910.69,34843.41,8740.96,Source Verified,debt_consolidation
19400.0,60.0,72046.71,27.87,699.0,2.0,RENT,1.0,2.0,7.0,14.0,44.0,132.89,13.0,6045.03,67919.68,22953.05,Not Verified,debt_consolidation
22300.0,60.0,49376.18,30.7,682.0,8.0,MORTGAGE,2.0,1.0,7.0,9.0,29.0,109.2,12.0,8097.24,91001.81,10295.01,Not Verified,debt_consolidation
2800.0,36.0,21218.52,19.86,684.0,3.0,RENT,,,,,,,,,,,Not Verified,debt_consolidation
16000.0,60.0,54918.44,24.84,681.0,,RENT,0.0,7.0,8.0,1.0,21.0,226.17,3.0,3580.7,48108.66,26228.58,Not Verified,debt_consolidation
7100.0,36.0,30181.52,16.39,694.0,0.0,RENT,0.0,5.0,4.0,12.0,9.0,78.97,9.0,2038.33,31655.51,8973.16,Source Verified,debt_consolidation
11500.0,36.0,120481.57,5.93,680.0,7.0,MORTGAGE,1.0,5.0,3.0,0.0,9.0,99.45,5.0,39339.14,234749.04,4702.26,Not Verified,debt_consolidation
5800.0,36.0,31853.66,21.41,670.0,3.0,RENT,0.0,10.0,10.0,3.0,12.0,115.43,12.0,1065.45,13818.1,12680.4,Source Verified,small_business
25100.0,36.0,133933.12,8.9,685.0,8.0,MORTGAGE,4.0,3.0,2.0,3.0,70.0,233.89,3.0,51792.89,409309.11,27293.23,Not Verified,debt_consolidation
35000.0,60.0,132510.22,13.73,667.0,10.0,MORTGAGE,6.0,0.0,3.0,2.0,164.0,212.52,68.0,8224.4,49506.49,46575.18,Not Verified,debt_consolidation
20100.0,36.0,91550.8,9.9,693.0,7.0,MORTGAGE,2.0,2.0,4.0,11.0,36.0,119.62,8.0,15608.45,169295.81,17429.74,Source Verified,debt_consolidation
14300.0,36.0,84066.69,12.82,642.0,3.0,MORTGAGE,1.0,8.0,4.0,5.0,10.0,141.66,5.0,34488.0,344059.13,16211.65,Source Verified,debt_consolidation
16500.0,60.0,33967.97,33.5,687.0,1.0,OWN,0.0,3.0,13.0,1.0,20.0,201.7,6.0,3008.38,62491.6,30677.68,Source Verified,debt_consolidation
16200.0,36.0,75206.26,18.27,689.0,10.0,MORTGAGE,0.0,4.0,7.0,2.0,11.0,225.97,6.0,5202.11,56998.37,24623.24,Not Verified,debt_consolidation
24200.0,36.0,75322.63,14.56,730.0,7.0,MORTGAGE,,,,,,,,,,,Not Verified,debt_consolidation
14900.0,36.0,44797.29,13.38,776.0,2.0,RENT,0.0,6.0,2.0,1.0,7.0,81.33,2.0,3122.91,27527.85,20972.81,Not Verified,debt_consolidation
9700.0,60.0,81150.57,26.72,675.0,10.0,MORTGAGE,1.0,3.0,5.0,7.0,16.0,105.78,7.0,28206.68,293162.35,8574.83,Source Verified,debt_consolidation
35400.0,36.0,122217.56,20.05,675.0,10.0,MORTGAGE,1.0,12.0,8.0,9.0,18.0,79.51,4.0,24794.15,336457.43,6949.09,Not Verified,debt_consolidation
28500.0,36.0,102501.88,24.55,667.0,10.0,MORTGAGE,1.0,19.0,24.0,2.0,7.0,265.4,0.0,14003.56,386097.8,25503.04,Not Verified,debt_consolidation
16200.0,60.0,59810.35,27.69,717.0,10.0,MORTGAGE,1.0,13.0,4.0,0.0,27.0,250.76,2.0,24930.01,305250.58,1711.68,Not Verified,debt_consolidation
27600.0,60.0,78510.56,39.35,684.0,10.0,MORTGAGE,2.0,0.0,8.0,,28.0,375.51,27.0,20658.15,242155.28,48865.59,Not Verified,debt_consolidation
20400.0,60.0,51929.96,39.44,730.0,10.0,MORTGAGE,3.0,4.0,5.0,0.0,41.0,252.75,4.0,26971.42,216814.74,24557.51,Not Verified,debt_consolidation
15200.0,36.0,40512.54,24.07,667.0,10.0,RENT,0.0,3.0,6.0,7.0,22.0,131.57,7.0,2895.66,24808.07,5885.41,Not Verified,debt_consolidation
22500.0,36.0,185641.05,19.34,698.0,2.0,MORTGAGE,2.0,2.0,3.0,4.0,45.0,128.91,4.0,48042.79,342896.08,47366.87,Not Verified,debt_consolidation
19700.0,36.0,135476.46,15.07,773.0,10.0,RENT,0.0,4.0,4.0,4.0,14.0,246.17,7.0,3591.96,38496.2,4782.32,Not Verified,debt_consolidation
10000.0,36.0,44240.47,8.7,690.0,5.0,MORTGAGE,4.0,1.0,5.0,8.0,66.0,148.56,7.0,12418.2,84012.97,13700.74,Not Verified,debt_consolidation
5100.0,36.0,19709.75,25.55,691.0,,RENT,0.0,3.0,9.0,6.0,3.0,161.56,3.0,682.42,6113.48,12060.51,Source Verified,debt_consolidation
7200.0,36.0,51607.59,10.88,738.0,10.0,MORTGAGE,4.0,3.0,6.0,7.0,1.0,129.52,1.0,22913.74,204927.47,24874.84,Source Verified,debt_consolidation
11800.0,36.0,152791.36,14.32,693.0,10.0,MORTGAGE,2.0,7.0,7.0,10.0,17.0,324.27,3.0,27736.4,322746.19,11962.41,Not Verified,debt_consolidation
9100.0,36.0,46947.97,16.63,701.0,0.0,RENT,0.0,2.0,1.0,8.0,,67.74,23.0,12692.94,88034.48,0.0,Not Verified,debt_consolidation
24200.0,60.0,82738.79,10.24,677.0,10.0,MORTGAGE,6.0,0.0,3.0,1.0,82.0,334.14,37.0,22336.36,251985.99,10221.37,Source Verified,debt_consolidation
7000.0,36.0,44185.99,28.34,658.0,10.0,OWN,4.0,2.0,3.0,8.0,132.0,132.57,6.0,11661.33,103437.65,1512.2,Source Verified,debt_consolidation
35100.0,36.0,317731.78,12.47,711.0,8.0,MORTGAGE,2.0,4.0,2.0,2.0,7.0,248.79,4.0,30898.21,310850.91,46247.62,Not Verified,debt_consolidation
13900.0,36.0,49896.46,18.29,688.0,8.0,RENT,0.0,0.0,3.0,,38.0,126.61,29.0,3146.62,25185.9,18074.71,Not Verified,debt_consolidation
2000.0,36.0,82603.25,22.76,723.0,2.0,MORTGAGE,8.0,2.0,7.0,4.0,3.0,208.33,3.0,24039.01,481791.8,54303.59,Not Verified,debt_consolidation
14800.0,36.0,93661.14,25.26,678.0,10.0,MORTGAGE,2.0,0.0,17.0,0.0,28.0,119.07,28.0,1557.82,30242.45,20103.8,Not Verified,debt_consolidation
3000.0,36.0,34274.06,31.89,715.0,10.0,MORTGAGE,2.0,2.0,6.0,8.0,20.0,157.3,8.0,13324.1,118216.36,11701.44,Source Verified,debt_consolidation
11800.0,36.0,59920.87,9.92,660.0,1.0,RENT,0.0,2.0,4.0,,48.0,123.25,9.0,2598.05,15902.01,17705.07,Source Verified,debt_consolidation
8000.0,36.0,74730.37,19.13,703.0,5.0,OWN,0.0,1.0,2.0,,20.0,207.99,21.0,3923.71,19267.04,4456.15,Not Verified,debt_consolidation
10200.0,60.0,47276.82,13.03,657.0,2.0,MORTGAGE,0.0,4.0,4.0,10.0,6.0,153.96,6.0,2688.58,13612.45,6032.57,Not Verified,debt_consolidation
19600.0,36.0,115348.61,27.95,710.0,10.0,MORTGAGE,6.0,4.0,12.0,2.0,28.0,403.04,3.0,26805.63,482170.41,59413.51,Not Verified,debt_consolidation
5400.0,36.0,46319.39,11.93,680.0,9.0,MORTGAGE,,,,,,,,,,,Not Verified,debt_consolidation
32800.0,60.0,78888.63,28.98,711.0,0.0,MORTGAGE,2.0,16.0,8.0,12.0,9.0,118.92,5.0,8684.42,215815.25,47846.06,Source Verified,debt_consolidation
10600.0,36.0,41643.7,18.33,669.0,1.0,RENT,0.0,4.0,4.0,2.0,16.0,120.96,2.0,4280.29,26005.05,2516.93,Source Verified,debt_consolidation
5000.0,36.0,178287.21,16.37,670.0,9.0,MORTGAGE,6.0,6.0,2.0,0.0,8.0,180.98,2.0,36158.17,327773.24,2015.78,Source Verified,debt_consolidation
3800.0,36.0,35562.12,18.82,772.0,10.0,MORTGAGE,1.0,3.0,4.0,1.0,14.0,81.67,5.0,12923.39,91749.13,1463.38,Not Verified,debt_consolidation
29700.0,60.0,124494.14,13.53,792.0,5.0,MORTGAGE,6.0,1.0,,2.0,39.0,,,,,57457.95,Not Verified,debt_consolidation
25100.0,36.0,147341.6,19.29,698.0,10.0,MORTGAGE,2.0,4.0,4.0,4.0,41.0,212.85,4.0,23699.91,188478.23,16709.69,Not Verified,debt_consolidation
3000.0,36.0,31840.02,14.54,712.0,2.0,MORTGAGE,1.0,7.0,7.0,0.0,13.0,48.3,7.0,5864.64,66351.18,6512.97,Not Verified,debt_consolidation
12100.0,36.0,69634.21,8.4,653.0,10.0,MORTGAGE,5.0,2.0,4.0,5.0,14.0,322.09,14.0,29183.99,224856.78,9514.48,Source Verified,debt_consolidation
11600.0,36.0,60082.37,21.62,666.0,10.0,MORTGAGE,5.0,8.0,8.0,2.0,1.0,214.9,1.0,2231.53,41057.55,29278.9,Not Verified,debt_consolidation
11900.0,36.0,38876.71,21.33,672.0,5.0,OWN,0.0,5.0,3.0,1.0,8.0,101.85,2.0,5536.87,43275.91,14263.99,Source Verified,debt_consolidation
34900.0,36.0,134638.48,15.79,712.0,1.0,MORTGAGE,7.0,8.0,1.0,0.0,55.0,152.86,7.0,74124.71,355057.81,15313.22,Not Verified,debt_consolidation
4900.0,36.0,16002.48,18.29,695.0,,RENT,1.0,3.0,6.0,10.0,8.0,164.43,8.0,1092.2,6765.4,14985.52,Not Verified,debt_consolidation
28200.0,60.0,92033.05,21.53,712.0,10.0,MORTGAGE,5.0,5.0,6.0,0.0,21.0,168.77,18.0,24846.74,314857.68,60987.36,Source Verified,debt_consolidation
9800.0,36.0,85503.38,2.94,706.0,6.0,MORTGAGE,8.0,2.0,,7.0,7.0,,,,,7600.73,Not Verified,debt_consolidation
6500.0,36.0,39271.2,0.58,674.0,0.0,OWN,,,,,,,,,,,Not Verified,debt_consolidation
11800.0,36.0,50535.59,18.67,650.0,8.0,RENT,0.0,4.0,3.0,19.0,19.0,190.33,4.0,928.72,7141.17,5337.41,Source Verified,debt_consolidation
10200.0,36.0,44200.96,13.73,709.0,5.0,MORTGAGE,0.0,1.0,1.0,2.0,17.0,101.73,17.0,3285.18,9901.96,6309.47,Not Verified,debt_consolidation
10200.0,36.0,43034.92,13.81,701.0,,MORTGAGE,3.0,3.0,7.0,9.0,2.0,289.42,2.0,14389.9,131874.58,8387.08,Source Verified,debt_consolidation
18100.0,60.0,38970.55,28.48,677.0,0.0,MORTGAGE,4.0,0.0,7.0,,78.0,213.51,75.0,18117.61,160441.17,35245.0,Not Verified,debt_consolidation
10800.0,36.0,29508.35,22.28,764.0,,MORTGAGE,1.0,2.0,6.0,12.0,12.0,143.18,12.0,7888.71,93064.87,48933.66,Source Verified,debt_consolidation
15000.0,36.0,63897.55,18.93,668.0,10.0,RENT,3.0,14.0,7.0,0.0,8.0,129.78,1.0,4264.54,54551.9,13124.88,Not Verified,debt_consolidation
16200.0,36.0,109671.09,24.36,677.0,4.0,RENT,0.0,5.0,6.0,6.0,27.0,87.63,6.0,6008.51,79633.61,19439.09,Not Verified,debt_consolidation
8000.0,36.0,45212.65,24.59,669.0,10.0,RENT,0.0,6.0,9.0,1.0,1.0,50.08,1.0,1798.19,25598.2,13619.3,Not Verified,debt_consolidation
16100.0,60.0,121013.14,5.91,749.0,10.0,RENT,1.0,2.0,5.0,6.0,43.0,327.6,6.0,897.99,10523.02,5849.9,Source Verified,debt_consolidation
20300.0,60.0,85022.36,8.83,671.0,3.0,MORTGAGE,1.0,5.0,4.0,4.0,12.0,161.61,2.0,21699.97,196590.87,9147.02,Source Verified,debt_consolidation
4800.0,36.0,49230.2,27.12,688.0,9.0,MORTGAGE,1.0,2.0,,1.0,,,,,,0.0,Not Verified,debt_consolidation
5900.0,36.0,49632.4,28.3,670.0,10.0,RENT,0.0,6.0,,1.0,54.0,,,,,2469.7,Not Verified,debt_consolidation
11800.0,36.0,68701.26,8.15,659.0,7.0,MORTGAGE,2.0,2.0,2.0,3.0,87.0,145.08,3.0,43569.15,212850.17,8476.24,Not Verified,debt_consolidation
18700.0,60.0,55416.29,26.25,730.0,1.0,RENT,0.0,4.0,6.0,23.0,23.0,108.45,12.0,3963.8,48544.91,16977.38,Not Verified,debt_consolidation
15600.0,60.0,56337.47,32.4,677.0,10.0,MORTGAGE,2.0,7.0,7.0,6.0,3.0,147.39,3.0,8627.15,127158.16,9318.46,Not Verified,debt_consolidation
15200.0,36.0,53090.23,13.77,775.0,8.0,MORTGAGE,1.0,3.0,2.0,19.0,16.0,106.08,8.0,31955.68,189342.2,16616.08,Not Verified,debt_consolidation
3100.0,36.0,65311.57,7.57,665.0,0.0,RENT,0.0,7.0,8.0,0.0,19.0,40.23,19.0,1168.42,16829.79,8514.12,Source Verified,debt_consolidation
28600.0,36.0,108832.47,17.22,696.0,7.0,RENT,1.0,2.0,6.0,12.0,54.0,232.74,19.0,4929.34,39993.55,8909.36,Source Verified,debt_consolidation
3900.0,36.0,57253.41,7.28,743.0,3.0,RENT,0.0,9.0,5.0,2.0,34.0,259.09,10.0,1842.49,24335.03,8351.41,Not Verified,debt_consolidation
12100.0,36.0,59560.19,29.07,669.0,1.0,MORTGAGE,2.0,6.0,5.0,2.0,,32.3,1.0,23243.14,180639.65,0.0,Source Verified,debt_consolidation
1000.0,36.0,40843.97,38.58,739.0,1.0,OWN,3.0,7.0,1.0,0.0,16.0,167.86,8.0,12773.35,78413.47,14887.1,Source Verified,debt_consolidation
14900.0,36.0,37782.58,14.77,766.0,,OWN,0.0,2.0,8.0,23.0,16.0,556.39,16.0,1150.37,16973.83,38614.87,Not Verified,debt_consolidation
14000.0,60.0,60773.54,29.88,706.0,1.0,RENT,0.0,5.0,2.0,14.0,15.0,84.99,11.0,4951.51,111096.23,16149.12,Not Verified,debt_consolidation
15500.0,60.0,65251.91,14.75,678.0,10.0,RENT,0.0,3.0,4.0,1.0,13.0,126.77,13.0,4499.18,27484.65,22341.07,Source Verified,debt_consolidation
19100.0,60.0,75063.16,18.45,689.0,6.0,MORTGAGE,,,,,,,,,,,Source Verified,debt_consolidation
3300.0,36.0,82763.83,25.51,689.0,3.0,MORTGAGE,3.0,1.0,4.0,3.0,44.0,177.93,2.0,33789.33,380228.84,16193.6,Source Verified,debt_consolidation
20100.0,36.0,64596.73,28.82,646.0,5.0,RENT,0.0,4.0,8.0,3.0,19.0,118.58,3.0,5529.49,93518.57,47085.12,Source Verified,debt_consolidation
29300.0,60.0,106579.32,13.01,700.0,4.0,MORTGAGE,5.0,7.0,10.0,2.0,2.0,258.65,2.0,24219.72,289012.44,87444.05,Source Verified,debt_consolidation
13600.0,36.0,29673.36,27.5,691.0,10.0,OWN,3.0,3.0,7.0,19.0,10.0,161.29,10.0,1901.23,22608.79,4564.39,Not Verified,debt_consolidation
12200.0,36.0,44179.54,18.94,665.0,0.0,RENT,0.0,5.0,,8.0,44.0,,,,,2804.19,Source Verified,debt_consolidation
5900.0,36.0,46982.27,17.62,660.0,10.0,RENT,0.0,4.0,6.0,4.0,8.0,133.77,8.0,4210.47,37888.42,6544.87,Source Verified,debt_consolidation
9400.0,36.0,67543.26,18.49,656.0,3.0,MORTGAGE,2.0,8.0,4.0,2.0,15.0,164.38,2.0,15437.33,229151.76,11828.67,Not Verified,debt_consolidation
23200.0,60.0,66922.53,31.22,664.0,9.0,MORTGAGE,3.0,6.0,6.0,2.0,11.0,185.3,9.0,17391.73,198509.88,48907.89,Not Verified,debt_consolidation
12000.0,36.0,30282.37,27.45,692.0,10.0,RENT,0.0,2.0,6.0,6.0,24.0,52.82,10.0,3452.25,26878.05,16077.66,Not Verified,debt_consolidation
14400.0,60.0,78081.8,13.19,663.0,0.0,RENT,0.0,2.0,5.0,5.0,5.0,159.23,5.0,14988.31,100523.42,18349.63,Not Verified,debt_consolidation
12900.0,36.0,66604.51,9.38,662.0,2.0,RENT,0.0,0.0,5.0,0.0,60.0,397.83,60.0,5063.52,35738.07,14143.56,Source Verified,debt_consolidation
3000.0,36.0,40603.0,4.51,683.0,1.0,RENT,0.0,2.0,3.0,0.0,5.0,110.26,5.0,2063.83,17382.83,7745.29,Not Verified,debt_consolidation
6000.0,36.0,48532.18,5.48,663.0,9.0,RENT,7.0,5.0,4.0,0.0,21.0,186.77,12.0,987.53,5049.49,4830.58,Source Verified,debt_consolidation
8300.0,36.0,38183.0,26.28,685.0,10.0,RENT,2.0,4.0,2.0,13.0,62.0,201.17,8.0,2280.29,18513.35,5498.83,Source Verified,debt_consolidation
34700.0,60.0,121156.17,20.68,670.0,7.0,MORTGAGE,5.0,9.0,11.0,11.0,1.0,132.01,1.0,10361.33,195265.68,22466.3,Not Verified,debt_consolidation
8600.0,36.0,47024.73,18.86,704.0,0.0,RENT,0.0,6.0,6.0,20.0,1.0,78.02,1.0,2615.12,40111.93,3648.33,Not Verified,debt_consolidation
2900.0,36.0,87944.88,27.58,752.0,5.0,RENT,,,,,,,,,,,Not Verified,debt_consolidation
11900.0,36.0,29896.02,15.79,665.0,10.0,MORTGAGE,1.0,1.0,3.0,6.0,31.0,60.94,10.0,10432.45,61296.66,5141.93,Source Verified,debt_consolidation
24200.0,60.0,63422.23,19.43,682.0,10.0,MORTGAGE,7.0,12.0,8.0,0.0,3.0,128.36,3.0,10283.88,173356.69,18611.93,Source Verified,debt_consolidation
13700.0,36.0,66348.47,21.93,683.0,3.0,RENT,0.0,9.0,7.0,1.0,1.0,13.89,1.0,3721.0,37958.66,14302.25,Not Verified,debt_consolidation
15000.0,36.0,55636.38,12.26,706.0,6.0,OWN,0.0,4.0,4.0,,10.0,110.7,8.0,1825.3,19616.87,24650.17,Not Verified,debt_consolidation
10000.0,60.0,29528.47,16.62,656.0,6.0,MORTGAGE,3.0,7.0,8.0,6.0,6.0,358.7,2.0,1167.79,11711.97,5509.28,Source Verified,debt_consolidation
15400.0,60.0,49219.55,22.2,673.0,7.0,RENT,,,,,,,,,,,Not Verified,debt_consolidation
12100.0,60.0,97755.01,26.1,659.0,10.0,MORTGAGE,4.0,4.0,10.0,23.0,38.0,162.57,18.0,17916.19,287727.7,47342.68,Not Verified,debt_consolidation
9500.0,36.0,32649.25,19.18,757.0,2.0,MORTGAGE,2.0,3.0,3.0,13.0,13.0,134.03,13.0,29941.51,183186.29,19645.74,Not Verified,debt_consolidation
7100.0,36.0,38344.46,35.34,727.0,10.0,MORTGAGE,1.0,7.0,4.0,11.0,4.0,255.18,4.0,4477.67,32074.91,1976.16,Source Verified,debt_consolidation
5600.0,36.0,39714.55,20.52,693.0,10.0,MORTGAGE,3.0,5.0,12.0,4.0,4.0,130.5,4.0,4964.67,98502.86,38376.29,Not Verified,debt_consolidation
16800.0,36.0,39207.75,16.46,755.0,0.0,OWN,0.0,1.0,0.0,1.0,92.0,141.9,7.0,11739.71,23511.3,19637.05,Not Verified,debt_consolidation
12200.0,60.0,62819.0,20.51,703.0,10.0,MORTGAGE,2.0,4.0,6.0,6.0,6.0,215.41,6.0,13026.84,129309.86,5978.26,Source Verified,debt_consolidation
9000.0,36.0,77714.39,8.86,670.0,10.0,MORTGAGE,4.0,2.0,7.0,8.0,95.0,187.48,8.0,14292.23,158006.19,2174.38,Not Verified,debt_consolidation
4800.0,36.0,48767.47,14.39,713.0,2.0,RENT,0.0,2.0,5.0,17.0,39.0,357.98,13.0,2105.06,14340.37,8021.53,Not Verified,debt_consolidation
34900.0,36.0,238645.56,9.79,716.0,2.0,MORTGAGE,1.0,1.0,3.0,1.0,31.0,224.82,14.0,55314.66,440976.43,26009.19,Not Verified,debt_consolidation
18900.0,60.0,45149.43,19.09,696.0,5.0,MORTGAGE,1.0,12.0,4.0,4.0,4.0,136.92,3.0,9789.82,128037.38,16359.96,Not Verified,debt_consolidation
8200.0,36.0,49290.45,36.92,708.0,6.0,RENT,0.0,8.0,4.0,0.0,11.0,110.32,3.0,5525.04,113848.87,5386.22,Source Verified,debt_consolidation
23800.0,60.0,55266.54,20.42,690.0,5.0,RENT,0.0,4.0,4.0,10.0,28.0,98.92,6.0,15830.5,91102.81,9890.89,Not Verified,debt_consolidation
21300.0,60.0,64691.78,14.75,671.0,4.0,RENT,1.0,2.0,6.0,7.0,77.0,193.0,7.0,4021.84,40803.73,14873.13,Not Verified,debt_consolidation
6800.0,36.0,59992.02,19.2,672.0,10.0,MORTGAGE,5.0,4.0,5.0,2.0,8.0,390.7,2.0,32490.76,222294.13,7970.95,Not Verified,debt_consolidation
15200.0,36.0,85848.94,15.73,653.0,6.0,RENT,5.0,9.0,8.0,1.0,7.0,121.85,7.0,1781.22,21521.69,10309.14,Source Verified,debt_consolidation
21000.0,36.0,110020.65,22.81,666.0,5.0,RENT,0.0,5.0,7.0,7.0,15.0,174.72,7.0,7770.15,68616.21,42695.49,Not Verified,debt_consolidation
29500.0,60.0,91199.28,23.94,698.0,10.0,MORTGAGE,1.0,5.0,6.0,1.0,25.0,262.14,1.0,16811.09,203588.34,43891.86,Not Verified,debt_consolidation
11900.0,60.0,60711.07,23.86,725.0,0.0,MORTGAGE,,,,,,,,,,,Not Verified,debt_consolidation
7900.0,36.0,41104.29,21.98,657.0,3.0,MORTGAGE,1.0,13.0,10.0,4.0,7.0,157.33,3.0,12742.07,226867.33,22988.33,Not Verified,debt_consolidation
5500.0,36.0,39139.47,18.04,641.0,10.0,MORTGAGE,2.0,6.0,5.0,2.0,37.0,153.38,2.0,15620.72,127689.71,6562.86,Not Verified,debt_consolidation
26500.0,36.0,70716.99,21.8,728.0,9.0,MORTGAGE,1.0,5.0,3.0,16.0,5.0,114.29,5.0,20472.15,257589.45,20005.59,Not Verified,debt_consolidation
5900.0,36.0,54128.58,12.28,670.0,2.0,RENT,1.0,0.0,4.0,1.0,31.0,317.34,25.0,2412.74,20970.44,5344.02,Source Verified,debt_consolidation
11900.0,36.0,60679.73,8.06,654.0,10.0,MORTGAGE,3.0,5.0,4.0,11.0,11.0,142.52,11.0,21051.45,127542.5,14157.9,Source Verified,debt_consolidation
3900.0,36.0,85447.92,24.24,669.0,6.0,MORTGAGE,3.0,8.0,5.0,0.0,6.0,123.79,2.0,33701.4,455719.18,7686.84,Not Verified,debt_consolidation
6100.0,36.0,25371.53,23.31,678.0,0.0,RENT,0.0,6.0,2.0,10.0,9.0,91.66,8.0,2229.0,31463.64,7035.66,Source Verified,debt_consolidation
1000.0,36.0,62368.73,18.68,717.0,10.0,RENT,4.0,5.0,4.0,1.0,12.0,256.07,12.0,7589.62,43399.72,15660.34,Not Verified,debt_consolidation
14300.0,36.0,43034.27,28.14,687.0,10.0,MORTGAGE,1.0,7.0,7.0,1.0,10.0,114.9,4.0,10865.49,148892.82,11779.58,Not Verified,debt_consolidation
25000.0,60.0,66169.74,24.07,665.0,10.0,RENT,0.0,17.0,18.0,2.0,6.0,242.16,2.0,1243.92,26046.98,9921.5,Not Verified,debt_consolidation
4400.0,36.0,50352.3,13.79,689.0,5.0,RENT,0.0,4.0,2.0,1.0,13.0,63.31,13.0,4690.21,23444.28,3810.2,Not Verified,debt_consolidation
25000.0,60.0,65066.4,14.86,691.0,0.0,RENT,0.0,4.0,5.0,25.0,24.0,111.04,7.0,4007.38,37464.75,10621.87,Source Verified,debt_consolidation
20700.0,36.0,122664.82,11.57,673.0,10.0,MORTGAGE,7.0,4.0,,5.0,6.0,,,,,22710.65,Not Verified,small_business
11100.0,60.0,51588.98,16.4,664.0,6.0,OWN,0.0,9.0,4.0,1.0,13.0,61.9,2.0,9910.21,280064.1,4169.66,Source Verified,debt_consolidation
20000.0,60.0,50767.18,32.41,665.0,4.0,RENT,1.0,2.0,3.0,14.0,31.0,171.33,15.0,11024.53,55748.23,16495.21,Source Verified,debt_consolidation
19600.0,36.0,61220.82,23.07,688.0,10.0,MORTGAGE,3.0,0.0,6.0,,34.0,331.03,34.0,11239.49,145644.5,36711.69,Source Verified,debt_consolidation
11200.0,36.0,65685.45,13.8,662.0,4.0,MORTGAGE,1.0,6.0,11.0,2.0,4.0,68.64,3.0,10541.33,134331.44,8535.25,Not Verified,debt_consolidation
13700.0,36.0,62131.9,27.8,699.0,8.0,RENT,0.0,8.0,9.0,7.0,3.0,150.27,2.0,3088.04,53086.72,42878.46,Not Verified,debt_consolidation
15900.0,60.0,33974.2,32.45,665.0,1.0,OWN,0.0,3.0,13.0,1.0,20.0,197.88,6.0,3044.15,61270.25,30317.01,Source Verified,debt_consolidation
20000.0,36.0,60667.31,12.06,666.0,7.0,MORTGAGE,1.0,7.0,5.0,3.0,9.0,97.72,6.0,28964.64,264506.62,9994.43,Source Verified,debt_consolidation
20400.0,60.0,67931.48,15.7,700.0,4.0,MORTGAGE,1.0,3.0,2.0,1.0,29.0,125.49,1.0,40980.54,286951.38,17723.75,Not Verified,debt_consolidation
19800.0,60.0,74937.61,9.96,701.0,10.0,MORTGAGE,2.0,2.0,5.0,,34.0,223.86,1.0,17116.96,135804.56,20448.7,Not Verified,debt_consolidation
28800.0,36.0,89945.87,22.77,724.0,6.0,MORTGAGE,5.0,2.0,6.0,7.0,118.0,249.16,1.0,53315.92,465587.71,90089.77,Source Verified,debt_consolidation
10000.0,36.0,51432.94,15.02,651.0,3.0,MORTGAGE,6.0,7.0,6.0,1.0,10.0,398.54,2.0,19960.65,226371.34,16616.49,Not Verified,debt_consolidation
14900.0,60.0,124290.95,18.62,717.0,10.0,MORTGAGE,7.0,4.0,6.0,17.0,9.0,145.21,9.0,30602.48,329497.33,11194.56,Not Verified,debt_consolidation
11700.0,60.0,39960.28,22.47,675.0,10.0,MORTGAGE,3.0,5.0,5.0,6.0,13.0,214.78,5.0,17279.44,162416.87,10205.79,Not Verified,debt_consolidation
27700.0,36.0,104357.82,15.64,703.0,5.0,MORTGAGE,2.0,3.0,3.0,8.0,8.0,188.5,7.0,40257.0,363383.29,45748.18,Source Verified,debt_consolidation
5000.0,36.0,32512.66,18.63,661.0,0.0,OWN,2.0,5.0,8.0,3.0,8.0,332.83,3.0,987.76,7757.7,28217.8,Source Verified,debt_consolidation
14800.0,36.0,50437.81,25.0,678.0,10.0,MORTGAGE,2.0,8.0,6.0,12.0,11.0,132.98,11.0,9808.3,139416.95,35522.17,Not Verified,debt_consolidation
23700.0,60.0,64259.13,27.28,674.0,2.0,MORTGAGE,3.0,4.0,4.0,5.0,55.0,134.6,3.0,29286.3,291210.43,8327.15,Source Verified,debt_consolidation
17700.0,60.0,81179.89,21.44,729.0,6.0,MORTGAGE,6.0,6.0,6.0,3.0,1.0,310.85,1.0,27941.81,335735.06,12192.43,Source Verified,debt_consolidation
15900.0,60.0,57452.82,8.31,707.0,10.0,MORTGAGE,3.0,0.0,6.0,24.0,36.0,160.1,27.0,12329.05,87324.83,28703.55,Source Verified,debt_consolidation
19800.0,36.0,112132.29,22.27,693.0,9.0,MORTGAGE,2.0,0.0,6.0,,37.0,84.59,31.0,36460.61,355570.22,32211.1,Not Verified,debt_consolidation
3100.0,36.0,33648.22,14.16,653.0,4.0,MORTGAGE,0.0,3.0,3.0,1.0,15.0,27.11,15.0,4241.05,62445.17,491.69,Source Verified,debt_consolidation
19800.0,36.0,82424.39,31.87,650.0,2.0,MORTGAGE,6.0,6.0,13.0,5.0,9.0,150.78,5.0,18270.2,312966.55,16177.62,Not Verified,debt_consolidation
5300.0,36.0,65504.07,25.28,680.0,10.0,OWN,1.0,9.0,5.0,6.0,2.0,54.28,2.0,25242.03,226611.94,5071.64,Not Verified,debt_consolidation
29900.0,60.0,223463.98,30.76,664.0,6.0,RENT,9.0,6.0,7.0,0.0,8.0,275.31,3.0,70743.08,948075.46,55818.98,Not Verified,debt_consolidation
23200.0,60.0,64766.52,28.45,689.0,2.0,MORTGAGE,3.0,4.0,4.0,5.0,52.0,135.74,3.0,29038.66,297343.33,8234.69,Source Verified,debt_consolidation
18100.0,36.0,64215.95,24.08,690.0,7.0,RENT,0.0,7.0,13.0,7.0,3.0,288.56,3.0,2286.6,34270.79,18669.11,Source Verified,debt_consolidation
2000.0,36.0,34477.74,30.22,678.0,10.0,MORTGAGE,5.0,6.0,14.0,7.0,7.0,346.75,5.0,5397.62,96759.63,12720.67,Not Verified,debt_consolidation
12000.0,60.0,108276.71,5.09,676.0,,MORTGAGE,4.0,13.0,13.0,4.0,6.0,202.56,6.0,19415.86,374134.87,16456.29,Source Verified,debt_consolidation
24800.0,36.0,326940.63,8.26,785.0,10.0,MORTGAGE,3.0,1.0,1.0,,274.0,272.41,9.0,60162.93,301895.02,48785.76,Source Verified,debt_consolidation
9800.0,36.0,45286.04,16.12,686.0,10.0,MORTGAGE,2.0,17.0,15.0,2.0,2.0,72.35,2.0,578.49,13811.02,21940.13,Not Verified,debt_consolidation
6000.0,36.0,63475.39,17.07,681.0,10.0,MORTGAGE,1.0,1.0,9.0,8.0,29.0,349.48,14.0,21406.59,246320.26,50766.97,Not Verified,debt_consolidation
11900.0,36.0,33108.6,20.2,690.0,10.0,RENT,0.0,3.0,5.0,8.0,91.0,104.94,6.0,2866.94,23309.73,6243.28,Source Verified,debt_consolidation
13600.0,36.0,120422.27,13.55,757.0,1.0,MORTGAGE,4.0,3.0,4.0,7.0,7.0,136.13,7.0,15453.57,273240.4,41142.49,Not Verified,debt_consolidation
25600.0,36.0,128188.99,18.97,712.0,10.0,MORTGAGE,3.0,6.0,6.0,3.0,6.0,192.89,3.0,5533.15,76455.51,49505.66,Source Verified,debt_consolidation
16700.0,60.0,71278.19,9.07,681.0,8.0,MORTGAGE,3.0,5.0,8.0,5.0,28.0,91.59,1.0,19931.69,202347.76,17630.32,Source Verified,debt_consolidation
10100.0,36.0,208923.83,3.98,724.0,0.0,MORTGAGE,1.0,5.0,1.0,6.0,27.0,344.99,3.0,64280.45,392945.97,20332.98,Source Verified,debt_consolidation
4700.0,36.0,44206.39,17.58,677.0,5.0,MORTGAGE,2.0,2.0,5.0,5.0,41.0,297.3,5.0,812.52,8265.21,6887.24,Not Verified,debt_consolidation
13500.0,60.0,27427.17,12.4,718.0,1.0,MORTGAGE,2.0,6.0,7.0,3.0,5.0,61.29,3.0,16515.83,143885.16,22500.73,Source Verified,debt_consolidation
14300.0,60.0,70781.55,17.95,718.0,1.0,OWN,2.0,4.0,5.0,0.0,12.0,243.36,5.0,32082.24,303557.58,8082.54,Source Verified,small_business
20100.0,36.0,136984.61,9.4,670.0,5.0,MORTGAGE,2.0,8.0,7.0,0.0,4.0,151.83,3.0,27294.99,372177.41,31112.63,Source Verified,debt_consolidation
18600.0,60.0,118579.52,5.76,649.0,5.0,MORTGAGE,1.0,13.0,15.0,6.0,6.0,71.59,6.0,13244.78,254405.0,10131.62,Source Verified,debt_consolidation
9900.0,36.0,74712.41,16.18,672.0,0.0,OWN,1.0,12.0,3.0,1.0,7.0,205.83,5.0,9832.58,125297.25,12875.38,Source Verified,debt_consolidation
35000.0,60.0,129302.82,21.32,695.0,3.0,MORTGAGE,6.0,0.0,6.0,22.0,49.0,137.14,39.0,34393.13,344292.09,18686.89,Source Verified,debt_consolidation
16300.0,36.0,60727.99,30.08,721.0,10.0,RENT,0.0,4.0,2.0,,9.0,233.82,5.0,3853.28,46284.48,11476.8,Not Verified,debt_consolidation
10900.0,36.0,79032.9,14.07,674.0,10.0,MORTGAGE,5.0,2.0,3.0,4.0,87.0,288.82,11.0,54021.56,275302.16,12990.01,Source Verified,debt_consolidation
15900.0,36.0,44580.14,8.29,722.0,4.0,MORTGAGE,0.0,4.0,4.0,24.0,8.0,102.47,8.0,1317.87,13412.8,48110.61,Not Verified,debt_consolidation
24100.0,60.0,106179.17,14.27,724.0,1.0,RENT,7.0,6.0,8.0,15.0,9.0,185.1,9.0,3935.7,46139.93,28384.77,Source Verified,debt_consolidation
19800.0,36.0,70461.92,16.77,709.0,2.0,RENT,0.0,1.0,9.0,10.0,23.0,131.13,23.0,2360.08,26540.72,28594.07,Source Verified,debt_consolidation
7900.0,36.0,58226.71,27.94,664.0,10.0,MORTGAGE,3.0,4.0,2.0,1.0,1.0,195.35,1.0,39326.16,268247.26,4946.01,Source Verified,debt_consolidation
11800.0,60.0,67073.78,9.28,711.0,10.0,MORTGAGE,,,,,,,,,,,Not Verified,debt_consolidation
8000.0,36.0,50212.58,14.75,681.0,0.0,RENT,0.0,0.0,4.0,18.0,78.0,155.51,42.0,4935.88,30232.44,6657.03,Source Verified,debt_consolidation
11100.0,36.0,68914.18,7.35,708.0,10.0,MORTGAGE,0.0,2.0,6.0,21.0,13.0,398.71,13.0,1619.6,11310.02,14874.22,Not Verified,debt_consolidation
24100.0,36.0,86203.91,27.98,738.0,1.0,MORTGAGE,1.0,6.0,3.0,3.0,4.0,134.06,4.0,30111.09,341692.73,7580.73,Source Verified,debt_consolidation
7100.0,36.0,127466.28,27.28,646.0,10.0,MORTGAGE,3.0,11.0,13.0,0.0,3.0,223.5,1.0,16940.33,317504.17,9579.93,Not Verified,debt_consolidation
15000.0,36.0,45406.28,16.48,694.0,10.0,MORTGAGE,4.0,1.0,4.0,15.0,37.0,186.26,16.0,15172.92,105732.14,13577.04,Not Verified,debt_consolidation
24400.0,60.0,66872.12,19.23,690.0,5.0,OWN,0.0,5.0,3.0,3.0,0.0,98.54,0.0,5643.28,34219.11,17737.2,Source Verified,debt_consolidation
4800.0,36.0,22333.85,23.26,701.0,,RENT,0.0,4.0,2.0,4.0,4.0,195.59,4.0,2518.1,7777.48,1811.08,Not Verified,debt_consolidation
12000.0,36.0,38856.25,5.55,676.0,10.0,RENT,0.0,2.0,3.0,,19.0,26.25,6.0,1924.49,5985.94,5552.3,Not Verified,debt_consolidation
24800.0,60.0,51493.31,20.58,725.0,10.0,MORTGAGE,2.0,4.0,2.0,,44.0,153.21,8.0,37958.29,312109.64,8202.92,Not Verified,debt_consolidation
18600.0,60.0,71823.87,20.11,708.0,10.0,RENT,0.0,6.0,10.0,1.0,10.0,205.56,4.0,2313.36,48108.86,17749.24,Not Verified,debt_consolidation
9600.0,36.0,115436.78,10.83,683.0,10.0,RENT,0.0,6.0,2.0,11.0,5.0,236.96,5.0,8642.88,52099.75,27454.08,Source Verified,debt_consolidation
