loan_amnt,term,annual_inc,dti,fico_range_low,emp_length,home_ownership,mort_acc,acc_open_past_24mths,num_actv_rev_tl,mths_since_recent_inq,mths_since_recent_bc,mo_sin_old_rev_tl_op,mo_sin_rcnt_tl,avg_cur_bal,tot_cur_bal,total_bc_limit,verification_status,purpose
17000.0,60.0,45519.15,7.1,657.0,9.0,OWN,0.0,7.0,17.0,3.0,5.0,55.0,5.0,1536.07,8369.82,8767.38,Not Verified,debt_consolidation
15100.0,60.0,49120.7,30.76,642.0,8.0,RENT,0.0,3.0,10.0,2.0,2.0,62.0,3.0,1399.14,13001.79,85232.6,Source Verified,credit_card
19700.0,36.0,52512.78,30.25,656.0,0.0,RENT,0.0,4.0,8.0,2.0,2.0,31.0,3.0,692.17,4768.61,8832.93,Verified,other
35000.0,60.0,90612.3,25.79,674.0,8.0,RENT,0.0,14.0,10.0,2.0,9.0,12.0,2.0,11722.56,103464.75,10911.88,Not Verified,other
16100.0,60.0,34079.12,28.17,610.0,2.0,RENT,1.0,7.0,9.0,2.0,13.0,135.0,1.0,812.7,8653.59,14142.52,Source Verified,other
24900.0,36.0,65115.41,38.96,702.0,3.0,RENT,0.0,9.0,13.0,9.0,0.0,51.0,1.0,3377.44,30085.17,9246.03,Source Verified,credit_card
11200.0,60.0,23271.89,38.95,642.0,2.0,MORTGAGE,0.0,9.0,16.0,4.0,4.0,12.0,6.0,1830.36,8033.81,2520.6,Source Verified,credit_card
19600.0,36.0,58182.66,34.89,638.0,7.0,MORTGAGE,0.0,12.0,13.0,1.0,15.0,112.0,1.0,2443.54,21022.82,13350.69,Verified,small_business
18700.0,60.0,45891.84,16.74,626.0,4.0,OWN,0.0,8.0,11.0,3.0,12.0,100.0,5.0,1993.42,18019.94,16116.09,Source Verified,small_business
22500.0,60.0,53527.04,18.62,681.0,10.0,RENT,0.0,8.0,4.0,2.0,5.0,119.0,4.0,1063.23,5112.54,4674.63,Source Verified,other
20500.0,60.0,66281.62,35.42,674.0,1.0,RENT,0.0,5.0,2.0,3.0,0.0,192.0,8.0,2948.65,22217.0,4366.34,Source Verified,debt_consolidation
40000.0,60.0,101150.65,22.74,690.0,0.0,RENT,1.0,9.0,16.0,3.0,0.0,95.0,0.0,1818.37,18517.14,22239.33,Verified,credit_card
28100.0,36.0,68364.31,27.87,680.0,10.0,MORTGAGE,0.0,6.0,13.0,0.0,12.0,107.0,5.0,3808.93,41171.46,12079.5,Not Verified,small_business
14500.0,60.0,30912.88,28.63,662.0,0.0,RENT,1.0,8.0,12.0,0.0,10.0,44.0,2.0,8363.08,35465.36,17031.12,Not Verified,credit_card
10000.0,36.0,26807.35,16.04,664.0,1.0,OWN,0.0,5.0,7.0,9.0,14.0,73.0,0.0,3156.72,21238.46,1825.26,Verified,debt_consolidation
22200.0,60.0,59788.0,16.63,681.0,4.0,RENT,1.0,10.0,11.0,1.0,2.0,152.0,0.0,579.3,5536.56,12050.43,Verified,credit_card
18100.0,60.0,47736.07,19.99,630.0,2.0,RENT,0.0,5.0,12.0,0.0,4.0,100.0,0.0,4525.0,23714.54,2878.5,Source Verified,debt_consolidation
18400.0,36.0,49255.46,14.72,654.0,0.0,RENT,0.0,5.0,14.0,4.0,13.0,101.0,8.0,1169.95,9802.89,8030.82,Verified,credit_card
10200.0,60.0,26731.26,44.83,666.0,2.0,MORTGAGE,0.0,8.0,5.0,4.0,7.0,46.0,6.0,17011.51,137187.58,10007.94,Not Verified,home_improvement
11500.0,60.0,38332.6,12.52,642.0,8.0,MORTGAGE,0.0,7.0,8.0,2.0,2.0,49.0,0.0,1869.69,21134.38,8075.98,Not Verified,other
15200.0,60.0,38574.5,28.52,675.0,4.0,RENT,0.0,11.0,9.0,4.0,2.0,94.0,0.0,1598.39,12797.09,4390.73,Source Verified,small_business
5800.0,60.0,23479.36,33.49,645.0,7.0,RENT,1.0,3.0,9.0,4.0,6.0,119.0,4.0,1743.68,9164.7,8508.83,Source Verified,debt_consolidation
20000.0,60.0,51664.91,33.57,674.0,3.0,OWN,0.0,8.0,11.0,1.0,0.0,171.0,1.0,4025.44,31306.04,20876.02,Source Verified,small_business
14900.0,60.0,46793.21,29.6,659.0,1.0,RENT,1.0,7.0,14.0,3.0,0.0,100.0,5.0,7169.56,75333.9,2894.21,Not Verified,other
8900.0,36.0,19936.41,21.11,668.0,2.0,RENT,1.0,10.0,9.0,6.0,19.0,21.0,0.0,11008.33,60522.86,6103.04,Verified,debt_consolidation
13200.0,60.0,38575.37,14.43,613.0,8.0,MORTGAGE,1.0,12.0,6.0,5.0,4.0,37.0,3.0,1458.01,15661.04,3238.8,Verified,credit_card
33000.0,60.0,89589.76,18.42,631.0,7.0,OWN,0.0,8.0,11.0,2.0,4.0,128.0,0.0,842.53,4564.5,2736.4,Source Verified,other
27600.0,60.0,70941.96,29.98,693.0,1.0,RENT,0.0,8.0,8.0,0.0,9.0,100.0,7.0,831.58,5520.09,10687.88,Source Verified,small_business
22100.0,60.0,57981.97,31.61,660.0,4.0,RENT,0.0,10.0,7.0,1.0,6.0,140.0,2.0,3752.25,32198.19,9397.4,Verified,credit_card
28800.0,60.0,75011.91,37.87,653.0,1.0,RENT,1.0,4.0,14.0,2.0,1.0,142.0,0.0,12297.49,146067.99,3499.58,Source Verified,debt_consolidation
12100.0,60.0,33478.95,30.99,682.0,0.0,RENT,0.0,6.0,8.0,0.0,3.0,90.0,3.0,3638.74,24694.27,40888.26,Not Verified,small_business
34000.0,60.0,91687.64,32.0,676.0,4.0,RENT,0.0,8.0,12.0,0.0,0.0,47.0,2.0,1576.15,11458.57,7616.89,Not Verified,other
25100.0,36.0,61333.62,41.41,654.0,0.0,OWN,1.0,8.0,9.0,1.0,13.0,80.0,1.0,1531.53,6911.18,1556.28,Source Verified,debt_consolidation
22600.0,60.0,61172.66,33.88,637.0,0.0,RENT,0.0,13.0,10.0,0.0,14.0,93.0,3.0,2502.16,27462.69,5241.56,Source Verified,debt_consolidation
9100.0,60.0,27578.97,32.35,710.0,3.0,RENT,0.0,13.0,9.0,5.0,1.0,131.0,5.0,1530.31,17636.97,797.28,Source Verified,small_business
12700.0,60.0,30958.38,26.08,674.0,5.0,OWN,2.0,5.0,10.0,3.0,6.0,111.0,5.0,2237.78,19327.53,3561.3,Source Verified,small_business
23600.0,36.0,59460.59,3.82,611.0,2.0,RENT,0.0,12.0,13.0,4.0,13.0,106.0,4.0,3298.14,14670.4,6360.88,Source Verified,other
19700.0,60.0,61255.73,13.37,679.0,4.0,OWN,1.0,5.0,11.0,1.0,5.0,40.0,7.0,771.43,4603.75,7511.75,Source Verified,credit_card
21500.0,60.0,68638.0,33.47,677.0,4.0,MORTGAGE,0.0,10.0,11.0,0.0,7.0,119.0,10.0,15191.28,165597.3,8432.64,Source Verified,small_business
29600.0,60.0,74617.71,12.86,678.0,2.0,OWN,1.0,8.0,8.0,4.0,15.0,101.0,0.0,6634.76,29596.4,2690.32,Verified,debt_consolidation
12700.0,60.0,37153.67,31.61,644.0,9.0,RENT,0.0,12.0,10.0,2.0,0.0,90.0,0.0,4954.46,20076.18,11749.75,Not Verified,debt_consolidation
16000.0,60.0,43956.61,21.54,696.0,9.0,RENT,1.0,9.0,10.0,7.0,4.0,127.0,0.0,3319.64,21893.85,10877.92,Not Verified,small_business
32300.0,60.0,83672.06,22.4,634.0,0.0,RENT,0.0,5.0,8.0,0.0,24.0,100.0,0.0,631.17,7101.15,17964.18,Verified,debt_consolidation
22700.0,36.0,56673.09,31.05,689.0,5.0,OWN,0.0,10.0,9.0,5.0,6.0,84.0,0.0,2506.9,11486.22,6102.23,Not Verified,credit_card
29300.0,60.0,79289.76,27.05,663.0,3.0,OWN,0.0,4.0,12.0,0.0,2.0,116.0,2.0,705.81,4908.1,6242.33,Source Verified,credit_card
28400.0,60.0,64620.09,34.21,703.0,0.0,RENT,1.0,6.0,11.0,3.0,21.0,35.0,3.0,758.93,7574.5,1418.61,Source Verified,debt_consolidation
27900.0,60.0,69308.93,22.99,644.0,2.0,RENT,0.0,5.0,11.0,1.0,10.0,111.0,6.0,4572.8,24128.89,3714.63,Verified,other
23500.0,36.0,59590.84,31.36,674.0,6.0,MORTGAGE,0.0,13.0,13.0,6.0,13.0,12.0,6.0,3693.74,40397.13,4743.42,Verified,small_business
22000.0,60.0,67382.48,32.38,679.0,0.0,RENT,1.0,11.0,5.0,0.0,0.0,137.0,5.0,4174.98,43801.31,5479.09,Source Verified,other
20200.0,60.0,52508.01,19.89,646.0,3.0,RENT,1.0,8.0,4.0,3.0,21.0,88.0,9.0,643.69,3138.79,6515.32,Source Verified,small_business
18500.0,60.0,50315.86,28.93,655.0,3.0,RENT,0.0,11.0,10.0,4.0,10.0,107.0,4.0,9919.37,93010.64,1438.22,Not Verified,debt_consolidation
31700.0,36.0,81159.26,30.05,643.0,3.0,RENT,0.0,10.0,14.0,3.0,0.0,102.0,5.0,4085.04,35884.77,4349.71,Source Verified,credit_card
34000.0,60.0,84446.51,27.48,668.0,1.0,RENT,0.0,4.0,8.0,3.0,2.0,72.0,9.0,1505.29,17152.87,4098.35,Verified,debt_consolidation
23100.0,60.0,62670.96,17.95,674.0,0.0,OWN,0.0,7.0,10.0,0.0,12.0,59.0,0.0,1793.56,10891.0,1262.38,Not Verified,small_business
13000.0,60.0,32625.58,22.63,647.0,9.0,OWN,0.0,13.0,11.0,4.0,5.0,86.0,2.0,5739.49,29301.71,5134.68,Not Verified,other
8700.0,60.0,32013.19,29.14,665.0,7.0,RENT,1.0,6.0,3.0,0.0,3.0,55.0,9.0,4565.91,51660.53,3458.29,Not Verified,credit_card
17300.0,36.0,47805.74,9.46,639.0,5.0,RENT,2.0,10.0,8.0,3.0,8.0,183.0,0.0,5561.36,28811.06,10330.27,Source Verified,credit_card
19600.0,36.0,45949.39,31.29,640.0,7.0,RENT,1.0,12.0,5.0,0.0,1.0,155.0,7.0,1020.71,5567.54,2162.41,Verified,debt_consolidation
14200.0,60.0,35608.36,40.65,610.0,0.0,RENT,1.0,9.0,10.0,4.0,8.0,83.0,2.0,1457.43,12648.04,6647.51,Not Verified,other
7600.0,60.0,19390.55,21.25,622.0,7.0,MORTGAGE,0.0,4.0,9.0,4.0,12.0,133.0,3.0,6188.95,58648.99,1984.69,Verified,small_business
35200.0,60.0,96878.37,24.2,636.0,9.0,OWN,0.0,6.0,8.0,1.0,12.0,67.0,2.0,1689.27,10898.15,2799.06,Not Verified,small_business
3900.0,60.0,16734.25,19.07,658.0,9.0,OWN,0.0,10.0,16.0,5.0,7.0,167.0,0.0,3348.84,29536.8,4842.81,Verified,debt_consolidation
27700.0,60.0,67749.75,40.29,698.0,4.0,RENT,0.0,5.0,10.0,5.0,0.0,12.0,4.0,1618.12,9870.58,5864.31,Source Verified,small_business
23600.0,60.0,62891.42,38.78,663.0,5.0,OWN,0.0,7.0,9.0,0.0,13.0,101.0,4.0,2872.65,26892.73,4890.72,Source Verified,other
29700.0,36.0,71522.48,28.38,658.0,10.0,RENT,0.0,9.0,5.0,5.0,13.0,80.0,2.0,1436.11,15871.16,1825.65,Verified,debt_consolidation
4100.0,36.0,20922.02,31.68,665.0,5.0,OWN,0.0,8.0,4.0,6.0,3.0,49.0,8.0,3816.63,21687.63,7623.92,Verified,small_business
25400.0,36.0,68796.07,21.17,616.0,0.0,RENT,0.0,8.0,6.0,0.0,7.0,52.0,2.0,599.83,5101.21,8411.68,Verified,credit_card
13300.0,60.0,34530.69,33.92,656.0,8.0,OWN,0.0,5.0,7.0,3.0,16.0,145.0,3.0,6986.2,38844.41,25420.81,Source Verified,debt_consolidation
10600.0,36.0,23259.3,27.74,631.0,4.0,RENT,0.0,5.0,7.0,2.0,0.0,20.0,6.0,217.38,1047.19,4436.02,Source Verified,small_business
11000.0,36.0,27659.21,29.32,639.0,3.0,RENT,0.0,7.0,11.0,1.0,10.0,82.0,3.0,1981.83,16355.36,2428.7,Verified,debt_consolidation
22900.0,60.0,55397.43,39.1,712.0,8.0,OWN,2.0,3.0,13.0,0.0,15.0,46.0,3.0,2718.48,31238.0,2235.25,Source Verified,debt_consolidation
15900.0,60.0,38810.46,10.03,707.0,10.0,RENT,1.0,13.0,8.0,0.0,2.0,118.0,6.0,7941.87,54599.12,23481.84,Verified,debt_consolidation
13600.0,60.0,43247.12,33.16,682.0,4.0,RENT,0.0,9.0,18.0,0.0,1.0,52.0,2.0,2768.51,15570.08,5297.63,Verified,small_business
9400.0,36.0,24855.11,36.48,670.0,0.0,RENT,0.0,13.0,7.0,4.0,12.0,79.0,4.0,4233.56,26004.18,10216.02,Not Verified,other
9800.0,36.0,42009.49,38.81,669.0,10.0,MORTGAGE,0.0,15.0,4.0,1.0,13.0,80.0,0.0,2872.9,23358.25,25376.35,Source Verified,other
10100.0,36.0,24726.5,30.68,628.0,3.0,MORTGAGE,0.0,7.0,8.0,6.0,6.0,71.0,7.0,1313.57,12963.35,13553.62,Not Verified,other
17600.0,60.0,47291.33,25.87,620.0,1.0,RENT,0.0,6.0,9.0,3.0,0.0,181.0,4.0,2490.16,16994.26,5188.52,Source Verified,credit_card
7700.0,60.0,20994.01,13.68,664.0,5.0,RENT,0.0,8.0,10.0,4.0,0.0,83.0,6.0,489.84,4718.91,9256.09,Verified,credit_card
21800.0,36.0,65686.15,40.48,642.0,8.0,RENT,0.0,7.0,13.0,4.0,8.0,100.0,0.0,1932.61,20521.22,18153.79,Source Verified,home_improvement
13500.0,36.0,39810.88,10.86,633.0,2.0,RENT,0.0,10.0,6.0,0.0,12.0,159.0,6.0,420.84,1751.51,5791.21,Verified,debt_consolidation
13000.0,60.0,38343.21,28.2,653.0,10.0,OWN,0.0,9.0,8.0,7.0,0.0,12.0,0.0,3708.2,19539.61,4248.13,Source Verified,credit_card
14500.0,36.0,37802.07,31.01,653.0,2.0,MORTGAGE,0.0,8.0,6.0,2.0,10.0,29.0,7.0,2135.76,13223.2,1703.99,Not Verified,other
8900.0,60.0,35704.31,35.63,660.0,0.0,RENT,0.0,6.0,13.0,2.0,17.0,119.0,0.0,2359.66,10535.86,5527.3,Verified,small_business
16700.0,60.0,44033.73,31.01,634.0,4.0,OWN,0.0,4.0,10.0,0.0,0.0,12.0,2.0,4251.17,27979.39,11658.9,Verified,small_business
14600.0,60.0,40010.94,36.09,655.0,1.0,RENT,0.0,7.0,9.0,4.0,14.0,140.0,0.0,4885.63,32970.82,2225.24,Source Verified,credit_card
26000.0,60.0,74649.3,37.25,620.0,9.0,MORTGAGE,0.0,9.0,12.0,1.0,13.0,18.0,3.0,3570.75,23200.52,998.79,Source Verified,debt_consolidation
11000.0,60.0,23800.9,24.94,689.0,7.0,OWN,0.0,10.0,9.0,1.0,13.0,110.0,2.0,2408.1,21233.64,5479.56,Verified,small_business
24000.0,36.0,59933.17,41.6,698.0,4.0,RENT,2.0,10.0,14.0,7.0,11.0,48.0,0.0,3436.81,36081.09,2950.27,Source Verified,credit_card
9400.0,60.0,23924.45,37.21,624.0,0.0,RENT,0.0,13.0,1.0,0.0,5.0,164.0,2.0,467.74,3604.63,5069.44,Not Verified,other
16300.0,36.0,40994.25,18.76,667.0,6.0,RENT,1.0,10.0,11.0,0.0,0.0,99.0,6.0,7121.23,47827.69,10930.5,Not Verified,small_business
18500.0,36.0,50619.62,38.54,649.0,0.0,RENT,0.0,4.0,14.0,3.0,7.0,109.0,0.0,4556.24,37413.3,20191.69,Not Verified,small_business
12300.0,60.0,37228.19,27.37,658.0,0.0,RENT,1.0,10.0,11.0,1.0,0.0,91.0,11.0,2511.66,27471.57,9763.98,Verified,debt_consolidation
15700.0,60.0,42028.6,15.48,657.0,4.0,RENT,3.0,11.0,10.0,5.0,0.0,98.0,5.0,4030.98,26378.99,6286.1,Not Verified,other
12400.0,60.0,29101.27,29.93,688.0,3.0,MORTGAGE,0.0,17.0,6.0,2.0,0.0,84.0,4.0,1517.65,6654.73,1028.81,Verified,debt_consolidation
10900.0,36.0,34596.85,35.46,670.0,8.0,OWN,0.0,4.0,9.0,0.0,0.0,201.0,5.0,1615.25,11254.77,6068.32,Source Verified,credit_card
17600.0,60.0,37807.74,19.46,631.0,5.0,RENT,0.0,12.0,6.0,0.0,0.0,190.0,0.0,2176.11,14321.77,30450.78,Verified,small_business
17400.0,60.0,48057.89,22.94,657.0,9.0,MORTGAGE,0.0,2.0,13.0,0.0,9.0,117.0,2.0,1156.07,12673.64,12586.04,Source Verified,other
12700.0,60.0,33824.31,22.0,655.0,7.0,MORTGAGE,0.0,9.0,13.0,0.0,2.0,170.0,1.0,2354.78,17542.73,11761.04,Source Verified,small_business
19200.0,60.0,50606.33,18.0,633.0,2.0,MORTGAGE,0.0,13.0,10.0,8.0,2.0,69.0,0.0,1472.63,12326.0,3912.21,Not Verified,other
14000.0,36.0,22719.56,30.69,661.0,7.0,RENT,0.0,9.0,8.0,1.0,0.0,97.0,1.0,494.09,4107.49,3724.9,Verified,debt_consolidation
15900.0,60.0,39454.49,20.74,654.0,10.0,RENT,0.0,1.0,7.0,3.0,0.0,76.0,2.0,1946.19,15729.52,2420.69,Verified,home_improvement
23600.0,60.0,57720.21,36.74,693.0,2.0,RENT,0.0,7.0,7.0,4.0,5.0,147.0,3.0,8126.42,95944.44,15825.98,Source Verified,small_business
14700.0,36.0,39773.55,34.44,650.0,2.0,MORTGAGE,0.0,8.0,6.0,0.0,7.0,116.0,2.0,9531.68,80181.23,1575.33,Source Verified,other
21800.0,60.0,48098.47,25.36,667.0,0.0,RENT,1.0,9.0,12.0,7.0,6.0,186.0,2.0,5292.06,43149.9,10616.77,Source Verified,other
20000.0,36.0,49077.48,15.15,610.0,9.0,RENT,0.0,7.0,7.0,0.0,7.0,108.0,3.0,4679.55,41667.46,3560.17,Verified,other
17900.0,60.0,45872.51,36.47,610.0,2.0,MORTGAGE,0.0,12.0,9.0,1.0,4.0,39.0,0.0,2525.01,29200.01,8077.04,Source Verified,other
8400.0,60.0,26609.42,37.57,664.0,7.0,RENT,0.0,13.0,8.0,0.0,10.0,75.0,6.0,4483.36,52145.19,5705.63,Verified,credit_card
14100.0,60.0,36217.39,25.68,659.0,3.0,RENT,0.0,15.0,8.0,2.0,16.0,15.0,1.0,1459.94,11312.72,28144.21,Verified,small_business
19400.0,60.0,48278.3,26.11,680.0,3.0,MORTGAGE,1.0,4.0,5.0,1.0,22.0,124.0,6.0,3298.27,13492.04,8255.58,Not Verified,other
24000.0,36.0,54853.17,24.43,623.0,0.0,OWN,1.0,7.0,8.0,1.0,0.0,79.0,5.0,3758.52,17403.65,5448.46,Verified,debt_consolidation
11100.0,60.0,35630.2,23.86,647.0,0.0,OWN,0.0,8.0,9.0,0.0,4.0,18.0,0.0,2668.53,14941.22,2370.43,Verified,credit_card
19300.0,60.0,55923.63,27.6,610.0,1.0,OWN,0.0,13.0,6.0,5.0,9.0,180.0,8.0,1968.49,18354.94,3843.24,Not Verified,credit_card
9600.0,36.0,22797.93,38.03,632.0,0.0,RENT,0.0,4.0,10.0,4.0,7.0,106.0,4.0,384.38,4392.87,9672.19,Source Verified,debt_consolidation
37600.0,36.0,99018.6,23.44,643.0,2.0,RENT,0.0,12.0,16.0,1.0,0.0,53.0,5.0,3585.45,15955.6,5068.77,Source Verified,small_business
16900.0,60.0,45735.02,36.0,652.0,4.0,RENT,0.0,1.0,5.0,0.0,3.0,73.0,3.0,874.19,8943.75,5450.01,Not Verified,home_improvement
11100.0,60.0,31399.77,27.93,639.0,1.0,MORTGAGE,0.0,14.0,4.0,4.0,0.0,66.0,3.0,1906.98,9304.53,8742.19,Source Verified,debt_consolidation
18500.0,60.0,52402.3,21.62,682.0,7.0,RENT,0.0,8.0,7.0,2.0,3.0,101.0,1.0,4385.45,31580.18,3712.76,Source Verified,small_business
9300.0,36.0,20155.58,32.86,614.0,2.0,RENT,1.0,2.0,12.0,3.0,0.0,218.0,0.0,16847.02,142412.43,9232.2,Verified,small_business
8500.0,60.0,25270.9,19.34,619.0,5.0,RENT,2.0,13.0,11.0,2.0,1.0,116.0,0.0,5179.42,21266.69,17941.7,Not Verified,credit_card
22400.0,36.0,55831.05,15.04,668.0,5.0,RENT,1.0,7.0,15.0,0.0,9.0,145.0,5.0,1025.46,5383.65,6241.64,Source Verified,credit_card
20600.0,60.0,48726.09,20.67,644.0,9.0,RENT,0.0,6.0,12.0,2.0,1.0,104.0,9.0,12507.29,81967.55,4970.63,Source Verified,other
20200.0,60.0,54773.76,36.95,692.0,6.0,RENT,1.0,11.0,9.0,2.0,12.0,89.0,3.0,9707.23,57181.6,3074.14,Verified,small_business
16300.0,60.0,43528.83,20.55,674.0,0.0,OWN,0.0,6.0,9.0,3.0,14.0,68.0,1.0,1355.58,12066.1,1103.25,Source Verified,debt_consolidation
19200.0,36.0,46257.72,45.56,664.0,2.0,RENT,0.0,10.0,7.0,0.0,25.0,98.0,6.0,5748.22,28716.11,1247.16,Not Verified,credit_card
25200.0,60.0,72916.91,49.12,610.0,1.0,MORTGAGE,0.0,11.0,13.0,5.0,15.0,52.0,4.0,3655.22,19144.23,1444.79,Not Verified,credit_card
7000.0,60.0,19481.97,13.32,638.0,3.0,RENT,1.0,8.0,7.0,1.0,18.0,38.0,3.0,5584.91,27684.47,14948.52,Not Verified,debt_consolidation
20600.0,36.0,53306.59,29.55,663.0,0.0,MORTGAGE,0.0,6.0,8.0,7.0,16.0,140.0,5.0,7517.29,48553.41,87343.93,Verified,small_business
16000.0,36.0,48808.03,21.87,637.0,3.0,OWN,1.0,11.0,14.0,3.0,0.0,45.0,2.0,4465.39,42809.49,4827.17,Verified,other
13800.0,60.0,40178.44,19.54,663.0,1.0,RENT,0.0,11.0,9.0,5.0,0.0,12.0,6.0,905.93,4296.98,10421.21,Verified,small_business
11900.0,60.0,35486.39,26.42,663.0,6.0,RENT,0.0,11.0,8.0,0.0,8.0,105.0,1.0,4503.18,20314.09,2668.99,Not Verified,debt_consolidation
19700.0,60.0,57556.05,33.69,632.0,1.0,RENT,1.0,8.0,7.0,3.0,11.0,110.0,2.0,1256.9,10228.39,1423.93,Verified,small_business
33100.0,36.0,85140.29,19.5,624.0,2.0,RENT,0.0,15.0,14.0,0.0,12.0,71.0,0.0,1134.55,7800.37,7150.91,Source Verified,small_business
20300.0,60.0,52015.25,19.22,682.0,5.0,RENT,0.0,12.0,9.0,0.0,9.0,154.0,6.0,5062.87,51216.8,7279.0,Not Verified,small_business
15800.0,36.0,45083.74,13.47,656.0,8.0,OWN,0.0,7.0,14.0,4.0,20.0,70.0,0.0,2747.48,19346.25,8870.44,Verified,credit_card
29000.0,36.0,69078.36,29.37,657.0,6.0,RENT,0.0,6.0,8.0,2.0,8.0,129.0,3.0,1543.23,17538.77,5771.8,Source Verified,credit_card
17200.0,60.0,45531.87,43.8,682.0,5.0,RENT,0.0,6.0,11.0,4.0,15.0,43.0,1.0,2059.71,11136.47,12599.29,Not Verified,debt_consolidation
40000.0,60.0,148627.48,31.0,704.0,0.0,RENT,0.0,8.0,1.0,3.0,12.0,89.0,6.0,2134.35,19771.27,3732.67,Not Verified,home_improvement
14800.0,60.0,42436.64,16.16,610.0,6.0,RENT,0.0,12.0,10.0,0.0,13.0,163.0,4.0,4755.06,32331.78,5341.61,Verified,debt_consolidation
27400.0,36.0,78860.7,32.47,696.0,6.0,OWN,0.0,10.0,9.0,7.0,13.0,162.0,3.0,782.92,3976.49,1275.75,Source Verified,debt_consolidation
12600.0,60.0,33315.35,30.34,683.0,6.0,MORTGAGE,0.0,11.0,5.0,3.0,10.0,105.0,2.0,2139.35,25040.76,6383.3,Not Verified,debt_consolidation
13000.0,36.0,37520.1,24.85,647.0,1.0,RENT,0.0,15.0,8.0,4.0,11.0,114.0,4.0,2573.35,18063.96,2162.01,Not Verified,debt_consolidation
14400.0,60.0,33729.52,41.71,688.0,1.0,RENT,0.0,12.0,4.0,1.0,8.0,35.0,3.0,2594.11,11580.04,1875.74,Source Verified,debt_consolidation
19600.0,60.0,41422.65,18.24,653.0,4.0,MORTGAGE,2.0,9.0,6.0,1.0,1.0,143.0,1.0,753.85,7724.5,11465.87,Source Verified,debt_consolidation
15300.0,60.0,44580.92,10.16,700.0,7.0,RENT,0.0,5.0,7.0,1.0,1.0,173.0,4.0,2842.19,29361.03,12775.53,Verified,small_business
17600.0,60.0,50526.85,28.68,687.0,4.0,RENT,0.0,3.0,10.0,4.0,2.0,12.0,1.0,3383.58,27148.53,3819.1,Verified,other
10200.0,60.0,39240.84,38.83,667.0,3.0,RENT,0.0,10.0,11.0,7.0,5.0,112.0,4.0,1812.86,17110.09,6741.27,Verified,other
22100.0,60.0,64428.68,43.59,638.0,6.0,OWN,1.0,7.0,9.0,2.0,9.0,195.0,0.0,3725.15,29219.89,8263.43,Verified,debt_consolidation
36300.0,36.0,88124.13,20.28,657.0,7.0,OWN,1.0,4.0,11.0,4.0,0.0,48.0,3.0,11091.04,124792.1,14381.29,Not Verified,other
19500.0,36.0,48079.66,21.2,630.0,1.0,RENT,0.0,10.0,9.0,3.0,0.0,48.0,0.0,1333.44,5742.74,4408.3,Source Verified,debt_consolidation
11900.0,60.0,35104.49,26.24,635.0,1.0,MORTGAGE,0.0,9.0,13.0,1.0,0.0,90.0,0.0,1536.94,6423.27,5425.34,Source Verified,small_business
27500.0,36.0,62677.9,24.95,660.0,6.0,RENT,0.0,13.0,6.0,5.0,10.0,87.0,9.0,2025.0,17633.86,8663.84,Verified,credit_card
19900.0,36.0,50472.5,44.1,651.0,4.0,OWN,1.0,4.0,12.0,3.0,11.0,81.0,7.0,660.07,5064.7,1500.61,Verified,small_business
15200.0,60.0,43640.9,40.58,636.0,1.0,OWN,1.0,9.0,10.0,6.0,0.0,90.0,3.0,1038.78,5882.4,4150.32,Source Verified,home_improvement
26200.0,60.0,70875.2,19.91,701.0,0.0,MORTGAGE,1.0,0.0,6.0,6.0,17.0,73.0,6.0,3391.43,24474.05,5904.44,Not Verified,other
19000.0,60.0,53785.62,15.06,640.0,9.0,RENT,0.0,5.0,10.0,0.0,8.0,119.0,2.0,4725.05,23880.82,14645.88,Source Verified,small_business
30900.0,60.0,82152.59,38.23,654.0,3.0,MORTGAGE,0.0,5.0,10.0,0.0,0.0,111.0,6.0,1682.5,19013.8,2515.74,Source Verified,small_business
13200.0,60.0,38621.81,25.09,655.0,2.0,MORTGAGE,0.0,11.0,12.0,2.0,5.0,87.0,0.0,405.13,4274.21,4973.01,Verified,other
14100.0,60.0,29144.03,22.19,610.0,3.0,OWN,0.0,4.0,15.0,3.0,11.0,62.0,5.0,438.2,4588.31,13788.44,Source Verified,small_business
5800.0,36.0,21428.77,28.5,728.0,7.0,RENT,0.0,15.0,15.0,4.0,0.0,87.0,7.0,1130.55,7168.37,8175.84,Source Verified,other
29900.0,60.0,82659.01,26.39,639.0,4.0,MORTGAGE,1.0,2.0,4.0,1.0,0.0,70.0,5.0,2437.9,10329.81,4864.79,Verified,other
12300.0,60.0,37053.39,30.83,676.0,6.0,OWN,2.0,5.0,3.0,0.0,4.0,115.0,7.0,3038.39,22719.77,20837.99,Verified,debt_consolidation
14600.0,60.0,32306.82,9.42,610.0,8.0,RENT,0.0,8.0,6.0,3.0,2.0,153.0,2.0,4891.95,26883.11,12736.09,Verified,other
32000.0,60.0,81719.91,38.71,650.0,6.0,MORTGAGE,0.0,11.0,15.0,6.0,8.0,95.0,3.0,4020.2,24194.05,63764.46,Source Verified,other
15600.0,60.0,57171.56,23.34,610.0,1.0,RENT,1.0,13.0,5.0,0.0,8.0,12.0,3.0,3883.94,24103.99,16141.13,Source Verified,debt_consolidation
14700.0,60.0,33722.01,30.02,641.0,8.0,MORTGAGE,0.0,4.0,8.0,2.0,10.0,12.0,6.0,925.88,4094.92,12509.53,Not Verified,small_business
16000.0,60.0,39842.99,19.9,690.0,2.0,OWN,0.0,5.0,9.0,1.0,0.0,217.0,2.0,674.25,7067.74,16699.53,Verified,debt_consolidation
10800.0,60.0,25179.32,24.34,677.0,0.0,MORTGAGE,0.0,12.0,6.0,0.0,8.0,54.0,7.0,1892.55,11626.88,10033.91,Verified,small_business
13800.0,60.0,34821.14,32.78,672.0,2.0,RENT,0.0,10.0,12.0,4.0,6.0,111.0,3.0,3614.54,31576.18,1693.38,Verified,debt_consolidation
13700.0,60.0,34838.73,17.49,669.0,0.0,RENT,0.0,9.0,8.0,0.0,0.0,120.0,3.0,3010.63,19592.61,9277.02,Not Verified,debt_consolidation
18200.0,36.0,40597.55,17.91,610.0,2.0,OWN,1.0,0.0,18.0,5.0,11.0,123.0,1.0,490.29,3652.21,7727.58,Not Verified,small_business
18200.0,60.0,50394.79,25.48,623.0,10.0,MORTGAGE,0.0,6.0,13.0,4.0,14.0,55.0,4.0,1462.99,14127.7,3972.31,Not Verified,debt_consolidation
11500.0,60.0,34158.55,28.88,670.0,5.0,MORTGAGE,0.0,13.0,7.0,5.0,1.0,62.0,2.0,3593.42,21547.49,10408.35,Not Verified,small_business
22600.0,36.0,61693.41,41.97,693.0,6.0,RENT,1.0,8.0,6.0,3.0,6.0,112.0,7.0,2231.43,10247.29,4378.08,Verified,other
25800.0,36.0,66493.39,31.3,668.0,7.0,RENT,0.0,9.0,6.0,2.0,0.0,66.0,1.0,5595.94,60797.56,5625.41,Verified,credit_card
8400.0,36.0,29599.02,22.8,671.0,0.0,RENT,0.0,7.0,17.0,2.0,6.0,110.0,6.0,2050.76,21472.12,17827.84,Verified,debt_consolidation
7300.0,60.0,21350.38,46.33,670.0,0.0,MORTGAGE,0.0,10.0,10.0,4.0,14.0,135.0,3.0,17693.64,75861.23,3751.83,Source Verified,debt_consolidation
16500.0,36.0,38242.29,19.23,675.0,0.0,RENT,0.0,8.0,9.0,7.0,0.0,132.0,0.0,8034.46,43277.09,2658.88,Verified,credit_card
7500.0,60.0,23115.62,29.1,668.0,1.0,RENT,1.0,6.0,16.0,3.0,8.0,105.0,6.0,861.58,9553.81,10599.23,Source Verified,other
8700.0,60.0,17520.42,36.63,624.0,1.0,RENT,0.0,9.0,9.0,6.0,3.0,143.0,4.0,2889.68,24511.03,9483.9,Verified,credit_card
15600.0,60.0,44698.62,20.86,682.0,2.0,RENT,0.0,8.0,8.0,4.0,14.0,84.0,4.0,3617.51,40922.81,5131.18,Verified,other
14500.0,60.0,42896.14,16.9,630.0,3.0,RENT,0.0,10.0,12.0,3.0,0.0,60.0,10.0,2011.85,11249.61,5061.35,Not Verified,debt_consolidation
10600.0,36.0,31900.38,19.77,614.0,7.0,OWN,0.0,9.0,16.0,2.0,7.0,38.0,3.0,4249.19,49436.96,2632.5,Source Verified,small_business
14300.0,60.0,39596.26,17.95,659.0,4.0,MORTGAGE,0.0,9.0,14.0,0.0,8.0,12.0,3.0,10812.01,103268.1,3655.55,Not Verified,other
8600.0,60.0,29460.64,30.04,618.0,2.0,RENT,1.0,4.0,8.0,0.0,5.0,129.0,10.0,3908.46,46801.34,3690.18,Source Verified,debt_consolidation
18800.0,60.0,47579.96,33.43,625.0,5.0,MORTGAGE,1.0,11.0,8.0,1.0,0.0,107.0,6.0,3762.29,40192.5,2008.24,Source Verified,other
5100.0,60.0,18006.79,24.41,658.0,4.0,RENT,0.0,9.0,3.0,0.0,0.0,149.0,8.0,823.53,9225.17,1441.97,Verified,debt_consolidation
18100.0,36.0,45216.11,36.86,632.0,7.0,RENT,0.0,11.0,6.0,1.0,6.0,47.0,0.0,8301.59,60207.16,11997.98,Source Verified,small_business
9400.0,60.0,31529.14,12.45,630.0,6.0,MORTGAGE,0.0,8.0,4.0,3.0,0.0,132.0,1.0,5783.55,56373.91,6298.92,Verified,credit_card
12000.0,60.0,31462.04,28.5,668.0,6.0,RENT,0.0,9.0,2.0,3.0,23.0,111.0,0.0,5301.38,56863.79,3619.16,Verified,other
12700.0,60.0,39832.36,40.51,686.0,0.0,MORTGAGE,0.0,2.0,15.0,0.0,0.0,63.0,4.0,443.29,2676.8,3207.64,Source Verified,debt_consolidation
10300.0,36.0,22904.79,29.67,675.0,4.0,RENT,1.0,8.0,8.0,5.0,8.0,175.0,3.0,642.26,5563.24,11845.07,Source Verified,home_improvement
11100.0,36.0,37050.67,29.5,680.0,4.0,RENT,1.0,6.0,11.0,3.0,0.0,177.0,4.0,4179.25,40314.73,1290.93,Source Verified,other
17900.0,60.0,47865.02,10.0,613.0,6.0,MORTGAGE,0.0,5.0,13.0,2.0,0.0,109.0,4.0,3087.6,22930.26,12039.32,Not Verified,credit_card
15700.0,60.0,44097.03,45.74,673.0,2.0,MORTGAGE,0.0,13.0,10.0,0.0,0.0,106.0,0.0,1960.66,16756.94,6337.36,Source Verified,other
7500.0,60.0,32626.4,23.97,655.0,9.0,RENT,0.0,11.0,11.0,3.0,11.0,111.0,3.0,1302.52,8080.88,1641.3,Source Verified,credit_card
17300.0,36.0,53135.23,25.34,635.0,2.0,RENT,0.0,5.0,7.0,2.0,9.0,79.0,5.0,7421.9,49899.53,765.29,Verified,debt_consolidation
4900.0,36.0,14855.17,44.86,647.0,5.0,RENT,0.0,9.0,6.0,2.0,2.0,55.0,0.0,443.71,2228.44,5115.6,Source Verified,debt_consolidation
15200.0,36.0,45279.91,27.68,644.0,0.0,OWN,1.0,8.0,7.0,5.0,3.0,12.0,3.0,12025.72,133999.01,10097.83,Verified,small_business
27400.0,36.0,79030.1,19.69,626.0,3.0,RENT,0.0,7.0,12.0,4.0,12.0,221.0,3.0,1742.8,15963.25,10891.07,Source Verified,other
10100.0,60.0,21596.92,37.89,610.0,6.0,RENT,0.0,10.0,9.0,1.0,0.0,42.0,1.0,12469.21,141892.23,9538.22,Not Verified,credit_card
16600.0,60.0,49517.7,40.82,665.0,4.0,MORTGAGE,1.0,10.0,0.0,2.0,0.0,68.0,4.0,707.91,4234.47,15492.49,Verified,home_improvement
13400.0,60.0,20658.54,27.72,662.0,2.0,RENT,0.0,13.0,13.0,4.0,8.0,188.0,2.0,4558.43,49208.73,6275.79,Verified,credit_card
24000.0,60.0,71767.52,35.54,692.0,6.0,RENT,0.0,8.0,7.0,3.0,10.0,133.0,5.0,6418.83,33669.43,6607.63,Not Verified,other
14600.0,60.0,35106.36,38.17,687.0,9.0,OWN,0.0,9.0,7.0,0.0,15.0,124.0,3.0,5266.17,56991.77,4696.71,Verified,credit_card
25900.0,60.0,73251.06,25.94,660.0,4.0,RENT,1.0,13.0,8.0,4.0,13.0,72.0,4.0,4554.62,27519.89,8289.61,Verified,small_business
27300.0,60.0,72448.95,34.65,679.0,4.0,RENT,1.0,15.0,14.0,2.0,4.0,14.0,1.0,2042.38,21131.24,3771.98,Not Verified,debt_consolidation
21600.0,60.0,60594.52,27.52,698.0,2.0,RENT,0.0,11.0,13.0,0.0,13.0,109.0,0.0,1285.55,5238.32,1563.57,Source Verified,small_business
8200.0,60.0,25870.33,11.18,636.0,8.0,RENT,0.0,3.0,11.0,1.0,0.0,62.0,2.0,2982.26,34703.07,3150.22,Not Verified,home_improvement
17400.0,60.0,49845.9,34.0,648.0,2.0,OWN,2.0,17.0,9.0,2.0,5.0,54.0,4.0,2064.75,17017.24,5375.96,Source Verified,debt_consolidation
16600.0,60.0,37111.26,26.73,663.0,9.0,RENT,1.0,8.0,8.0,5.0,6.0,70.0,5.0,9501.35,76902.99,10170.06,Source Verified,other
11300.0,60.0,34716.33,40.22,617.0,1.0,MORTGAGE,0.0,10.0,10.0,3.0,2.0,164.0,3.0,2775.58,31567.75,3594.8,Not Verified,credit_card
12600.0,60.0,33767.31,15.65,625.0,10.0,MORTGAGE,0.0,12.0,6.0,0.0,1.0,166.0,0.0,1268.66,15092.4,6039.83,Not Verified,credit_card
9400.0,60.0,29887.44,32.01,674.0,2.0,RENT,0.0,10.0,11.0,3.0,0.0,87.0,4.0,3262.6,35423.69,7270.25,Source Verified,debt_consolidation
17200.0,60.0,39179.22,15.03,643.0,5.0,RENT,1.0,4.0,11.0,2.0,5.0,102.0,2.0,2116.33,9316.36,4412.69,Not Verified,small_business
18500.0,60.0,40250.2,32.65,668.0,6.0,RENT,0.0,9.0,9.0,0.0,1.0,97.0,1.0,7324.75,33726.93,2964.65,Not Verified,other
26900.0,36.0,68886.2,29.26,652.0,0.0,OWN,0.0,8.0,10.0,0.0,23.0,59.0,0.0,1685.52,11119.43,1926.16,Not Verified,debt_consolidation
20000.0,60.0,48451.63,6.56,690.0,8.0,RENT,0.0,12.0,7.0,3.0,17.0,109.0,0.0,1435.12,16085.85,2426.16,Not Verified,debt_consolidation
22500.0,60.0,55840.6,24.71,663.0,1.0,RENT,0.0,12.0,5.0,0.0,12.0,163.0,6.0,3812.71,23050.38,3644.65,Not Verified,credit_card
14100.0,60.0,26702.7,31.06,659.0,6.0,OWN,0.0,8.0,11.0,5.0,11.0,126.0,0.0,2338.79,9794.84,4204.14,Not Verified,credit_card
26600.0,60.0,71218.3,37.62,647.0,9.0,RENT,0.0,7.0,7.0,8.0,5.0,12.0,4.0,1295.36,14050.37,5662.81,Verified,credit_card
19300.0,60.0,42541.56,19.68,626.0,5.0,RENT,0.0,11.0,2.0,5.0,8.0,199.0,2.0,4105.57,26530.18,411.82,Source Verified,home_improvement
17700.0,60.0,51258.1,14.79,612.0,0.0,RENT,0.0,9.0,21.0,0.0,8.0,125.0,1.0,3375.22,19462.31,3761.33,Verified,debt_consolidation
10600.0,36.0,29506.61,37.57,730.0,3.0,OWN,0.0,13.0,9.0,3.0,1.0,66.0,1.0,2968.61,13204.98,2329.53,Not Verified,debt_consolidation
22800.0,60.0,72677.48,32.83,664.0,4.0,RENT,0.0,0.0,7.0,5.0,5.0,78.0,4.0,3223.62,32365.16,2378.49,Not Verified,debt_consolidation
30300.0,60.0,77221.87,24.55,684.0,7.0,RENT,0.0,5.0,12.0,8.0,0.0,147.0,7.0,1563.88,12118.67,4503.68,Source Verified,debt_consolidation
12900.0,60.0,24830.32,26.48,630.0,0.0,RENT,0.0,7.0,4.0,1.0,13.0,221.0,0.0,884.87,8208.95,26010.44,Not Verified,debt_consolidation
22800.0,36.0,49796.83,38.32,668.0,4.0,MORTGAGE,0.0,7.0,11.0,4.0,0.0,128.0,5.0,3639.94,33555.71,9107.98,Not Verified,other
15100.0,36.0,41115.78,33.27,666.0,2.0,MORTGAGE,0.0,11.0,8.0,1.0,8.0,12.0,0.0,11917.92,53754.81,8621.89,Source Verified,credit_card
17800.0,60.0,42946.42,41.76,631.0,7.0,RENT,0.0,7.0,9.0,4.0,8.0,65.0,0.0,1420.16,6579.27,8719.3,Verified,small_business
6000.0,60.0,21752.61,32.16,712.0,8.0,MORTGAGE,0.0,13.0,18.0,5.0,0.0,99.0,0.0,2808.07,21304.49,1799.08,Not Verified,credit_card
8700.0,60.0,27272.34,36.41,697.0,2.0,RENT,0.0,9.0,9.0,5.0,0.0,194.0,1.0,573.68,3252.8,4675.2,Not Verified,small_business
35100.0,60.0,84879.4,20.99,651.0,0.0,OWN,0.0,4.0,16.0,2.0,4.0,77.0,0.0,1566.77,8887.58,1759.18,Verified,credit_card
17300.0,60.0,44622.47,29.07,686.0,3.0,MORTGAGE,0.0,10.0,8.0,5.0,0.0,135.0,0.0,1035.55,11175.04,9901.62,Not Verified,debt_consolidation
39600.0,60.0,103474.67,23.43,688.0,0.0,RENT,1.0,2.0,6.0,0.0,7.0,12.0,2.0,2547.65,30503.58,2993.63,Not Verified,other
18900.0,60.0,54882.36,31.31,672.0,6.0,OWN,0.0,5.0,9.0,2.0,2.0,134.0,2.0,5282.07,50957.2,10526.96,Not Verified,small_business
15100.0,36.0,39365.68,26.08,670.0,1.0,RENT,0.0,12.0,12.0,1.0,0.0,53.0,2.0,3118.69,14136.73,2087.62,Verified,other
12500.0,60.0,36611.75,27.76,659.0,7.0,RENT,0.0,13.0,7.0,0.0,3.0,178.0,2.0,1059.01,10452.5,6236.41,Not Verified,small_business
19100.0,36.0,46259.95,33.27,655.0,8.0,RENT,0.0,8.0,9.0,3.0,0.0,106.0,3.0,10126.66,98479.01,5813.07,Verified,credit_card
24700.0,36.0,55388.48,16.73,615.0,2.0,RENT,0.0,10.0,4.0,4.0,20.0,152.0,3.0,2430.34,15052.69,1800.21,Source Verified,home_improvement
17600.0,36.0,44059.24,23.4,643.0,6.0,RENT,1.0,9.0,8.0,0.0,0.0,70.0,9.0,5144.06,24709.05,3128.93,Verified,credit_card
18900.0,60.0,52116.03,25.82,668.0,3.0,RENT,0.0,10.0,13.0,0.0,13.0,126.0,0.0,1571.26,13966.91,16562.32,Not Verified,other
25000.0,60.0,61856.63,31.61,648.0,0.0,RENT,0.0,11.0,9.0,0.0,8.0,54.0,1.0,4576.51,43773.54,6305.94,Source Verified,other
10500.0,36.0,24692.63,30.11,686.0,6.0,OWN,0.0,14.0,10.0,1.0,12.0,35.0,8.0,2838.78,20645.72,18602.35,Verified,credit_card
11300.0,60.0,33108.19,28.47,658.0,4.0,OWN,0.0,4.0,10.0,2.0,0.0,93.0,0.0,1940.29,18505.74,3456.25,Not Verified,other
13000.0,36.0,32960.78,28.48,632.0,2.0,RENT,0.0,13.0,6.0,5.0,0.0,126.0,2.0,6571.58,49242.14,4467.89,Not Verified,other
13500.0,60.0,41818.97,26.54,620.0,10.0,RENT,0.0,12.0,7.0,0.0,13.0,86.0,6.0,8579.25,43863.77,2559.58,Verified,debt_consolidation
31400.0,60.0,77463.11,25.62,629.0,10.0,RENT,0.0,15.0,11.0,3.0,5.0,158.0,0.0,2459.62,20921.6,4130.81,Verified,credit_card
15400.0,36.0,35438.21,32.49,654.0,3.0,OWN,0.0,9.0,3.0,4.0,10.0,194.0,1.0,12331.02,126001.65,2931.13,Not Verified,debt_consolidation
19200.0,60.0,51875.14,23.78,649.0,4.0,RENT,0.0,9.0,10.0,3.0,2.0,60.0,6.0,754.05,4927.02,7656.75,Verified,credit_card
29900.0,60.0,75268.48,21.82,610.0,2.0,MORTGAGE,0.0,3.0,10.0,1.0,0.0,99.0,3.0,6050.95,59603.24,8289.39,Source Verified,debt_consolidation
6400.0,60.0,18959.98,39.5,670.0,0.0,RENT,0.0,5.0,11.0,0.0,11.0,87.0,0.0,4021.38,38746.52,10394.84,Source Verified,small_business
13200.0,36.0,32953.3,30.6,700.0,6.0,RENT,0.0,4.0,16.0,2.0,0.0,136.0,0.0,1679.79,12324.28,1447.88,Verified,other
22000.0,60.0,50816.52,23.66,636.0,5.0,MORTGAGE,0.0,5.0,13.0,4.0,5.0,22.0,4.0,5545.49,41530.91,5195.72,Source Verified,small_business
13400.0,60.0,40894.67,24.41,668.0,5.0,RENT,0.0,8.0,4.0,0.0,16.0,71.0,0.0,2747.66,32631.55,5072.43,Verified,other
12700.0,36.0,37270.36,16.02,633.0,7.0,RENT,0.0,11.0,7.0,0.0,12.0,95.0,0.0,925.97,10910.23,6244.86,Not Verified,debt_consolidation
12400.0,60.0,30664.77,13.55,691.0,5.0,RENT,0.0,12.0,9.0,0.0,1.0,114.0,0.0,1255.76,11305.69,7166.15,Not Verified,other
16400.0,36.0,37842.78,39.09,633.0,3.0,RENT,0.0,9.0,7.0,7.0,1.0,123.0,2.0,2735.52,14606.23,2312.43,Source Verified,small_business
13300.0,36.0,34649.52,30.46,650.0,3.0,OWN,1.0,0.0,9.0,2.0,9.0,121.0,8.0,5014.99,32002.76,13911.12,Verified,debt_consolidation
15300.0,60.0,40874.26,23.85,695.0,0.0,RENT,1.0,12.0,11.0,2.0,10.0,38.0,4.0,804.61,8340.6,5722.72,Source Verified,small_business
15400.0,36.0,42122.84,30.14,681.0,9.0,RENT,1.0,7.0,4.0,7.0,0.0,60.0,5.0,7438.82,76621.21,20050.14,Verified,debt_consolidation
23900.0,60.0,58159.83,20.94,646.0,2.0,RENT,0.0,8.0,8.0,2.0,0.0,128.0,0.0,3034.81,19104.78,7289.16,Verified,debt_consolidation
17500.0,60.0,46053.01,29.46,690.0,1.0,RENT,0.0,11.0,14.0,0.0,7.0,50.0,3.0,2087.35,19642.93,17896.48,Verified,credit_card
21400.0,60.0,62858.26,39.49,673.0,2.0,RENT,0.0,8.0,9.0,3.0,14.0,61.0,0.0,5306.82,31397.39,3377.42,Verified,debt_consolidation
14600.0,36.0,34276.44,28.2,685.0,0.0,RENT,1.0,4.0,18.0,2.0,0.0,146.0,0.0,2688.82,29368.59,3045.55,Source Verified,debt_consolidation
26500.0,60.0,67378.62,19.72,698.0,6.0,RENT,0.0,18.0,7.0,2.0,0.0,12.0,0.0,10238.35,113906.91,1277.59,Not Verified,debt_consolidation
18300.0,60.0,43075.56,22.56,701.0,2.0,OWN,0.0,12.0,4.0,0.0,2.0,129.0,1.0,756.6,3373.32,5777.0,Verified,credit_card
30500.0,60.0,79373.25,32.01,630.0,6.0,MORTGAGE,1.0,6.0,14.0,2.0,0.0,151.0,5.0,1999.85,21553.77,2979.94,Verified,credit_card
19600.0,36.0,52359.92,13.59,632.0,0.0,MORTGAGE,1.0,11.0,11.0,5.0,1.0,107.0,4.0,8275.58,93149.34,7311.32,Source Verified,debt_consolidation
13900.0,60.0,37872.4,41.92,670.0,8.0,OWN,1.0,8.0,7.0,0.0,12.0,12.0,3.0,224.78,2365.95,4997.38,Not Verified,credit_card
19200.0,60.0,42830.86,32.37,647.0,2.0,MORTGAGE,1.0,9.0,8.0,4.0,5.0,55.0,0.0,548.03,4046.5,7800.08,Not Verified,credit_card
40000.0,60.0,114669.73,38.43,610.0,1.0,RENT,0.0,7.0,13.0,5.0,0.0,121.0,0.0,753.3,7764.45,5590.49,Not Verified,small_business
8500.0,60.0,21614.68,14.54,682.0,0.0,RENT,1.0,8.0,9.0,3.0,11.0,78.0,7.0,4239.59,46517.77,8425.2,Not Verified,small_business
15400.0,60.0,36186.1,24.04,620.0,9.0,OWN,0.0,5.0,12.0,0.0,7.0,120.0,4.0,2713.49,20402.24,8505.87,Source Verified,debt_consolidation
17500.0,60.0,45409.51,31.8,647.0,2.0,MORTGAGE,0.0,7.0,10.0,2.0,6.0,45.0,14.0,41366.58,239558.66,3158.05,Not Verified,debt_consolidation
26400.0,60.0,65091.72,26.06,636.0,3.0,MORTGAGE,1.0,2.0,11.0,0.0,6.0,143.0,1.0,3440.13,25614.2,12096.63,Verified,other
16500.0,36.0,48834.52,30.88,645.0,6.0,RENT,0.0,11.0,5.0,0.0,10.0,121.0,0.0,2355.47,23469.09,2181.67,Not Verified,debt_consolidation
18400.0,60.0,42650.54,32.76,672.0,6.0,RENT,0.0,13.0,9.0,6.0,7.0,120.0,2.0,1588.76,8078.03,6201.67,Verified,small_business
16300.0,36.0,30354.68,17.56,610.0,9.0,RENT,1.0,3.0,7.0,0.0,11.0,104.0,5.0,1957.61,9199.58,5331.89,Not Verified,debt_consolidation
14800.0,60.0,36811.6,18.31,646.0,0.0,RENT,1.0,9.0,12.0,2.0,0.0,139.0,5.0,4255.53,33801.26,10944.18,Source Verified,other
35400.0,36.0,93720.91,20.0,612.0,1.0,OWN,0.0,1.0,10.0,3.0,6.0,127.0,8.0,3552.13,35092.93,7008.45,Verified,debt_consolidation
6800.0,60.0,22130.83,29.34,646.0,3.0,RENT,0.0,6.0,6.0,4.0,9.0,67.0,0.0,1710.53,10998.49,3386.27,Verified,other
11500.0,36.0,27039.28,43.91,662.0,10.0,RENT,0.0,7.0,16.0,4.0,16.0,138.0,0.0,2395.07,26893.23,11265.51,Verified,small_business
5700.0,36.0,25699.79,25.31,682.0,3.0,MORTGAGE,1.0,7.0,11.0,2.0,11.0,137.0,0.0,361.93,2843.58,7024.14,Verified,debt_consolidation
13800.0,60.0,38211.13,35.07,648.0,4.0,RENT,0.0,7.0,12.0,6.0,6.0,43.0,6.0,566.65,4384.35,25805.22,Source Verified,small_business
18900.0,36.0,47520.1,25.42,724.0,1.0,RENT,0.0,11.0,12.0,3.0,0.0,12.0,5.0,2075.95,20690.31,14747.07,Source Verified,other
25300.0,60.0,60022.23,17.85,681.0,7.0,MORTGAGE,1.0,12.0,6.0,2.0,0.0,133.0,5.0,4639.62,27038.75,15388.75,Source Verified,small_business
14200.0,60.0,35800.17,20.76,690.0,7.0,OWN,0.0,11.0,0.0,2.0,1.0,85.0,4.0,1286.03,8761.78,14957.82,Source Verified,debt_consolidation
9300.0,60.0,19233.32,35.29,676.0,0.0,RENT,0.0,14.0,16.0,6.0,3.0,97.0,5.0,4284.57,21180.89,35117.11,Not Verified,credit_card
8000.0,36.0,22872.5,29.01,648.0,9.0,OWN,0.0,9.0,8.0,4.0,0.0,133.0,0.0,2795.87,17382.78,12640.67,Not Verified,debt_consolidation
15400.0,60.0,37917.76,21.82,642.0,8.0,OWN,0.0,7.0,5.0,4.0,17.0,28.0,2.0,1542.49,15450.89,21932.67,Source Verified,debt_consolidation
8400.0,60.0,17720.21,20.85,629.0,8.0,RENT,0.0,8.0,11.0,0.0,1.0,140.0,3.0,1524.43,10806.19,3424.29,Source Verified,small_business
19900.0,60.0,53186.34,44.12,656.0,5.0,OWN,0.0,7.0,7.0,2.0,1.0,103.0,1.0,2497.73,19682.77,2429.93,Source Verified,debt_consolidation
13500.0,60.0,31815.9,14.14,610.0,0.0,OWN,0.0,8.0,11.0,0.0,13.0,18.0,2.0,2570.42,29787.62,5871.33,Not Verified,other
11100.0,60.0,22370.59,34.09,641.0,1.0,RENT,2.0,13.0,10.0,4.0,0.0,62.0,3.0,9150.38,65820.17,8615.89,Source Verified,debt_consolidation
14900.0,60.0,37590.52,21.75,654.0,10.0,RENT,0.0,6.0,12.0,0.0,2.0,150.0,6.0,3317.91,35031.8,10745.31,Source Verified,other
17300.0,36.0,42555.79,19.72,616.0,3.0,RENT,1.0,10.0,7.0,5.0,0.0,150.0,1.0,11808.53,62154.97,1910.55,Source Verified,debt_consolidation
17200.0,36.0,48533.06,33.9,625.0,2.0,RENT,0.0,9.0,12.0,1.0,1.0,132.0,5.0,1033.24,10539.59,1495.5,Not Verified,debt_consolidation
31000.0,36.0,75818.01,15.9,666.0,0.0,RENT,2.0,5.0,7.0,5.0,9.0,61.0,6.0,3480.82,31936.26,5221.43,Source Verified,other
27900.0,60.0,70959.56,11.37,672.0,1.0,MORTGAGE,0.0,8.0,10.0,0.0,15.0,133.0,4.0,2001.46,15611.41,6746.05,Not Verified,debt_consolidation
12400.0,36.0,28950.53,28.92,664.0,7.0,RENT,0.0,6.0,8.0,0.0,11.0,84.0,5.0,7687.21,40041.69,3107.62,Not Verified,debt_consolidation
14100.0,60.0,38069.27,39.43,610.0,2.0,RENT,1.0,8.0,8.0,0.0,23.0,53.0,4.0,2230.45,15109.89,4862.75,Source Verified,other
11200.0,60.0,24432.15,20.82,707.0,1.0,OWN,0.0,20.0,11.0,1.0,0.0,112.0,6.0,1444.28,9474.7,7721.73,Source Verified,other
19600.0,60.0,57362.51,23.81,648.0,4.0,RENT,1.0,2.0,12.0,3.0,13.0,113.0,0.0,1405.48,16236.82,6848.41,Verified,credit_card
18100.0,60.0,39752.7,26.23,739.0,1.0,RENT,0.0,9.0,4.0,0.0,6.0,51.0,7.0,1930.55,9408.0,12420.71,Not Verified,small_business
15500.0,60.0,44986.63,35.89,654.0,8.0,RENT,0.0,10.0,9.0,0.0,3.0,62.0,1.0,729.95,6017.08,5176.19,Not Verified,small_business
18900.0,36.0,46276.93,41.26,670.0,7.0,RENT,0.0,7.0,8.0,5.0,0.0,79.0,4.0,3058.05,18492.23,3983.22,Not Verified,debt_consolidation
18700.0,60.0,46032.97,31.45,642.0,5.0,OWN,0.0,10.0,7.0,4.0,10.0,56.0,3.0,2894.78,29872.32,15290.45,Source Verified,other
7900.0,36.0,19259.42,30.97,673.0,1.0,RENT,0.0,14.0,13.0,7.0,8.0,12.0,0.0,3431.7,13811.53,5091.48,Verified,debt_consolidation
19900.0,60.0,54106.41,20.43,703.0,0.0,RENT,2.0,11.0,4.0,0.0,0.0,178.0,2.0,2302.47,24658.42,3733.59,Source Verified,small_business
20900.0,60.0,46921.01,23.79,669.0,7.0,RENT,0.0,6.0,12.0,0.0,13.0,132.0,2.0,4420.98,50604.02,4668.28,Source Verified,other
18100.0,36.0,49227.28,16.27,683.0,4.0,OWN,0.0,10.0,10.0,2.0,12.0,157.0,5.0,1525.07,7995.29,5788.03,Source Verified,other
25100.0,60.0,67452.02,44.59,674.0,9.0,RENT,0.0,11.0,12.0,6.0,2.0,94.0,3.0,1056.39,9661.93,4163.23,Verified,debt_consolidation
11300.0,60.0,30557.69,44.11,610.0,2.0,RENT,0.0,7.0,6.0,0.0,1.0,165.0,0.0,3986.57,41005.34,2361.39,Verified,debt_consolidation
7900.0,60.0,16992.22,19.12,673.0,10.0,RENT,0.0,10.0,22.0,1.0,10.0,12.0,1.0,7554.72,46629.09,16693.52,Source Verified,debt_consolidation
17600.0,60.0,46839.25,38.52,636.0,4.0,RENT,0.0,10.0,4.0,7.0,8.0,97.0,0.0,4418.83,30244.04,15663.61,Not Verified,debt_consolidation
11800.0,60.0,29979.98,30.83,669.0,0.0,RENT,0.0,9.0,10.0,0.0,0.0,140.0,2.0,4599.21,29540.97,27954.06,Source Verified,debt_consolidation
15700.0,60.0,34655.68,20.28,627.0,0.0,MORTGAGE,0.0,4.0,13.0,2.0,10.0,236.0,3.0,6721.05,31169.99,23955.86,Not Verified,other
14600.0,36.0,39685.05,42.48,693.0,5.0,OWN,1.0,10.0,12.0,1.0,8.0,79.0,13.0,7836.79,57332.38,8981.91,Source Verified,small_business
15700.0,60.0,43840.3,22.28,640.0,2.0,OWN,0.0,14.0,14.0,0.0,8.0,88.0,4.0,3854.68,41779.75,2921.03,Source Verified,debt_consolidation
18400.0,36.0,51816.1,27.14,714.0,1.0,RENT,0.0,16.0,6.0,3.0,18.0,134.0,1.0,7195.98,52015.41,38207.54,Not Verified,small_business
17000.0,60.0,42752.82,32.05,645.0,5.0,OWN,0.0,7.0,12.0,5.0,8.0,128.0,3.0,1746.48,6986.05,1648.51,Not Verified,credit_card
14400.0,60.0,28123.15,33.09,679.0,5.0,MORTGAGE,0.0,9.0,12.0,4.0,11.0,90.0,4.0,6498.56,72679.05,2424.59,Verified,credit_card
28600.0,60.0,71371.6,11.0,618.0,4.0,OWN,1.0,10.0,11.0,4.0,6.0,100.0,3.0,11378.55,60338.31,1067.09,Not Verified,debt_consolidation
18500.0,60.0,44426.12,29.29,660.0,1.0,RENT,0.0,6.0,8.0,1.0,4.0,91.0,2.0,1826.78,21547.58,7914.4,Not Verified,small_business
12700.0,60.0,33281.89,41.32,634.0,2.0,OWN,0.0,5.0,9.0,2.0,0.0,154.0,0.0,4210.56,26672.6,7585.96,Not Verified,home_improvement
18500.0,60.0,38775.05,24.04,672.0,1.0,RENT,0.0,13.0,16.0,0.0,0.0,152.0,0.0,1734.4,11107.34,5725.98,Source Verified,credit_card
21200.0,60.0,60489.9,11.89,696.0,8.0,RENT,0.0,5.0,12.0,4.0,0.0,72.0,1.0,1000.95,5269.78,3166.58,Verified,other
13000.0,36.0,33557.78,33.13,687.0,1.0,OWN,0.0,13.0,12.0,3.0,6.0,106.0,2.0,12170.39,65713.62,6918.58,Not Verified,debt_consolidation
10600.0,60.0,23107.56,42.28,638.0,4.0,OWN,0.0,2.0,5.0,3.0,18.0,130.0,0.0,1093.5,4395.35,2425.04,Not Verified,debt_consolidation
24800.0,60.0,67222.94,12.33,622.0,6.0,RENT,0.0,11.0,8.0,3.0,1.0,70.0,10.0,2950.71,13964.49,1492.43,Source Verified,small_business
12400.0,36.0,36208.62,13.53,645.0,5.0,MORTGAGE,1.0,0.0,10.0,6.0,5.0,13.0,0.0,12324.1,123053.55,5500.34,Source Verified,small_business
17600.0,60.0,41352.77,16.89,625.0,0.0,MORTGAGE,2.0,5.0,17.0,3.0,11.0,29.0,2.0,1558.2,7344.99,21073.32,Verified,debt_consolidation
10400.0,60.0,28080.43,44.15,684.0,9.0,RENT,0.0,7.0,9.0,3.0,11.0,60.0,0.0,3070.37,12347.16,11170.62,Source Verified,small_business
10200.0,36.0,24942.03,39.94,665.0,10.0,RENT,0.0,5.0,7.0,1.0,0.0,38.0,0.0,2438.33,17348.57,4057.64,Verified,small_business
10200.0,60.0,31974.01,40.92,671.0,2.0,RENT,0.0,5.0,7.0,2.0,0.0,48.0,1.0,6812.32,51022.77,3399.38,Verified,credit_card
9900.0,36.0,30098.1,13.69,614.0,5.0,RENT,0.0,8.0,12.0,3.0,2.0,89.0,0.0,1579.77,11796.87,3648.92,Source Verified,debt_consolidation
22900.0,36.0,61866.36,32.18,628.0,3.0,RENT,0.0,10.0,14.0,1.0,5.0,88.0,6.0,2857.25,26122.42,6163.48,Source Verified,debt_consolidation
17000.0,60.0,38824.8,30.27,628.0,3.0,OWN,0.0,13.0,9.0,5.0,8.0,107.0,2.0,914.91,5137.55,2508.87,Not Verified,credit_card
24500.0,36.0,65199.99,26.94,664.0,4.0,OWN,0.0,7.0,13.0,0.0,6.0,188.0,7.0,645.82,2928.15,7839.79,Verified,small_business
24300.0,36.0,71025.94,27.46,665.0,1.0,RENT,0.0,8.0,0.0,0.0,10.0,80.0,5.0,7613.11,87592.98,4255.79,Verified,small_business
17600.0,36.0,38596.59,28.11,610.0,0.0,OWN,0.0,7.0,8.0,1.0,9.0,45.0,2.0,3052.44,24625.2,8370.86,Not Verified,debt_consolidation
4200.0,60.0,14323.32,14.94,690.0,5.0,RENT,0.0,4.0,5.0,4.0,3.0,74.0,5.0,4849.67,53036.89,7991.24,Not Verified,small_business
14400.0,60.0,35421.05,32.14,709.0,6.0,RENT,0.0,14.0,10.0,6.0,8.0,98.0,4.0,9173.96,72667.94,4542.05,Not Verified,small_business
21200.0,36.0,53714.34,44.34,610.0,1.0,RENT,1.0,11.0,8.0,0.0,2.0,59.0,5.0,4752.74,21825.31,8195.94,Verified,small_business
12700.0,36.0,32170.56,14.54,630.0,6.0,RENT,0.0,10.0,15.0,5.0,0.0,172.0,1.0,2420.36,28646.58,920.91,Source Verified,small_business
26300.0,36.0,68345.76,28.11,676.0,2.0,RENT,0.0,4.0,8.0,1.0,0.0,90.0,6.0,1887.47,10107.31,1466.36,Not Verified,credit_card
20000.0,60.0,48743.97,34.65,633.0,8.0,RENT,1.0,7.0,8.0,3.0,23.0,146.0,0.0,4504.75,50739.52,30598.77,Not Verified,debt_consolidation
19900.0,36.0,52578.86,29.82,645.0,6.0,RENT,0.0,10.0,9.0,1.0,10.0,143.0,0.0,2133.4,22324.76,3131.79,Verified,small_business
20400.0,60.0,48106.56,11.01,649.0,1.0,RENT,0.0,7.0,12.0,1.0,20.0,81.0,1.0,2894.16,16009.95,17734.4,Verified,other
4900.0,60.0,14935.87,31.78,610.0,9.0,RENT,0.0,11.0,4.0,1.0,14.0,79.0,5.0,1260.32,8780.06,38552.81,Verified,small_business
10500.0,60.0,25198.18,44.64,639.0,2.0,RENT,0.0,11.0,8.0,3.0,0.0,73.0,2.0,2338.29,20179.06,9940.37,Not Verified,other
23500.0,60.0,65467.73,15.12,620.0,4.0,RENT,1.0,3.0,9.0,3.0,16.0,146.0,0.0,4916.34,33934.53,6444.01,Verified,other
32300.0,60.0,78537.23,23.78,644.0,7.0,OWN,1.0,0.0,14.0,1.0,0.0,138.0,3.0,2350.49,13041.24,7264.94,Source Verified,other
11800.0,60.0,27791.86,26.23,655.0,10.0,OWN,0.0,8.0,0.0,4.0,0.0,139.0,6.0,1523.03,8973.87,10929.49,Not Verified,other
18200.0,36.0,49113.27,21.81,662.0,1.0,MORTGAGE,0.0,10.0,7.0,4.0,10.0,50.0,3.0,24652.5,179016.78,3112.7,Not Verified,debt_consolidation
18700.0,60.0,51896.03,31.97,657.0,2.0,RENT,0.0,7.0,11.0,6.0,14.0,145.0,2.0,2550.54,12642.73,7558.15,Verified,debt_consolidation
18500.0,60.0,36553.85,26.68,634.0,5.0,RENT,1.0,15.0,6.0,1.0,15.0,215.0,1.0,4844.32,32191.08,5447.09,Not Verified,credit_card
14300.0,60.0,30418.75,32.33,661.0,1.0,OWN,0.0,5.0,13.0,5.0,0.0,103.0,5.0,4863.2,42383.3,420.05,Verified,credit_card
10900.0,60.0,28255.04,39.8,712.0,2.0,RENT,0.0,9.0,7.0,0.0,4.0,147.0,6.0,2839.52,16327.12,3994.01,Not Verified,other
18700.0,60.0,43548.19,20.16,631.0,3.0,MORTGAGE,1.0,15.0,11.0,5.0,11.0,54.0,0.0,1730.72,13040.31,649.48,Verified,credit_card
14000.0,60.0,40628.66,27.37,610.0,2.0,RENT,2.0,12.0,7.0,1.0,0.0,23.0,4.0,3190.06,24820.21,7509.95,Source Verified,other
24500.0,36.0,66873.07,33.01,624.0,3.0,RENT,0.0,9.0,6.0,5.0,0.0,130.0,2.0,8635.89,71946.03,3520.27,Verified,debt_consolidation
25600.0,36.0,65924.11,22.52,620.0,5.0,RENT,1.0,5.0,11.0,6.0,5.0,87.0,6.0,1720.82,12502.05,2981.52,Verified,debt_consolidation
16100.0,60.0,50583.77,39.14,610.0,3.0,MORTGAGE,0.0,3.0,17.0,3.0,0.0,145.0,0.0,2204.57,13248.13,9065.27,Not Verified,debt_consolidation
17200.0,60.0,39195.56,31.71,638.0,9.0,RENT,0.0,5.0,18.0,1.0,10.0,47.0,1.0,8641.49,55383.65,4670.55,Verified,other
8300.0,60.0,22604.16,15.8,630.0,9.0,MORTGAGE,0.0,9.0,7.0,6.0,7.0,168.0,4.0,2290.89,26151.64,5562.6,Not Verified,debt_consolidation
14000.0,36.0,42800.06,25.68,653.0,2.0,RENT,0.0,10.0,22.0,2.0,6.0,109.0,0.0,1739.69,12284.98,7222.92,Not Verified,small_business
20000.0,60.0,53569.73,10.25,668.0,2.0,OWN,1.0,8.0,4.0,0.0,2.0,200.0,4.0,3329.1,38643.48,4861.46,Verified,home_improvement
17500.0,60.0,42691.99,27.95,723.0,3.0,RENT,1.0,9.0,9.0,1.0,8.0,137.0,2.0,1139.01,6924.67,18359.98,Source Verified,small_business
12400.0,60.0,34555.99,20.9,673.0,0.0,RENT,0.0,8.0,13.0,1.0,9.0,42.0,2.0,3571.56,32562.26,3258.31,Not Verified,debt_consolidation
24500.0,36.0,54377.1,16.3,653.0,4.0,RENT,0.0,11.0,10.0,4.0,9.0,71.0,0.0,1697.72,19398.06,9580.64,Source Verified,other
20900.0,36.0,54854.05,43.72,610.0,7.0,OWN,1.0,13.0,16.0,3.0,0.0,131.0,5.0,2885.7,29232.42,2233.79,Source Verified,small_business
28700.0,60.0,86258.09,50.0,612.0,9.0,RENT,0.0,7.0,8.0,0.0,0.0,170.0,7.0,2534.65,12922.88,2928.36,Not Verified,small_business
16600.0,60.0,47902.1,35.06,621.0,2.0,RENT,0.0,8.0,11.0,1.0,14.0,57.0,7.0,799.96,4828.21,20774.44,Verified,credit_card
17300.0,60.0,40942.75,24.28,645.0,5.0,OWN,0.0,4.0,13.0,3.0,3.0,71.0,0.0,1882.14,14602.29,5481.5,Not Verified,debt_consolidation
11800.0,60.0,30384.1,23.07,610.0,3.0,RENT,1.0,4.0,13.0,2.0,6.0,94.0,0.0,4387.63,25709.85,4700.13,Source Verified,debt_consolidation
12500.0,36.0,35717.89,32.0,660.0,1.0,OWN,0.0,8.0,4.0,2.0,0.0,91.0,1.0,1278.79,14930.69,4537.81,Source Verified,debt_consolidation
12600.0,60.0,18339.73,39.94,692.0,3.0,OWN,0.0,10.0,14.0,2.0,9.0,82.0,4.0,35657.96,260142.23,9550.7,Verified,home_improvement
23800.0,60.0,61915.12,33.61,669.0,9.0,RENT,0.0,12.0,9.0,1.0,0.0,115.0,2.0,9831.78,63207.12,5313.09,Verified,credit_card
22500.0,60.0,44444.8,13.55,692.0,6.0,RENT,1.0,14.0,6.0,0.0,4.0,43.0,1.0,4122.81,26132.18,6401.81,Source Verified,small_business
23100.0,60.0,53244.92,28.41,647.0,2.0,RENT,0.0,0.0,11.0,5.0,19.0,71.0,3.0,9994.17,100674.69,4702.32,Source Verified,debt_consolidation
10100.0,60.0,26458.13,21.8,669.0,2.0,MORTGAGE,1.0,10.0,7.0,0.0,9.0,85.0,7.0,1294.72,8818.6,9858.16,Source Verified,debt_consolidation
14600.0,60.0,31724.34,21.21,657.0,4.0,RENT,0.0,10.0,6.0,0.0,0.0,24.0,0.0,3679.27,25200.47,3996.1,Not Verified,debt_consolidation
17700.0,60.0,43156.95,30.58,674.0,0.0,RENT,0.0,9.0,14.0,0.0,0.0,82.0,0.0,8956.24,45282.29,6950.93,Not Verified,home_improvement
14400.0,60.0,42897.69,31.61,681.0,2.0,RENT,0.0,2.0,6.0,0.0,4.0,170.0,2.0,1075.52,9636.36,24244.68,Verified,small_business
15100.0,60.0,35600.54,37.69,621.0,4.0,OWN,0.0,6.0,6.0,5.0,6.0,69.0,5.0,842.81,5197.39,67918.78,Not Verified,credit_card
10000.0,60.0,18524.26,19.08,614.0,0.0,RENT,0.0,13.0,15.0,2.0,5.0,22.0,2.0,5760.77,50321.19,3343.29,Not Verified,small_business
12400.0,36.0,32437.12,30.12,625.0,10.0,OWN,1.0,9.0,6.0,7.0,2.0,82.0,1.0,4054.06,44345.25,7677.41,Source Verified,small_business
14200.0,36.0,32077.02,43.04,684.0,1.0,MORTGAGE,1.0,6.0,9.0,1.0,2.0,74.0,1.0,405.18,2280.91,449.07,Not Verified,debt_consolidation
13500.0,60.0,28888.23,28.3,669.0,2.0,RENT,0.0,14.0,3.0,0.0,0.0,96.0,3.0,3633.5,39800.62,1300.06,Not Verified,other
16800.0,60.0,45906.0,26.13,683.0,7.0,RENT,1.0,6.0,4.0,0.0,19.0,91.0,4.0,12245.98,51964.08,13080.54,Source Verified,small_business
17500.0,60.0,55396.61,29.25,630.0,5.0,MORTGAGE,0.0,10.0,12.0,0.0,17.0,97.0,1.0,1541.95,6659.33,1606.9,Source Verified,small_business
16200.0,60.0,28948.18,30.56,658.0,3.0,OWN,1.0,7.0,14.0,0.0,3.0,12.0,6.0,962.08,9945.11,3873.68,Verified,debt_consolidation
7900.0,60.0,22228.12,44.1,669.0,2.0,OWN,0.0,5.0,12.0,1.0,0.0,111.0,6.0,2774.89,13689.06,8487.02,Source Verified,small_business
13800.0,36.0,34355.12,31.74,610.0,7.0,MORTGAGE,1.0,14.0,6.0,0.0,0.0,101.0,0.0,2691.24,19986.74,13670.56,Source Verified,other
19700.0,60.0,47055.06,18.49,643.0,7.0,RENT,0.0,4.0,12.0,3.0,5.0,81.0,6.0,2554.69,16215.2,8093.03,Not Verified,debt_consolidation
20400.0,60.0,55423.44,29.3,664.0,6.0,MORTGAGE,0.0,6.0,13.0,4.0,21.0,22.0,9.0,13710.01,145645.51,20634.57,Not Verified,debt_consolidation
28400.0,36.0,72688.39,7.82,662.0,2.0,OWN,0.0,8.0,5.0,5.0,7.0,121.0,6.0,1032.57,6634.77,26909.67,Source Verified,other
13200.0,60.0,38519.6,23.97,634.0,3.0,RENT,0.0,11.0,10.0,2.0,17.0,37.0,5.0,9467.25,108688.96,3943.39,Source Verified,small_business
8000.0,60.0,24554.33,22.64,649.0,9.0,RENT,0.0,6.0,13.0,1.0,0.0,138.0,4.0,4132.0,45232.26,8222.86,Not Verified,other
22500.0,36.0,58465.01,16.91,675.0,0.0,MORTGAGE,0.0,7.0,14.0,3.0,0.0,108.0,4.0,4823.7,22690.29,1208.68,Source Verified,small_business
16600.0,60.0,42477.97,37.34,670.0,4.0,RENT,0.0,12.0,14.0,0.0,17.0,105.0,0.0,2426.24,10781.86,3962.24,Verified,credit_card
17500.0,60.0,47030.8,34.39,676.0,6.0,RENT,0.0,14.0,5.0,2.0,1.0,173.0,4.0,1787.38,12613.21,6460.95,Verified,other
17200.0,60.0,39024.6,37.01,667.0,0.0,RENT,0.0,9.0,6.0,8.0,0.0,122.0,0.0,373.66,4048.46,8021.46,Verified,small_business
6600.0,60.0,17699.84,34.74,652.0,3.0,RENT,0.0,13.0,8.0,0.0,20.0,12.0,0.0,8267.78,43353.72,9266.45,Not Verified,small_business
17900.0,60.0,51592.6,23.85,670.0,2.0,RENT,0.0,6.0,10.0,3.0,21.0,160.0,5.0,6606.91,42768.89,5822.84,Verified,small_business
11200.0,36.0,31503.81,44.82,650.0,8.0,MORTGAGE,0.0,8.0,12.0,0.0,4.0,43.0,0.0,2660.03,15544.33,4972.9,Not Verified,small_business
12000.0,36.0,25175.66,30.84,610.0,3.0,RENT,0.0,11.0,14.0,2.0,5.0,70.0,7.0,9656.93,109790.51,6973.45,Not Verified,debt_consolidation
25200.0,36.0,50241.39,16.45,663.0,1.0,RENT,1.0,5.0,14.0,3.0,12.0,92.0,3.0,5308.02,27154.94,2528.03,Not Verified,debt_consolidation
16900.0,60.0,44640.04,25.99,615.0,7.0,OWN,0.0,10.0,9.0,2.0,18.0,84.0,3.0,2616.19,29491.65,5160.9,Verified,debt_consolidation
23800.0,60.0,58135.51,20.11,622.0,3.0,OWN,0.0,10.0,10.0,3.0,7.0,106.0,3.0,8855.4,40158.47,3276.44,Source Verified,other
14800.0,36.0,43950.52,33.01,641.0,3.0,RENT,0.0,6.0,4.0,2.0,0.0,95.0,8.0,3780.08,33135.12,6691.9,Verified,debt_consolidation
4300.0,60.0,23996.82,16.45,677.0,0.0,MORTGAGE,0.0,9.0,9.0,8.0,4.0,96.0,6.0,1401.04,9840.86,3442.83,Source Verified,small_business
34400.0,60.0,73112.39,28.3,650.0,10.0,RENT,0.0,11.0,12.0,0.0,13.0,54.0,6.0,2498.37,20601.86,4948.1,Source Verified,debt_consolidation
24400.0,36.0,67036.2,27.07,717.0,3.0,RENT,1.0,9.0,12.0,9.0,0.0,82.0,9.0,1051.14,5422.14,6546.95,Verified,other
11400.0,60.0,32076.35,25.57,677.0,5.0,RENT,1.0,5.0,5.0,4.0,0.0,84.0,0.0,1297.46,9884.76,3542.81,Source Verified,other
18100.0,60.0,53730.98,32.19,658.0,3.0,OWN,0.0,8.0,8.0,6.0,7.0,135.0,3.0,4110.23,18151.08,11864.97,Not Verified,debt_consolidation
21900.0,60.0,50059.68,18.27,610.0,6.0,RENT,0.0,7.0,10.0,2.0,0.0,52.0,5.0,797.55,6233.08,2733.37,Source Verified,debt_consolidation
10800.0,60.0,17618.2,12.13,678.0,9.0,OWN,0.0,11.0,4.0,1.0,1.0,98.0,2.0,6821.25,47948.83,17181.66,Verified,other
19900.0,60.0,47483.65,25.21,670.0,5.0,MORTGAGE,0.0,10.0,11.0,1.0,0.0,102.0,0.0,1717.23,19999.99,10119.13,Not Verified,debt_consolidation
16800.0,36.0,45950.58,43.68,669.0,3.0,MORTGAGE,0.0,14.0,5.0,0.0,9.0,69.0,0.0,3808.4,42082.64,5155.93,Source Verified,small_business
13300.0,36.0,25241.64,9.79,659.0,0.0,OWN,0.0,8.0,7.0,0.0,0.0,45.0,6.0,11447.79,107721.25,9286.97,Source Verified,credit_card
19600.0,36.0,49404.28,21.23,647.0,2.0,RENT,0.0,7.0,6.0,0.0,12.0,63.0,6.0,854.52,5637.3,12898.86,Source Verified,small_business
16100.0,60.0,47836.03,43.81,669.0,7.0,RENT,1.0,9.0,12.0,5.0,2.0,17.0,8.0,1247.41,10172.26,4359.6,Not Verified,debt_consolidation
14000.0,60.0,35325.87,34.18,630.0,2.0,RENT,0.0,10.0,11.0,3.0,2.0,15.0,3.0,4020.5,42113.27,2306.45,Source Verified,small_business
6400.0,36.0,16809.93,36.63,622.0,7.0,RENT,0.0,7.0,6.0,1.0,10.0,21.0,10.0,1439.73,12230.64,30940.66,Not Verified,debt_consolidation
24400.0,60.0,71492.42,36.19,686.0,10.0,RENT,0.0,7.0,12.0,1.0,7.0,118.0,0.0,3436.35,30301.95,23097.42,Source Verified,debt_consolidation
16900.0,36.0,41106.36,22.96,639.0,2.0,RENT,0.0,5.0,17.0,2.0,3.0,27.0,0.0,53206.0,266982.28,20645.31,Verified,credit_card
22800.0,60.0,60325.6,26.7,641.0,4.0,MORTGAGE,1.0,11.0,15.0,0.0,8.0,149.0,4.0,3289.09,24648.86,7902.86,Source Verified,small_business
15500.0,60.0,37408.66,10.57,666.0,2.0,RENT,0.0,10.0,12.0,3.0,1.0,98.0,0.0,5626.9,48976.47,9337.45,Verified,small_business
27100.0,60.0,68049.61,15.99,705.0,0.0,RENT,0.0,3.0,8.0,4.0,2.0,28.0,4.0,1147.46,7573.34,7994.57,Verified,other
17700.0,60.0,40771.07,10.13,708.0,0.0,RENT,0.0,7.0,9.0,5.0,3.0,95.0,7.0,3034.61,32731.89,2358.73,Source Verified,credit_card
10000.0,36.0,30736.08,19.65,679.0,3.0,RENT,0.0,12.0,12.0,0.0,0.0,129.0,3.0,6361.48,31877.57,16795.55,Not Verified,debt_consolidation
13500.0,60.0,30377.26,39.8,610.0,1.0,MORTGAGE,0.0,12.0,11.0,3.0,19.0,207.0,1.0,1746.68,13096.24,7587.03,Not Verified,small_business
20500.0,60.0,50269.99,24.43,692.0,2.0,RENT,0.0,7.0,9.0,5.0,15.0,37.0,1.0,16399.37,153936.45,5951.38,Not Verified,debt_consolidation
37000.0,36.0,93407.57,36.95,703.0,6.0,RENT,0.0,3.0,14.0,5.0,12.0,65.0,0.0,4245.14,38554.0,2755.48,Verified,credit_card
15200.0,60.0,33972.42,27.27,659.0,3.0,RENT,0.0,13.0,10.0,0.0,22.0,55.0,0.0,7220.87,45948.82,20921.31,Not Verified,debt_consolidation
17000.0,60.0,44984.67,35.06,676.0,1.0,OWN,2.0,2.0,6.0,2.0,9.0,40.0,3.0,4013.42,19478.76,6517.76,Not Verified,debt_consolidation
20800.0,36.0,52170.02,15.94,626.0,0.0,RENT,0.0,8.0,4.0,5.0,10.0,129.0,1.0,811.54,4186.3,2608.79,Source Verified,small_business
12800.0,60.0,28428.6,20.75,636.0,6.0,RENT,0.0,5.0,11.0,1.0,0.0,126.0,6.0,1484.24,9571.51,9389.81,Not Verified,credit_card
17900.0,60.0,48065.33,27.31,652.0,3.0,MORTGAGE,0.0,12.0,14.0,2.0,8.0,155.0,6.0,1600.58,14676.6,2842.67,Source Verified,credit_card
30800.0,36.0,77452.9,34.16,654.0,10.0,OWN,1.0,12.0,9.0,8.0,0.0,143.0,7.0,3186.68,14990.51,2889.2,Not Verified,debt_consolidation
16900.0,60.0,40365.35,31.95,653.0,7.0,RENT,0.0,5.0,10.0,2.0,3.0,139.0,0.0,6011.52,52034.39,8756.17,Verified,credit_card
9800.0,60.0,26679.23,38.88,666.0,8.0,RENT,0.0,12.0,5.0,0.0,12.0,52.0,0.0,1099.71,8785.18,4675.65,Not Verified,credit_card
14800.0,36.0,31998.16,36.43,651.0,4.0,RENT,0.0,8.0,12.0,0.0,0.0,12.0,0.0,1308.8,5464.86,35643.72,Source Verified,debt_consolidation
11400.0,36.0,36197.05,28.61,694.0,10.0,RENT,1.0,13.0,5.0,0.0,7.0,140.0,1.0,656.4,3218.38,3900.31,Verified,small_business
11800.0,60.0,29833.96,34.1,610.0,5.0,RENT,0.0,7.0,10.0,1.0,8.0,55.0,0.0,4315.1,51314.76,17352.16,Not Verified,debt_consolidation
11000.0,36.0,35387.51,31.1,693.0,2.0,OWN,0.0,4.0,10.0,0.0,0.0,89.0,6.0,8035.99,93969.52,4047.8,Verified,small_business
18600.0,60.0,48204.83,20.24,685.0,2.0,RENT,1.0,14.0,9.0,0.0,0.0,71.0,5.0,3845.01,28914.04,2203.33,Not Verified,credit_card
7000.0,36.0,20122.0,36.19,656.0,0.0,RENT,0.0,7.0,11.0,0.0,12.0,124.0,4.0,2785.43,30092.66,6056.17,Not Verified,credit_card
14600.0,36.0,37743.12,30.89,648.0,2.0,RENT,0.0,7.0,11.0,0.0,2.0,46.0,0.0,539.28,2704.37,13773.67,Source Verified,debt_consolidation
17500.0,60.0,48842.0,30.6,675.0,4.0,RENT,0.0,10.0,12.0,4.0,12.0,12.0,7.0,4373.98,24120.05,12228.17,Source Verified,debt_consolidation
21000.0,36.0,53547.52,21.55,642.0,5.0,OWN,0.0,7.0,15.0,1.0,0.0,81.0,0.0,3141.57,28033.93,2884.62,Verified,other
14000.0,36.0,29989.97,25.0,673.0,0.0,RENT,1.0,11.0,9.0,0.0,0.0,111.0,7.0,1437.28,6299.47,2770.66,Source Verified,debt_consolidation
15700.0,60.0,34576.47,37.8,661.0,2.0,OWN,0.0,11.0,2.0,2.0,3.0,87.0,4.0,3408.05,16850.52,3422.69,Source Verified,small_business
17900.0,60.0,50368.78,29.18,631.0,1.0,RENT,0.0,8.0,9.0,2.0,4.0,55.0,6.0,1160.06,12597.75,3894.87,Source Verified,small_business
13800.0,36.0,33245.99,31.09,697.0,7.0,RENT,0.0,14.0,7.0,0.0,10.0,72.0,3.0,1701.49,15822.65,5454.91,Verified,small_business
31000.0,36.0,76171.45,28.93,678.0,2.0,OWN,0.0,16.0,3.0,0.0,0.0,110.0,5.0,1791.5,19535.16,5799.14,Verified,credit_card
18400.0,60.0,46106.51,31.09,664.0,1.0,RENT,0.0,1.0,7.0,0.0,11.0,68.0,2.0,1425.71,13617.46,25216.49,Not Verified,debt_consolidation
10000.0,60.0,35896.76,11.73,705.0,5.0,RENT,0.0,11.0,14.0,1.0,8.0,60.0,0.0,1159.56,11106.74,6435.41,Source Verified,credit_card
6400.0,60.0,19992.81,42.91,696.0,4.0,MORTGAGE,0.0,6.0,12.0,3.0,3.0,227.0,2.0,1182.38,13364.12,2174.02,Verified,small_business
11500.0,60.0,29444.9,30.18,650.0,2.0,OWN,1.0,3.0,7.0,4.0,1.0,52.0,2.0,3595.24,29356.65,5416.47,Not Verified,debt_consolidation
11100.0,60.0,29405.62,23.62,660.0,1.0,RENT,0.0,7.0,13.0,0.0,6.0,115.0,1.0,3167.64,21847.48,4765.61,Not Verified,other
12300.0,36.0,29129.85,20.81,661.0,0.0,RENT,2.0,11.0,12.0,3.0,10.0,102.0,4.0,1194.42,5212.93,1867.26,Not Verified,small_business
16000.0,60.0,38434.15,22.68,672.0,6.0,MORTGAGE,1.0,6.0,7.0,5.0,16.0,98.0,5.0,1183.2,12833.73,13514.26,Source Verified,debt_consolidation
18100.0,60.0,44594.93,23.33,680.0,2.0,RENT,0.0,2.0,10.0,3.0,2.0,83.0,7.0,1590.15,7981.14,2571.96,Verified,small_business
5300.0,36.0,15874.19,22.99,666.0,1.0,RENT,0.0,13.0,5.0,4.0,5.0,13.0,0.0,2219.24,10211.03,5235.61,Verified,home_improvement
20300.0,36.0,44511.79,8.99,660.0,5.0,MORTGAGE,0.0,8.0,6.0,5.0,23.0,25.0,3.0,3048.69,12997.37,12338.37,Not Verified,debt_consolidation
28400.0,60.0,79136.6,27.35,618.0,2.0,OWN,2.0,10.0,14.0,1.0,6.0,31.0,7.0,1671.33,10696.39,16197.7,Source Verified,home_improvement
12400.0,60.0,32058.68,23.99,647.0,9.0,RENT,0.0,9.0,8.0,1.0,0.0,67.0,7.0,3057.05,36558.79,3722.82,Source Verified,small_business
19100.0,60.0,52627.29,36.37,644.0,6.0,OWN,0.0,4.0,12.0,3.0,0.0,29.0,7.0,2369.65,16084.98,8371.65,Not Verified,debt_consolidation
15100.0,60.0,40947.09,34.75,651.0,0.0,RENT,0.0,6.0,11.0,1.0,0.0,72.0,0.0,814.72,8974.66,9116.55,Verified,home_improvement
15800.0,36.0,32188.16,23.29,635.0,2.0,OWN,0.0,9.0,7.0,3.0,6.0,113.0,6.0,4938.07,26786.55,1993.47,Not Verified,small_business
16900.0,60.0,52087.86,33.24,645.0,7.0,RENT,0.0,9.0,13.0,2.0,9.0,12.0,6.0,3029.48,24717.09,6979.92,Verified,credit_card
16600.0,60.0,46313.15,38.95,625.0,1.0,RENT,0.0,10.0,9.0,1.0,10.0,118.0,3.0,2893.05,32814.02,6889.12,Not Verified,debt_consolidation
23400.0,60.0,61879.39,26.89,656.0,0.0,RENT,0.0,10.0,10.0,1.0,8.0,76.0,5.0,1157.04,6785.48,4624.82,Source Verified,credit_card
12900.0,36.0,43074.57,30.34,622.0,10.0,RENT,1.0,2.0,14.0,3.0,16.0,94.0,4.0,2823.41,25376.56,2692.98,Source Verified,other
15200.0,60.0,41236.93,25.42,701.0,5.0,RENT,0.0,8.0,7.0,1.0,16.0,101.0,8.0,6582.43,74003.05,10383.38,Source Verified,debt_consolidation
17600.0,60.0,39029.39,25.84,645.0,4.0,OWN,1.0,13.0,9.0,4.0,4.0,151.0,5.0,461.59,3959.28,23627.87,Verified,other
25400.0,60.0,63484.99,19.78,695.0,4.0,OWN,0.0,7.0,12.0,4.0,0.0,79.0,0.0,587.75,5413.54,899.43,Not Verified,other
9800.0,36.0,30080.19,30.16,652.0,9.0,OWN,0.0,2.0,2.0,0.0,13.0,62.0,6.0,362.78,2391.41,3745.3,Source Verified,debt_consolidation
20600.0,60.0,47099.49,29.44,658.0,10.0,OWN,0.0,11.0,7.0,4.0,7.0,99.0,6.0,2439.39,12632.7,6349.52,Source Verified,small_business
9600.0,60.0,29960.22,38.56,697.0,2.0,MORTGAGE,0.0,19.0,6.0,0.0,3.0,130.0,1.0,3768.92,39936.01,1719.77,Verified,credit_card
17900.0,36.0,43212.86,35.45,651.0,3.0,MORTGAGE,0.0,11.0,13.0,2.0,0.0,80.0,2.0,2388.73,12859.76,7966.21,Not Verified,debt_consolidation
12200.0,36.0,32884.87,32.85,707.0,4.0,RENT,0.0,9.0,6.0,2.0,6.0,71.0,4.0,2031.1,20560.84,9525.72,Not Verified,other
17000.0,36.0,43360.23,35.05,635.0,0.0,RENT,0.0,12.0,8.0,2.0,0.0,120.0,3.0,8418.37,85006.9,15700.05,Not Verified,debt_consolidation
22500.0,60.0,45126.8,36.17,669.0,2.0,OWN,0.0,6.0,9.0,2.0,2.0,99.0,4.0,3616.41,33403.59,1614.33,Verified,small_business
20800.0,60.0,58135.92,21.77,673.0,2.0,OWN,1.0,13.0,9.0,0.0,0.0,153.0,0.0,1876.43,21538.93,7170.87,Verified,small_business
13800.0,36.0,31282.52,46.67,659.0,0.0,RENT,0.0,11.0,8.0,3.0,9.0,66.0,7.0,3402.77,22879.45,12876.59,Source Verified,debt_consolidation
22400.0,60.0,54515.08,31.78,640.0,0.0,RENT,0.0,8.0,7.0,2.0,0.0,59.0,3.0,810.59,5664.5,11265.28,Verified,small_business
20900.0,60.0,44537.1,26.78,696.0,7.0,RENT,0.0,14.0,13.0,1.0,3.0,58.0,1.0,2125.62,10646.56,3495.5,Source Verified,debt_consolidation
16900.0,36.0,40459.93,28.42,645.0,6.0,RENT,0.0,7.0,12.0,1.0,2.0,158.0,6.0,1350.41,12589.93,11448.88,Verified,debt_consolidation
20000.0,60.0,50610.24,32.8,658.0,6.0,RENT,0.0,4.0,14.0,1.0,7.0,181.0,3.0,2515.8,17900.69,1155.09,Verified,debt_consolidation
20500.0,60.0,55333.62,39.69,615.0,2.0,RENT,1.0,11.0,10.0,3.0,7.0,43.0,0.0,17328.96,158615.02,2693.9,Source Verified,debt_consolidation
18800.0,60.0,43038.02,31.97,654.0,2.0,OWN,0.0,10.0,12.0,0.0,0.0,37.0,4.0,551.84,3009.73,7758.53,Not Verified,small_business
40000.0,60.0,92868.85,46.38,610.0,0.0,RENT,0.0,13.0,8.0,0.0,13.0,142.0,0.0,718.4,3813.55,11857.21,Source Verified,debt_consolidation
13400.0,60.0,40280.39,24.77,689.0,10.0,OWN,0.0,6.0,11.0,1.0,3.0,12.0,0.0,2316.14,27548.75,2242.0,Verified,debt_consolidation
28400.0,60.0,76797.79,41.8,672.0,3.0,RENT,2.0,2.0,14.0,0.0,7.0,117.0,9.0,3144.21,31731.95,5716.83,Source Verified,home_improvement
13500.0,36.0,37585.7,18.06,695.0,6.0,RENT,0.0,14.0,4.0,6.0,17.0,121.0,0.0,5229.53,30773.54,3408.1,Not Verified,small_business
12400.0,60.0,29042.5,27.14,654.0,1.0,RENT,0.0,5.0,7.0,0.0,0.0,96.0,0.0,1085.24,8353.34,5036.2,Not Verified,small_business
13100.0,60.0,35995.12,44.76,686.0,0.0,RENT,1.0,16.0,10.0,2.0,0.0,74.0,1.0,1813.85,14180.01,3460.04,Not Verified,home_improvement
21500.0,60.0,57872.31,8.87,697.0,2.0,RENT,0.0,8.0,10.0,7.0,0.0,94.0,2.0,14217.06,102598.86,6799.82,Source Verified,debt_consolidation
31700.0,60.0,87111.68,16.29,628.0,7.0,RENT,0.0,7.0,11.0,0.0,5.0,69.0,2.0,6137.69,66060.05,6901.0,Source Verified,debt_consolidation
13200.0,60.0,32752.79,39.81,640.0,6.0,RENT,1.0,10.0,7.0,1.0,0.0,87.0,0.0,919.8,6819.33,4384.7,Not Verified,small_business
25000.0,36.0,55151.99,37.6,633.0,6.0,RENT,0.0,5.0,13.0,0.0,9.0,94.0,1.0,4747.04,42566.59,9076.45,Verified,debt_consolidation
8800.0,60.0,26125.54,9.23,678.0,0.0,MORTGAGE,0.0,9.0,6.0,1.0,10.0,78.0,0.0,1156.21,6230.82,4997.3,Source Verified,other
24600.0,36.0,66493.12,39.75,686.0,2.0,RENT,1.0,4.0,8.0,1.0,0.0,127.0,0.0,1760.12,13595.46,6967.06,Not Verified,small_business
25800.0,60.0,68249.72,16.36,671.0,8.0,RENT,1.0,0.0,7.0,2.0,7.0,63.0,0.0,14817.87,151105.19,2590.11,Not Verified,small_business
17900.0,60.0,41253.0,38.6,626.0,4.0,RENT,0.0,4.0,10.0,1.0,1.0,87.0,0.0,5231.58,25008.66,5747.63,Verified,small_business
20500.0,60.0,58604.32,27.83,653.0,4.0,RENT,0.0,11.0,12.0,0.0,15.0,40.0,3.0,3683.23,25563.74,5952.5,Not Verified,debt_consolidation
16600.0,60.0,42439.68,35.7,649.0,3.0,RENT,0.0,0.0,9.0,3.0,1.0,14.0,5.0,1876.54,21356.15,6397.49,Not Verified,debt_consolidation
14400.0,60.0,35271.91,20.4,623.0,3.0,RENT,0.0,7.0,14.0,8.0,0.0,14.0,3.0,930.99,6880.39,5352.6,Source Verified,small_business
22100.0,60.0,46842.88,45.51,688.0,8.0,MORTGAGE,0.0,10.0,13.0,0.0,1.0,59.0,2.0,1209.71,10615.08,6377.0,Not Verified,credit_card
11700.0,36.0,33452.69,29.57,714.0,0.0,OWN,0.0,11.0,16.0,6.0,3.0,28.0,9.0,665.45,5903.45,2141.11,Not Verified,other
25000.0,60.0,51600.73,20.28,703.0,3.0,MORTGAGE,0.0,9.0,16.0,0.0,0.0,12.0,1.0,3275.37,27938.81,10151.26,Not Verified,home_improvement
27100.0,36.0,79258.8,14.78,638.0,0.0,RENT,0.0,7.0,12.0,1.0,5.0,153.0,0.0,1999.6,14104.82,4403.46,Source Verified,debt_consolidation
13200.0,60.0,38501.5,31.09,689.0,5.0,MORTGAGE,0.0,13.0,8.0,0.0,10.0,84.0,0.0,5825.47,68097.85,972.03,Not Verified,debt_consolidation
16500.0,36.0,41835.59,29.04,610.0,0.0,RENT,1.0,3.0,5.0,5.0,9.0,81.0,3.0,470.49,2906.27,6883.01,Source Verified,small_business
20500.0,60.0,55419.32,21.18,621.0,3.0,RENT,0.0,6.0,4.0,5.0,0.0,113.0,2.0,4983.07,39715.3,5552.72,Source Verified,small_business
18300.0,60.0,44433.62,37.63,671.0,5.0,RENT,0.0,5.0,6.0,0.0,16.0,50.0,5.0,11359.17,69329.87,6414.05,Source Verified,other
10600.0,36.0,28174.68,15.88,633.0,0.0,RENT,1.0,11.0,11.0,5.0,10.0,12.0,11.0,1461.81,16309.31,731.45,Verified,small_business
11800.0,60.0,24573.27,45.62,647.0,6.0,MORTGAGE,0.0,11.0,14.0,4.0,2.0,33.0,1.0,5610.4,42837.59,8974.73,Verified,debt_consolidation
10500.0,36.0,31295.45,22.28,704.0,1.0,RENT,0.0,12.0,4.0,4.0,11.0,21.0,6.0,445.68,4047.18,42321.56,Source Verified,other
16500.0,60.0,49358.57,30.76,650.0,4.0,RENT,0.0,7.0,12.0,4.0,4.0,117.0,0.0,597.86,5303.81,3243.43,Verified,small_business
16300.0,60.0,45507.67,38.16,673.0,0.0,RENT,0.0,8.0,9.0,5.0,4.0,18.0,3.0,7934.12,75365.24,3030.19,Source Verified,debt_consolidation
5000.0,36.0,15933.13,21.62,650.0,1.0,MORTGAGE,0.0,5.0,12.0,1.0,0.0,99.0,2.0,1794.15,13273.44,1399.34,Not Verified,debt_consolidation
12400.0,60.0,36733.68,24.89,673.0,6.0,MORTGAGE,1.0,11.0,16.0,4.0,18.0,66.0,2.0,1949.41,19641.14,6810.88,Verified,small_business
12400.0,60.0,30344.72,40.11,681.0,9.0,MORTGAGE,1.0,8.0,6.0,2.0,9.0,51.0,2.0,1926.29,17076.42,11857.19,Verified,other
19000.0,60.0,56551.83,20.3,649.0,5.0,OWN,0.0,12.0,10.0,3.0,6.0,48.0,1.0,5534.57,36461.8,6936.0,Not Verified,home_improvement
22200.0,60.0,55822.38,18.59,632.0,3.0,RENT,0.0,13.0,9.0,0.0,3.0,95.0,4.0,1680.52,8859.87,2103.25,Source Verified,other
13500.0,36.0,28110.61,27.3,673.0,3.0,RENT,0.0,8.0,8.0,2.0,10.0,42.0,0.0,1645.98,10248.42,9234.14,Not Verified,small_business
31300.0,60.0,70086.86,30.22,622.0,4.0,OWN,0.0,12.0,8.0,2.0,4.0,126.0,4.0,2792.63,14297.46,1897.61,Source Verified,credit_card
19600.0,60.0,53243.93,43.01,684.0,1.0,MORTGAGE,0.0,7.0,11.0,0.0,13.0,39.0,1.0,10453.86,109327.18,9018.81,Source Verified,debt_consolidation
6700.0,60.0,24465.75,40.37,664.0,0.0,RENT,0.0,6.0,9.0,3.0,1.0,95.0,0.0,3100.25,28565.22,7578.58,Not Verified,debt_consolidation
29100.0,36.0,72150.28,39.98,675.0,1.0,RENT,0.0,9.0,10.0,1.0,0.0,12.0,0.0,2840.5,27621.27,2527.96,Source Verified,debt_consolidation
25900.0,60.0,69771.3,36.25,611.0,9.0,RENT,0.0,9.0,13.0,4.0,0.0,56.0,1.0,1134.89,12108.3,6848.55,Not Verified,other
11500.0,60.0,24471.27,38.04,697.0,6.0,RENT,0.0,4.0,15.0,4.0,12.0,61.0,1.0,1584.28,15942.53,9641.16,Source Verified,debt_consolidation
8000.0,60.0,22517.0,18.35,643.0,8.0,OWN,0.0,6.0,9.0,0.0,6.0,142.0,0.0,1858.13,7615.09,3827.03,Verified,credit_card
26000.0,60.0,68507.15,29.95,644.0,8.0,MORTGAGE,0.0,6.0,5.0,2.0,8.0,35.0,1.0,6934.22,33966.36,3397.44,Source Verified,debt_consolidation
20900.0,36.0,48604.11,50.0,610.0,9.0,RENT,0.0,16.0,10.0,0.0,0.0,151.0,0.0,2099.56,11595.28,4527.61,Source Verified,other
25000.0,60.0,59050.74,37.7,643.0,6.0,OWN,0.0,9.0,14.0,1.0,15.0,25.0,5.0,3093.93,24763.13,9749.76,Verified,credit_card
14000.0,60.0,35400.85,25.68,627.0,2.0,RENT,0.0,14.0,13.0,4.0,13.0,94.0,2.0,664.33,3755.75,6561.53,Source Verified,small_business
14000.0,60.0,38055.85,27.43,683.0,4.0,RENT,0.0,11.0,10.0,6.0,4.0,193.0,4.0,2889.31,29833.25,4894.67,Source Verified,small_business
20000.0,60.0,61337.11,27.86,646.0,1.0,RENT,0.0,4.0,10.0,2.0,10.0,156.0,4.0,1433.72,6567.54,3585.06,Source Verified,debt_consolidation
12300.0,60.0,30896.96,50.0,636.0,6.0,RENT,0.0,2.0,11.0,3.0,22.0,56.0,11.0,7258.88,80599.51,1956.56,Source Verified,credit_card
10200.0,36.0,17759.21,16.65,688.0,4.0,RENT,0.0,8.0,4.0,0.0,8.0,87.0,3.0,8151.24,55567.2,4411.22,Verified,other
10900.0,36.0,26562.51,22.42,615.0,3.0,MORTGAGE,0.0,7.0,7.0,0.0,0.0,75.0,4.0,437.66,3103.61,16275.84,Verified,small_business
14100.0,60.0,37473.07,40.39,622.0,8.0,RENT,0.0,12.0,10.0,6.0,0.0,119.0,3.0,3962.2,22034.16,1140.84,Not Verified,debt_consolidation
20000.0,60.0,54169.63,23.82,635.0,0.0,RENT,0.0,16.0,14.0,0.0,5.0,61.0,4.0,7505.27,36470.57,4028.01,Not Verified,small_business
16000.0,60.0,44939.35,32.47,686.0,0.0,RENT,1.0,9.0,9.0,0.0,6.0,83.0,3.0,5808.19,53190.34,3012.57,Not Verified,debt_consolidation
12400.0,36.0,35124.17,33.01,634.0,0.0,RENT,0.0,6.0,8.0,0.0,18.0,108.0,4.0,1663.95,8520.05,4651.63,Verified,debt_consolidation
26500.0,60.0,73898.5,22.13,653.0,5.0,RENT,0.0,14.0,6.0,4.0,6.0,234.0,5.0,2292.29,25918.56,10351.98,Not Verified,credit_card
26900.0,60.0,66132.32,21.92,637.0,6.0,OWN,1.0,11.0,5.0,1.0,4.0,99.0,5.0,12231.47,96851.11,3719.67,Source Verified,other
16300.0,36.0,39938.82,18.72,622.0,0.0,OWN,0.0,10.0,5.0,2.0,0.0,57.0,1.0,3403.57,37060.57,820.55,Verified,credit_card
24400.0,60.0,64973.65,36.01,646.0,2.0,MORTGAGE,0.0,9.0,9.0,1.0,13.0,12.0,4.0,30319.93,193235.3,23227.38,Source Verified,home_improvement
8200.0,36.0,24396.89,13.5,660.0,2.0,RENT,1.0,11.0,14.0,5.0,6.0,12.0,3.0,3232.68,16388.62,5407.98,Source Verified,debt_consolidation
15200.0,60.0,31657.05,39.79,616.0,3.0,RENT,0.0,8.0,8.0,0.0,12.0,104.0,0.0,4891.09,26835.16,5136.91,Source Verified,small_business
16700.0,60.0,49353.45,16.2,654.0,3.0,OWN,0.0,13.0,12.0,4.0,11.0,102.0,0.0,861.29,5291.73,4700.0,Not Verified,debt_consolidation
13200.0,60.0,31478.07,37.5,610.0,7.0,OWN,0.0,8.0,14.0,1.0,13.0,14.0,4.0,687.12,5398.82,6354.32,Source Verified,other
26900.0,36.0,79454.49,31.06,626.0,6.0,OWN,0.0,0.0,7.0,9.0,0.0,86.0,6.0,2971.39,18465.09,14357.55,Verified,small_business
13600.0,60.0,41668.71,32.44,678.0,7.0,MORTGAGE,0.0,12.0,16.0,0.0,6.0,119.0,1.0,17669.1,134138.56,7966.17,Verified,debt_consolidation
17100.0,60.0,44548.81,40.3,647.0,9.0,RENT,3.0,6.0,8.0,4.0,0.0,53.0,4.0,5086.37,30490.8,1999.4,Source Verified,small_business
17300.0,36.0,50465.15,16.6,671.0,10.0,RENT,1.0,6.0,14.0,10.0,7.0,105.0,1.0,4647.56,31430.16,2663.46,Not Verified,other
13700.0,60.0,38436.59,33.47,685.0,8.0,MORTGAGE,0.0,13.0,6.0,0.0,11.0,80.0,3.0,2778.96,17116.66,8201.92,Source Verified,home_improvement
32800.0,36.0,90052.39,15.58,672.0,7.0,RENT,1.0,9.0,8.0,6.0,0.0,61.0,1.0,1495.79,8732.64,4071.34,Source Verified,debt_consolidation
25400.0,36.0,65774.7,31.99,664.0,5.0,RENT,0.0,16.0,10.0,3.0,22.0,27.0,1.0,2182.44,9444.19,4104.8,Not Verified,credit_card
40000.0,60.0,137616.25,42.44,674.0,7.0,RENT,0.0,8.0,13.0,3.0,0.0,57.0,9.0,1545.67,11161.01,5831.25,Verified,debt_consolidation
10200.0,36.0,27889.75,29.97,658.0,0.0,RENT,1.0,7.0,15.0,3.0,0.0,131.0,1.0,9938.41,54717.43,20033.56,Not Verified,other
19900.0,60.0,49643.67,24.23,644.0,4.0,RENT,0.0,10.0,7.0,1.0,9.0,131.0,7.0,20577.04,223257.46,7748.23,Not Verified,debt_consolidation
15500.0,36.0,41200.65,26.21,675.0,10.0,RENT,1.0,8.0,8.0,2.0,3.0,152.0,0.0,3538.55,41396.63,3956.55,Source Verified,credit_card
13000.0,36.0,36850.29,26.82,666.0,1.0,RENT,0.0,12.0,12.0,0.0,7.0,23.0,0.0,1356.32,6706.54,26351.23,Verified,debt_consolidation
8100.0,60.0,22406.51,21.48,659.0,3.0,RENT,0.0,4.0,10.0,5.0,0.0,148.0,4.0,16074.83,153192.02,8775.93,Not Verified,debt_consolidation
13000.0,60.0,39009.37,29.18,697.0,7.0,RENT,0.0,12.0,10.0,0.0,0.0,83.0,3.0,4142.11,26272.57,11920.27,Not Verified,small_business
28300.0,60.0,65812.93,22.85,664.0,5.0,OWN,0.0,8.0,7.0,1.0,10.0,137.0,5.0,6272.52,43618.14,7715.25,Source Verified,other
8300.0,60.0,23510.77,17.55,721.0,8.0,RENT,0.0,4.0,17.0,0.0,0.0,177.0,7.0,3058.06,34771.41,3729.59,Verified,credit_card
23500.0,60.0,65262.94,29.49,619.0,7.0,MORTGAGE,0.0,10.0,14.0,0.0,9.0,90.0,4.0,8651.72,97123.08,1538.74,Source Verified,debt_consolidation
21400.0,60.0,54219.53,23.24,683.0,9.0,RENT,0.0,10.0,6.0,5.0,13.0,204.0,7.0,2893.95,27194.4,3852.39,Not Verified,small_business
28500.0,60.0,84673.24,35.41,657.0,3.0,RENT,0.0,10.0,10.0,1.0,11.0,88.0,3.0,7700.57,79362.16,26083.05,Not Verified,debt_consolidation
21100.0,60.0,53671.65,29.54,683.0,6.0,RENT,0.0,15.0,8.0,4.0,3.0,82.0,1.0,19111.9,115882.82,3624.35,Not Verified,small_business
15800.0,60.0,41417.51,33.46,645.0,10.0,RENT,0.0,7.0,8.0,0.0,0.0,66.0,6.0,1364.3,7827.9,12281.92,Not Verified,debt_consolidation
11500.0,60.0,36529.74,19.5,695.0,9.0,RENT,0.0,9.0,5.0,3.0,0.0,59.0,2.0,2152.8,22248.9,4438.54,Source Verified,credit_card
13400.0,60.0,41587.6,19.82,691.0,4.0,RENT,0.0,13.0,10.0,1.0,0.0,88.0,0.0,3923.06,16273.07,1971.8,Not Verified,other
33600.0,60.0,89519.22,31.43,670.0,0.0,OWN,0.0,6.0,8.0,2.0,0.0,79.0,1.0,3068.09,35362.4,8108.44,Not Verified,other
27500.0,60.0,74408.1,40.9,638.0,5.0,OWN,0.0,6.0,10.0,5.0,21.0,91.0,7.0,2580.88,30573.43,11613.51,Not Verified,small_business
16200.0,60.0,42987.82,33.43,657.0,5.0,RENT,1.0,11.0,15.0,4.0,0.0,187.0,2.0,2140.84,23227.17,6454.31,Not Verified,debt_consolidation
23600.0,60.0,55355.23,30.29,636.0,6.0,OWN,0.0,11.0,11.0,1.0,17.0,137.0,5.0,4588.98,44953.52,6377.13,Not Verified,debt_consolidation
18500.0,60.0,46537.03,45.6,657.0,7.0,RENT,0.0,11.0,12.0,5.0,17.0,111.0,6.0,3234.51,38559.73,7063.92,Source Verified,debt_consolidation
18700.0,36.0,46063.9,27.58,612.0,1.0,OWN,1.0,11.0,6.0,3.0,4.0,98.0,8.0,5862.83,66389.37,35008.85,Not Verified,credit_card
13300.0,60.0,43482.12,32.92,623.0,7.0,RENT,0.0,6.0,11.0,3.0,0.0,12.0,11.0,5637.46,58503.64,3367.26,Source Verified,home_improvement
6500.0,60.0,13862.18,20.56,617.0,1.0,RENT,0.0,6.0,12.0,3.0,0.0,106.0,1.0,1799.13,10447.14,3371.6,Verified,small_business
14400.0,36.0,40962.15,29.48,682.0,0.0,RENT,1.0,15.0,9.0,0.0,2.0,72.0,7.0,5193.65,37779.69,14519.57,Not Verified,small_business
11700.0,36.0,29589.17,25.27,662.0,6.0,OWN,0.0,9.0,8.0,1.0,13.0,106.0,3.0,4311.82,42636.34,7340.02,Source Verified,debt_consolidation
8200.0,36.0,25816.5,36.89,614.0,2.0,RENT,0.0,5.0,9.0,3.0,15.0,174.0,2.0,2946.05,30328.82,6732.43,Source Verified,small_business
21200.0,60.0,42596.41,24.19,648.0,4.0,OWN,0.0,17.0,10.0,1.0,6.0,44.0,8.0,5442.44,55921.64,6081.33,Source Verified,credit_card
11600.0,36.0,31856.31,20.32,692.0,1.0,RENT,2.0,8.0,6.0,0.0,0.0,57.0,6.0,3629.07,26213.89,16650.71,Verified,other
13200.0,60.0,30420.94,25.45,651.0,1.0,RENT,0.0,9.0,11.0,1.0,3.0,170.0,1.0,1569.22,16855.14,6256.61,Not Verified,credit_card
22800.0,60.0,56563.77,39.61,621.0,1.0,OWN,0.0,6.0,11.0,3.0,11.0,18.0,6.0,2525.53,12963.85,1991.74,Source Verified,small_business
8500.0,36.0,19279.94,47.6,637.0,1.0,RENT,0.0,13.0,9.0,1.0,0.0,155.0,3.0,2195.39,14346.89,4527.86,Not Verified,debt_consolidation
12000.0,36.0,27591.65,15.9,660.0,3.0,RENT,0.0,11.0,8.0,3.0,0.0,65.0,3.0,8781.0,97728.03,4115.72,Source Verified,small_business
8000.0,60.0,21465.02,23.23,687.0,1.0,MORTGAGE,0.0,6.0,13.0,5.0,4.0,88.0,6.0,3987.59,18799.03,10114.07,Verified,other
14100.0,36.0,41000.04,31.99,635.0,4.0,RENT,0.0,4.0,9.0,8.0,8.0,147.0,5.0,1556.63,14607.1,4445.51,Source Verified,debt_consolidation
20000.0,60.0,58777.47,24.91,610.0,6.0,RENT,0.0,13.0,7.0,1.0,6.0,158.0,5.0,2803.34,26687.06,4414.93,Verified,debt_consolidation
12300.0,60.0,38644.31,40.19,664.0,1.0,MORTGAGE,1.0,7.0,10.0,0.0,6.0,143.0,2.0,5183.24,43675.35,33595.65,Not Verified,debt_consolidation
17600.0,60.0,38935.93,31.62,648.0,0.0,OWN,0.0,11.0,9.0,3.0,15.0,70.0,0.0,812.04,7748.1,7924.01,Verified,debt_consolidation
12000.0,36.0,28345.73,0.0,610.0,4.0,MORTGAGE,1.0,8.0,8.0,4.0,8.0,93.0,0.0,5002.47,39012.3,7891.24,Verified,small_business
30100.0,36.0,76377.45,25.07,613.0,2.0,OWN,0.0,5.0,4.0,5.0,0.0,12.0,1.0,3005.54,29436.51,4077.51,Source Verified,debt_consolidation
21600.0,60.0,53436.09,28.29,641.0,10.0,OWN,0.0,7.0,11.0,1.0,4.0,162.0,0.0,1730.34,14541.98,7027.92,Verified,debt_consolidation
9500.0,60.0,24063.96,50.0,611.0,6.0,MORTGAGE,0.0,7.0,10.0,0.0,0.0,148.0,3.0,360.34,3126.97,5048.5,Not Verified,other
9500.0,60.0,27021.38,29.98,619.0,3.0,RENT,0.0,11.0,10.0,4.0,11.0,61.0,3.0,3046.33,20466.38,5064.15,Not Verified,other
21800.0,36.0,47122.86,37.44,667.0,8.0,MORTGAGE,0.0,7.0,15.0,4.0,0.0,122.0,1.0,1188.28,6005.33,3973.36,Not Verified,other
8400.0,60.0,16973.6,36.6,680.0,8.0,RENT,1.0,7.0,13.0,0.0,8.0,63.0,0.0,15641.59,113311.35,1377.48,Source Verified,small_business
11500.0,60.0,37631.83,13.59,667.0,6.0,OWN,0.0,6.0,13.0,6.0,13.0,225.0,0.0,1778.34,21194.07,2688.37,Verified,debt_consolidation
9900.0,60.0,30302.48,45.93,631.0,2.0,RENT,0.0,12.0,9.0,0.0,1.0,86.0,0.0,7606.58,63052.02,6983.72,Verified,debt_consolidation
10700.0,60.0,26794.99,32.29,664.0,2.0,RENT,1.0,8.0,7.0,6.0,0.0,76.0,4.0,1942.69,12755.19,5259.81,Not Verified,debt_consolidation
22200.0,60.0,48950.43,24.94,618.0,5.0,RENT,0.0,7.0,11.0,3.0,10.0,37.0,0.0,2459.74,18795.19,5440.63,Verified,debt_consolidation
26100.0,60.0,71770.58,14.23,674.0,8.0,OWN,0.0,14.0,8.0,0.0,8.0,51.0,3.0,1694.71,19656.08,7325.87,Verified,other
17300.0,36.0,44287.79,39.55,642.0,6.0,RENT,0.0,11.0,10.0,5.0,1.0,82.0,0.0,1734.13,7192.15,3137.97,Verified,debt_consolidation
16200.0,60.0,46075.3,32.8,718.0,0.0,RENT,0.0,6.0,13.0,3.0,0.0,101.0,7.0,4322.84,36891.84,2328.7,Source Verified,debt_consolidation
9500.0,60.0,19475.02,21.08,678.0,1.0,MORTGAGE,0.0,2.0,8.0,0.0,1.0,175.0,1.0,1805.04,7847.4,1897.03,Verified,small_business
13600.0,36.0,32735.57,27.12,676.0,3.0,OWN,1.0,10.0,11.0,4.0,11.0,12.0,2.0,821.0,8033.48,4097.72,Verified,small_business
24300.0,60.0,61377.87,18.07,665.0,3.0,RENT,0.0,9.0,13.0,1.0,14.0,46.0,1.0,1095.46,4603.85,14665.06,Source Verified,small_business
16700.0,36.0,38434.02,22.09,696.0,0.0,RENT,0.0,12.0,3.0,5.0,11.0,137.0,7.0,2535.73,21447.4,4982.39,Verified,other
11100.0,60.0,31937.07,24.65,640.0,1.0,OWN,0.0,9.0,8.0,0.0,0.0,20.0,0.0,2101.03,17488.81,26156.96,Verified,small_business
11000.0,60.0,31085.86,27.67,642.0,1.0,RENT,0.0,9.0,8.0,0.0,4.0,147.0,6.0,2066.49,17487.91,3828.58,Verified,credit_card
19400.0,60.0,50780.45,27.22,631.0,9.0,RENT,1.0,6.0,11.0,2.0,12.0,88.0,0.0,2335.46,24192.71,8451.67,Source Verified,debt_consolidation
14900.0,60.0,42531.92,37.41,670.0,7.0,RENT,0.0,8.0,7.0,6.0,7.0,84.0,0.0,3619.67,24876.93,4901.44,Not Verified,debt_consolidation
31600.0,60.0,74562.47,19.72,634.0,5.0,RENT,0.0,9.0,6.0,0.0,4.0,60.0,1.0,1637.78,17122.12,7920.07,Source Verified,small_business
19400.0,60.0,51807.72,40.9,658.0,1.0,RENT,0.0,6.0,13.0,0.0,13.0,54.0,8.0,2957.16,30547.42,3586.03,Source Verified,credit_card
8600.0,36.0,33378.06,41.25,666.0,4.0,MORTGAGE,0.0,3.0,9.0,3.0,0.0,113.0,0.0,6484.98,34710.21,2432.74,Verified,small_business
17700.0,36.0,43242.98,19.84,694.0,0.0,RENT,0.0,5.0,5.0,2.0,16.0,75.0,0.0,7052.29,73171.92,1619.14,Source Verified,other
11700.0,60.0,31801.08,41.47,610.0,0.0,RENT,0.0,15.0,14.0,2.0,1.0,47.0,2.0,3440.26,27324.78,6107.06,Verified,other
40000.0,60.0,122054.58,38.39,620.0,3.0,RENT,1.0,7.0,7.0,0.0,13.0,32.0,1.0,1694.62,15793.12,6683.22,Source Verified,debt_consolidation
12900.0,36.0,32726.95,14.81,684.0,4.0,RENT,0.0,8.0,4.0,3.0,14.0,61.0,6.0,2111.33,12157.48,4998.27,Not Verified,other
11000.0,60.0,32435.99,32.14,712.0,2.0,RENT,1.0,5.0,10.0,0.0,7.0,98.0,2.0,2700.03,18969.78,22948.86,Source Verified,credit_card
16600.0,60.0,50618.91,30.09,664.0,4.0,RENT,0.0,13.0,7.0,4.0,5.0,76.0,6.0,578.94,4723.79,9377.85,Verified,small_business
16500.0,60.0,47750.1,22.76,657.0,7.0,RENT,0.0,10.0,6.0,3.0,18.0,54.0,4.0,1050.96,9798.05,6147.79,Source Verified,debt_consolidation
14500.0,60.0,44423.74,35.37,647.0,1.0,MORTGAGE,0.0,0.0,5.0,4.0,14.0,121.0,0.0,3661.57,29890.96,9968.52,Not Verified,other
13500.0,60.0,34567.63,38.01,683.0,2.0,RENT,1.0,7.0,7.0,2.0,13.0,85.0,8.0,1004.47,8740.45,24433.23,Not Verified,debt_consolidation
23100.0,60.0,55168.88,26.4,655.0,4.0,RENT,0.0,4.0,7.0,3.0,0.0,187.0,7.0,3851.13,29496.26,9712.46,Verified,small_business
40000.0,36.0,109578.29,39.85,628.0,9.0,RENT,0.0,8.0,11.0,1.0,0.0,33.0,6.0,1652.3,14624.15,3796.4,Not Verified,home_improvement
14100.0,36.0,45618.2,38.37,686.0,0.0,RENT,1.0,9.0,10.0,4.0,12.0,150.0,9.0,2461.86,19389.33,5339.47,Source Verified,debt_consolidation
6400.0,60.0,30466.99,34.39,628.0,5.0,RENT,0.0,7.0,14.0,0.0,1.0,94.0,4.0,3053.79,28564.77,4969.8,Source Verified,other
22500.0,36.0,55423.65,46.63,662.0,5.0,RENT,0.0,2.0,6.0,4.0,0.0,124.0,4.0,2698.24,12283.65,11897.54,Not Verified,other
9700.0,60.0,32241.39,39.53,653.0,1.0,RENT,0.0,12.0,9.0,1.0,7.0,65.0,1.0,957.24,10727.75,5268.84,Verified,small_business
24400.0,60.0,60096.25,28.28,626.0,2.0,RENT,1.0,9.0,6.0,0.0,0.0,47.0,7.0,4345.08,51693.28,7807.45,Source Verified,other
6700.0,36.0,22193.08,28.14,656.0,5.0,MORTGAGE,0.0,9.0,6.0,2.0,10.0,72.0,1.0,2059.15,15824.64,1693.43,Verified,credit_card
10300.0,60.0,22035.97,24.3,642.0,5.0,RENT,1.0,3.0,10.0,0.0,0.0,94.0,6.0,4725.27,21592.6,1630.25,Verified,debt_consolidation
40000.0,36.0,136457.04,23.26,679.0,4.0,RENT,1.0,13.0,5.0,2.0,10.0,164.0,2.0,666.0,5395.79,20438.46,Not Verified,small_business
28500.0,60.0,66956.6,38.78,689.0,2.0,MORTGAGE,0.0,11.0,9.0,2.0,4.0,187.0,5.0,7312.55,72106.72,7067.1,Not Verified,small_business
26900.0,36.0,72888.49,27.91,670.0,3.0,RENT,0.0,7.0,6.0,1.0,9.0,66.0,6.0,2616.31,21520.29,5179.35,Not Verified,other
19100.0,60.0,48432.34,21.65,678.0,8.0,RENT,0.0,9.0,15.0,4.0,11.0,139.0,6.0,2080.14,15903.13,12593.23,Verified,debt_consolidation
13500.0,36.0,42298.21,24.16,667.0,6.0,RENT,1.0,5.0,4.0,0.0,0.0,89.0,1.0,15422.03,83726.41,4207.34,Source Verified,other
19000.0,60.0,42773.93,16.92,610.0,4.0,RENT,2.0,5.0,11.0,7.0,23.0,33.0,4.0,2490.38,23065.64,3213.74,Verified,debt_consolidation
18700.0,60.0,51160.86,28.51,631.0,3.0,RENT,0.0,3.0,9.0,3.0,4.0,102.0,3.0,2995.39,33148.86,5579.9,Not Verified,small_business
16300.0,36.0,42218.7,34.79,656.0,0.0,RENT,0.0,9.0,8.0,1.0,6.0,80.0,1.0,1226.29,14283.36,12406.9,Not Verified,debt_consolidation
19000.0,60.0,53507.21,35.58,649.0,7.0,RENT,0.0,3.0,7.0,1.0,8.0,113.0,4.0,10698.09,114095.02,2762.84,Verified,small_business
7200.0,60.0,22657.39,41.48,675.0,1.0,OWN,0.0,3.0,9.0,7.0,8.0,106.0,3.0,4981.47,37672.13,3818.05,Source Verified,credit_card
16000.0,36.0,40604.62,26.7,637.0,2.0,RENT,0.0,14.0,5.0,0.0,9.0,94.0,3.0,3812.65,22545.11,2663.82,Source Verified,other
21800.0,60.0,51359.06,23.43,692.0,9.0,OWN,1.0,16.0,10.0,3.0,12.0,162.0,8.0,7025.22,32438.69,12387.2,Source Verified,debt_consolidation
20600.0,60.0,53444.72,16.79,638.0,2.0,RENT,1.0,10.0,15.0,0.0,0.0,90.0,0.0,4179.39,44600.14,1811.86,Verified,small_business
11700.0,60.0,33444.4,48.08,614.0,7.0,RENT,0.0,9.0,13.0,1.0,9.0,105.0,2.0,931.85,10790.33,4494.77,Source Verified,credit_card
12000.0,60.0,30111.68,16.6,665.0,6.0,RENT,1.0,5.0,13.0,3.0,10.0,91.0,0.0,390.89,3729.11,1516.43,Not Verified,debt_consolidation
24500.0,60.0,53491.24,9.89,639.0,4.0,MORTGAGE,1.0,8.0,10.0,1.0,2.0,37.0,11.0,15507.26,146288.78,4067.18,Verified,credit_card
10500.0,60.0,22302.21,30.8,648.0,6.0,MORTGAGE,0.0,6.0,11.0,2.0,3.0,175.0,2.0,793.91,6734.04,29322.42,Verified,credit_card
10000.0,60.0,29903.85,30.51,698.0,8.0,MORTGAGE,1.0,10.0,7.0,1.0,12.0,45.0,2.0,1271.27,11901.96,7359.32,Verified,home_improvement
14500.0,36.0,32984.41,16.83,666.0,6.0,RENT,1.0,10.0,10.0,2.0,6.0,67.0,3.0,1099.21,10333.95,5701.12,Not Verified,home_improvement
13900.0,60.0,37021.03,35.17,667.0,0.0,MORTGAGE,1.0,13.0,10.0,6.0,13.0,107.0,1.0,4224.75,16982.7,2849.93,Not Verified,other
21500.0,60.0,56880.77,32.17,669.0,4.0,RENT,1.0,5.0,7.0,1.0,11.0,110.0,2.0,13943.36,92300.41,31262.22,Not Verified,debt_consolidation
8600.0,36.0,31002.2,23.34,617.0,0.0,RENT,0.0,6.0,9.0,2.0,13.0,77.0,2.0,1667.43,15873.34,6527.91,Not Verified,small_business
10100.0,36.0,30930.11,40.12,638.0,1.0,RENT,1.0,14.0,4.0,1.0,6.0,97.0,7.0,2832.2,19490.77,6344.17,Verified,credit_card
21400.0,60.0,59544.59,32.14,637.0,8.0,MORTGAGE,0.0,12.0,9.0,0.0,1.0,60.0,1.0,2644.82,27817.4,23704.41,Not Verified,debt_consolidation
12600.0,36.0,39951.71,30.62,678.0,7.0,RENT,1.0,9.0,8.0,5.0,8.0,18.0,2.0,2612.34,18209.23,3591.33,Source Verified,credit_card
24700.0,36.0,63595.26,33.57,650.0,9.0,MORTGAGE,1.0,6.0,10.0,1.0,7.0,114.0,5.0,2202.61,25484.92,4590.16,Verified,small_business
17600.0,36.0,40170.27,12.54,664.0,5.0,RENT,0.0,7.0,10.0,3.0,1.0,14.0,2.0,1214.69,8560.42,629.22,Not Verified,credit_card
20700.0,60.0,44890.56,27.47,658.0,3.0,RENT,1.0,15.0,15.0,5.0,0.0,127.0,4.0,1699.45,12139.53,2643.5,Verified,debt_consolidation
40000.0,36.0,113805.05,25.26,638.0,10.0,OWN,0.0,8.0,4.0,1.0,0.0,101.0,3.0,6549.98,54696.26,11489.42,Not Verified,other
19600.0,36.0,50308.72,31.29,696.0,8.0,OWN,1.0,4.0,10.0,2.0,3.0,117.0,0.0,3857.95,24292.01,7832.81,Not Verified,debt_consolidation
13600.0,36.0,31366.8,23.05,699.0,0.0,RENT,0.0,0.0,14.0,3.0,15.0,67.0,3.0,1228.1,7187.71,7028.9,Source Verified,debt_consolidation
17200.0,60.0,40636.86,32.62,689.0,9.0,MORTGAGE,1.0,9.0,6.0,5.0,3.0,12.0,2.0,1873.31,19500.68,8311.58,Verified,debt_consolidation
23400.0,60.0,57804.61,49.02,697.0,3.0,MORTGAGE,0.0,10.0,9.0,2.0,8.0,134.0,8.0,7731.82,58185.36,3640.67,Verified,other
12100.0,60.0,34687.83,32.73,639.0,9.0,RENT,0.0,7.0,5.0,1.0,6.0,147.0,4.0,966.15,6565.49,22811.23,Verified,debt_consolidation
9300.0,36.0,24990.37,29.86,672.0,0.0,RENT,0.0,11.0,4.0,0.0,14.0,119.0,4.0,1300.29,14480.78,5923.42,Not Verified,credit_card
16700.0,60.0,37566.72,33.6,687.0,9.0,RENT,0.0,1.0,8.0,2.0,5.0,74.0,8.0,540.09,5701.46,7677.27,Not Verified,small_business
12800.0,60.0,38765.59,25.0,694.0,7.0,MORTGAGE,0.0,14.0,9.0,3.0,5.0,62.0,1.0,2506.48,21891.23,8149.45,Verified,other
17300.0,36.0,45990.51,30.44,615.0,8.0,RENT,0.0,11.0,11.0,8.0,18.0,114.0,4.0,5806.28,53843.17,9428.51,Source Verified,debt_consolidation
19800.0,60.0,47054.36,30.99,626.0,0.0,RENT,0.0,9.0,7.0,0.0,3.0,143.0,2.0,222.48,1848.74,11281.06,Not Verified,debt_consolidation
12900.0,60.0,36785.72,31.99,683.0,1.0,MORTGAGE,0.0,9.0,10.0,0.0,20.0,12.0,0.0,5333.46,55644.18,1905.79,Not Verified,debt_consolidation
18700.0,36.0,53469.89,18.08,630.0,9.0,RENT,0.0,13.0,13.0,2.0,14.0,101.0,3.0,6421.54,34633.35,12950.07,Verified,small_business
27300.0,36.0,63026.99,26.71,630.0,0.0,OWN,0.0,7.0,15.0,3.0,12.0,79.0,8.0,2185.65,14496.84,4667.98,Not Verified,debt_consolidation
13600.0,60.0,33584.42,27.7,638.0,1.0,RENT,0.0,5.0,9.0,2.0,4.0,27.0,2.0,1649.25,6841.24,8441.09,Verified,small_business
20000.0,36.0,55893.47,20.99,684.0,6.0,OWN,0.0,9.0,5.0,4.0,0.0,79.0,0.0,4101.19,30357.97,47228.63,Not Verified,other
27200.0,60.0,58023.11,32.64,667.0,7.0,RENT,0.0,14.0,1.0,0.0,20.0,57.0,3.0,4820.33,57135.76,7262.52,Verified,debt_consolidation
18100.0,60.0,48364.21,29.4,643.0,6.0,RENT,0.0,9.0,9.0,0.0,6.0,84.0,4.0,2565.35,30387.19,6616.33,Not Verified,small_business
21300.0,60.0,49051.73,31.99,653.0,3.0,MORTGAGE,0.0,8.0,8.0,1.0,10.0,181.0,6.0,5603.36,46696.54,8211.47,Not Verified,other
29400.0,60.0,82107.27,26.83,684.0,3.0,RENT,0.0,3.0,9.0,1.0,9.0,36.0,7.0,7692.25,46839.17,10426.84,Verified,debt_consolidation
14400.0,60.0,38226.37,28.48,628.0,9.0,RENT,0.0,11.0,9.0,4.0,4.0,140.0,5.0,8492.54,39363.91,4740.58,Not Verified,small_business
4200.0,60.0,15095.66,41.16,643.0,5.0,RENT,0.0,8.0,14.0,3.0,0.0,118.0,2.0,18612.71,142354.44,11302.35,Not Verified,credit_card
24800.0,60.0,65876.72,41.4,610.0,3.0,RENT,0.0,3.0,15.0,3.0,1.0,37.0,0.0,4415.89,27108.89,12166.48,Not Verified,credit_card
8100.0,36.0,19420.72,34.89,673.0,6.0,RENT,0.0,3.0,15.0,0.0,0.0,154.0,0.0,1508.44,8143.76,4613.92,Verified,debt_consolidation
12900.0,36.0,30240.03,23.78,665.0,6.0,RENT,0.0,8.0,5.0,2.0,8.0,134.0,3.0,8023.9,85725.63,15311.85,Verified,other
7700.0,36.0,23960.42,37.58,610.0,4.0,OWN,0.0,6.0,11.0,6.0,3.0,106.0,7.0,4052.91,39628.54,1654.7,Not Verified,small_business
16400.0,36.0,49916.95,43.37,646.0,8.0,RENT,0.0,13.0,5.0,6.0,2.0,99.0,6.0,3337.78,36633.93,15569.85,Source Verified,debt_consolidation
15500.0,60.0,41530.19,39.1,610.0,5.0,RENT,1.0,8.0,19.0,3.0,2.0,111.0,5.0,13375.83,83602.85,6742.35,Source Verified,debt_consolidation
16500.0,60.0,48140.58,33.82,638.0,9.0,RENT,0.0,4.0,6.0,8.0,8.0,12.0,0.0,9310.74,66132.43,4228.9,Not Verified,debt_consolidation
25500.0,60.0,60295.42,28.2,667.0,9.0,OWN,0.0,12.0,12.0,3.0,0.0,14.0,0.0,2904.75,15514.78,5198.02,Verified,credit_card
23100.0,60.0,52705.76,26.25,610.0,5.0,OWN,0.0,10.0,13.0,2.0,0.0,128.0,4.0,2537.52,11439.0,1866.7,Verified,debt_consolidation
12400.0,60.0,33061.42,10.41,611.0,2.0,RENT,0.0,9.0,6.0,5.0,5.0,80.0,1.0,1992.83,11089.37,17233.7,Source Verified,other
12000.0,60.0,35889.86,36.03,665.0,7.0,RENT,0.0,11.0,11.0,1.0,8.0,123.0,0.0,1527.78,10079.3,12029.77,Not Verified,small_business
15300.0,36.0,36928.78,12.59,627.0,1.0,MORTGAGE,0.0,7.0,11.0,0.0,0.0,45.0,5.0,1730.53,17211.13,8725.51,Not Verified,other
13600.0,60.0,39048.23,18.2,644.0,7.0,OWN,0.0,3.0,11.0,4.0,13.0,101.0,0.0,1685.87,13263.09,2257.03,Source Verified,debt_consolidation
17600.0,60.0,39835.21,35.09,671.0,1.0,RENT,1.0,10.0,12.0,3.0,2.0,97.0,4.0,4102.21,37580.96,7675.26,Source Verified,small_business
22300.0,60.0,50485.46,37.22,699.0,4.0,RENT,0.0,4.0,12.0,0.0,1.0,56.0,4.0,5109.31,51896.5,3889.34,Verified,other
10600.0,60.0,25908.83,20.72,638.0,1.0,RENT,0.0,10.0,11.0,2.0,4.0,49.0,2.0,844.12,8761.87,4398.14,Not Verified,other
12700.0,60.0,38089.77,29.59,673.0,3.0,RENT,0.0,11.0,10.0,8.0,3.0,62.0,0.0,1476.64,11913.77,4718.55,Source Verified,other
25500.0,60.0,56045.08,17.53,714.0,5.0,RENT,0.0,8.0,12.0,1.0,6.0,111.0,0.0,4469.19,32599.12,2326.13,Verified,credit_card
40000.0,36.0,137103.52,37.18,665.0,7.0,MORTGAGE,0.0,6.0,9.0,2.0,10.0,104.0,3.0,558.56,5157.0,3276.08,Verified,home_improvement
17100.0,36.0,43726.54,15.12,653.0,0.0,OWN,0.0,11.0,9.0,3.0,8.0,78.0,0.0,7676.76,64324.67,12334.94,Source Verified,debt_consolidation
22400.0,36.0,54688.15,21.23,630.0,4.0,MORTGAGE,1.0,7.0,12.0,0.0,21.0,75.0,4.0,2531.0,16867.21,13622.58,Verified,other
16000.0,60.0,48947.77,34.57,680.0,7.0,RENT,0.0,9.0,8.0,2.0,2.0,84.0,2.0,1554.12,7826.9,10969.79,Verified,credit_card
10300.0,36.0,38533.66,27.39,649.0,8.0,RENT,0.0,12.0,12.0,2.0,12.0,100.0,2.0,345.29,3621.12,4815.26,Verified,small_business
11400.0,60.0,28287.48,36.78,683.0,7.0,OWN,0.0,1.0,13.0,0.0,3.0,51.0,6.0,3528.14,17884.18,20191.29,Verified,debt_consolidation
21900.0,60.0,65644.32,22.37,699.0,6.0,RENT,0.0,6.0,12.0,7.0,23.0,85.0,0.0,2475.4,19768.49,6124.75,Not Verified,debt_consolidation
14300.0,60.0,34149.82,20.2,641.0,6.0,RENT,0.0,8.0,9.0,2.0,12.0,109.0,3.0,1524.88,8164.44,3084.18,Not Verified,other
13800.0,36.0,35076.88,24.05,659.0,2.0,RENT,0.0,4.0,10.0,7.0,7.0,81.0,0.0,3137.43,15550.68,15826.43,Source Verified,other
25000.0,60.0,72282.63,38.23,661.0,2.0,RENT,0.0,8.0,10.0,2.0,1.0,42.0,4.0,3438.69,24606.17,6448.6,Not Verified,small_business
10600.0,60.0,20015.56,42.02,671.0,2.0,OWN,0.0,6.0,10.0,4.0,11.0,52.0,5.0,2606.88,12949.99,12975.53,Not Verified,credit_card
16400.0,36.0,43124.88,18.93,660.0,5.0,RENT,0.0,9.0,6.0,3.0,14.0,75.0,1.0,4123.42,29661.75,11966.6,Verified,other
22600.0,60.0,64188.7,30.36,619.0,5.0,RENT,0.0,9.0,9.0,0.0,12.0,90.0,3.0,2652.02,28376.93,2233.13,Source Verified,debt_consolidation
14100.0,36.0,39296.48,24.3,651.0,1.0,MORTGAGE,1.0,7.0,8.0,5.0,0.0,130.0,0.0,5468.54,33405.95,5772.13,Source Verified,small_business
12700.0,60.0,37132.82,31.04,656.0,2.0,RENT,0.0,9.0,1.0,6.0,14.0,93.0,4.0,6427.99,47649.78,2451.23,Not Verified,other
3700.0,60.0,20537.23,39.15,655.0,8.0,OWN,1.0,5.0,10.0,0.0,7.0,38.0,5.0,6688.1,39506.38,5281.68,Not Verified,credit_card
16800.0,60.0,47479.04,26.42,629.0,4.0,RENT,1.0,13.0,13.0,1.0,27.0,55.0,5.0,2981.13,30653.55,3579.21,Not Verified,debt_consolidation
12200.0,60.0,34403.09,41.45,631.0,0.0,MORTGAGE,0.0,13.0,10.0,3.0,8.0,120.0,0.0,10978.77,105112.32,1370.31,Not Verified,debt_consolidation
9700.0,36.0,27754.19,17.0,673.0,7.0,RENT,0.0,6.0,8.0,2.0,11.0,153.0,0.0,5417.69,58421.82,14244.72,Source Verified,other
30300.0,36.0,73881.94,16.81,610.0,0.0,OWN,0.0,11.0,4.0,2.0,16.0,19.0,4.0,5018.87,56858.22,3964.66,Not Verified,small_business
19700.0,60.0,60162.24,23.29,670.0,3.0,RENT,0.0,11.0,9.0,3.0,0.0,83.0,6.0,1068.53,9426.21,1642.87,Not Verified,debt_consolidation
21600.0,36.0,44453.39,33.72,649.0,1.0,RENT,1.0,13.0,9.0,4.0,6.0,12.0,0.0,1247.3,14889.05,1268.6,Not Verified,other
9700.0,60.0,24796.94,22.58,653.0,2.0,RENT,0.0,5.0,9.0,1.0,4.0,98.0,0.0,3309.82,14357.11,5434.14,Verified,small_business
20600.0,60.0,51641.12,26.5,612.0,6.0,MORTGAGE,0.0,11.0,11.0,3.0,13.0,89.0,5.0,2443.06,21156.62,4317.5,Verified,debt_consolidation
22700.0,60.0,58010.65,38.93,648.0,9.0,MORTGAGE,0.0,7.0,7.0,2.0,0.0,81.0,6.0,4176.74,46800.26,9821.27,Source Verified,credit_card
7900.0,60.0,18142.59,19.27,642.0,1.0,RENT,0.0,6.0,13.0,7.0,9.0,153.0,1.0,14528.88,78468.42,20441.61,Verified,credit_card
12800.0,36.0,36623.23,28.93,691.0,0.0,OWN,2.0,4.0,7.0,5.0,0.0,63.0,5.0,1322.71,8669.68,3885.0,Verified,debt_consolidation
21200.0,60.0,56240.37,34.46,713.0,0.0,MORTGAGE,0.0,12.0,10.0,2.0,8.0,93.0,3.0,4304.36,25731.27,3897.66,Verified,small_business
8000.0,36.0,20875.3,43.19,656.0,10.0,OWN,0.0,11.0,15.0,4.0,9.0,110.0,6.0,4836.17,50852.12,3738.03,Not Verified,small_business
34100.0,36.0,91915.9,37.3,719.0,2.0,MORTGAGE,0.0,2.0,10.0,5.0,0.0,59.0,6.0,2110.27,22517.96,3004.91,Source Verified,small_business
17300.0,60.0,47577.82,31.96,678.0,9.0,OWN,1.0,7.0,10.0,1.0,11.0,129.0,0.0,3566.57,17253.79,5597.09,Verified,debt_consolidation
13400.0,60.0,27905.26,45.88,655.0,5.0,RENT,0.0,15.0,21.0,6.0,0.0,64.0,0.0,571.54,2937.11,3423.22,Source Verified,debt_consolidation
16100.0,60.0,48371.99,28.87,680.0,6.0,OWN,0.0,7.0,12.0,0.0,12.0,154.0,1.0,3770.27,26694.59,8201.61,Source Verified,small_business
28100.0,60.0,84028.46,15.86,659.0,6.0,MORTGAGE,0.0,14.0,7.0,0.0,3.0,105.0,0.0,592.01,4861.0,5832.16,Verified,small_business
20800.0,60.0,56449.12,32.49,677.0,2.0,RENT,1.0,9.0,10.0,1.0,8.0,12.0,3.0,617.17,4368.91,13555.54,Not Verified,other
25600.0,36.0,64814.0,27.76,692.0,1.0,RENT,0.0,6.0,12.0,3.0,3.0,118.0,0.0,4048.76,31466.35,10850.51,Not Verified,debt_consolidation
7500.0,60.0,21127.22,33.04,639.0,1.0,RENT,0.0,13.0,14.0,0.0,3.0,57.0,4.0,1390.61,6907.7,6348.25,Verified,debt_consolidation
21000.0,60.0,48938.84,33.95,644.0,3.0,MORTGAGE,0.0,10.0,7.0,0.0,9.0,108.0,6.0,2456.66,24833.84,12227.44,Source Verified,debt_consolidation
13500.0,36.0,32488.57,10.66,689.0,7.0,OWN,1.0,6.0,8.0,0.0,15.0,32.0,3.0,620.43,6905.5,7508.76,Verified,debt_consolidation
17100.0,36.0,34377.86,11.62,635.0,2.0,OWN,0.0,5.0,11.0,3.0,4.0,194.0,6.0,4734.9,44258.31,1664.44,Verified,small_business
16800.0,60.0,41613.21,45.94,616.0,2.0,OWN,1.0,17.0,9.0,0.0,0.0,50.0,2.0,2124.95,15960.9,13849.26,Verified,other
12900.0,36.0,35459.27,30.25,637.0,1.0,RENT,0.0,0.0,10.0,9.0,0.0,119.0,3.0,1286.61,13823.31,5011.08,Verified,debt_consolidation
18900.0,36.0,42577.42,24.3,655.0,3.0,MORTGAGE,1.0,14.0,6.0,0.0,12.0,59.0,6.0,5860.82,64659.9,4471.87,Verified,other
12100.0,60.0,38986.11,39.48,665.0,0.0,RENT,1.0,1.0,7.0,0.0,10.0,83.0,0.0,884.69,3860.41,11146.57,Not Verified,other
33400.0,36.0,91886.42,29.85,676.0,9.0,RENT,0.0,7.0,8.0,2.0,8.0,73.0,0.0,4599.8,20206.07,2577.78,Source Verified,other
22700.0,36.0,64622.35,19.34,679.0,1.0,RENT,0.0,6.0,12.0,5.0,11.0,71.0,9.0,638.73,4369.68,1376.34,Source Verified,other
18400.0,36.0,47522.84,30.47,660.0,1.0,MORTGAGE,1.0,15.0,10.0,4.0,3.0,218.0,0.0,5799.84,37804.26,3632.23,Source Verified,credit_card
21600.0,60.0,50819.54,30.03,688.0,0.0,MORTGAGE,1.0,7.0,5.0,3.0,9.0,60.0,3.0,1375.19,8441.61,5221.33,Source Verified,other
10500.0,60.0,32748.76,23.73,610.0,2.0,RENT,0.0,8.0,19.0,0.0,9.0,129.0,6.0,3868.86,29819.44,6525.03,Verified,small_business
16100.0,36.0,39190.62,16.34,655.0,0.0,MORTGAGE,0.0,7.0,10.0,6.0,10.0,178.0,1.0,6520.04,69686.94,6997.51,Verified,small_business
20200.0,60.0,56836.0,11.51,630.0,1.0,OWN,0.0,10.0,13.0,2.0,4.0,164.0,2.0,360.83,2847.22,2348.2,Not Verified,debt_consolidation
29800.0,60.0,77489.51,37.33,648.0,2.0,MORTGAGE,0.0,6.0,6.0,3.0,4.0,35.0,0.0,7248.02,75975.43,2722.62,Not Verified,debt_consolidation
25700.0,60.0,80312.41,33.46,688.0,5.0,RENT,0.0,11.0,6.0,0.0,3.0,140.0,2.0,851.51,7989.12,1041.97,Source Verified,credit_card
11000.0,60.0,25013.86,17.79,630.0,8.0,MORTGAGE,1.0,7.0,10.0,3.0,23.0,152.0,0.0,997.77,5166.26,2210.98,Verified,small_business
13100.0,36.0,42245.22,34.03,676.0,10.0,OWN,0.0,12.0,8.0,0.0,3.0,102.0,0.0,3250.27,25776.55,2225.97,Not Verified,debt_consolidation
18700.0,60.0,48534.48,33.16,633.0,4.0,RENT,1.0,4.0,7.0,1.0,0.0,213.0,3.0,3210.98,32948.22,4168.6,Verified,home_improvement
17100.0,60.0,49141.12,26.81,665.0,5.0,OWN,2.0,10.0,13.0,0.0,0.0,78.0,0.0,2734.26,23245.11,8179.68,Not Verified,credit_card
12600.0,36.0,29444.75,27.88,625.0,9.0,OWN,0.0,11.0,16.0,5.0,4.0,107.0,7.0,3150.1,28965.95,1035.63,Source Verified,small_business
7900.0,60.0,26652.78,23.05,669.0,4.0,MORTGAGE,0.0,12.0,7.0,0.0,1.0,152.0,5.0,2890.79,30819.36,43997.94,Verified,debt_consolidation
28600.0,36.0,76879.94,23.89,708.0,0.0,RENT,0.0,6.0,13.0,0.0,5.0,205.0,0.0,4467.78,27899.37,7259.76,Not Verified,small_business
16700.0,60.0,46429.87,39.3,671.0,0.0,RENT,0.0,11.0,11.0,1.0,17.0,75.0,4.0,762.37,5052.61,3697.9,Verified,debt_consolidation
20000.0,36.0,46351.3,19.77,635.0,2.0,OWN,0.0,6.0,10.0,3.0,10.0,168.0,10.0,7380.87,59281.69,7514.43,Not Verified,small_business
15400.0,36.0,33278.11,29.99,650.0,0.0,RENT,1.0,10.0,8.0,9.0,0.0,75.0,1.0,2033.06,23279.15,9808.41,Source Verified,small_business
21500.0,36.0,53836.93,24.98,664.0,8.0,OWN,1.0,7.0,9.0,2.0,0.0,153.0,3.0,4376.58,19590.97,5018.12,Source Verified,debt_consolidation
17600.0,60.0,42188.58,37.75,665.0,2.0,MORTGAGE,1.0,7.0,15.0,2.0,17.0,42.0,4.0,3271.93,35762.44,1317.04,Source Verified,debt_consolidation
14800.0,60.0,41887.41,26.03,662.0,3.0,MORTGAGE,0.0,7.0,1.0,2.0,0.0,124.0,2.0,5431.11,26597.69,1868.17,Verified,debt_consolidation
13100.0,60.0,40500.96,21.84,632.0,1.0,RENT,1.0,14.0,9.0,0.0,10.0,117.0,0.0,3092.64,25879.94,12665.39,Source Verified,other
33300.0,36.0,81336.18,25.74,679.0,10.0,RENT,1.0,6.0,13.0,1.0,2.0,146.0,2.0,4438.11,19732.83,11849.65,Verified,other
16800.0,60.0,43187.19,19.67,611.0,6.0,RENT,0.0,12.0,10.0,1.0,4.0,36.0,0.0,2694.59,11133.85,3949.47,Source Verified,debt_consolidation
17700.0,60.0,48094.6,18.98,646.0,4.0,RENT,1.0,6.0,11.0,2.0,8.0,126.0,0.0,2020.36,9299.87,2811.66,Source Verified,debt_consolidation
24400.0,60.0,65476.16,32.55,659.0,1.0,RENT,2.0,10.0,10.0,2.0,1.0,96.0,5.0,1681.56,13058.67,2676.23,Not Verified,small_business
13900.0,36.0,42878.95,44.7,675.0,0.0,MORTGAGE,0.0,5.0,3.0,5.0,8.0,66.0,2.0,6882.63,30589.65,11674.36,Not Verified,small_business
15400.0,36.0,44408.67,41.77,631.0,0.0,RENT,0.0,15.0,0.0,1.0,5.0,59.0,0.0,3353.87,33444.73,19129.64,Not Verified,small_business
12300.0,60.0,33350.27,24.84,671.0,2.0,RENT,1.0,8.0,9.0,0.0,24.0,156.0,6.0,3454.91,14217.23,5682.75,Not Verified,home_improvement
17900.0,60.0,46552.32,23.28,703.0,0.0,RENT,0.0,9.0,12.0,5.0,0.0,12.0,3.0,518.5,5854.7,3866.03,Source Verified,debt_consolidation
9900.0,60.0,31712.31,9.34,636.0,3.0,RENT,0.0,0.0,5.0,3.0,19.0,98.0,4.0,1343.01,9495.41,5903.19,Source Verified,other
28000.0,60.0,66210.99,18.15,673.0,1.0,OWN,1.0,7.0,10.0,1.0,1.0,12.0,1.0,13572.87,136122.5,9217.1,Verified,other
12900.0,60.0,30509.34,21.54,650.0,4.0,MORTGAGE,0.0,3.0,13.0,4.0,7.0,129.0,0.0,1232.84,5876.37,4512.97,Source Verified,debt_consolidation
15400.0,60.0,45624.16,23.74,694.0,5.0,RENT,1.0,11.0,8.0,6.0,27.0,68.0,2.0,2364.84,13653.5,1691.55,Source Verified,debt_consolidation
23000.0,36.0,44811.87,46.22,611.0,0.0,RENT,0.0,6.0,12.0,0.0,9.0,123.0,1.0,3175.25,14110.65,4771.51,Source Verified,debt_consolidation
17300.0,60.0,41854.74,28.15,640.0,0.0,MORTGAGE,0.0,6.0,9.0,4.0,2.0,17.0,1.0,6266.28,40351.07,3340.76,Not Verified,small_business
15700.0,60.0,44845.0,26.69,620.0,7.0,MORTGAGE,0.0,1.0,17.0,3.0,2.0,124.0,5.0,5513.65,37809.64,5095.78,Source Verified,debt_consolidation
7200.0,36.0,21729.8,26.05,610.0,1.0,OWN,0.0,5.0,6.0,5.0,2.0,155.0,5.0,1140.82,13088.64,2446.78,Verified,small_business
5100.0,36.0,23072.4,34.52,689.0,2.0,RENT,0.0,1.0,7.0,1.0,0.0,172.0,8.0,783.93,4263.51,2666.65,Verified,debt_consolidation
21000.0,36.0,61744.1,17.49,663.0,7.0,OWN,0.0,6.0,13.0,1.0,4.0,44.0,7.0,2888.58,26163.03,4022.74,Source Verified,other
16300.0,60.0,34231.79,13.42,664.0,4.0,OWN,0.0,3.0,10.0,2.0,0.0,114.0,2.0,1288.89,8927.74,6179.84,Not Verified,other
6500.0,36.0,20801.45,25.25,675.0,6.0,RENT,0.0,11.0,12.0,2.0,0.0,141.0,4.0,1351.31,14874.42,14625.79,Verified,debt_consolidation
26200.0,60.0,62313.42,30.14,610.0,5.0,RENT,0.0,13.0,10.0,2.0,22.0,89.0,0.0,11104.02,52672.57,1471.46,Verified,small_business
16500.0,60.0,38193.12,30.11,665.0,0.0,RENT,0.0,17.0,9.0,0.0,0.0,119.0,1.0,3516.82,23787.23,2647.89,Source Verified,debt_consolidation
21200.0,60.0,54516.39,45.21,632.0,0.0,OWN,0.0,6.0,12.0,6.0,2.0,138.0,0.0,2971.54,34428.96,14960.33,Verified,home_improvement
24200.0,60.0,59361.11,33.94,622.0,1.0,RENT,0.0,8.0,12.0,0.0,10.0,119.0,0.0,6132.98,41626.12,2962.4,Not Verified,debt_consolidation
10300.0,60.0,27313.8,16.75,612.0,10.0,RENT,0.0,8.0,17.0,0.0,2.0,35.0,4.0,348.96,1532.99,8401.2,Not Verified,other
26800.0,60.0,74224.52,18.95,629.0,4.0,MORTGAGE,0.0,6.0,12.0,4.0,9.0,106.0,0.0,1411.3,9998.84,2976.73,Source Verified,small_business
12300.0,60.0,31092.49,44.03,610.0,9.0,OWN,0.0,6.0,15.0,5.0,8.0,179.0,3.0,12055.92,115030.23,5908.44,Source Verified,debt_consolidation
25100.0,60.0,66735.0,43.29,638.0,5.0,RENT,0.0,5.0,4.0,0.0,15.0,121.0,3.0,5583.97,61560.6,1643.61,Not Verified,debt_consolidation
16700.0,36.0,40796.0,41.33,629.0,1.0,RENT,0.0,15.0,12.0,3.0,3.0,116.0,3.0,1060.25,11344.58,4420.6,Not Verified,debt_consolidation
16200.0,36.0,46892.27,35.43,672.0,2.0,RENT,0.0,7.0,9.0,1.0,10.0,140.0,2.0,2648.91,26147.62,6176.79,Not Verified,debt_consolidation
17800.0,60.0,46528.82,14.98,717.0,4.0,RENT,1.0,8.0,11.0,0.0,3.0,47.0,3.0,6602.7,56904.1,6333.35,Source Verified,debt_consolidation
16500.0,60.0,48314.01,30.51,621.0,0.0,OWN,0.0,5.0,14.0,0.0,2.0,65.0,9.0,1456.2,8535.06,18979.46,Source Verified,small_business
15600.0,60.0,37945.84,27.39,678.0,10.0,RENT,0.0,8.0,13.0,5.0,0.0,131.0,0.0,1246.72,8516.28,7742.08,Source Verified,small_business
17300.0,60.0,35988.63,24.12,635.0,7.0,RENT,0.0,12.0,8.0,5.0,6.0,12.0,3.0,3148.03,27120.17,5345.86,Verified,debt_consolidation
14500.0,36.0,38594.98,30.28,644.0,4.0,OWN,2.0,7.0,13.0,1.0,18.0,161.0,2.0,348.57,4071.94,7912.75,Not Verified,debt_consolidation
15900.0,60.0,47578.24,45.68,646.0,6.0,RENT,0.0,9.0,16.0,0.0,21.0,25.0,0.0,1906.23,11705.5,9707.21,Verified,credit_card
20300.0,60.0,54048.2,31.63,651.0,7.0,RENT,0.0,11.0,5.0,4.0,14.0,139.0,0.0,3137.05,33266.54,11515.62,Verified,small_business
17900.0,60.0,49485.57,37.97,668.0,5.0,MORTGAGE,0.0,6.0,9.0,0.0,11.0,193.0,9.0,4765.15,45068.11,5338.49,Not Verified,small_business
15600.0,36.0,43227.28,20.58,618.0,8.0,RENT,0.0,13.0,14.0,0.0,3.0,97.0,4.0,1469.21,16696.12,6212.94,Verified,debt_consolidation
9800.0,60.0,29526.72,21.73,688.0,4.0,RENT,1.0,11.0,9.0,5.0,8.0,65.0,0.0,8881.25,77118.98,2514.55,Verified,home_improvement
26400.0,60.0,64530.41,45.21,618.0,1.0,RENT,0.0,6.0,12.0,8.0,11.0,80.0,0.0,1626.1,8418.05,1790.87,Verified,small_business
6300.0,60.0,15358.31,30.47,672.0,4.0,MORTGAGE,1.0,3.0,0.0,0.0,11.0,47.0,2.0,1239.84,6755.63,29271.87,Source Verified,credit_card
20900.0,60.0,54896.45,33.33,621.0,0.0,RENT,0.0,6.0,16.0,2.0,4.0,81.0,3.0,5997.8,69445.9,1131.16,Not Verified,debt_consolidation
18100.0,60.0,45133.27,14.54,682.0,4.0,RENT,0.0,15.0,0.0,0.0,0.0,175.0,0.0,3221.45,20007.28,3647.65,Not Verified,debt_consolidation
17200.0,36.0,38312.64,9.3,655.0,2.0,RENT,0.0,7.0,16.0,2.0,0.0,59.0,0.0,210.05,1022.96,6962.45,Not Verified,home_improvement
21300.0,60.0,51745.1,25.04,645.0,1.0,RENT,0.0,6.0,14.0,0.0,1.0,140.0,0.0,1241.11,11847.59,16944.92,Verified,debt_consolidation
16000.0,60.0,36803.5,50.0,716.0,5.0,OWN,1.0,9.0,14.0,4.0,24.0,46.0,4.0,22441.26,114620.81,9926.33,Verified,credit_card
15100.0,60.0,29367.33,32.44,649.0,3.0,RENT,0.0,13.0,10.0,5.0,10.0,95.0,7.0,772.79,5896.62,5235.99,Not Verified,small_business
20200.0,60.0,48400.76,20.69,639.0,1.0,OWN,1.0,13.0,9.0,0.0,0.0,137.0,0.0,4833.02,25508.37,1195.76,Verified,debt_consolidation
12200.0,60.0,40921.83,19.13,661.0,5.0,OWN,0.0,6.0,3.0,3.0,0.0,12.0,0.0,982.13,5585.29,1482.56,Not Verified,debt_consolidation
23200.0,36.0,60773.88,11.77,673.0,4.0,OWN,0.0,11.0,6.0,4.0,7.0,44.0,0.0,2998.5,31112.46,19479.24,Verified,small_business
13900.0,60.0,27598.87,39.74,669.0,1.0,RENT,0.0,11.0,9.0,3.0,9.0,168.0,3.0,2281.9,17745.09,3213.88,Source Verified,home_improvement
17600.0,60.0,39130.62,35.04,684.0,0.0,RENT,1.0,1.0,12.0,0.0,0.0,68.0,6.0,2052.89,15154.75,2500.47,Not Verified,small_business
9500.0,36.0,38958.06,7.13,674.0,6.0,RENT,0.0,11.0,14.0,5.0,10.0,114.0,7.0,4892.42,40688.48,3558.62,Source Verified,credit_card
6500.0,60.0,21185.84,48.37,621.0,1.0,RENT,0.0,1.0,11.0,5.0,0.0,59.0,4.0,2807.27,32551.03,3742.89,Verified,other
10900.0,60.0,33084.59,27.41,644.0,2.0,RENT,0.0,6.0,10.0,0.0,0.0,126.0,0.0,1377.37,7916.46,19817.54,Not Verified,small_business
40000.0,60.0,136429.14,40.52,652.0,10.0,OWN,1.0,13.0,9.0,3.0,0.0,106.0,0.0,1863.33,21726.65,1902.8,Not Verified,debt_consolidation
14200.0,36.0,40635.91,20.22,681.0,0.0,RENT,0.0,12.0,6.0,0.0,4.0,131.0,3.0,4380.31,41942.64,3371.61,Source Verified,debt_consolidation
20200.0,36.0,41263.55,22.56,620.0,0.0,MORTGAGE,0.0,8.0,10.0,0.0,0.0,153.0,0.0,387.61,4221.82,9470.3,Verified,other
3700.0,36.0,14450.99,23.82,656.0,2.0,MORTGAGE,1.0,9.0,4.0,7.0,0.0,161.0,2.0,2291.26,23904.91,3702.26,Source Verified,other
31000.0,36.0,76559.35,23.49,668.0,2.0,OWN,1.0,10.0,11.0,4.0,15.0,70.0,3.0,3224.3,18574.26,10295.81,Not Verified,other
14300.0,36.0,33615.24,10.84,614.0,9.0,RENT,1.0,14.0,11.0,3.0,4.0,31.0,0.0,1907.06,9635.71,4793.42,Not Verified,debt_consolidation
20100.0,60.0,56421.79,32.88,654.0,0.0,RENT,2.0,10.0,5.0,0.0,13.0,109.0,6.0,1472.93,12440.45,10098.6,Not Verified,debt_consolidation
17700.0,60.0,42593.43,25.67,658.0,3.0,OWN,0.0,6.0,14.0,4.0,21.0,74.0,9.0,4021.12,35521.16,3026.12,Not Verified,debt_consolidation
16800.0,60.0,33782.28,23.88,645.0,5.0,RENT,0.0,6.0,10.0,2.0,7.0,153.0,6.0,2648.04,12834.3,5085.88,Source Verified,debt_consolidation
28600.0,60.0,78386.6,27.48,650.0,3.0,RENT,0.0,8.0,9.0,0.0,13.0,42.0,4.0,4592.65,27656.83,1864.05,Verified,small_business
14800.0,60.0,39058.83,21.41,637.0,7.0,OWN,1.0,9.0,7.0,4.0,6.0,151.0,3.0,2533.97,15028.16,10572.17,Source Verified,other
14000.0,36.0,33377.76,25.39,621.0,6.0,RENT,0.0,7.0,7.0,3.0,0.0,117.0,2.0,3489.98,16456.22,4205.56,Not Verified,other
13900.0,60.0,44073.71,39.86,652.0,0.0,RENT,0.0,7.0,11.0,1.0,11.0,49.0,6.0,8064.66,59172.5,16371.55,Not Verified,credit_card
20200.0,60.0,49395.04,30.52,658.0,3.0,MORTGAGE,0.0,7.0,6.0,4.0,11.0,105.0,3.0,859.15,4242.78,930.05,Source Verified,small_business
17900.0,36.0,46651.1,22.85,626.0,4.0,MORTGAGE,0.0,10.0,9.0,3.0,0.0,116.0,6.0,2996.59,17697.04,3244.05,Verified,home_improvement
20800.0,60.0,47171.28,34.57,656.0,3.0,RENT,1.0,8.0,8.0,0.0,0.0,173.0,10.0,3084.32,19560.76,9626.1,Not Verified,other
36900.0,36.0,93953.43,20.53,629.0,2.0,RENT,2.0,7.0,2.0,0.0,14.0,128.0,0.0,1101.02,12578.85,2866.91,Not Verified,debt_consolidation
8900.0,60.0,24936.05,31.81,689.0,8.0,RENT,1.0,10.0,10.0,4.0,6.0,143.0,6.0,8612.2,67946.97,1383.65,Not Verified,debt_consolidation
20900.0,60.0,55261.99,34.9,736.0,7.0,RENT,0.0,9.0,9.0,0.0,0.0,128.0,2.0,5153.9,59725.25,17588.86,Verified,debt_consolidation
15900.0,36.0,45511.62,33.25,643.0,8.0,RENT,0.0,10.0,10.0,2.0,2.0,213.0,2.0,1535.45,16159.83,16120.55,Verified,other
10100.0,60.0,25325.14,35.37,702.0,4.0,RENT,0.0,8.0,12.0,0.0,0.0,90.0,1.0,1480.61,12389.61,9295.07,Verified,debt_consolidation
24100.0,60.0,56307.92,32.7,627.0,3.0,RENT,0.0,10.0,8.0,0.0,15.0,183.0,5.0,954.45,8837.62,19630.35,Verified,home_improvement
12700.0,36.0,36261.78,30.37,646.0,0.0,MORTGAGE,0.0,14.0,11.0,0.0,13.0,126.0,8.0,3033.19,19532.5,2896.0,Source Verified,debt_consolidation
25000.0,60.0,64297.62,31.61,610.0,7.0,RENT,0.0,6.0,9.0,8.0,4.0,125.0,1.0,8015.9,49560.81,1810.89,Not Verified,debt_consolidation
13300.0,60.0,32679.54,33.5,637.0,8.0,OWN,0.0,10.0,13.0,1.0,0.0,91.0,9.0,2463.68,29448.79,980.78,Not Verified,debt_consolidation
30000.0,60.0,82454.08,29.36,671.0,0.0,RENT,0.0,11.0,8.0,1.0,0.0,59.0,0.0,2980.63,14356.98,17146.2,Not Verified,small_business
13400.0,36.0,32713.23,0.0,629.0,10.0,RENT,0.0,3.0,10.0,4.0,5.0,12.0,2.0,1323.04,10593.63,32547.72,Verified,small_business
9200.0,60.0,24386.87,29.57,672.0,1.0,MORTGAGE,0.0,4.0,9.0,5.0,10.0,75.0,8.0,3252.36,38727.83,18259.56,Not Verified,other
19300.0,36.0,52407.17,17.59,664.0,8.0,RENT,0.0,3.0,10.0,2.0,11.0,162.0,0.0,2577.38,23860.94,5785.3,Source Verified,credit_card
7000.0,36.0,27041.16,29.88,668.0,5.0,RENT,0.0,11.0,9.0,0.0,0.0,21.0,0.0,520.71,5818.29,705.59,Source Verified,small_business
17200.0,60.0,35368.29,30.92,659.0,7.0,OWN,0.0,6.0,11.0,1.0,0.0,193.0,4.0,1854.14,12648.64,11949.32,Source Verified,debt_consolidation
10400.0,36.0,30444.81,35.22,642.0,10.0,RENT,0.0,8.0,8.0,5.0,0.0,51.0,5.0,4768.99,47567.15,968.83,Source Verified,debt_consolidation
25400.0,60.0,65055.61,33.39,672.0,6.0,RENT,0.0,11.0,9.0,0.0,11.0,82.0,3.0,571.93,6008.09,16737.5,Not Verified,debt_consolidation
16300.0,36.0,37413.67,16.26,675.0,7.0,RENT,0.0,16.0,1.0,6.0,9.0,74.0,3.0,3555.61,33284.06,5294.75,Verified,debt_consolidation
26200.0,36.0,55340.74,26.71,614.0,2.0,RENT,0.0,11.0,7.0,2.0,3.0,12.0,6.0,1458.19,12981.35,2375.51,Verified,debt_consolidation
14100.0,60.0,39332.55,27.01,667.0,4.0,RENT,0.0,10.0,9.0,1.0,0.0,55.0,1.0,1233.11,13964.99,2735.16,Source Verified,credit_card
23200.0,36.0,56622.39,25.33,610.0,0.0,RENT,0.0,6.0,13.0,0.0,14.0,200.0,2.0,5766.75,32729.14,11859.77,Verified,credit_card
11900.0,60.0,39446.69,27.19,691.0,4.0,RENT,0.0,5.0,17.0,4.0,0.0,165.0,4.0,1372.14,13630.64,8368.95,Verified,small_business
13200.0,60.0,41856.78,24.53,617.0,9.0,RENT,0.0,9.0,10.0,0.0,20.0,121.0,2.0,5925.04,25839.5,9130.49,Not Verified,small_business
10100.0,36.0,29889.48,25.22,647.0,3.0,OWN,0.0,12.0,10.0,2.0,9.0,112.0,1.0,7012.1,73286.24,11823.45,Verified,small_business
19100.0,36.0,46928.61,21.47,665.0,1.0,RENT,0.0,10.0,10.0,0.0,0.0,21.0,2.0,2391.39,23032.83,3254.05,Verified,small_business
10500.0,36.0,26663.18,36.37,642.0,0.0,RENT,0.0,9.0,12.0,5.0,0.0,145.0,4.0,2017.4,8140.12,581.35,Not Verified,debt_consolidation
19100.0,60.0,46655.57,25.4,678.0,10.0,MORTGAGE,0.0,9.0,12.0,5.0,9.0,81.0,0.0,1993.73,21858.41,2888.66,Verified,home_improvement
27500.0,60.0,75845.96,9.28,644.0,4.0,MORTGAGE,0.0,7.0,11.0,0.0,13.0,111.0,8.0,1375.93,6625.21,15614.64,Not Verified,small_business
15200.0,60.0,48232.79,29.34,632.0,0.0,OWN,0.0,8.0,8.0,3.0,9.0,82.0,4.0,1875.94,15511.44,40195.12,Verified,debt_consolidation
12200.0,60.0,33287.79,33.26,664.0,3.0,MORTGAGE,0.0,4.0,6.0,7.0,0.0,45.0,1.0,1630.28,13930.16,4963.4,Source Verified,other
19400.0,36.0,53871.96,24.12,650.0,0.0,RENT,2.0,11.0,16.0,0.0,0.0,91.0,5.0,1007.35,8984.18,7372.27,Source Verified,debt_consolidation
8000.0,60.0,20368.92,24.05,652.0,5.0,RENT,0.0,9.0,8.0,0.0,0.0,45.0,1.0,1909.61,15519.94,6125.82,Not Verified,credit_card
24700.0,36.0,59698.52,36.11,685.0,4.0,OWN,0.0,9.0,9.0,4.0,12.0,27.0,4.0,5213.56,45023.08,1942.55,Source Verified,debt_consolidation
17400.0,36.0,44000.19,8.42,615.0,2.0,RENT,1.0,8.0,8.0,2.0,21.0,45.0,6.0,1931.66,11092.33,7063.82,Not Verified,small_business
19100.0,60.0,47971.42,43.67,662.0,6.0,RENT,0.0,9.0,8.0,4.0,0.0,74.0,10.0,1432.01,9866.3,3367.69,Not Verified,small_business
9700.0,60.0,22790.92,32.44,650.0,5.0,OWN,0.0,9.0,8.0,4.0,20.0,73.0,5.0,7819.25,44898.21,5802.76,Verified,other
10900.0,60.0,29214.71,28.4,698.0,6.0,MORTGAGE,0.0,3.0,18.0,0.0,4.0,122.0,1.0,4102.02,20785.05,4138.15,Source Verified,other
8600.0,60.0,26165.74,27.16,665.0,3.0,RENT,2.0,13.0,14.0,3.0,4.0,95.0,6.0,1699.47,12050.26,5919.59,Source Verified,other
27100.0,60.0,72638.48,40.0,633.0,8.0,RENT,0.0,14.0,13.0,1.0,15.0,79.0,4.0,2443.69,24583.92,5890.75,Verified,small_business
38600.0,60.0,93934.44,19.71,659.0,8.0,RENT,1.0,7.0,16.0,5.0,12.0,85.0,0.0,1166.65,12408.9,23252.06,Not Verified,credit_card
12100.0,60.0,23154.32,21.47,667.0,4.0,RENT,0.0,9.0,15.0,2.0,4.0,114.0,0.0,2688.52,31762.41,4856.56,Verified,debt_consolidation
11800.0,60.0,30682.38,16.0,670.0,1.0,RENT,0.0,12.0,1.0,5.0,9.0,12.0,2.0,5060.62,21766.71,5791.81,Source Verified,credit_card
19100.0,60.0,45645.47,29.22,643.0,5.0,RENT,0.0,13.0,12.0,0.0,11.0,59.0,2.0,702.87,4472.03,1671.8,Source Verified,debt_consolidation
7100.0,36.0,26761.14,42.99,650.0,0.0,OWN,0.0,10.0,11.0,7.0,3.0,155.0,0.0,2823.49,19958.6,3917.47,Source Verified,small_business
13300.0,60.0,28091.81,29.08,627.0,10.0,OWN,0.0,8.0,9.0,3.0,5.0,191.0,0.0,1934.13,17122.0,9561.29,Source Verified,credit_card
18600.0,36.0,39216.23,12.68,665.0,9.0,OWN,1.0,17.0,9.0,1.0,2.0,144.0,3.0,7413.83,87672.2,7896.51,Not Verified,debt_consolidation
19900.0,60.0,51557.5,40.8,639.0,10.0,RENT,0.0,14.0,8.0,0.0,0.0,184.0,0.0,1045.79,8857.24,3951.79,Source Verified,small_business
21200.0,60.0,62595.95,32.03,626.0,0.0,RENT,1.0,9.0,7.0,0.0,0.0,61.0,1.0,5209.35,54271.41,1634.51,Source Verified,debt_consolidation
25800.0,60.0,66477.62,28.27,658.0,0.0,RENT,1.0,0.0,10.0,0.0,3.0,160.0,8.0,1559.18,7637.59,13758.09,Source Verified,credit_card
21000.0,60.0,49835.17,22.04,669.0,8.0,RENT,0.0,12.0,15.0,2.0,10.0,153.0,6.0,1267.32,10893.72,23403.64,Not Verified,credit_card
7900.0,60.0,25591.35,17.79,649.0,9.0,RENT,0.0,13.0,8.0,2.0,6.0,79.0,1.0,16974.57,139567.66,5506.26,Not Verified,other
19400.0,60.0,47822.52,31.59,675.0,5.0,RENT,1.0,7.0,5.0,2.0,7.0,59.0,1.0,1066.92,8688.24,1003.94,Verified,debt_consolidation
5300.0,60.0,19505.28,34.39,635.0,3.0,RENT,0.0,17.0,6.0,2.0,9.0,30.0,0.0,4594.97,51127.57,4534.84,Source Verified,credit_card
21300.0,60.0,57629.82,38.81,643.0,3.0,MORTGAGE,0.0,12.0,11.0,1.0,9.0,47.0,5.0,953.5,8797.74,5292.75,Not Verified,credit_card
8100.0,36.0,18383.1,32.97,682.0,3.0,MORTGAGE,0.0,2.0,11.0,7.0,25.0,72.0,4.0,1507.3,14820.33,7229.43,Verified,home_improvement
35500.0,36.0,85771.78,37.21,636.0,7.0,RENT,0.0,2.0,12.0,3.0,12.0,24.0,0.0,2140.04,19729.32,11343.45,Not Verified,debt_consolidation
40000.0,60.0,129040.28,27.73,685.0,6.0,OWN,0.0,5.0,19.0,0.0,0.0,12.0,7.0,6289.95,64029.27,6209.8,Verified,credit_card
16800.0,60.0,45764.18,23.9,701.0,10.0,MORTGAGE,0.0,10.0,10.0,2.0,1.0,18.0,2.0,1606.16,15469.76,922.26,Verified,debt_consolidation
19300.0,60.0,55422.51,29.49,673.0,0.0,RENT,0.0,5.0,14.0,1.0,0.0,104.0,3.0,5251.57,28666.91,6443.79,Source Verified,debt_consolidation
25900.0,60.0,58243.17,39.41,663.0,3.0,OWN,0.0,9.0,10.0,4.0,0.0,86.0,6.0,1047.14,11393.09,11729.75,Source Verified,small_business
12900.0,36.0,30667.75,50.0,645.0,9.0,RENT,1.0,6.0,9.0,4.0,0.0,12.0,2.0,4384.36,27641.26,1771.64,Source Verified,credit_card
20000.0,60.0,48089.42,27.34,686.0,1.0,MORTGAGE,1.0,13.0,14.0,0.0,16.0,54.0,13.0,3603.16,29249.73,6621.58,Verified,debt_consolidation
24700.0,36.0,69384.57,21.07,673.0,1.0,RENT,0.0,11.0,14.0,5.0,11.0,53.0,0.0,4940.73,21888.87,36616.82,Verified,debt_consolidation
18900.0,60.0,44845.74,14.4,631.0,2.0,RENT,0.0,17.0,13.0,5.0,1.0,112.0,1.0,1661.02,11790.64,24016.19,Source Verified,debt_consolidation
18900.0,60.0,57528.99,41.36,637.0,1.0,RENT,1.0,11.0,9.0,3.0,12.0,104.0,3.0,1533.2,15226.77,2577.43,Source Verified,home_improvement
23300.0,60.0,59143.56,22.32,678.0,1.0,OWN,0.0,16.0,7.0,4.0,3.0,54.0,0.0,1112.3,6506.59,18735.65,Not Verified,other
10100.0,60.0,30024.31,27.32,655.0,0.0,RENT,0.0,17.0,5.0,0.0,12.0,101.0,6.0,3334.87,21768.09,6062.63,Source Verified,credit_card
11600.0,60.0,31031.24,20.25,713.0,8.0,RENT,1.0,6.0,7.0,0.0,2.0,48.0,3.0,1541.66,13206.53,3506.86,Not Verified,other
12700.0,60.0,35936.5,22.8,661.0,0.0,MORTGAGE,0.0,6.0,9.0,6.0,2.0,46.0,3.0,3111.16,35848.54,2690.44,Source Verified,small_business
14000.0,36.0,36660.2,25.69,642.0,2.0,RENT,0.0,9.0,10.0,1.0,13.0,96.0,2.0,1376.66,14282.77,2810.42,Verified,credit_card
15300.0,60.0,44020.17,26.74,699.0,3.0,RENT,1.0,5.0,0.0,5.0,19.0,153.0,1.0,8759.58,42216.77,3841.92,Verified,credit_card
12200.0,36.0,32480.64,21.66,675.0,3.0,OWN,2.0,2.0,8.0,3.0,0.0,25.0,1.0,2714.16,27053.44,7929.08,Verified,small_business
14400.0,60.0,43212.6,22.94,655.0,2.0,RENT,1.0,10.0,9.0,1.0,16.0,17.0,7.0,8760.46,36832.99,6221.27,Verified,debt_consolidation
35600.0,60.0,89079.65,17.51,660.0,7.0,RENT,1.0,8.0,7.0,0.0,6.0,158.0,6.0,4448.2,38982.39,1694.21,Not Verified,debt_consolidation
14700.0,36.0,43708.6,34.28,649.0,5.0,MORTGAGE,0.0,10.0,7.0,3.0,2.0,104.0,1.0,2143.61,24812.78,6387.36,Verified,credit_card
36100.0,36.0,84747.94,28.4,652.0,7.0,OWN,0.0,10.0,12.0,2.0,0.0,98.0,7.0,2514.3,12092.51,1319.83,Not Verified,other
20400.0,36.0,57130.75,30.63,651.0,4.0,RENT,1.0,3.0,13.0,2.0,10.0,111.0,0.0,697.67,7918.37,4175.73,Not Verified,credit_card
36000.0,36.0,84992.66,30.66,690.0,4.0,OWN,0.0,6.0,4.0,1.0,4.0,67.0,2.0,4459.85,20779.61,3569.95,Not Verified,other
8100.0,60.0,31474.61,15.13,638.0,5.0,RENT,0.0,8.0,12.0,6.0,8.0,84.0,3.0,1315.35,15072.95,3513.49,Not Verified,home_improvement
22100.0,60.0,54673.27,15.66,660.0,0.0,RENT,0.0,7.0,14.0,7.0,14.0,92.0,4.0,5302.31,23348.27,4252.88,Verified,other
25700.0,60.0,63868.56,32.35,625.0,5.0,RENT,2.0,5.0,9.0,3.0,7.0,94.0,0.0,1867.18,9418.23,3376.19,Not Verified,credit_card
17400.0,60.0,49196.91,10.16,712.0,3.0,MORTGAGE,0.0,4.0,8.0,0.0,0.0,107.0,5.0,4561.09,35934.5,12281.08,Source Verified,credit_card
9300.0,36.0,30188.51,36.79,665.0,6.0,RENT,0.0,11.0,8.0,3.0,0.0,170.0,5.0,1377.48,5852.94,4891.0,Source Verified,small_business
12100.0,60.0,33487.73,22.23,610.0,7.0,MORTGAGE,2.0,11.0,9.0,0.0,3.0,76.0,1.0,2708.18,11939.84,10300.45,Verified,debt_consolidation
10900.0,36.0,33347.02,21.73,610.0,0.0,OWN,1.0,11.0,8.0,0.0,8.0,106.0,5.0,1367.86,10268.77,873.45,Source Verified,debt_consolidation
15400.0,36.0,39960.46,26.18,632.0,0.0,MORTGAGE,0.0,10.0,9.0,3.0,0.0,77.0,1.0,1143.76,13557.9,3594.35,Source Verified,small_business
17300.0,36.0,42265.93,50.0,708.0,8.0,OWN,0.0,5.0,15.0,2.0,10.0,48.0,0.0,4966.09,52585.38,25061.69,Not Verified,debt_consolidation
15800.0,36.0,42754.73,27.46,660.0,4.0,RENT,0.0,4.0,8.0,1.0,18.0,173.0,0.0,17658.58,185514.49,2849.73,Not Verified,other
36900.0,60.0,98294.68,29.82,641.0,7.0,OWN,0.0,9.0,13.0,4.0,0.0,79.0,3.0,490.87,3519.75,5416.36,Source Verified,credit_card
20300.0,36.0,49109.03,23.28,686.0,6.0,RENT,0.0,10.0,6.0,6.0,3.0,184.0,8.0,13405.05,93520.18,4333.29,Source Verified,small_business
21300.0,60.0,54630.19,22.73,680.0,0.0,OWN,0.0,13.0,3.0,4.0,5.0,150.0,5.0,1750.52,14718.17,14163.9,Source Verified,other
13700.0,36.0,36992.24,14.84,644.0,1.0,OWN,0.0,9.0,13.0,2.0,0.0,52.0,0.0,3243.42,38479.28,8582.63,Source Verified,debt_consolidation
4900.0,60.0,20086.06,39.76,660.0,6.0,RENT,0.0,10.0,11.0,5.0,6.0,122.0,1.0,1898.42,14568.05,2751.81,Not Verified,credit_card
24500.0,60.0,51544.18,24.26,629.0,5.0,OWN,1.0,17.0,15.0,4.0,14.0,152.0,6.0,11734.77,72141.77,9448.35,Not Verified,debt_consolidation
28400.0,60.0,65811.68,32.73,616.0,5.0,RENT,0.0,7.0,3.0,2.0,9.0,48.0,3.0,1456.31,14952.53,7902.11,Verified,credit_card
13800.0,36.0,35238.65,34.41,628.0,4.0,RENT,0.0,7.0,13.0,1.0,16.0,89.0,5.0,4419.95,29999.68,2878.77,Not Verified,other
15700.0,60.0,36750.61,24.37,697.0,3.0,MORTGAGE,0.0,11.0,14.0,0.0,17.0,115.0,0.0,1614.48,17499.43,1102.32,Not Verified,debt_consolidation
30400.0,60.0,81246.08,32.69,628.0,0.0,MORTGAGE,1.0,10.0,15.0,2.0,15.0,162.0,5.0,1252.37,14009.43,1976.64,Source Verified,small_business
40000.0,60.0,160347.18,29.04,691.0,10.0,RENT,0.0,11.0,8.0,2.0,0.0,67.0,5.0,1594.78,13157.85,938.44,Not Verified,small_business
9200.0,60.0,23577.54,26.13,610.0,3.0,OWN,1.0,12.0,11.0,2.0,6.0,112.0,2.0,12013.99,54247.23,4469.25,Verified,small_business
34700.0,36.0,83141.37,35.79,610.0,6.0,MORTGAGE,0.0,13.0,17.0,0.0,12.0,101.0,2.0,3778.31,23967.04,2762.55,Not Verified,debt_consolidation
21300.0,60.0,62879.25,30.41,689.0,1.0,MORTGAGE,0.0,12.0,15.0,3.0,6.0,121.0,2.0,1506.31,13736.27,5089.01,Verified,small_business
11500.0,36.0,35816.83,29.34,647.0,5.0,RENT,1.0,2.0,12.0,3.0,2.0,117.0,0.0,1849.05,10915.59,3255.69,Verified,home_improvement
15500.0,60.0,32739.58,26.58,645.0,2.0,MORTGAGE,1.0,2.0,11.0,2.0,3.0,96.0,4.0,4976.54,39569.5,8130.08,Verified,home_improvement
13100.0,60.0,32593.33,13.71,708.0,4.0,RENT,0.0,6.0,8.0,3.0,0.0,97.0,1.0,3464.52,30019.63,18954.1,Source Verified,credit_card
10400.0,60.0,31989.02,32.36,672.0,2.0,RENT,1.0,9.0,13.0,3.0,10.0,79.0,0.0,5307.97,62357.36,22972.24,Not Verified,small_business
15800.0,60.0,39213.05,30.28,655.0,6.0,RENT,2.0,9.0,9.0,0.0,0.0,83.0,7.0,2996.94,20850.44,3491.16,Source Verified,credit_card
19100.0,60.0,60956.15,42.78,675.0,6.0,OWN,0.0,10.0,9.0,3.0,7.0,145.0,4.0,242.21,1482.37,2103.95,Source Verified,small_business
17600.0,60.0,40263.38,30.69,623.0,0.0,RENT,0.0,11.0,16.0,3.0,8.0,35.0,5.0,182.98,2172.36,53403.93,Not Verified,debt_consolidation
11400.0,36.0,25378.3,7.9,641.0,0.0,RENT,0.0,10.0,5.0,0.0,13.0,80.0,0.0,4836.84,28875.95,7114.93,Not Verified,debt_consolidation
4800.0,36.0,16937.79,32.1,661.0,6.0,OWN,0.0,9.0,12.0,2.0,0.0,106.0,3.0,3094.55,21252.48,2092.14,Verified,debt_consolidation
13000.0,60.0,32388.76,40.53,639.0,6.0,RENT,0.0,13.0,8.0,3.0,14.0,87.0,3.0,2381.27,16533.76,10181.71,Not Verified,debt_consolidation
11600.0,36.0,31670.06,32.86,670.0,1.0,RENT,0.0,2.0,14.0,6.0,4.0,130.0,4.0,1521.64,7088.51,2646.7,Source Verified,debt_consolidation
14000.0,36.0,32206.09,4.42,610.0,2.0,MORTGAGE,0.0,10.0,11.0,1.0,1.0,95.0,0.0,8721.43,58927.67,10248.11,Source Verified,debt_consolidation
12500.0,60.0,36089.06,27.79,709.0,1.0,OWN,0.0,9.0,12.0,3.0,0.0,145.0,0.0,5055.82,48839.54,1954.57,Source Verified,other
12700.0,60.0,35422.73,28.13,632.0,5.0,MORTGAGE,1.0,10.0,11.0,5.0,10.0,100.0,4.0,4954.02,47803.84,4550.03,Source Verified,home_improvement
38800.0,36.0,105977.84,34.55,625.0,3.0,MORTGAGE,1.0,7.0,3.0,4.0,0.0,12.0,4.0,1388.99,10060.83,2761.95,Verified,small_business
3800.0,36.0,17482.4,23.6,659.0,0.0,RENT,1.0,7.0,11.0,2.0,8.0,114.0,0.0,2298.16,11699.19,8284.03,Not Verified,small_business
29700.0,60.0,80151.33,29.83,673.0,1.0,RENT,0.0,7.0,6.0,2.0,5.0,25.0,5.0,809.52,4972.7,13977.72,Verified,debt_consolidation
18000.0,60.0,44944.27,31.64,630.0,2.0,MORTGAGE,0.0,8.0,18.0,4.0,14.0,54.0,7.0,4770.75,45683.34,1697.76,Source Verified,credit_card
31900.0,60.0,84325.61,17.23,649.0,9.0,RENT,1.0,9.0,10.0,5.0,0.0,109.0,3.0,7355.96,78809.78,868.8,Verified,debt_consolidation
18000.0,60.0,49452.32,34.9,640.0,4.0,RENT,0.0,10.0,10.0,0.0,0.0,27.0,2.0,1618.41,11727.41,4473.34,Not Verified,credit_card
11500.0,60.0,35572.08,24.51,611.0,2.0,MORTGAGE,0.0,6.0,8.0,4.0,16.0,131.0,0.0,3826.65,35570.97,6632.72,Source Verified,other
7900.0,36.0,22581.55,17.95,648.0,5.0,RENT,1.0,11.0,10.0,3.0,16.0,126.0,10.0,1596.38,9365.52,21331.22,Verified,debt_consolidation
15200.0,60.0,50032.08,29.12,654.0,10.0,RENT,0.0,14.0,9.0,5.0,8.0,145.0,1.0,6341.97,37786.95,1151.17,Verified,other
16000.0,36.0,33427.35,39.03,659.0,0.0,RENT,0.0,13.0,13.0,3.0,4.0,61.0,1.0,1817.86,12276.62,2062.22,Not Verified,debt_consolidation
9800.0,60.0,33160.83,25.37,638.0,1.0,RENT,0.0,11.0,9.0,0.0,0.0,79.0,2.0,884.89,8972.02,2755.92,Source Verified,credit_card
12100.0,36.0,34366.08,39.46,664.0,4.0,OWN,0.0,8.0,12.0,5.0,0.0,88.0,1.0,2744.17,18790.47,13232.02,Verified,debt_consolidation
7200.0,36.0,23188.74,49.16,647.0,2.0,MORTGAGE,0.0,11.0,12.0,5.0,8.0,97.0,0.0,1071.49,12552.07,3788.8,Not Verified,debt_consolidation
10600.0,60.0,30015.19,28.11,699.0,6.0,RENT,0.0,5.0,14.0,3.0,9.0,56.0,4.0,1543.84,11821.23,2467.93,Not Verified,other
8500.0,60.0,38144.67,36.38,650.0,1.0,RENT,0.0,6.0,8.0,3.0,0.0,47.0,4.0,4461.46,32273.37,1860.81,Source Verified,credit_card
10300.0,60.0,38482.97,34.48,663.0,0.0,RENT,0.0,3.0,5.0,0.0,4.0,131.0,6.0,800.62,8803.41,8844.28,Verified,other
8500.0,36.0,19276.54,32.86,664.0,1.0,RENT,0.0,6.0,13.0,1.0,9.0,42.0,1.0,1489.0,17160.95,9370.58,Not Verified,debt_consolidation
16300.0,60.0,43195.29,29.71,641.0,1.0,MORTGAGE,0.0,10.0,9.0,4.0,14.0,86.0,3.0,4767.37,40751.29,2176.55,Verified,debt_consolidation
40000.0,60.0,124785.97,19.32,668.0,3.0,OWN,0.0,6.0,8.0,1.0,23.0,12.0,2.0,997.71,10921.08,7840.16,Source Verified,debt_consolidation
22400.0,60.0,51008.09,17.39,695.0,0.0,RENT,1.0,2.0,7.0,2.0,0.0,48.0,4.0,3754.39,37659.11,16351.83,Not Verified,small_business
25400.0,60.0,61239.26,31.85,701.0,10.0,MORTGAGE,0.0,10.0,7.0,2.0,6.0,100.0,0.0,1697.94,16527.77,7691.86,Not Verified,debt_consolidation
6400.0,36.0,22771.74,12.97,637.0,0.0,MORTGAGE,0.0,6.0,0.0,5.0,0.0,114.0,4.0,5492.59,43504.55,2679.88,Not Verified,small_business
16200.0,60.0,41158.02,27.46,637.0,7.0,RENT,0.0,13.0,12.0,4.0,5.0,60.0,0.0,842.39,7002.66,4113.77,Source Verified,other
20000.0,60.0,50614.08,33.07,651.0,3.0,RENT,0.0,8.0,11.0,0.0,7.0,104.0,2.0,5556.07,64215.08,4348.3,Verified,debt_consolidation
40000.0,60.0,138434.96,18.68,658.0,4.0,RENT,0.0,13.0,5.0,6.0,27.0,12.0,0.0,8986.93,53707.19,1009.63,Verified,credit_card
29900.0,60.0,77786.87,31.78,621.0,9.0,RENT,0.0,1.0,6.0,3.0,3.0,96.0,1.0,6188.06,57981.22,9976.17,Verified,other
36300.0,36.0,82867.99,33.0,610.0,2.0,RENT,0.0,8.0,12.0,4.0,16.0,142.0,0.0,882.75,9388.17,2688.11,Not Verified,debt_consolidation
15200.0,36.0,35629.7,31.06,661.0,2.0,RENT,0.0,10.0,11.0,0.0,0.0,101.0,0.0,2090.32,14288.98,4417.18,Source Verified,other
12300.0,36.0,31547.77,35.36,652.0,4.0,RENT,0.0,8.0,9.0,5.0,0.0,159.0,1.0,4563.45,34094.86,5297.24,Not Verified,debt_consolidation
22100.0,36.0,45415.63,15.58,661.0,10.0,RENT,0.0,3.0,12.0,7.0,11.0,129.0,4.0,2665.11,22758.13,3731.42,Source Verified,other
18200.0,36.0,46646.69,16.19,684.0,0.0,RENT,0.0,8.0,11.0,3.0,9.0,92.0,10.0,4534.16,42433.72,10844.29,Source Verified,home_improvement
11700.0,60.0,33094.18,27.66,614.0,0.0,OWN,0.0,9.0,10.0,0.0,3.0,100.0,0.0,4258.45,38981.82,3781.37,Source Verified,debt_consolidation
11900.0,36.0,34378.93,21.47,660.0,4.0,RENT,0.0,7.0,13.0,0.0,16.0,64.0,3.0,1611.32,17568.95,5079.98,Verified,debt_consolidation
40000.0,60.0,126197.86,34.45,694.0,8.0,RENT,0.0,10.0,8.0,0.0,0.0,62.0,3.0,14450.63,136095.36,11118.41,Verified,other
27400.0,60.0,79750.38,27.07,642.0,9.0,RENT,0.0,5.0,17.0,0.0,12.0,75.0,0.0,5572.54,35546.54,6105.29,Verified,other
15400.0,60.0,37059.81,8.19,648.0,3.0,MORTGAGE,0.0,11.0,7.0,3.0,15.0,115.0,3.0,1321.02,13164.47,5191.13,Source Verified,credit_card
9400.0,60.0,25727.4,29.75,683.0,3.0,RENT,0.0,4.0,14.0,0.0,3.0,100.0,0.0,789.25,9160.46,7913.52,Not Verified,credit_card
33500.0,60.0,90728.51,32.14,641.0,1.0,RENT,0.0,9.0,8.0,0.0,18.0,98.0,0.0,5455.58,38532.53,5884.0,Verified,home_improvement
17600.0,60.0,43013.13,32.14,619.0,3.0,RENT,1.0,18.0,9.0,3.0,13.0,103.0,3.0,6289.74,41362.25,4706.07,Source Verified,other
9600.0,36.0,30122.89,39.41,692.0,2.0,MORTGAGE,0.0,8.0,5.0,2.0,0.0,93.0,1.0,2801.12,29640.77,9872.27,Not Verified,debt_consolidation
9300.0,60.0,33186.06,31.24,610.0,8.0,RENT,1.0,8.0,7.0,2.0,5.0,124.0,2.0,3391.23,33806.38,6696.12,Verified,credit_card
21300.0,36.0,58410.4,24.42,693.0,0.0,RENT,1.0,8.0,6.0,1.0,1.0,42.0,1.0,7503.51,67072.23,3928.5,Verified,debt_consolidation
24900.0,36.0,68831.6,18.99,673.0,3.0,RENT,0.0,4.0,10.0,3.0,15.0,133.0,8.0,21823.6,206223.06,9635.97,Source Verified,debt_consolidation
10200.0,36.0,24746.64,17.4,626.0,8.0,RENT,0.0,9.0,15.0,0.0,0.0,90.0,3.0,4551.49,20198.52,4212.66,Verified,credit_card
8500.0,60.0,26986.74,25.33,637.0,2.0,OWN,1.0,6.0,3.0,1.0,11.0,60.0,3.0,15826.52,139178.34,3868.45,Not Verified,debt_consolidation
14800.0,60.0,40946.14,18.26,610.0,8.0,RENT,0.0,18.0,4.0,0.0,7.0,129.0,0.0,1932.0,13940.41,4084.38,Source Verified,small_business
18200.0,60.0,48520.12,27.88,653.0,4.0,MORTGAGE,0.0,12.0,6.0,0.0,5.0,83.0,2.0,2577.43,21892.41,5810.11,Not Verified,small_business
25900.0,36.0,58218.34,27.92,679.0,3.0,MORTGAGE,0.0,8.0,3.0,3.0,14.0,156.0,0.0,3671.87,39045.25,5649.97,Source Verified,other
26200.0,60.0,66279.86,37.84,646.0,5.0,RENT,0.0,2.0,11.0,0.0,6.0,75.0,0.0,9693.73,104885.84,2285.49,Not Verified,small_business
20700.0,36.0,50171.28,30.83,610.0,0.0,RENT,0.0,12.0,12.0,5.0,18.0,78.0,4.0,669.24,3079.29,3912.91,Not Verified,small_business
12900.0,36.0,29953.02,29.44,650.0,1.0,RENT,0.0,9.0,10.0,3.0,7.0,115.0,6.0,2650.61,24814.6,24796.93,Not Verified,small_business
21700.0,36.0,52502.46,31.49,667.0,3.0,RENT,0.0,9.0,2.0,5.0,25.0,173.0,0.0,4783.61,54004.81,9444.57,Not Verified,other
10500.0,60.0,29485.03,26.82,655.0,1.0,MORTGAGE,1.0,5.0,10.0,1.0,9.0,154.0,0.0,3494.06,37462.04,11743.53,Not Verified,credit_card
19600.0,60.0,61355.24,14.31,630.0,3.0,MORTGAGE,1.0,8.0,11.0,1.0,1.0,46.0,2.0,1329.78,15090.25,1963.19,Verified,debt_consolidation
16000.0,36.0,46660.06,36.47,610.0,2.0,RENT,1.0,7.0,12.0,4.0,13.0,84.0,8.0,4448.35,50414.27,9650.2,Source Verified,debt_consolidation
19100.0,60.0,44414.71,29.04,675.0,3.0,RENT,2.0,11.0,10.0,4.0,9.0,176.0,9.0,2287.05,23255.63,2728.95,Not Verified,debt_consolidation
31400.0,36.0,89547.04,30.24,654.0,0.0,RENT,0.0,10.0,3.0,4.0,2.0,69.0,10.0,4880.82,55722.75,8622.93,Verified,small_business
15900.0,60.0,35252.13,35.88,634.0,2.0,RENT,1.0,10.0,11.0,2.0,11.0,44.0,4.0,1829.85,10352.59,5067.45,Verified,debt_consolidation
17100.0,60.0,46141.27,18.09,675.0,4.0,RENT,0.0,12.0,9.0,4.0,2.0,121.0,5.0,4309.96,19067.27,2979.61,Source Verified,home_improvement
21500.0,36.0,58950.58,20.87,676.0,5.0,RENT,0.0,5.0,12.0,3.0,11.0,165.0,3.0,3818.75,40866.92,19737.14,Verified,other
18800.0,36.0,54108.49,28.19,619.0,0.0,OWN,1.0,7.0,9.0,0.0,13.0,144.0,2.0,13438.44,94536.55,8067.87,Source Verified,other
11800.0,60.0,31745.95,36.03,674.0,3.0,RENT,0.0,11.0,13.0,0.0,3.0,131.0,1.0,8027.16,64407.32,12667.21,Verified,debt_consolidation
21300.0,60.0,56742.41,32.6,708.0,2.0,RENT,0.0,1.0,5.0,0.0,13.0,12.0,3.0,4078.3,39506.33,2458.79,Not Verified,other
16400.0,36.0,48612.61,45.53,695.0,0.0,OWN,1.0,12.0,12.0,0.0,7.0,63.0,4.0,2537.87,18287.77,4176.63,Verified,small_business
22500.0,60.0,53816.52,26.38,649.0,1.0,RENT,0.0,6.0,10.0,0.0,0.0,81.0,5.0,12327.42,107928.38,9624.9,Verified,debt_consolidation
18600.0,36.0,39705.58,30.63,618.0,1.0,RENT,0.0,6.0,16.0,3.0,9.0,62.0,3.0,2869.26,26543.04,24397.42,Not Verified,debt_consolidation
18100.0,60.0,42681.9,36.27,648.0,4.0,RENT,0.0,9.0,7.0,1.0,0.0,60.0,2.0,1046.15,5885.55,15069.18,Not Verified,debt_consolidation
8800.0,60.0,28101.24,26.71,715.0,4.0,MORTGAGE,0.0,6.0,18.0,4.0,4.0,163.0,4.0,5676.4,48291.29,5898.53,Source Verified,other
10700.0,60.0,30726.77,26.68,699.0,4.0,MORTGAGE,0.0,3.0,6.0,0.0,4.0,62.0,4.0,5069.59,36899.86,4441.31,Verified,other
14400.0,60.0,36233.26,32.31,610.0,0.0,RENT,0.0,4.0,12.0,5.0,1.0,12.0,0.0,3527.49,36488.85,9974.58,Not Verified,debt_consolidation
14900.0,60.0,49766.75,24.3,718.0,1.0,OWN,0.0,7.0,10.0,1.0,10.0,153.0,8.0,1895.05,22630.59,3641.37,Source Verified,other
25400.0,36.0,66361.61,31.6,635.0,3.0,MORTGAGE,0.0,16.0,11.0,2.0,6.0,116.0,5.0,6338.53,36706.33,7054.77,Source Verified,small_business
21000.0,36.0,54231.57,18.1,666.0,0.0,MORTGAGE,0.0,2.0,9.0,0.0,3.0,29.0,5.0,1024.42,8683.52,5668.42,Source Verified,debt_consolidation
15300.0,36.0,34100.03,29.12,637.0,9.0,RENT,0.0,4.0,9.0,1.0,0.0,112.0,3.0,4326.72,35227.97,4110.32,Source Verified,small_business
10100.0,60.0,41268.81,22.76,641.0,1.0,RENT,1.0,5.0,6.0,0.0,10.0,12.0,3.0,1938.22,19866.34,8137.19,Verified,debt_consolidation
28300.0,60.0,70156.44,23.1,662.0,1.0,OWN,2.0,3.0,15.0,3.0,6.0,84.0,0.0,6254.55,35263.81,8927.86,Not Verified,small_business
15400.0,36.0,29804.51,36.6,658.0,5.0,MORTGAGE,1.0,14.0,12.0,0.0,13.0,90.0,5.0,641.95,3703.85,10071.79,Not Verified,credit_card
15600.0,60.0,37271.65,28.62,619.0,5.0,OWN,0.0,10.0,19.0,0.0,0.0,12.0,7.0,3669.93,23541.32,7393.24,Verified,credit_card
12600.0,60.0,33386.51,30.94,655.0,1.0,RENT,0.0,10.0,8.0,4.0,4.0,59.0,6.0,2835.17,24874.1,12938.69,Verified,debt_consolidation
21100.0,60.0,61848.09,30.54,635.0,3.0,RENT,0.0,7.0,9.0,3.0,0.0,172.0,1.0,12772.55,137620.57,21662.82,Not Verified,other
35200.0,36.0,92581.72,35.38,647.0,2.0,RENT,1.0,11.0,9.0,4.0,9.0,109.0,3.0,2603.84,30550.56,5545.74,Source Verified,other
10700.0,36.0,29903.5,34.55,649.0,0.0,OWN,0.0,0.0,0.0,1.0,0.0,111.0,6.0,1859.41,11964.16,7311.11,Verified,debt_consolidation
4500.0,60.0,14849.98,42.9,624.0,6.0,RENT,0.0,9.0,14.0,4.0,2.0,86.0,2.0,1433.27,6021.79,8743.09,Source Verified,debt_consolidation
22200.0,60.0,60651.42,28.98,648.0,3.0,RENT,0.0,4.0,9.0,6.0,11.0,95.0,0.0,2673.92,11716.01,2640.78,Not Verified,home_improvement
16900.0,60.0,41171.86,22.47,687.0,9.0,MORTGAGE,0.0,13.0,2.0,6.0,0.0,106.0,0.0,1794.81,17923.46,2537.64,Source Verified,credit_card
9200.0,60.0,23137.31,30.67,668.0,10.0,RENT,0.0,2.0,10.0,2.0,4.0,150.0,11.0,3585.36,31960.64,23936.02,Not Verified,small_business
26800.0,60.0,72072.01,36.17,633.0,2.0,RENT,2.0,13.0,8.0,1.0,10.0,135.0,4.0,704.52,8145.06,3811.43,Not Verified,debt_consolidation
39500.0,60.0,99286.3,43.02,652.0,2.0,MORTGAGE,0.0,8.0,6.0,3.0,0.0,80.0,6.0,3806.7,44855.99,3135.36,Verified,debt_consolidation
9300.0,60.0,31911.71,21.22,651.0,3.0,RENT,0.0,6.0,5.0,0.0,3.0,100.0,3.0,1089.28,10735.2,7597.73,Not Verified,debt_consolidation
21200.0,36.0,61933.15,26.81,649.0,5.0,OWN,0.0,8.0,10.0,1.0,0.0,145.0,5.0,2074.7,18148.28,22359.18,Not Verified,small_business
22500.0,36.0,54999.82,28.46,619.0,1.0,RENT,0.0,7.0,8.0,0.0,11.0,153.0,8.0,5158.03,25167.25,9059.85,Not Verified,credit_card
15800.0,60.0,40677.2,22.76,648.0,1.0,MORTGAGE,0.0,6.0,12.0,1.0,1.0,87.0,2.0,607.53,7150.81,10908.41,Source Verified,other
11300.0,36.0,28627.29,20.01,663.0,1.0,MORTGAGE,0.0,14.0,3.0,1.0,0.0,105.0,1.0,641.92,6010.18,29011.72,Not Verified,debt_consolidation
22700.0,36.0,66082.82,25.42,627.0,5.0,MORTGAGE,0.0,5.0,9.0,0.0,13.0,145.0,2.0,4006.59,31304.1,12917.89,Verified,small_business
17800.0,36.0,49319.84,15.35,610.0,0.0,RENT,0.0,2.0,13.0,0.0,14.0,41.0,4.0,6042.48,44840.41,3514.22,Source Verified,other
11000.0,36.0,38591.47,18.81,682.0,3.0,MORTGAGE,0.0,3.0,6.0,4.0,15.0,125.0,0.0,4349.74,35220.4,1490.5,Not Verified,credit_card
14800.0,36.0,33772.8,26.53,666.0,0.0,OWN,0.0,8.0,16.0,5.0,6.0,58.0,0.0,4651.73,47116.36,3693.06,Source Verified,debt_consolidation
6100.0,36.0,18692.96,38.42,687.0,10.0,OWN,0.0,2.0,3.0,5.0,8.0,124.0,0.0,863.7,8538.32,4413.04,Source Verified,other
20500.0,60.0,47966.77,21.95,709.0,0.0,OWN,0.0,12.0,12.0,6.0,15.0,162.0,6.0,9063.76,73754.07,6175.16,Not Verified,debt_consolidation
12500.0,60.0,35981.84,38.26,702.0,10.0,RENT,0.0,11.0,12.0,0.0,0.0,108.0,2.0,948.6,9646.18,5206.74,Source Verified,other
27700.0,60.0,77583.38,16.76,656.0,9.0,OWN,0.0,12.0,1.0,3.0,0.0,179.0,5.0,1119.29,9528.56,2742.49,Source Verified,debt_consolidation
11100.0,60.0,32353.79,27.08,674.0,9.0,RENT,0.0,7.0,10.0,5.0,13.0,26.0,4.0,2968.35,31282.16,4668.19,Not Verified,other
4000.0,36.0,14701.29,23.43,648.0,9.0,RENT,1.0,10.0,14.0,5.0,15.0,86.0,0.0,578.4,3446.66,1272.22,Verified,debt_consolidation
19000.0,36.0,51712.96,28.9,661.0,1.0,OWN,0.0,11.0,8.0,3.0,15.0,66.0,2.0,9628.57,55569.91,14391.33,Not Verified,other
18500.0,36.0,52266.71,38.85,665.0,3.0,RENT,0.0,11.0,4.0,3.0,8.0,113.0,0.0,3840.32,45146.4,3936.97,Verified,credit_card
12100.0,60.0,21376.25,39.11,673.0,0.0,RENT,0.0,8.0,10.0,0.0,5.0,85.0,0.0,4590.87,42869.38,3312.77,Not Verified,other
22000.0,60.0,59162.48,36.86,645.0,0.0,RENT,0.0,5.0,8.0,5.0,4.0,117.0,0.0,6027.48,29515.11,1654.34,Verified,debt_consolidation
6300.0,60.0,18696.16,23.73,671.0,8.0,RENT,0.0,10.0,7.0,4.0,0.0,13.0,2.0,1095.68,7972.57,3326.08,Not Verified,other
25400.0,60.0,67548.49,25.28,633.0,7.0,RENT,0.0,9.0,12.0,2.0,9.0,62.0,5.0,1022.15,4904.04,6384.35,Source Verified,credit_card
19900.0,60.0,62760.84,35.89,612.0,2.0,RENT,1.0,8.0,10.0,1.0,15.0,46.0,3.0,6422.79,37184.45,1842.96,Verified,small_business
21900.0,36.0,49079.11,24.39,649.0,1.0,RENT,0.0,6.0,8.0,1.0,0.0,12.0,2.0,10546.36,105471.36,3656.09,Verified,small_business
19000.0,60.0,53239.13,42.05,681.0,9.0,MORTGAGE,1.0,7.0,6.0,2.0,8.0,60.0,1.0,2733.46,19388.07,10112.71,Source Verified,debt_consolidation
9700.0,60.0,30212.11,29.9,633.0,0.0,RENT,0.0,6.0,7.0,2.0,6.0,126.0,0.0,4200.54,41187.08,3034.71,Not Verified,credit_card
15200.0,60.0,38998.22,14.33,624.0,3.0,RENT,0.0,7.0,10.0,4.0,12.0,87.0,0.0,8533.77,38982.19,6648.03,Not Verified,debt_consolidation
30900.0,36.0,79743.07,26.64,697.0,10.0,RENT,0.0,6.0,8.0,4.0,16.0,106.0,0.0,2456.84,26958.4,7747.36,Verified,credit_card
18800.0,60.0,47337.91,20.6,640.0,7.0,OWN,0.0,8.0,15.0,4.0,4.0,50.0,0.0,3392.82,20029.86,3758.33,Verified,small_business
16100.0,36.0,40734.2,43.43,649.0,3.0,OWN,0.0,10.0,6.0,2.0,6.0,73.0,3.0,1662.87,9870.86,2952.38,Not Verified,debt_consolidation
30700.0,36.0,77316.89,13.1,681.0,1.0,RENT,0.0,11.0,5.0,2.0,23.0,66.0,0.0,2246.13,23013.64,975.65,Verified,debt_consolidation
16700.0,36.0,44514.56,47.65,661.0,1.0,OWN,0.0,8.0,12.0,3.0,7.0,38.0,5.0,1004.32,9419.21,4572.72,Source Verified,small_business
9000.0,60.0,25786.67,18.87,696.0,1.0,OWN,0.0,15.0,12.0,2.0,0.0,115.0,5.0,311.24,1453.9,13936.73,Verified,credit_card
11200.0,36.0,29995.92,28.99,650.0,2.0,OWN,1.0,7.0,11.0,4.0,12.0,55.0,0.0,7362.21,56166.97,4559.18,Source Verified,debt_consolidation
24000.0,36.0,63114.11,34.73,643.0,1.0,RENT,0.0,12.0,18.0,0.0,12.0,122.0,0.0,1721.69,14803.95,23204.16,Not Verified,debt_consolidation
28900.0,60.0,73055.35,36.83,679.0,5.0,MORTGAGE,0.0,7.0,15.0,0.0,11.0,12.0,3.0,1411.22,8148.33,16434.35,Not Verified,debt_consolidation
15600.0,36.0,40129.74,41.92,688.0,2.0,RENT,0.0,11.0,13.0,1.0,6.0,83.0,3.0,6433.27,51805.37,8219.89,Not Verified,other
14600.0,36.0,33770.83,24.25,647.0,3.0,RENT,0.0,5.0,12.0,3.0,0.0,93.0,5.0,4348.54,46473.92,7277.82,Verified,other
27700.0,60.0,79522.36,36.06,610.0,0.0,RENT,0.0,6.0,1.0,0.0,12.0,153.0,1.0,915.1,6197.2,4554.36,Source Verified,small_business
11100.0,60.0,39262.13,32.39,629.0,1.0,RENT,1.0,8.0,6.0,4.0,0.0,119.0,2.0,3165.54,24500.64,8614.99,Not Verified,debt_consolidation
17900.0,36.0,48042.46,32.7,614.0,1.0,OWN,0.0,13.0,11.0,0.0,3.0,101.0,2.0,1964.17,11297.66,10393.5,Not Verified,debt_consolidation
15200.0,36.0,30200.5,42.32,642.0,4.0,RENT,0.0,17.0,9.0,0.0,10.0,13.0,3.0,1488.79,8598.63,11205.89,Not Verified,debt_consolidation
19300.0,60.0,52555.0,30.07,653.0,4.0,RENT,0.0,10.0,12.0,1.0,4.0,70.0,1.0,2272.39,22365.99,11938.36,Not Verified,debt_consolidation
16200.0,36.0,40114.76,24.19,635.0,6.0,RENT,0.0,9.0,12.0,0.0,14.0,73.0,6.0,3006.94,25039.03,7454.05,Source Verified,credit_card
12900.0,36.0,35119.14,26.93,692.0,10.0,OWN,1.0,7.0,7.0,0.0,0.0,91.0,3.0,1088.96,5732.48,3305.16,Not Verified,debt_consolidation
28100.0,60.0,63728.65,26.24,647.0,5.0,RENT,2.0,10.0,8.0,4.0,25.0,180.0,2.0,6519.24,57266.63,8421.39,Not Verified,other
18600.0,36.0,48228.01,25.85,685.0,8.0,RENT,0.0,5.0,9.0,0.0,3.0,102.0,0.0,2508.69,16762.96,2428.16,Verified,small_business
9300.0,60.0,25553.42,30.87,636.0,5.0,OWN,0.0,9.0,6.0,6.0,4.0,92.0,3.0,1797.97,17021.72,556.15,Verified,credit_card
15600.0,36.0,41789.79,31.44,646.0,10.0,RENT,2.0,17.0,6.0,4.0,4.0,94.0,3.0,5302.29,21671.29,3382.53,Verified,small_business
5800.0,36.0,16632.7,25.28,689.0,3.0,OWN,0.0,7.0,7.0,3.0,9.0,111.0,3.0,473.98,5684.37,1093.26,Source Verified,debt_consolidation
19200.0,60.0,44731.61,27.47,620.0,0.0,OWN,0.0,2.0,0.0,0.0,9.0,140.0,3.0,1752.86,19818.6,3957.69,Not Verified,debt_consolidation
17900.0,36.0,43014.15,22.28,610.0,6.0,MORTGAGE,0.0,8.0,12.0,0.0,6.0,66.0,5.0,3913.79,27071.65,3695.5,Verified,credit_card
7500.0,60.0,31152.94,18.96,623.0,10.0,RENT,0.0,4.0,9.0,7.0,0.0,44.0,4.0,1982.04,12435.08,6973.41,Verified,debt_consolidation
23400.0,60.0,66674.25,28.07,666.0,1.0,RENT,0.0,8.0,8.0,0.0,0.0,50.0,0.0,10194.0,77240.63,8674.34,Verified,credit_card
16300.0,36.0,38953.56,44.1,628.0,4.0,RENT,1.0,11.0,6.0,5.0,2.0,112.0,0.0,18801.65,89548.37,8039.43,Verified,debt_consolidation
20000.0,36.0,56167.73,21.43,651.0,0.0,RENT,0.0,6.0,9.0,4.0,0.0,104.0,0.0,5094.02,28017.56,6333.68,Source Verified,small_business
13800.0,60.0,44844.31,30.96,681.0,0.0,RENT,0.0,7.0,9.0,2.0,10.0,12.0,5.0,1593.56,17314.73,2162.2,Not Verified,credit_card
16700.0,60.0,47113.27,20.84,662.0,2.0,RENT,0.0,7.0,11.0,1.0,13.0,139.0,8.0,837.39,6970.88,8149.89,Source Verified,debt_consolidation
21100.0,60.0,45226.11,15.14,638.0,0.0,RENT,0.0,3.0,6.0,0.0,0.0,44.0,1.0,5993.41,70860.28,5472.23,Verified,debt_consolidation
40000.0,36.0,110256.75,28.67,702.0,1.0,RENT,0.0,5.0,7.0,1.0,0.0,95.0,2.0,4193.94,32481.65,8110.26,Source Verified,other
30700.0,60.0,84191.75,14.88,687.0,4.0,RENT,0.0,7.0,2.0,1.0,0.0,95.0,2.0,5245.0,26065.21,8237.71,Source Verified,debt_consolidation
19300.0,60.0,40866.01,25.68,690.0,3.0,RENT,0.0,7.0,7.0,3.0,3.0,116.0,4.0,8483.66,40204.67,10200.48,Not Verified,debt_consolidation
21700.0,60.0,48530.92,30.75,662.0,8.0,OWN,3.0,8.0,6.0,3.0,14.0,12.0,0.0,3883.66,40376.59,9681.23,Not Verified,debt_consolidation
34700.0,60.0,82091.44,19.46,664.0,4.0,RENT,0.0,11.0,16.0,7.0,0.0,66.0,3.0,3302.73,15593.85,2238.67,Not Verified,debt_consolidation
11500.0,60.0,32700.09,31.03,641.0,0.0,RENT,0.0,0.0,6.0,6.0,17.0,47.0,1.0,2944.71,17661.88,2762.52,Not Verified,debt_consolidation
8800.0,36.0,34348.61,31.45,678.0,4.0,RENT,0.0,8.0,6.0,0.0,8.0,110.0,3.0,1593.39,14754.45,11640.74,Verified,debt_consolidation
8300.0,36.0,34089.2,39.5,675.0,2.0,OWN,0.0,7.0,7.0,4.0,16.0,23.0,5.0,2602.77,23240.61,4298.25,Source Verified,credit_card
13600.0,60.0,28397.98,31.28,662.0,2.0,RENT,1.0,8.0,6.0,6.0,22.0,12.0,1.0,7490.95,69450.92,5565.01,Not Verified,home_improvement
23400.0,60.0,60259.35,30.28,628.0,8.0,OWN,1.0,7.0,5.0,2.0,4.0,138.0,0.0,5876.89,53424.41,2367.28,Source Verified,debt_consolidation
8500.0,60.0,20433.17,13.41,667.0,2.0,RENT,1.0,9.0,12.0,5.0,23.0,40.0,2.0,8263.36,49354.93,2078.51,Verified,home_improvement
30500.0,36.0,79619.71,19.51,622.0,1.0,RENT,0.0,9.0,11.0,3.0,3.0,85.0,1.0,2370.66,16842.4,1478.05,Not Verified,credit_card
6800.0,36.0,20838.06,24.83,659.0,0.0,OWN,0.0,8.0,8.0,3.0,6.0,111.0,8.0,6349.4,69768.41,4417.85,Not Verified,small_business
9200.0,36.0,26891.08,29.41,626.0,8.0,RENT,0.0,9.0,9.0,0.0,4.0,12.0,0.0,1379.65,8451.4,631.09,Verified,other
40000.0,60.0,115817.1,50.0,611.0,2.0,RENT,0.0,9.0,7.0,5.0,13.0,27.0,0.0,4204.51,31582.76,8613.88,Source Verified,small_business
11200.0,36.0,20378.94,21.53,668.0,9.0,RENT,0.0,10.0,10.0,3.0,7.0,71.0,0.0,917.15,6689.31,7667.77,Not Verified,small_business
12300.0,60.0,28551.86,37.69,630.0,3.0,MORTGAGE,0.0,9.0,10.0,0.0,13.0,151.0,6.0,468.06,4283.0,10342.46,Source Verified,debt_consolidation
10800.0,60.0,34747.68,26.22,612.0,2.0,OWN,0.0,8.0,16.0,0.0,3.0,34.0,3.0,7072.46,73634.06,1441.0,Source Verified,debt_consolidation
7200.0,36.0,24251.9,37.49,654.0,3.0,RENT,0.0,6.0,9.0,2.0,13.0,171.0,5.0,2756.53,30520.64,1526.04,Source Verified,other
30300.0,60.0,76209.32,39.92,689.0,1.0,OWN,0.0,6.0,2.0,1.0,25.0,97.0,4.0,2014.11,15462.51,17974.61,Source Verified,other
20300.0,36.0,52411.92,14.54,664.0,0.0,MORTGAGE,0.0,8.0,9.0,3.0,0.0,190.0,1.0,3512.12,28101.82,1299.88,Source Verified,other
20900.0,60.0,56855.36,43.19,666.0,4.0,OWN,0.0,7.0,8.0,0.0,0.0,81.0,3.0,4466.31,24585.58,13797.12,Source Verified,other
16400.0,36.0,40765.79,32.02,626.0,6.0,MORTGAGE,0.0,8.0,16.0,0.0,8.0,57.0,1.0,782.48,7901.27,2669.49,Not Verified,small_business
10800.0,36.0,26775.83,27.95,664.0,3.0,RENT,0.0,10.0,7.0,0.0,10.0,119.0,4.0,2153.51,10078.21,6017.02,Verified,small_business
15700.0,36.0,28838.68,36.58,619.0,7.0,RENT,1.0,10.0,12.0,1.0,10.0,12.0,3.0,5145.19,21163.04,2150.31,Not Verified,debt_consolidation
17600.0,60.0,44187.52,34.09,613.0,0.0,RENT,0.0,4.0,13.0,0.0,14.0,60.0,4.0,1025.95,4705.12,14954.93,Not Verified,small_business
8400.0,60.0,20736.4,32.81,695.0,6.0,RENT,0.0,6.0,9.0,0.0,17.0,57.0,4.0,2284.45,13016.43,6484.89,Source Verified,debt_consolidation
26100.0,60.0,63304.25,25.23,667.0,1.0,RENT,0.0,5.0,6.0,3.0,12.0,169.0,0.0,3242.83,21403.59,1802.2,Not Verified,debt_consolidation
14700.0,36.0,38359.57,22.98,684.0,6.0,MORTGAGE,0.0,3.0,10.0,3.0,11.0,71.0,2.0,1604.16,12961.3,5066.92,Verified,credit_card
13500.0,36.0,26374.74,20.61,720.0,0.0,OWN,0.0,2.0,3.0,5.0,0.0,47.0,5.0,1176.66,7543.29,11548.63,Source Verified,credit_card
16300.0,60.0,40352.76,36.81,626.0,2.0,MORTGAGE,0.0,9.0,8.0,2.0,2.0,67.0,2.0,800.8,6188.8,8640.84,Verified,debt_consolidation
30700.0,60.0,80580.16,20.45,638.0,8.0,RENT,0.0,6.0,11.0,2.0,2.0,106.0,3.0,6153.96,49245.61,8157.21,Not Verified,other
18800.0,36.0,52014.25,27.44,616.0,4.0,OWN,1.0,11.0,7.0,0.0,19.0,172.0,3.0,4775.41,33463.96,8660.29,Verified,other
11800.0,60.0,34522.58,22.82,707.0,10.0,RENT,0.0,11.0,16.0,2.0,12.0,112.0,2.0,5532.89,41645.53,11094.89,Not Verified,credit_card
10800.0,36.0,24488.88,25.85,666.0,9.0,RENT,1.0,13.0,4.0,1.0,0.0,72.0,6.0,13181.15,68915.19,5075.41,Source Verified,other
12300.0,60.0,29389.86,2.2,667.0,0.0,RENT,0.0,9.0,9.0,5.0,7.0,30.0,2.0,21019.87,190762.99,3838.93,Verified,credit_card
10500.0,60.0,25107.41,46.12,654.0,2.0,RENT,0.0,6.0,9.0,0.0,0.0,68.0,3.0,1363.42,13005.0,25754.39,Source Verified,small_business
12600.0,60.0,28597.6,45.72,647.0,8.0,OWN,1.0,10.0,9.0,0.0,0.0,94.0,3.0,4189.08,17673.29,4659.28,Source Verified,small_business
32000.0,60.0,83640.59,12.68,610.0,8.0,OWN,0.0,8.0,12.0,0.0,2.0,62.0,7.0,1703.31,7023.32,6110.33,Source Verified,home_improvement
14700.0,36.0,39508.56,36.21,634.0,3.0,RENT,0.0,14.0,7.0,1.0,0.0,196.0,0.0,408.85,4875.32,3877.47,Source Verified,debt_consolidation
14900.0,36.0,37470.23,32.56,658.0,8.0,RENT,0.0,8.0,11.0,0.0,12.0,66.0,0.0,4791.08,38839.8,8725.86,Not Verified,debt_consolidation
20000.0,36.0,52593.87,36.36,651.0,2.0,MORTGAGE,1.0,5.0,9.0,3.0,0.0,12.0,3.0,5715.17,56883.29,5551.77,Verified,debt_consolidation
12500.0,60.0,32240.63,30.43,690.0,2.0,RENT,0.0,7.0,8.0,3.0,17.0,97.0,3.0,5393.25,24175.57,9334.99,Source Verified,debt_consolidation
15300.0,60.0,46159.54,40.86,684.0,9.0,RENT,0.0,9.0,9.0,1.0,0.0,86.0,4.0,3257.88,33393.19,11956.04,Verified,debt_consolidation
14400.0,60.0,32126.86,29.17,637.0,4.0,RENT,0.0,12.0,16.0,6.0,8.0,63.0,5.0,1300.35,14074.19,8214.16,Not Verified,debt_consolidation
19000.0,36.0,49959.29,28.41,649.0,9.0,RENT,0.0,9.0,9.0,2.0,1.0,58.0,5.0,9984.67,81965.21,11449.91,Source Verified,other
17700.0,60.0,53596.76,31.89,676.0,0.0,RENT,0.0,12.0,14.0,2.0,1.0,94.0,4.0,2531.07,22157.66,3010.38,Not Verified,debt_consolidation
23400.0,36.0,57575.37,26.36,645.0,2.0,MORTGAGE,0.0,9.0,10.0,0.0,3.0,139.0,5.0,2724.05,18878.32,3161.89,Source Verified,credit_card
11000.0,60.0,21004.38,18.43,689.0,7.0,RENT,1.0,9.0,4.0,3.0,5.0,146.0,0.0,1173.06,9945.57,10885.57,Not Verified,home_improvement
12200.0,60.0,26559.53,11.9,662.0,5.0,RENT,0.0,0.0,1.0,2.0,6.0,83.0,1.0,1359.78,12031.23,16403.9,Not Verified,credit_card
9200.0,60.0,21244.61,20.44,686.0,0.0,MORTGAGE,1.0,11.0,8.0,4.0,14.0,41.0,2.0,3348.26,32444.74,3763.88,Verified,debt_consolidation
8100.0,36.0,25474.58,25.74,681.0,10.0,OWN,0.0,12.0,11.0,6.0,0.0,93.0,0.0,4832.6,27195.44,6317.49,Source Verified,debt_consolidation
11100.0,60.0,29486.86,28.56,647.0,4.0,RENT,1.0,6.0,8.0,2.0,10.0,12.0,6.0,3257.03,24908.87,7151.17,Source Verified,debt_consolidation
23500.0,60.0,59783.59,29.9,610.0,3.0,RENT,0.0,5.0,9.0,1.0,10.0,95.0,0.0,2767.1,21587.38,613.79,Verified,small_business
14900.0,36.0,35061.49,28.04,674.0,0.0,RENT,0.0,16.0,12.0,0.0,4.0,32.0,2.0,1878.18,12420.82,7464.83,Not Verified,credit_card
18200.0,60.0,41248.1,33.48,709.0,6.0,RENT,0.0,3.0,11.0,3.0,17.0,80.0,0.0,8308.39,67210.62,27077.53,Source Verified,small_business
10200.0,60.0,36991.99,41.67,681.0,7.0,RENT,2.0,16.0,0.0,2.0,7.0,111.0,0.0,3023.77,30383.53,4446.48,Verified,small_business
21500.0,36.0,61948.55,12.97,667.0,3.0,RENT,1.0,8.0,10.0,2.0,3.0,92.0,4.0,2644.56,19680.65,19795.25,Not Verified,small_business
10300.0,60.0,31170.16,36.17,680.0,0.0,RENT,1.0,14.0,12.0,1.0,13.0,137.0,0.0,1919.97,21775.53,14949.46,Source Verified,debt_consolidation
12800.0,60.0,40446.15,30.39,695.0,1.0,RENT,1.0,2.0,9.0,0.0,0.0,130.0,6.0,1535.51,13458.31,15439.47,Verified,debt_consolidation
19200.0,60.0,53893.51,20.34,610.0,0.0,RENT,1.0,12.0,7.0,7.0,13.0,89.0,0.0,1884.44,21211.76,5194.78,Not Verified,debt_consolidation
5200.0,36.0,16942.01,37.15,668.0,1.0,RENT,0.0,9.0,5.0,5.0,10.0,48.0,6.0,817.03,4969.72,2528.72,Verified,credit_card
20800.0,60.0,52813.1,27.38,671.0,5.0,RENT,0.0,7.0,11.0,2.0,7.0,117.0,0.0,4705.74,45574.15,4910.3,Not Verified,small_business
17300.0,36.0,42203.79,47.85,678.0,1.0,RENT,1.0,14.0,12.0,4.0,22.0,117.0,5.0,10420.23,43367.92,4911.59,Source Verified,small_business
23300.0,60.0,68970.28,22.35,665.0,5.0,MORTGAGE,1.0,12.0,10.0,1.0,10.0,91.0,5.0,3711.99,19845.62,12280.62,Verified,debt_consolidation
17700.0,36.0,40706.84,23.77,614.0,8.0,RENT,0.0,8.0,15.0,6.0,13.0,78.0,0.0,11484.09,124855.61,5694.29,Verified,credit_card
23000.0,60.0,51178.22,16.05,641.0,1.0,MORTGAGE,2.0,8.0,16.0,4.0,0.0,50.0,8.0,6122.59,34384.74,2237.78,Verified,other
13500.0,36.0,28250.82,42.11,669.0,4.0,RENT,0.0,7.0,12.0,0.0,3.0,12.0,0.0,6983.23,28402.02,4774.96,Source Verified,debt_consolidation
16100.0,36.0,31894.42,37.97,655.0,5.0,OWN,0.0,10.0,8.0,3.0,6.0,200.0,0.0,13831.46,136231.74,1709.35,Source Verified,credit_card
20300.0,36.0,57919.16,35.33,639.0,6.0,MORTGAGE,0.0,8.0,4.0,3.0,16.0,139.0,0.0,3963.99,46668.22,2869.89,Not Verified,small_business
9800.0,60.0,29185.34,27.47,664.0,0.0,RENT,0.0,9.0,5.0,4.0,12.0,196.0,0.0,3211.57,14945.19,5868.04,Not Verified,debt_consolidation
9800.0,60.0,27434.54,14.29,663.0,4.0,RENT,0.0,11.0,8.0,2.0,14.0,87.0,4.0,1897.8,11164.1,2766.08,Verified,credit_card
12100.0,36.0,32937.27,26.64,675.0,0.0,RENT,0.0,7.0,15.0,2.0,0.0,91.0,4.0,1540.07,13969.68,8491.43,Verified,debt_consolidation
25500.0,36.0,72786.49,23.66,671.0,5.0,RENT,0.0,5.0,9.0,8.0,15.0,15.0,5.0,1765.31,20383.03,7184.21,Verified,small_business
21600.0,60.0,53738.53,16.48,663.0,1.0,RENT,0.0,10.0,0.0,0.0,6.0,144.0,1.0,3177.92,12834.16,5078.17,Not Verified,debt_consolidation
20100.0,60.0,67660.95,23.2,637.0,10.0,RENT,1.0,9.0,18.0,3.0,2.0,124.0,0.0,2823.23,12395.75,1937.19,Verified,home_improvement
34000.0,60.0,103371.91,39.68,610.0,9.0,MORTGAGE,0.0,4.0,5.0,4.0,5.0,12.0,3.0,1779.51,14668.42,29555.96,Not Verified,other
21000.0,60.0,53454.11,25.35,687.0,4.0,MORTGAGE,0.0,10.0,7.0,1.0,0.0,140.0,6.0,12851.55,72925.46,3801.28,Source Verified,other
16000.0,60.0,46611.55,23.34,719.0,4.0,RENT,0.0,12.0,9.0,0.0,5.0,97.0,0.0,2328.1,18703.07,31714.78,Source Verified,debt_consolidation
16500.0,60.0,36372.8,16.54,685.0,3.0,RENT,0.0,13.0,4.0,1.0,15.0,80.0,6.0,7243.89,69900.19,19458.26,Verified,small_business
24700.0,60.0,60345.71,21.97,698.0,0.0,RENT,0.0,9.0,15.0,4.0,2.0,83.0,0.0,1627.34,11001.8,9944.21,Not Verified,other
18100.0,36.0,45709.82,28.21,631.0,5.0,RENT,0.0,9.0,11.0,2.0,9.0,84.0,3.0,2774.69,23516.37,4934.88,Not Verified,other
18500.0,60.0,49614.17,24.7,635.0,0.0,RENT,1.0,9.0,8.0,1.0,11.0,101.0,6.0,2277.19,20967.91,9919.66,Not Verified,credit_card
26900.0,60.0,75924.05,20.26,665.0,2.0,RENT,0.0,1.0,11.0,2.0,11.0,12.0,6.0,3704.11,41415.85,1982.56,Verified,debt_consolidation
19100.0,36.0,50522.35,13.51,657.0,8.0,RENT,0.0,9.0,12.0,0.0,0.0,159.0,4.0,1724.21,19997.02,9199.65,Source Verified,other
14700.0,36.0,41246.67,30.65,669.0,4.0,RENT,1.0,5.0,6.0,1.0,27.0,128.0,5.0,5178.16,34474.54,12886.83,Not Verified,small_business
15200.0,36.0,34669.85,43.15,610.0,8.0,RENT,0.0,7.0,7.0,4.0,2.0,168.0,0.0,648.45,5000.63,2029.44,Not Verified,debt_consolidation
20600.0,36.0,57234.96,25.71,634.0,6.0,RENT,0.0,8.0,7.0,2.0,16.0,145.0,2.0,4735.16,56318.35,3089.19,Not Verified,small_business
13600.0,60.0,39258.48,12.7,701.0,3.0,RENT,2.0,9.0,13.0,0.0,1.0,102.0,3.0,10602.68,86137.76,3115.19,Source Verified,small_business
19500.0,36.0,59183.86,25.75,712.0,9.0,RENT,0.0,6.0,4.0,5.0,0.0,111.0,3.0,7955.94,74969.78,2985.47,Source Verified,debt_consolidation
12500.0,60.0,31450.26,25.65,661.0,6.0,OWN,0.0,5.0,14.0,1.0,5.0,23.0,6.0,4227.19,17039.9,10564.11,Not Verified,debt_consolidation
12500.0,36.0,35077.23,27.13,625.0,3.0,RENT,1.0,12.0,14.0,2.0,0.0,103.0,0.0,3740.1,27111.25,9199.92,Verified,home_improvement
21400.0,60.0,51568.01,22.38,654.0,6.0,RENT,0.0,11.0,10.0,0.0,0.0,143.0,0.0,2165.81,14814.51,11976.13,Not Verified,small_business
18600.0,60.0,49163.26,19.3,641.0,2.0,OWN,1.0,9.0,11.0,4.0,6.0,156.0,0.0,4071.3,30553.4,7471.16,Not Verified,other
14800.0,36.0,46419.25,21.23,622.0,2.0,MORTGAGE,0.0,5.0,7.0,2.0,14.0,56.0,2.0,322.19,3341.29,18863.58,Not Verified,small_business
24900.0,60.0,65035.73,39.02,630.0,5.0,RENT,1.0,9.0,7.0,2.0,9.0,70.0,0.0,12748.69,63688.52,2121.9,Not Verified,small_business
20800.0,60.0,43479.35,34.97,630.0,10.0,RENT,0.0,7.0,6.0,4.0,6.0,32.0,5.0,5733.91,32302.24,2848.41,Source Verified,debt_consolidation
16000.0,60.0,41594.54,23.5,621.0,4.0,RENT,1.0,4.0,10.0,0.0,14.0,63.0,1.0,7297.51,66501.72,1257.25,Source Verified,other
21300.0,60.0,53761.23,21.46,671.0,1.0,RENT,0.0,11.0,7.0,2.0,7.0,173.0,8.0,2142.63,25426.53,10061.89,Verified,home_improvement
8800.0,36.0,19827.26,49.41,610.0,0.0,MORTGAGE,1.0,8.0,11.0,5.0,4.0,96.0,3.0,12962.1,84742.81,4257.71,Not Verified,small_business
19600.0,60.0,53856.26,21.7,698.0,4.0,RENT,0.0,3.0,11.0,1.0,1.0,74.0,6.0,5975.99,66300.03,12418.88,Source Verified,credit_card
9500.0,60.0,22927.29,41.98,734.0,5.0,OWN,0.0,13.0,8.0,0.0,11.0,76.0,5.0,738.9,6884.31,10241.18,Source Verified,other
20300.0,60.0,54639.56,45.39,677.0,9.0,RENT,0.0,7.0,7.0,4.0,9.0,172.0,0.0,1812.19,16508.56,5089.53,Not Verified,credit_card
36400.0,60.0,89803.32,40.26,714.0,0.0,OWN,0.0,9.0,10.0,3.0,2.0,106.0,8.0,3809.53,20766.47,3509.67,Source Verified,debt_consolidation
12200.0,60.0,43002.36,25.58,640.0,2.0,OWN,0.0,8.0,4.0,5.0,8.0,140.0,2.0,6173.75,38029.19,15871.02,Source Verified,other
12500.0,60.0,32396.35,32.78,655.0,10.0,MORTGAGE,1.0,4.0,11.0,3.0,9.0,121.0,2.0,3128.09,29531.98,485.52,Not Verified,debt_consolidation
29300.0,36.0,74273.52,41.75,686.0,5.0,RENT,2.0,6.0,10.0,2.0,11.0,67.0,2.0,17953.87,188853.17,2196.65,Verified,debt_consolidation
13000.0,36.0,32852.07,13.31,620.0,1.0,RENT,0.0,5.0,12.0,1.0,9.0,12.0,7.0,1549.1,15273.76,3394.28,Source Verified,debt_consolidation
11700.0,36.0,36272.17,27.0,630.0,0.0,RENT,0.0,4.0,4.0,0.0,0.0,152.0,6.0,3513.27,32421.4,4684.45,Verified,debt_consolidation
24200.0,60.0,61531.81,41.47,668.0,5.0,RENT,0.0,15.0,9.0,4.0,2.0,97.0,0.0,2183.79,14556.61,2440.09,Not Verified,debt_consolidation
15000.0,60.0,39994.75,23.71,616.0,0.0,MORTGAGE,0.0,6.0,7.0,4.0,2.0,12.0,0.0,7323.47,47968.66,7348.87,Verified,home_improvement
25700.0,36.0,69816.81,27.61,657.0,2.0,RENT,0.0,14.0,14.0,0.0,10.0,60.0,0.0,6587.88,72337.52,10372.69,Verified,credit_card
16300.0,36.0,52839.82,26.71,646.0,7.0,OWN,0.0,6.0,12.0,1.0,12.0,55.0,10.0,5384.89,30380.27,9817.72,Verified,small_business
31000.0,36.0,82104.32,21.18,662.0,8.0,MORTGAGE,0.0,10.0,17.0,6.0,0.0,110.0,3.0,2806.84,13339.71,5157.41,Verified,debt_consolidation
17500.0,60.0,39413.19,33.44,707.0,10.0,OWN,0.0,12.0,10.0,0.0,11.0,13.0,2.0,956.82,9538.22,8004.11,Verified,other
19200.0,36.0,45110.24,35.97,631.0,5.0,RENT,0.0,8.0,11.0,0.0,8.0,114.0,3.0,665.5,3445.39,5236.64,Source Verified,other
10300.0,60.0,31771.94,23.81,692.0,0.0,RENT,0.0,13.0,5.0,0.0,15.0,158.0,0.0,3711.45,35574.83,10440.31,Source Verified,debt_consolidation
14900.0,36.0,30741.47,25.09,651.0,0.0,OWN,1.0,9.0,9.0,2.0,0.0,150.0,2.0,764.61,6524.0,4342.86,Not Verified,small_business
30200.0,60.0,80898.38,20.77,700.0,6.0,RENT,0.0,13.0,2.0,1.0,0.0,84.0,3.0,16589.06,168875.21,5532.05,Verified,home_improvement
21700.0,60.0,60274.8,21.05,676.0,3.0,OWN,0.0,6.0,16.0,7.0,5.0,147.0,1.0,7327.42,74152.63,13574.5,Not Verified,small_business
15600.0,60.0,37407.56,26.44,660.0,3.0,RENT,0.0,8.0,8.0,3.0,14.0,81.0,4.0,6918.43,37109.2,1353.07,Verified,home_improvement
12100.0,60.0,41220.05,24.63,655.0,3.0,MORTGAGE,0.0,6.0,7.0,1.0,17.0,23.0,0.0,2325.97,15624.31,3436.6,Source Verified,debt_consolidation
10100.0,60.0,33906.12,26.47,652.0,8.0,OWN,0.0,5.0,13.0,0.0,15.0,24.0,7.0,5329.19,44813.43,5800.16,Source Verified,small_business
11400.0,60.0,38695.56,12.57,673.0,10.0,RENT,0.0,7.0,7.0,2.0,0.0,72.0,0.0,1761.27,17872.86,8118.16,Source Verified,debt_consolidation
4100.0,36.0,12145.19,22.81,646.0,0.0,MORTGAGE,0.0,7.0,9.0,1.0,26.0,75.0,0.0,11677.14,111424.35,6158.64,Verified,small_business
12900.0,36.0,24964.97,34.0,671.0,2.0,OWN,0.0,4.0,17.0,8.0,0.0,31.0,1.0,589.42,4784.17,9898.18,Verified,credit_card
30700.0,60.0,72760.41,7.84,671.0,1.0,RENT,0.0,3.0,6.0,1.0,10.0,149.0,2.0,2051.58,14888.57,4515.23,Not Verified,credit_card
11500.0,36.0,38420.24,29.36,639.0,1.0,RENT,0.0,10.0,13.0,2.0,5.0,36.0,1.0,3892.09,17989.92,7014.06,Not Verified,small_business
9300.0,36.0,21624.02,29.83,646.0,8.0,OWN,0.0,9.0,15.0,3.0,7.0,85.0,0.0,5520.12,56866.03,927.73,Source Verified,credit_card
10800.0,36.0,31904.56,19.2,675.0,9.0,MORTGAGE,0.0,6.0,8.0,2.0,10.0,12.0,1.0,1613.97,15404.38,10530.48,Not Verified,credit_card
27000.0,60.0,79989.62,6.6,659.0,10.0,RENT,0.0,8.0,10.0,3.0,11.0,53.0,4.0,2339.91,19463.73,12799.15,Not Verified,debt_consolidation
28600.0,36.0,81916.31,36.41,640.0,2.0,RENT,0.0,7.0,6.0,3.0,9.0,159.0,3.0,2839.09,33041.91,9714.47,Source Verified,debt_consolidation
13500.0,60.0,30050.32,17.86,654.0,6.0,RENT,0.0,3.0,12.0,4.0,0.0,47.0,0.0,2054.33,13181.14,2177.39,Verified,debt_consolidation
16400.0,60.0,42322.21,42.23,686.0,9.0,RENT,0.0,7.0,11.0,1.0,5.0,50.0,1.0,3336.75,32088.46,3847.6,Verified,credit_card
9200.0,60.0,35487.35,32.21,633.0,7.0,MORTGAGE,1.0,8.0,7.0,2.0,14.0,71.0,4.0,2795.14,27757.59,5095.5,Verified,credit_card
19800.0,60.0,53777.61,22.96,627.0,3.0,RENT,0.0,9.0,3.0,0.0,10.0,82.0,1.0,8986.88,95523.12,4142.46,Verified,debt_consolidation
13700.0,36.0,31583.49,36.59,660.0,5.0,RENT,1.0,5.0,6.0,1.0,8.0,208.0,0.0,1562.25,10998.19,8353.2,Not Verified,debt_consolidation
24000.0,60.0,54942.86,27.89,655.0,9.0,MORTGAGE,0.0,14.0,5.0,5.0,15.0,38.0,6.0,1876.75,21990.17,16072.51,Not Verified,other
15800.0,36.0,42667.37,33.38,667.0,4.0,MORTGAGE,0.0,10.0,3.0,5.0,10.0,51.0,0.0,826.59,7962.19,3578.59,Verified,small_business
30400.0,60.0,84827.05,25.28,667.0,6.0,RENT,0.0,11.0,8.0,1.0,5.0,105.0,2.0,3000.88,14575.4,4850.99,Source Verified,credit_card
12700.0,60.0,32845.53,24.77,636.0,2.0,RENT,0.0,14.0,10.0,4.0,24.0,116.0,5.0,7373.54,78739.18,3503.32,Not Verified,debt_consolidation
18200.0,60.0,41896.7,2.33,656.0,2.0,RENT,0.0,0.0,10.0,2.0,12.0,209.0,7.0,1842.83,19429.39,3512.84,Not Verified,credit_card
16400.0,36.0,41869.0,30.35,610.0,3.0,OWN,0.0,5.0,4.0,1.0,2.0,89.0,3.0,1576.93,16481.35,8756.74,Verified,credit_card
26500.0,36.0,67863.14,20.08,662.0,1.0,RENT,0.0,6.0,8.0,6.0,4.0,168.0,4.0,2702.86,28995.57,9566.8,Not Verified,debt_consolidation
20400.0,36.0,39915.15,23.26,645.0,1.0,RENT,1.0,5.0,12.0,0.0,9.0,126.0,2.0,2178.84,22749.66,8086.11,Verified,other
13900.0,36.0,52035.35,21.97,699.0,2.0,RENT,0.0,12.0,10.0,4.0,0.0,102.0,5.0,1245.35,12746.82,12931.35,Source Verified,small_business
35400.0,60.0,82244.43,34.24,672.0,0.0,RENT,0.0,14.0,9.0,1.0,15.0,107.0,1.0,1684.53,10830.68,3171.63,Source Verified,debt_consolidation
26500.0,60.0,64410.0,37.23,618.0,1.0,RENT,1.0,11.0,10.0,5.0,0.0,44.0,5.0,2520.54,18197.96,4644.77,Verified,debt_consolidation
13300.0,36.0,25351.71,26.65,660.0,6.0,OWN,0.0,8.0,12.0,0.0,0.0,80.0,4.0,3596.01,33609.77,5909.23,Verified,other
9200.0,36.0,25214.41,24.23,670.0,10.0,MORTGAGE,0.0,12.0,18.0,2.0,1.0,28.0,4.0,2954.38,14077.4,2858.28,Not Verified,small_business
21600.0,60.0,51300.87,42.38,680.0,4.0,RENT,0.0,9.0,14.0,2.0,0.0,43.0,6.0,3423.73,26229.93,3878.14,Not Verified,debt_consolidation
10700.0,60.0,25454.2,28.34,620.0,2.0,MORTGAGE,0.0,9.0,6.0,0.0,0.0,55.0,3.0,2963.54,25867.94,6467.83,Verified,home_improvement
13000.0,60.0,32427.25,31.51,634.0,9.0,RENT,0.0,9.0,9.0,5.0,1.0,89.0,3.0,2873.63,33907.54,2773.87,Not Verified,credit_card
13700.0,36.0,40029.04,26.93,682.0,6.0,OWN,0.0,11.0,9.0,2.0,2.0,101.0,0.0,1618.84,13955.02,16326.76,Not Verified,debt_consolidation
21900.0,60.0,52569.16,30.79,626.0,6.0,RENT,0.0,13.0,16.0,5.0,6.0,87.0,0.0,3108.83,21875.1,3598.86,Verified,small_business
5900.0,60.0,19603.11,24.09,657.0,3.0,RENT,1.0,3.0,6.0,6.0,14.0,115.0,0.0,2859.84,32317.75,1407.63,Source Verified,credit_card
17000.0,60.0,45002.14,18.02,652.0,6.0,MORTGAGE,1.0,8.0,6.0,0.0,2.0,137.0,0.0,2156.89,24981.75,10532.94,Not Verified,debt_consolidation
15300.0,60.0,31975.52,32.17,666.0,1.0,RENT,0.0,3.0,11.0,3.0,13.0,100.0,5.0,408.99,2395.75,20338.94,Source Verified,debt_consolidation
20800.0,60.0,59401.48,41.6,626.0,0.0,RENT,0.0,13.0,9.0,3.0,14.0,127.0,4.0,20130.33,104200.63,6271.07,Source Verified,other
17500.0,36.0,37112.5,32.91,646.0,3.0,OWN,0.0,13.0,8.0,4.0,3.0,72.0,9.0,557.4,5477.01,3404.87,Verified,credit_card
11400.0,60.0,33582.63,23.99,618.0,5.0,RENT,0.0,10.0,12.0,0.0,1.0,140.0,0.0,4597.58,40007.12,3925.41,Not Verified,small_business
13900.0,36.0,38091.33,31.67,610.0,3.0,RENT,0.0,4.0,15.0,1.0,0.0,147.0,0.0,2530.68,13049.53,4792.03,Verified,debt_consolidation
19000.0,36.0,56103.73,30.08,681.0,3.0,RENT,0.0,10.0,15.0,3.0,10.0,101.0,7.0,1726.44,16238.15,6828.8,Verified,small_business
15300.0,60.0,38357.12,20.37,655.0,4.0,RENT,1.0,4.0,6.0,1.0,12.0,52.0,0.0,16096.55,129295.15,3464.4,Verified,small_business
18800.0,60.0,42978.97,17.53,668.0,7.0,RENT,0.0,5.0,15.0,1.0,4.0,46.0,4.0,1759.09,8161.27,1386.53,Verified,debt_consolidation
21800.0,36.0,65759.38,16.04,678.0,0.0,RENT,1.0,6.0,11.0,0.0,0.0,165.0,4.0,6667.35,29120.73,2469.13,Not Verified,debt_consolidation
9800.0,36.0,31674.47,35.21,683.0,1.0,RENT,0.0,9.0,7.0,0.0,3.0,58.0,2.0,2846.8,23945.82,5974.24,Verified,debt_consolidation
14200.0,60.0,39290.3,20.68,641.0,3.0,RENT,0.0,11.0,10.0,0.0,1.0,141.0,0.0,6894.75,79553.62,32409.81,Not Verified,small_business
34500.0,36.0,88041.48,23.88,636.0,0.0,RENT,0.0,9.0,8.0,3.0,3.0,79.0,0.0,2317.41,18858.06,5974.52,Verified,home_improvement
12400.0,60.0,26287.76,28.74,612.0,8.0,RENT,0.0,11.0,11.0,3.0,14.0,113.0,1.0,4370.09,18084.8,16604.15,Source Verified,credit_card
22900.0,60.0,58610.54,33.85,669.0,8.0,RENT,0.0,7.0,5.0,7.0,12.0,216.0,2.0,1468.08,8308.36,3102.52,Not Verified,other
21100.0,36.0,53887.47,31.64,613.0,3.0,RENT,0.0,3.0,17.0,3.0,0.0,97.0,5.0,1406.64,12162.28,3292.21,Not Verified,credit_card
29100.0,36.0,76102.79,26.66,703.0,5.0,RENT,0.0,11.0,12.0,3.0,33.0,101.0,2.0,5311.75,46666.37,2820.25,Verified,home_improvement
10700.0,60.0,21511.28,44.94,644.0,1.0,RENT,0.0,5.0,4.0,1.0,14.0,69.0,2.0,1670.93,7803.23,7989.92,Verified,small_business
18200.0,60.0,50726.53,28.76,683.0,4.0,OWN,0.0,9.0,11.0,3.0,12.0,116.0,7.0,4289.21,20959.56,2735.92,Not Verified,debt_consolidation
32400.0,60.0,79458.45,29.66,692.0,2.0,RENT,0.0,11.0,9.0,4.0,11.0,64.0,0.0,3151.69,19493.69,3192.68,Source Verified,debt_consolidation
13500.0,60.0,29365.81,28.9,648.0,8.0,RENT,0.0,8.0,11.0,4.0,8.0,56.0,0.0,1935.7,10051.32,1268.03,Not Verified,debt_consolidation
14600.0,60.0,41396.13,25.64,656.0,5.0,RENT,0.0,11.0,4.0,5.0,11.0,115.0,0.0,13657.33,80336.11,3083.43,Verified,debt_consolidation
14200.0,60.0,40124.9,25.42,618.0,9.0,OWN,0.0,7.0,12.0,2.0,13.0,127.0,5.0,2206.44,10686.92,6987.52,Verified,small_business
24400.0,60.0,52418.4,12.77,664.0,3.0,RENT,0.0,9.0,5.0,1.0,12.0,100.0,5.0,3883.05,37397.15,3590.34,Not Verified,other
16100.0,36.0,33402.67,16.92,635.0,8.0,RENT,0.0,11.0,15.0,4.0,5.0,176.0,6.0,2355.54,16361.66,2266.23,Verified,debt_consolidation
15600.0,36.0,47785.78,22.86,659.0,0.0,RENT,1.0,10.0,11.0,4.0,9.0,81.0,8.0,1178.95,9663.19,11388.36,Source Verified,debt_consolidation
11900.0,36.0,38722.76,29.82,659.0,1.0,RENT,0.0,5.0,12.0,1.0,13.0,155.0,0.0,2125.81,25216.66,8718.41,Source Verified,credit_card
7500.0,60.0,28444.52,27.84,634.0,1.0,RENT,0.0,17.0,10.0,0.0,9.0,105.0,5.0,5450.11,27965.69,4742.34,Source Verified,debt_consolidation
9500.0,60.0,23753.34,17.5,660.0,7.0,RENT,0.0,11.0,7.0,2.0,2.0,84.0,1.0,5200.16,25959.55,6035.29,Not Verified,other
18300.0,60.0,50612.22,33.87,635.0,3.0,RENT,0.0,10.0,9.0,5.0,14.0,14.0,0.0,741.16,3388.63,7162.75,Source Verified,other
17800.0,60.0,47392.79,44.45,640.0,1.0,RENT,0.0,1.0,15.0,4.0,14.0,31.0,1.0,2327.2,26002.75,6698.78,Verified,small_business
15800.0,36.0,38418.11,26.42,639.0,0.0,MORTGAGE,1.0,10.0,4.0,4.0,7.0,42.0,3.0,7308.97,75366.99,2699.43,Not Verified,debt_consolidation
27300.0,60.0,72718.64,14.73,637.0,2.0,MORTGAGE,0.0,12.0,9.0,1.0,12.0,168.0,4.0,969.9,5231.62,5984.38,Verified,small_business
9200.0,60.0,28837.29,16.91,647.0,7.0,MORTGAGE,0.0,12.0,10.0,6.0,12.0,129.0,1.0,2059.46,21071.69,4528.98,Source Verified,debt_consolidation
21500.0,60.0,51783.25,36.96,698.0,1.0,MORTGAGE,0.0,7.0,11.0,8.0,6.0,55.0,2.0,3254.25,28426.45,7571.14,Source Verified,other
26700.0,36.0,70728.25,33.72,696.0,0.0,OWN,0.0,11.0,9.0,4.0,10.0,122.0,0.0,644.08,3625.71,5511.82,Verified,debt_consolidation
16000.0,60.0,45074.87,24.61,652.0,8.0,RENT,0.0,6.0,16.0,7.0,0.0,110.0,0.0,4002.0,44572.11,10678.58,Verified,home_improvement
8000.0,36.0,17188.57,27.07,659.0,7.0,OWN,0.0,10.0,13.0,4.0,9.0,12.0,2.0,3222.25,30049.72,17427.46,Not Verified,debt_consolidation
16900.0,60.0,48373.11,21.41,677.0,2.0,MORTGAGE,0.0,5.0,7.0,0.0,4.0,161.0,6.0,3110.93,23586.3,1879.17,Verified,small_business
11700.0,36.0,40496.35,28.48,640.0,0.0,OWN,0.0,5.0,9.0,8.0,0.0,80.0,2.0,1297.19,13615.22,3454.66,Not Verified,small_business
35800.0,60.0,94992.92,18.7,631.0,0.0,RENT,1.0,8.0,4.0,1.0,16.0,44.0,1.0,14865.58,89175.86,2370.38,Source Verified,small_business
23800.0,36.0,47679.57,30.96,641.0,0.0,RENT,0.0,5.0,10.0,7.0,2.0,38.0,2.0,1812.85,10672.93,2816.9,Not Verified,credit_card
8800.0,60.0,25099.44,24.49,654.0,1.0,RENT,0.0,11.0,10.0,3.0,2.0,117.0,3.0,1326.12,13663.2,1992.28,Verified,other
18100.0,60.0,42694.33,39.43,639.0,7.0,RENT,0.0,8.0,12.0,0.0,16.0,138.0,7.0,2061.46,24113.8,5870.76,Source Verified,debt_consolidation
23600.0,60.0,56801.88,25.55,676.0,1.0,RENT,0.0,9.0,17.0,1.0,8.0,124.0,5.0,12185.54,66490.31,6072.99,Not Verified,other
26500.0,60.0,65971.81,32.0,680.0,7.0,RENT,0.0,13.0,8.0,6.0,4.0,93.0,0.0,1919.13,12925.55,5246.46,Verified,small_business
14100.0,36.0,33247.16,27.98,694.0,1.0,RENT,0.0,9.0,10.0,1.0,6.0,161.0,4.0,417.09,4321.89,10095.86,Not Verified,debt_consolidation
10000.0,36.0,22051.38,21.67,649.0,10.0,RENT,2.0,12.0,10.0,0.0,4.0,106.0,2.0,3409.01,36285.21,3316.88,Verified,credit_card
14300.0,60.0,39237.88,34.34,657.0,4.0,OWN,0.0,11.0,6.0,0.0,7.0,35.0,5.0,5278.67,35493.2,2392.12,Not Verified,debt_consolidation
13300.0,60.0,37564.68,33.74,704.0,8.0,RENT,0.0,7.0,7.0,3.0,23.0,130.0,4.0,1639.77,15850.04,3356.66,Verified,debt_consolidation
10500.0,60.0,26423.96,26.37,636.0,0.0,OWN,0.0,5.0,9.0,2.0,11.0,147.0,2.0,1363.66,9095.37,15724.14,Verified,debt_consolidation
14000.0,60.0,29266.42,41.87,662.0,4.0,RENT,1.0,10.0,13.0,3.0,7.0,87.0,6.0,7987.08,83146.42,1438.16,Not Verified,debt_consolidation
16400.0,60.0,40285.7,33.1,686.0,6.0,OWN,1.0,8.0,7.0,3.0,0.0,110.0,0.0,3101.3,14829.03,956.4,Verified,small_business
31000.0,60.0,85186.01,17.79,626.0,3.0,RENT,0.0,8.0,6.0,2.0,19.0,30.0,1.0,11834.93,84169.47,8887.05,Source Verified,credit_card
29100.0,60.0,65964.05,30.26,656.0,3.0,RENT,0.0,7.0,13.0,2.0,8.0,159.0,4.0,1803.26,9387.4,6294.03,Not Verified,credit_card
28000.0,36.0,66251.6,34.07,676.0,6.0,RENT,0.0,15.0,13.0,7.0,14.0,32.0,4.0,5186.21,34109.34,7000.96,Verified,credit_card
20100.0,36.0,44842.24,26.84,626.0,0.0,OWN,0.0,6.0,13.0,2.0,17.0,131.0,1.0,956.56,4724.03,1089.81,Source Verified,small_business
19000.0,60.0,51433.91,30.81,662.0,6.0,OWN,0.0,11.0,8.0,2.0,5.0,78.0,3.0,3206.65,20129.63,11197.0,Not Verified,debt_consolidation
15700.0,36.0,41727.81,39.9,669.0,2.0,OWN,0.0,9.0,14.0,3.0,12.0,42.0,0.0,3380.6,39409.54,1413.97,Source Verified,debt_consolidation
29900.0,60.0,75339.77,32.87,692.0,9.0,RENT,0.0,10.0,12.0,1.0,10.0,175.0,5.0,4681.79,48997.7,8480.15,Verified,debt_consolidation
14100.0,60.0,32316.5,38.95,643.0,3.0,RENT,1.0,7.0,11.0,3.0,3.0,41.0,3.0,3040.3,12929.45,20737.52,Not Verified,home_improvement
14200.0,36.0,39315.1,30.38,691.0,1.0,MORTGAGE,1.0,7.0,12.0,4.0,8.0,109.0,9.0,3038.4,29268.83,2337.97,Verified,small_business
14200.0,60.0,36236.76,9.63,726.0,5.0,RENT,0.0,9.0,11.0,0.0,6.0,12.0,0.0,2331.89,20860.72,26137.08,Not Verified,debt_consolidation
31200.0,60.0,74532.22,22.38,624.0,3.0,RENT,0.0,10.0,10.0,2.0,0.0,51.0,2.0,916.76,9057.37,14800.74,Verified,debt_consolidation
15200.0,60.0,45832.36,10.02,643.0,5.0,OWN,0.0,6.0,12.0,3.0,0.0,79.0,1.0,2635.85,21660.9,5068.76,Not Verified,home_improvement
16900.0,36.0,40666.12,39.82,639.0,5.0,RENT,1.0,6.0,6.0,0.0,13.0,170.0,2.0,11531.23,110327.66,9107.02,Not Verified,debt_consolidation
17300.0,60.0,49138.37,23.81,630.0,2.0,OWN,0.0,8.0,8.0,6.0,0.0,37.0,5.0,8362.68,62112.43,1448.71,Verified,small_business
20300.0,60.0,53101.74,27.33,673.0,2.0,RENT,0.0,9.0,9.0,0.0,0.0,207.0,0.0,2712.8,17308.72,9328.59,Not Verified,debt_consolidation
9000.0,36.0,31609.96,20.31,655.0,0.0,RENT,0.0,2.0,5.0,3.0,17.0,89.0,2.0,2964.05,18537.01,9099.66,Not Verified,debt_consolidation
26600.0,60.0,74630.09,17.34,685.0,7.0,RENT,0.0,2.0,9.0,2.0,7.0,194.0,1.0,831.36,4638.08,7200.6,Not Verified,credit_card
14000.0,60.0,26696.98,13.38,619.0,0.0,OWN,0.0,4.0,11.0,5.0,1.0,158.0,0.0,2161.94,19013.33,3550.66,Source Verified,small_business
9900.0,36.0,23391.02,27.78,721.0,2.0,RENT,0.0,6.0,11.0,5.0,4.0,76.0,0.0,2337.76,27293.28,6390.44,Source Verified,debt_consolidation
6500.0,60.0,19847.07,27.77,610.0,3.0,RENT,0.0,12.0,12.0,2.0,3.0,186.0,4.0,3757.3,18492.71,7374.02,Source Verified,credit_card
20600.0,60.0,52300.24,31.32,633.0,3.0,MORTGAGE,0.0,3.0,17.0,5.0,14.0,26.0,0.0,3398.64,40719.25,2210.02,Not Verified,small_business
10700.0,60.0,27365.03,31.47,690.0,10.0,RENT,0.0,7.0,10.0,5.0,15.0,139.0,7.0,1361.58,11963.68,6677.16,Source Verified,small_business
16800.0,36.0,39928.05,6.52,661.0,2.0,RENT,0.0,5.0,9.0,0.0,11.0,88.0,3.0,4124.13,20337.95,14285.16,Source Verified,other
6900.0,60.0,21958.64,29.79,650.0,10.0,RENT,1.0,10.0,10.0,2.0,9.0,128.0,5.0,1609.41,18749.57,4800.49,Source Verified,other
13800.0,60.0,38984.36,27.72,610.0,8.0,OWN,0.0,12.0,7.0,2.0,7.0,127.0,3.0,1627.75,10614.5,5067.37,Source Verified,small_business
10600.0,60.0,19575.95,30.02,656.0,4.0,OWN,0.0,7.0,19.0,4.0,0.0,145.0,0.0,1252.52,6034.98,670.58,Source Verified,credit_card
8000.0,36.0,29112.57,31.46,653.0,5.0,RENT,0.0,14.0,4.0,6.0,6.0,127.0,2.0,12422.8,89158.82,1323.59,Source Verified,home_improvement
19700.0,60.0,51451.8,25.81,654.0,7.0,OWN,0.0,9.0,9.0,3.0,0.0,139.0,2.0,5361.34,39528.55,4564.46,Verified,other
12500.0,60.0,31775.63,38.16,658.0,5.0,RENT,0.0,10.0,11.0,1.0,7.0,111.0,1.0,1622.76,11301.56,7567.26,Source Verified,small_business
20800.0,60.0,52642.51,32.68,640.0,0.0,RENT,0.0,16.0,13.0,0.0,12.0,90.0,11.0,4706.93,34750.47,7644.55,Source Verified,debt_consolidation
10600.0,36.0,29799.14,23.37,687.0,8.0,MORTGAGE,0.0,10.0,16.0,3.0,20.0,59.0,0.0,3126.14,20235.78,7390.66,Not Verified,other
8000.0,60.0,25118.04,32.57,662.0,5.0,OWN,1.0,16.0,13.0,3.0,5.0,171.0,5.0,1609.75,16965.74,26961.39,Source Verified,small_business
12000.0,60.0,36632.69,17.18,652.0,7.0,RENT,0.0,12.0,4.0,0.0,14.0,115.0,0.0,1847.99,12653.95,4176.27,Not Verified,small_business
18900.0,60.0,53049.96,44.85,630.0,3.0,OWN,1.0,3.0,9.0,2.0,0.0,47.0,7.0,1962.25,13858.8,8334.65,Not Verified,small_business
13600.0,60.0,43917.33,15.56,711.0,0.0,RENT,1.0,10.0,12.0,1.0,0.0,45.0,2.0,1022.9,7062.01,6661.45,Not Verified,home_improvement
16100.0,36.0,45717.79,43.14,618.0,2.0,RENT,0.0,6.0,12.0,3.0,0.0,18.0,6.0,3480.33,20756.52,938.87,Verified,debt_consolidation
11800.0,60.0,39550.08,29.49,672.0,9.0,RENT,0.0,7.0,11.0,0.0,21.0,151.0,4.0,6487.81,31782.05,5479.83,Verified,small_business
9400.0,36.0,30068.33,15.42,677.0,5.0,OWN,0.0,10.0,13.0,0.0,15.0,146.0,9.0,2092.01,16206.75,3700.27,Not Verified,other
19300.0,36.0,53641.41,31.8,654.0,9.0,OWN,0.0,14.0,12.0,3.0,14.0,94.0,2.0,2388.14,20096.66,7980.68,Verified,small_business
8600.0,60.0,22438.85,27.31,683.0,7.0,RENT,0.0,7.0,7.0,2.0,19.0,95.0,2.0,2768.78,14789.19,9091.13,Verified,small_business
16500.0,60.0,39685.98,35.58,622.0,5.0,OWN,1.0,1.0,13.0,5.0,16.0,107.0,1.0,2623.66,20819.63,4985.31,Source Verified,debt_consolidation
20100.0,36.0,45750.78,34.11,638.0,2.0,RENT,0.0,9.0,10.0,0.0,5.0,94.0,7.0,2937.11,34185.37,13208.75,Not Verified,debt_consolidation
14300.0,60.0,32438.12,23.79,642.0,2.0,OWN,2.0,5.0,16.0,0.0,6.0,115.0,0.0,3610.46,16976.68,10246.23,Not Verified,small_business
12700.0,36.0,31610.67,32.09,684.0,2.0,OWN,0.0,16.0,14.0,4.0,3.0,79.0,5.0,3051.47,18125.02,3713.19,Verified,credit_card
24200.0,60.0,59847.3,40.44,615.0,6.0,OWN,1.0,7.0,6.0,5.0,3.0,146.0,1.0,3570.19,15836.22,1774.23,Not Verified,other
24000.0,36.0,62093.56,26.07,635.0,7.0,RENT,0.0,0.0,17.0,0.0,0.0,46.0,5.0,1913.02,11872.27,10149.19,Source Verified,home_improvement
23100.0,36.0,67328.76,37.21,639.0,6.0,RENT,0.0,5.0,7.0,2.0,4.0,12.0,2.0,1036.61,4738.35,3493.1,Source Verified,credit_card
18000.0,60.0,37576.89,19.33,660.0,5.0,RENT,0.0,8.0,17.0,0.0,3.0,163.0,0.0,8529.65,36615.6,9840.64,Source Verified,debt_consolidation
9700.0,36.0,24659.53,9.92,672.0,3.0,RENT,0.0,5.0,9.0,4.0,0.0,97.0,0.0,5964.19,63834.18,13860.29,Not Verified,debt_consolidation
12600.0,60.0,39286.85,22.84,666.0,0.0,RENT,0.0,7.0,3.0,0.0,9.0,177.0,7.0,1909.3,21387.95,6828.16,Verified,credit_card
23500.0,60.0,60665.45,30.21,687.0,4.0,RENT,2.0,12.0,13.0,7.0,5.0,148.0,2.0,705.31,3266.33,2091.29,Verified,other
14100.0,36.0,28588.1,32.95,656.0,3.0,MORTGAGE,0.0,7.0,14.0,4.0,0.0,117.0,6.0,1477.92,8248.87,4299.87,Verified,small_business
27900.0,60.0,70055.49,39.86,638.0,9.0,RENT,0.0,10.0,6.0,0.0,25.0,101.0,1.0,1795.53,12132.02,4179.0,Not Verified,debt_consolidation
14100.0,60.0,40119.49,22.76,677.0,5.0,MORTGAGE,0.0,7.0,12.0,0.0,19.0,61.0,0.0,2038.06,16453.4,3237.29,Not Verified,other
22300.0,60.0,65502.29,25.67,656.0,1.0,RENT,0.0,8.0,6.0,0.0,18.0,112.0,3.0,896.93,5378.29,1855.49,Verified,credit_card
9700.0,36.0,29671.52,29.04,654.0,3.0,OWN,0.0,12.0,11.0,2.0,4.0,52.0,0.0,7572.2,86867.47,2487.11,Verified,small_business
13700.0,60.0,32316.65,39.59,651.0,3.0,RENT,0.0,8.0,5.0,0.0,0.0,173.0,3.0,2549.6,13145.49,4721.72,Source Verified,debt_consolidation
20400.0,36.0,54381.7,26.04,672.0,6.0,RENT,1.0,13.0,1.0,1.0,6.0,28.0,4.0,1147.81,10934.3,5289.22,Source Verified,other
15900.0,60.0,38859.52,24.99,655.0,1.0,RENT,0.0,11.0,13.0,3.0,2.0,154.0,0.0,1135.27,13444.84,7668.67,Not Verified,other
20900.0,36.0,56136.51,38.98,610.0,1.0,RENT,0.0,3.0,8.0,2.0,0.0,166.0,1.0,1861.97,16916.63,2293.16,Verified,small_business
22600.0,36.0,56035.36,25.03,619.0,6.0,RENT,0.0,14.0,3.0,2.0,10.0,55.0,1.0,1443.2,16020.29,2145.71,Source Verified,small_business
9800.0,60.0,24471.3,34.56,622.0,0.0,RENT,0.0,10.0,10.0,3.0,0.0,41.0,8.0,27326.33,295564.0,10675.85,Verified,small_business
9000.0,36.0,26171.66,17.57,641.0,3.0,RENT,0.0,4.0,11.0,0.0,6.0,59.0,6.0,7505.92,83563.21,8140.11,Not Verified,other
28100.0,60.0,70669.11,26.52,690.0,5.0,MORTGAGE,0.0,0.0,11.0,0.0,8.0,81.0,3.0,2720.24,23537.12,4101.31,Not Verified,debt_consolidation
15700.0,60.0,30448.07,27.9,650.0,5.0,MORTGAGE,0.0,6.0,5.0,5.0,0.0,128.0,0.0,3778.45,29874.74,6616.49,Verified,small_business
14000.0,36.0,27907.7,9.94,627.0,1.0,MORTGAGE,0.0,4.0,9.0,2.0,13.0,129.0,0.0,4824.88,32476.32,6325.03,Source Verified,credit_card
14700.0,36.0,28341.81,49.42,610.0,2.0,OWN,0.0,11.0,11.0,6.0,12.0,16.0,7.0,1215.65,12185.16,6913.42,Source Verified,debt_consolidation
19600.0,60.0,54222.5,29.51,640.0,3.0,MORTGAGE,1.0,6.0,17.0,3.0,12.0,46.0,4.0,2093.28,16731.99,8637.36,Source Verified,small_business
13000.0,36.0,32920.93,30.61,648.0,2.0,RENT,0.0,10.0,6.0,4.0,0.0,27.0,1.0,9591.68,103895.72,8846.84,Verified,small_business
18900.0,60.0,52523.34,24.68,621.0,3.0,MORTGAGE,0.0,10.0,2.0,7.0,8.0,95.0,6.0,2960.13,13636.53,3716.59,Source Verified,debt_consolidation
30100.0,36.0,78402.69,39.41,664.0,3.0,RENT,1.0,12.0,6.0,2.0,0.0,78.0,5.0,15605.63,110373.18,1156.73,Source Verified,debt_consolidation
23100.0,60.0,60352.4,28.37,667.0,8.0,OWN,0.0,7.0,7.0,1.0,6.0,96.0,4.0,723.81,8259.34,2550.64,Not Verified,debt_consolidation
1700.0,60.0,14011.27,35.91,614.0,7.0,RENT,0.0,7.0,11.0,0.0,16.0,12.0,8.0,7018.9,35330.8,16832.3,Not Verified,other
28400.0,60.0,77549.6,30.53,650.0,4.0,MORTGAGE,0.0,7.0,16.0,2.0,11.0,88.0,7.0,7056.24,71540.75,13633.55,Not Verified,other
18600.0,60.0,54498.97,28.0,688.0,8.0,MORTGAGE,1.0,7.0,8.0,0.0,14.0,80.0,7.0,2026.84,20213.72,2828.85,Verified,small_business
10600.0,36.0,32382.55,18.19,696.0,2.0,MORTGAGE,1.0,2.0,5.0,6.0,9.0,191.0,1.0,1083.46,7561.84,1676.56,Source Verified,other
15200.0,60.0,49006.08,23.34,619.0,2.0,MORTGAGE,1.0,5.0,9.0,3.0,0.0,73.0,10.0,10148.79,105162.69,3163.58,Verified,debt_consolidation
27400.0,36.0,78484.63,39.82,657.0,0.0,RENT,0.0,5.0,6.0,2.0,8.0,27.0,6.0,3254.53,27901.9,15757.59,Verified,other
17300.0,60.0,47059.68,48.81,665.0,1.0,RENT,0.0,14.0,3.0,6.0,1.0,114.0,0.0,5228.53,62472.28,7265.58,Source Verified,credit_card
17400.0,60.0,38003.65,29.94,632.0,6.0,MORTGAGE,0.0,10.0,10.0,3.0,0.0,83.0,5.0,698.44,5133.35,9799.05,Verified,home_improvement
13400.0,60.0,35771.55,28.64,615.0,9.0,RENT,0.0,7.0,6.0,3.0,12.0,48.0,0.0,7644.24,35818.49,8131.19,Not Verified,debt_consolidation
10400.0,36.0,37442.21,35.25,668.0,2.0,MORTGAGE,0.0,10.0,7.0,2.0,0.0,47.0,6.0,8928.11,64829.7,2126.22,Source Verified,other
13500.0,60.0,42047.25,35.71,637.0,10.0,MORTGAGE,2.0,10.0,10.0,0.0,12.0,28.0,0.0,1972.0,23472.11,690.25,Verified,debt_consolidation
16200.0,36.0,41241.03,27.24,639.0,8.0,OWN,0.0,7.0,6.0,1.0,23.0,121.0,0.0,1350.31,11823.12,4767.89,Source Verified,debt_consolidation
22800.0,60.0,58752.78,25.15,663.0,1.0,RENT,1.0,15.0,10.0,4.0,7.0,41.0,3.0,7274.38,48039.06,5688.7,Source Verified,debt_consolidation
24200.0,60.0,69880.39,50.0,681.0,1.0,RENT,1.0,10.0,9.0,0.0,9.0,112.0,4.0,4379.7,33727.23,4469.71,Source Verified,credit_card
15800.0,60.0,33322.44,31.67,632.0,3.0,MORTGAGE,0.0,14.0,11.0,0.0,0.0,44.0,4.0,5578.66,39331.66,3968.81,Not Verified,other
23500.0,60.0,57189.93,32.96,664.0,4.0,RENT,0.0,5.0,15.0,2.0,19.0,12.0,2.0,4127.13,41893.77,29069.69,Source Verified,debt_consolidation
28500.0,60.0,73349.87,24.64,610.0,4.0,MORTGAGE,0.0,5.0,5.0,5.0,4.0,76.0,11.0,912.65,5347.64,7654.27,Not Verified,small_business
9900.0,60.0,24688.93,14.68,660.0,2.0,MORTGAGE,1.0,7.0,10.0,3.0,0.0,69.0,1.0,1939.18,17142.09,32918.1,Verified,debt_consolidation
21800.0,36.0,62548.64,22.16,624.0,0.0,RENT,0.0,2.0,11.0,5.0,10.0,104.0,1.0,4334.83,19239.82,5209.11,Not Verified,other
13000.0,60.0,39502.72,19.34,690.0,4.0,OWN,1.0,10.0,9.0,0.0,3.0,12.0,1.0,1483.15,8120.31,10799.13,Source Verified,other
23700.0,36.0,60733.43,29.11,667.0,0.0,RENT,0.0,14.0,10.0,4.0,19.0,50.0,3.0,2953.22,23245.72,11743.67,Source Verified,small_business
35700.0,60.0,89253.88,26.6,666.0,1.0,RENT,0.0,2.0,19.0,0.0,23.0,80.0,0.0,1070.29,9477.54,12330.54,Verified,other
22600.0,60.0,58039.52,8.96,666.0,0.0,RENT,1.0,8.0,11.0,0.0,6.0,129.0,0.0,3220.51,38012.55,6410.58,Not Verified,other
16100.0,60.0,40653.78,30.88,669.0,3.0,RENT,0.0,9.0,4.0,4.0,12.0,66.0,5.0,1015.74,10904.84,7407.28,Source Verified,other
22600.0,60.0,63959.0,19.84,634.0,3.0,RENT,0.0,5.0,7.0,4.0,5.0,150.0,1.0,7450.06,62050.53,4691.31,Source Verified,small_business
9200.0,60.0,26033.14,20.84,648.0,3.0,RENT,1.0,6.0,5.0,5.0,9.0,181.0,0.0,3728.56,29814.79,3112.64,Verified,small_business
17200.0,60.0,43307.06,39.7,689.0,4.0,OWN,0.0,10.0,15.0,2.0,11.0,79.0,0.0,4184.62,38623.04,7101.11,Verified,small_business
18500.0,60.0,54022.43,23.42,656.0,7.0,MORTGAGE,0.0,10.0,11.0,2.0,18.0,61.0,8.0,814.14,8618.53,3805.08,Source Verified,debt_consolidation
10800.0,60.0,32220.69,26.36,663.0,8.0,RENT,0.0,13.0,9.0,3.0,0.0,166.0,4.0,3604.0,26241.28,1860.69,Verified,small_business
15000.0,60.0,34862.64,30.44,648.0,9.0,MORTGAGE,0.0,8.0,5.0,4.0,11.0,124.0,0.0,1350.95,5470.05,9563.19,Verified,other
16100.0,60.0,45764.61,30.21,671.0,2.0,MORTGAGE,0.0,5.0,12.0,0.0,0.0,62.0,0.0,1025.94,5789.85,1345.18,Source Verified,credit_card
25200.0,60.0,58521.23,27.47,669.0,2.0,RENT,0.0,11.0,7.0,1.0,0.0,133.0,1.0,3517.24,16780.66,1834.19,Source Verified,small_business
20200.0,60.0,52417.36,31.22,652.0,4.0,RENT,0.0,5.0,11.0,0.0,0.0,124.0,3.0,2946.05,28368.48,15694.77,Not Verified,small_business
14000.0,60.0,30547.31,33.49,712.0,5.0,OWN,0.0,7.0,11.0,1.0,9.0,89.0,1.0,1845.15,21105.68,18425.57,Not Verified,debt_consolidation
15300.0,36.0,40545.49,11.39,658.0,10.0,RENT,0.0,6.0,14.0,0.0,10.0,93.0,2.0,9246.05,79434.0,1763.33,Verified,credit_card
29700.0,60.0,74563.29,35.38,694.0,4.0,RENT,0.0,13.0,9.0,0.0,0.0,45.0,5.0,1752.99,10744.41,6422.31,Verified,small_business
24700.0,36.0,67692.03,34.16,662.0,9.0,RENT,0.0,10.0,5.0,5.0,15.0,160.0,3.0,2250.88,20994.58,1469.6,Source Verified,debt_consolidation
11600.0,60.0,25215.49,32.63,666.0,0.0,RENT,0.0,5.0,6.0,1.0,1.0,121.0,2.0,2899.36,19545.23,4828.73,Source Verified,debt_consolidation
11400.0,60.0,33962.96,33.01,642.0,0.0,OWN,0.0,11.0,13.0,2.0,10.0,86.0,7.0,4530.34,35547.58,12744.31,Source Verified,debt_consolidation
24900.0,60.0,68559.0,28.05,627.0,6.0,RENT,0.0,10.0,6.0,4.0,21.0,171.0,4.0,1453.84,7554.69,3028.92,Not Verified,home_improvement
12800.0,36.0,32172.93,8.55,647.0,7.0,MORTGAGE,0.0,7.0,9.0,0.0,0.0,68.0,1.0,3766.54,36626.32,5024.79,Not Verified,other
10300.0,36.0,31374.02,35.36,628.0,8.0,RENT,0.0,10.0,3.0,1.0,0.0,75.0,1.0,2031.59,10797.12,4536.38,Source Verified,other
31200.0,36.0,86134.34,28.03,610.0,4.0,OWN,0.0,6.0,10.0,0.0,7.0,65.0,2.0,618.24,6377.78,2475.87,Source Verified,other
22200.0,36.0,58316.34,26.47,679.0,2.0,OWN,1.0,9.0,6.0,1.0,13.0,174.0,6.0,6271.05,60010.03,2365.58,Not Verified,small_business
40000.0,60.0,107680.33,21.77,610.0,0.0,MORTGAGE,0.0,10.0,16.0,3.0,0.0,114.0,2.0,1048.37,9004.73,7349.62,Not Verified,small_business
23700.0,60.0,56022.76,14.08,624.0,0.0,RENT,1.0,14.0,7.0,0.0,5.0,103.0,3.0,1936.97,8690.05,14849.72,Source Verified,other
14700.0,60.0,38961.15,23.28,645.0,7.0,RENT,0.0,8.0,9.0,4.0,0.0,24.0,6.0,4598.96,54253.31,2493.12,Verified,home_improvement
10600.0,60.0,30839.89,27.84,741.0,2.0,RENT,1.0,9.0,13.0,0.0,8.0,14.0,5.0,2725.18,24366.24,5739.92,Source Verified,small_business
25700.0,60.0,74733.15,26.52,616.0,2.0,MORTGAGE,0.0,8.0,12.0,3.0,3.0,81.0,9.0,7102.52,50099.07,5601.43,Source Verified,debt_consolidation
12200.0,36.0,37450.18,14.18,660.0,4.0,OWN,0.0,7.0,9.0,1.0,8.0,83.0,5.0,3092.38,13815.69,1822.2,Source Verified,debt_consolidation
21300.0,36.0,57680.0,24.88,638.0,2.0,RENT,1.0,12.0,7.0,2.0,0.0,67.0,0.0,3440.32,25089.3,2699.44,Not Verified,credit_card
16800.0,60.0,39956.41,32.42,642.0,4.0,RENT,0.0,7.0,5.0,2.0,14.0,179.0,8.0,2695.28,18664.29,10812.72,Not Verified,other
19000.0,60.0,47617.33,35.34,681.0,0.0,MORTGAGE,1.0,5.0,12.0,4.0,5.0,90.0,4.0,860.89,4563.3,28689.89,Source Verified,small_business
11100.0,60.0,36941.27,31.92,651.0,0.0,RENT,2.0,12.0,7.0,0.0,8.0,136.0,3.0,13597.15,127109.22,5025.44,Verified,small_business
16700.0,60.0,47016.02,25.1,662.0,2.0,RENT,1.0,9.0,7.0,0.0,11.0,141.0,5.0,3231.54,37416.73,13090.25,Source Verified,other
11300.0,60.0,35439.66,23.71,628.0,3.0,RENT,0.0,8.0,9.0,2.0,16.0,99.0,4.0,6277.34,53057.95,10666.79,Not Verified,debt_consolidation
12600.0,60.0,29893.95,28.82,645.0,7.0,OWN,0.0,8.0,9.0,0.0,0.0,12.0,0.0,4289.27,20784.08,13037.42,Verified,small_business
19600.0,60.0,53073.41,42.05,683.0,4.0,MORTGAGE,0.0,9.0,15.0,2.0,15.0,184.0,2.0,1160.77,9363.22,5945.98,Verified,debt_consolidation
17800.0,36.0,38535.65,25.5,616.0,6.0,OWN,0.0,10.0,6.0,2.0,12.0,102.0,1.0,2045.57,15315.46,22907.49,Not Verified,debt_consolidation
27500.0,36.0,69574.18,30.41,654.0,1.0,MORTGAGE,0.0,6.0,10.0,2.0,0.0,36.0,5.0,5496.09,28580.47,5558.46,Verified,debt_consolidation
22300.0,60.0,56538.64,25.32,617.0,9.0,MORTGAGE,0.0,10.0,9.0,2.0,6.0,131.0,0.0,838.12,7674.36,3070.58,Verified,small_business
16900.0,60.0,29879.94,9.69,681.0,1.0,RENT,0.0,6.0,11.0,4.0,12.0,203.0,0.0,77027.24,682473.85,7946.88,Verified,small_business
9700.0,60.0,19941.81,34.79,626.0,5.0,RENT,0.0,10.0,12.0,0.0,0.0,105.0,0.0,914.5,7695.52,3994.6,Not Verified,other
14200.0,60.0,32569.29,31.54,642.0,3.0,MORTGAGE,0.0,6.0,16.0,1.0,5.0,87.0,9.0,8136.36,78848.74,11545.64,Verified,other
15600.0,60.0,43865.24,26.47,693.0,0.0,RENT,0.0,16.0,13.0,2.0,0.0,120.0,2.0,774.02,6838.65,1926.01,Not Verified,credit_card
18400.0,60.0,48330.76,22.73,683.0,5.0,MORTGAGE,0.0,10.0,6.0,2.0,0.0,48.0,0.0,2550.48,23396.46,10289.41,Source Verified,small_business
10000.0,60.0,25623.54,29.39,677.0,2.0,RENT,0.0,14.0,18.0,3.0,10.0,121.0,3.0,1179.26,11011.13,8171.75,Source Verified,home_improvement
10900.0,60.0,25183.57,25.02,644.0,7.0,MORTGAGE,0.0,10.0,0.0,0.0,4.0,139.0,0.0,1238.74,7305.15,7526.37,Verified,home_improvement
21400.0,36.0,65407.91,25.78,664.0,4.0,RENT,0.0,8.0,7.0,0.0,8.0,88.0,3.0,8925.62,35959.68,8135.47,Source Verified,debt_consolidation
9300.0,36.0,25201.1,23.06,666.0,6.0,RENT,0.0,11.0,0.0,2.0,0.0,99.0,4.0,3183.61,14502.38,12084.83,Not Verified,small_business
10900.0,36.0,34646.62,33.05,694.0,6.0,RENT,0.0,8.0,9.0,5.0,3.0,91.0,3.0,3312.6,38560.7,2753.33,Source Verified,debt_consolidation
13200.0,60.0,38143.0,18.03,694.0,8.0,RENT,1.0,6.0,10.0,7.0,4.0,134.0,6.0,10762.85,112976.89,36322.48,Source Verified,small_business
23000.0,60.0,58829.2,16.62,642.0,1.0,RENT,0.0,11.0,9.0,0.0,21.0,206.0,3.0,5178.86,41521.66,19024.18,Verified,home_improvement
6700.0,60.0,27538.28,32.04,618.0,4.0,OWN,1.0,11.0,6.0,1.0,5.0,48.0,1.0,1357.36,12755.64,4405.56,Source Verified,small_business
12800.0,60.0,30517.68,16.11,660.0,3.0,RENT,0.0,9.0,10.0,2.0,4.0,150.0,1.0,1789.15,19511.6,28605.43,Not Verified,credit_card
31600.0,36.0,86167.15,29.36,667.0,5.0,RENT,1.0,4.0,14.0,2.0,3.0,119.0,0.0,8035.51,56149.64,7516.23,Not Verified,debt_consolidation
18200.0,36.0,44494.48,26.56,624.0,1.0,RENT,2.0,9.0,7.0,1.0,0.0,135.0,4.0,3084.15,17932.88,4109.69,Verified,debt_consolidation
22300.0,60.0,62067.78,27.31,635.0,6.0,RENT,2.0,11.0,11.0,4.0,5.0,39.0,3.0,3781.11,42962.99,5468.68,Not Verified,credit_card
11100.0,60.0,31158.48,15.96,679.0,2.0,RENT,0.0,10.0,8.0,6.0,10.0,72.0,10.0,3182.53,21187.93,7362.48,Verified,debt_consolidation
16300.0,60.0,38225.07,26.81,671.0,4.0,OWN,1.0,4.0,10.0,0.0,0.0,112.0,3.0,1134.74,12718.66,911.19,Source Verified,credit_card
19300.0,60.0,49662.76,35.98,665.0,3.0,RENT,0.0,10.0,12.0,0.0,19.0,114.0,4.0,3408.01,39892.51,11318.9,Verified,other
17000.0,60.0,40847.32,19.06,672.0,3.0,RENT,1.0,12.0,13.0,0.0,0.0,123.0,0.0,411.25,3408.97,8877.41,Not Verified,debt_consolidation
13900.0,36.0,28126.04,30.05,648.0,1.0,RENT,0.0,8.0,7.0,3.0,0.0,65.0,0.0,1505.8,14747.72,2112.59,Source Verified,small_business
20200.0,60.0,56681.07,27.89,628.0,4.0,RENT,0.0,15.0,1.0,0.0,5.0,81.0,9.0,1544.73,6621.61,8459.1,Source Verified,other
26500.0,60.0,71753.1,20.33,628.0,8.0,MORTGAGE,1.0,7.0,12.0,2.0,5.0,94.0,0.0,4096.05,32021.05,11282.98,Not Verified,small_business
9400.0,60.0,24723.69,32.46,659.0,0.0,RENT,0.0,9.0,5.0,0.0,16.0,162.0,5.0,4178.14,36317.98,7217.31,Not Verified,small_business
8100.0,36.0,25137.58,30.06,703.0,2.0,MORTGAGE,1.0,8.0,6.0,2.0,9.0,43.0,6.0,6873.26,44317.67,8854.09,Verified,small_business
13800.0,60.0,34021.95,12.27,656.0,0.0,MORTGAGE,1.0,11.0,11.0,1.0,14.0,116.0,3.0,575.11,4697.11,3800.2,Source Verified,debt_consolidation
16900.0,36.0,41183.84,33.27,672.0,4.0,RENT,0.0,12.0,8.0,0.0,11.0,131.0,4.0,5324.2,57897.95,6476.19,Verified,other
22400.0,36.0,63166.73,28.1,718.0,6.0,RENT,0.0,8.0,8.0,1.0,0.0,193.0,0.0,3245.62,29617.38,1201.92,Verified,debt_consolidation
15700.0,60.0,32879.69,29.03,674.0,5.0,RENT,0.0,3.0,10.0,2.0,0.0,75.0,4.0,2097.91,16128.8,3223.11,Source Verified,other
10300.0,60.0,23680.54,34.67,697.0,1.0,RENT,1.0,11.0,9.0,0.0,10.0,14.0,0.0,3328.86,27554.63,6736.46,Not Verified,small_business
22900.0,60.0,50664.81,24.33,678.0,0.0,RENT,0.0,7.0,5.0,2.0,6.0,12.0,8.0,1067.84,7853.55,4145.96,Not Verified,debt_consolidation
29000.0,60.0,74678.43,31.52,656.0,3.0,RENT,0.0,9.0,12.0,0.0,11.0,105.0,0.0,21925.35,232753.61,9811.64,Not Verified,small_business
22400.0,36.0,67036.67,27.83,635.0,6.0,OWN,0.0,15.0,13.0,2.0,5.0,82.0,3.0,2709.98,15159.44,7270.8,Source Verified,debt_consolidation
19500.0,60.0,51235.48,18.97,662.0,3.0,RENT,0.0,7.0,13.0,0.0,0.0,105.0,7.0,3261.66,22386.03,16556.93,Verified,other
8600.0,60.0,24309.8,22.2,717.0,2.0,RENT,2.0,18.0,15.0,4.0,0.0,136.0,0.0,1186.12,12086.55,9741.04,Verified,other
23500.0,36.0,55963.2,40.6,650.0,9.0,RENT,0.0,16.0,17.0,3.0,5.0,70.0,0.0,5581.46,35483.58,6224.55,Not Verified,credit_card
16000.0,60.0,45772.58,27.42,618.0,0.0,RENT,0.0,12.0,12.0,1.0,1.0,81.0,0.0,811.19,5271.44,3910.6,Source Verified,small_business
20400.0,60.0,44764.64,21.49,650.0,4.0,MORTGAGE,1.0,8.0,12.0,0.0,22.0,108.0,4.0,9949.15,92921.09,1097.57,Source Verified,debt_consolidation
28600.0,60.0,71251.53,29.53,634.0,8.0,RENT,0.0,8.0,9.0,6.0,13.0,53.0,4.0,2554.22,14645.6,1923.52,Verified,small_business
2800.0,36.0,15603.63,16.24,648.0,6.0,OWN,1.0,6.0,8.0,1.0,2.0,133.0,2.0,2400.37,9838.47,4687.89,Source Verified,credit_card
26000.0,36.0,65969.95,29.54,680.0,1.0,RENT,1.0,9.0,7.0,0.0,0.0,64.0,3.0,2316.83,27014.49,14141.82,Verified,debt_consolidation
23500.0,36.0,54550.65,27.83,649.0,5.0,RENT,1.0,17.0,9.0,2.0,11.0,92.0,7.0,4704.29,53729.49,1781.06,Verified,home_improvement
33600.0,36.0,84114.73,17.9,636.0,4.0,OWN,0.0,10.0,11.0,0.0,18.0,77.0,1.0,2682.34,22822.28,7303.24,Source Verified,debt_consolidation
4600.0,36.0,21436.15,36.71,672.0,1.0,RENT,0.0,8.0,11.0,3.0,4.0,42.0,2.0,4713.05,29298.05,5804.73,Verified,small_business
18300.0,60.0,55866.61,37.83,640.0,3.0,RENT,0.0,13.0,8.0,2.0,0.0,87.0,7.0,1021.53,10415.39,2251.27,Not Verified,debt_consolidation
25400.0,36.0,69048.73,26.34,673.0,8.0,RENT,0.0,7.0,6.0,2.0,12.0,73.0,7.0,2633.71,28097.82,4917.61,Source Verified,credit_card
13500.0,36.0,37761.97,21.11,615.0,2.0,RENT,1.0,9.0,9.0,2.0,18.0,24.0,1.0,2578.63,23755.11,15572.92,Source Verified,other
14100.0,60.0,43252.23,23.79,683.0,1.0,RENT,1.0,6.0,10.0,10.0,7.0,155.0,0.0,15732.24,124455.57,4421.58,Not Verified,other
8500.0,36.0,22852.4,38.26,629.0,0.0,MORTGAGE,0.0,7.0,14.0,0.0,0.0,99.0,3.0,5086.37,51073.83,1341.84,Source Verified,credit_card
24200.0,60.0,65930.03,18.11,660.0,2.0,MORTGAGE,1.0,10.0,4.0,6.0,0.0,156.0,3.0,4110.52,48108.77,4272.51,Not Verified,credit_card
16900.0,60.0,40556.8,42.16,676.0,4.0,RENT,1.0,13.0,9.0,0.0,10.0,35.0,5.0,3011.35,23658.35,3796.12,Verified,other
11900.0,60.0,40671.17,30.47,630.0,1.0,RENT,0.0,9.0,5.0,0.0,9.0,105.0,6.0,9914.55,111251.34,1764.98,Verified,small_business
9000.0,60.0,21702.09,12.11,689.0,5.0,RENT,0.0,10.0,7.0,2.0,7.0,49.0,5.0,5129.44,35262.12,19001.28,Source Verified,credit_card
9100.0,60.0,25453.59,45.2,636.0,6.0,RENT,0.0,14.0,6.0,8.0,19.0,55.0,1.0,4200.64,19011.61,12907.64,Verified,debt_consolidation
30500.0,60.0,84310.1,26.01,677.0,0.0,RENT,0.0,9.0,9.0,1.0,12.0,12.0,3.0,5315.45,63599.42,12670.85,Source Verified,other
26700.0,60.0,76141.42,30.09,650.0,8.0,MORTGAGE,0.0,7.0,6.0,4.0,10.0,66.0,6.0,10779.86,66070.68,5456.35,Verified,debt_consolidation
9100.0,36.0,31350.5,18.09,686.0,9.0,RENT,1.0,9.0,8.0,1.0,5.0,154.0,6.0,1799.31,12340.73,1844.2,Source Verified,debt_consolidation
18100.0,60.0,51196.19,34.22,674.0,3.0,RENT,0.0,9.0,9.0,1.0,2.0,153.0,8.0,1601.47,11807.68,3046.88,Verified,credit_card
28400.0,60.0,80641.24,29.4,646.0,8.0,RENT,0.0,9.0,10.0,3.0,8.0,146.0,0.0,5536.97,35369.46,4851.37,Not Verified,debt_consolidation
16500.0,36.0,36886.73,44.22,688.0,3.0,OWN,1.0,0.0,13.0,0.0,5.0,107.0,3.0,14354.04,145714.36,2192.02,Verified,debt_consolidation
6900.0,60.0,20965.36,19.53,649.0,6.0,MORTGAGE,0.0,9.0,8.0,6.0,5.0,65.0,5.0,3114.29,36120.76,6263.6,Verified,other
13700.0,60.0,31329.38,29.91,690.0,1.0,RENT,0.0,2.0,6.0,0.0,0.0,83.0,0.0,515.13,5686.52,5146.52,Source Verified,other
36800.0,60.0,99110.66,25.14,610.0,4.0,RENT,1.0,10.0,5.0,3.0,19.0,79.0,8.0,2820.04,26572.59,17263.66,Verified,small_business
10200.0,60.0,27698.98,26.4,634.0,3.0,MORTGAGE,0.0,13.0,10.0,5.0,0.0,185.0,1.0,2017.11,21201.59,6496.73,Not Verified,small_business
3200.0,60.0,14188.26,10.81,657.0,0.0,RENT,0.0,8.0,4.0,0.0,0.0,13.0,1.0,2190.94,16264.81,4147.22,Not Verified,credit_card
15500.0,36.0,36921.38,37.64,610.0,9.0,RENT,1.0,7.0,7.0,2.0,2.0,102.0,6.0,2380.73,18355.14,9649.01,Verified,small_business
17600.0,60.0,47974.36,46.06,639.0,4.0,OWN,0.0,16.0,10.0,2.0,10.0,137.0,5.0,4528.33,34382.17,20642.57,Source Verified,home_improvement
22300.0,36.0,55937.16,25.61,610.0,9.0,RENT,0.0,8.0,4.0,3.0,12.0,26.0,4.0,2518.37,11864.92,2064.55,Source Verified,small_business
24300.0,60.0,61278.12,34.47,624.0,9.0,OWN,0.0,7.0,9.0,0.0,0.0,154.0,2.0,8023.8,42927.39,3032.56,Verified,credit_card
10300.0,60.0,31374.12,36.88,642.0,1.0,RENT,0.0,6.0,7.0,0.0,17.0,79.0,6.0,4871.28,30942.97,26337.12,Not Verified,debt_consolidation
15500.0,60.0,34536.47,12.83,702.0,2.0,RENT,0.0,6.0,8.0,4.0,12.0,119.0,0.0,4805.24,33014.29,4564.47,Not Verified,debt_consolidation
20600.0,36.0,50425.27,34.74,670.0,9.0,RENT,1.0,4.0,7.0,6.0,14.0,102.0,2.0,1736.33,8506.74,3321.56,Source Verified,small_business
19600.0,36.0,45821.09,36.83,675.0,8.0,RENT,0.0,7.0,13.0,5.0,2.0,103.0,0.0,2331.25,22366.84,1545.36,Not Verified,other
5600.0,60.0,13827.57,27.62,610.0,7.0,OWN,0.0,8.0,8.0,2.0,8.0,82.0,4.0,4804.33,54711.42,3500.03,Source Verified,credit_card
9600.0,60.0,35531.03,21.6,666.0,9.0,RENT,0.0,14.0,11.0,8.0,14.0,86.0,0.0,7137.52,65944.82,3194.47,Not Verified,credit_card
17000.0,60.0,50647.36,32.06,653.0,3.0,RENT,1.0,12.0,12.0,0.0,0.0,89.0,2.0,1492.98,14363.03,5906.57,Verified,other
14100.0,60.0,33171.66,32.7,688.0,10.0,OWN,0.0,15.0,10.0,6.0,4.0,38.0,4.0,1608.8,16230.48,7221.2,Not Verified,debt_consolidation
31700.0,60.0,77954.85,20.99,624.0,0.0,RENT,0.0,8.0,12.0,1.0,9.0,73.0,0.0,2679.47,20101.3,3070.82,Verified,debt_consolidation
9600.0,60.0,28543.22,24.4,695.0,1.0,RENT,1.0,5.0,11.0,7.0,16.0,12.0,1.0,292.43,1990.52,9200.08,Source Verified,small_business
22700.0,36.0,59125.13,20.72,688.0,1.0,RENT,0.0,9.0,7.0,0.0,15.0,113.0,1.0,1819.67,17210.14,18359.99,Not Verified,credit_card
12400.0,60.0,33686.1,17.39,612.0,1.0,RENT,1.0,5.0,6.0,0.0,23.0,167.0,1.0,637.27,7036.01,2580.18,Verified,debt_consolidation
19200.0,36.0,44838.47,24.72,676.0,1.0,RENT,0.0,5.0,15.0,1.0,12.0,30.0,6.0,5449.31,47062.05,2901.79,Verified,debt_consolidation
12600.0,60.0,30358.97,19.54,684.0,5.0,MORTGAGE,0.0,8.0,9.0,6.0,5.0,111.0,3.0,3629.14,17972.12,11239.08,Source Verified,other
17500.0,60.0,51236.97,23.89,644.0,7.0,MORTGAGE,0.0,5.0,10.0,2.0,7.0,57.0,2.0,3305.34,18518.78,9640.38,Verified,small_business
21400.0,60.0,51596.33,23.36,639.0,6.0,OWN,0.0,5.0,9.0,4.0,5.0,78.0,3.0,2987.46,35601.62,1870.24,Verified,other
18000.0,60.0,53997.35,21.83,675.0,3.0,RENT,2.0,7.0,8.0,6.0,14.0,129.0,0.0,2366.13,19507.86,9525.69,Verified,home_improvement
13800.0,60.0,31958.08,40.16,664.0,2.0,RENT,0.0,7.0,11.0,5.0,0.0,114.0,0.0,2631.06,19650.66,3413.36,Source Verified,small_business
22600.0,60.0,53360.85,16.99,649.0,9.0,RENT,2.0,11.0,11.0,6.0,1.0,155.0,1.0,7467.82,32254.17,1574.56,Not Verified,small_business
9800.0,60.0,25855.59,28.5,704.0,8.0,OWN,0.0,3.0,10.0,2.0,0.0,111.0,0.0,666.22,7848.49,4954.99,Verified,credit_card
20800.0,60.0,52363.12,19.79,674.0,4.0,OWN,3.0,7.0,6.0,2.0,6.0,170.0,2.0,5336.21,49273.72,10533.41,Not Verified,home_improvement
10600.0,36.0,35926.71,18.07,656.0,4.0,RENT,0.0,11.0,3.0,3.0,7.0,45.0,0.0,2914.65,33889.14,7668.15,Not Verified,other
21000.0,60.0,60539.57,29.3,670.0,6.0,OWN,0.0,9.0,4.0,5.0,10.0,88.0,4.0,5364.95,55970.54,10489.81,Not Verified,small_business
13800.0,36.0,36245.29,10.73,640.0,5.0,RENT,0.0,6.0,7.0,0.0,1.0,132.0,4.0,1029.24,11624.35,13932.92,Verified,small_business
8700.0,60.0,30443.78,16.51,621.0,0.0,RENT,0.0,11.0,11.0,0.0,10.0,97.0,3.0,3525.63,30852.94,11000.37,Verified,home_improvement
28700.0,60.0,73482.38,31.53,656.0,8.0,RENT,0.0,3.0,12.0,0.0,2.0,110.0,0.0,12261.3,60749.04,2805.48,Verified,small_business
33000.0,60.0,84349.64,23.99,686.0,1.0,RENT,1.0,10.0,10.0,0.0,0.0,125.0,0.0,1735.85,13849.77,2323.85,Source Verified,small_business
28100.0,36.0,79792.21,32.21,610.0,5.0,RENT,0.0,9.0,9.0,4.0,21.0,67.0,9.0,3411.71,40387.11,4711.46,Verified,credit_card
12900.0,36.0,39957.01,29.2,610.0,2.0,MORTGAGE,2.0,7.0,7.0,3.0,9.0,67.0,11.0,1286.26,7708.24,9483.49,Verified,other
22500.0,60.0,59220.92,16.35,679.0,0.0,RENT,0.0,9.0,8.0,4.0,23.0,129.0,6.0,6726.35,42247.55,1655.17,Source Verified,home_improvement
17400.0,60.0,50642.32,14.09,722.0,8.0,RENT,0.0,8.0,4.0,0.0,14.0,150.0,10.0,5414.95,47468.22,32543.84,Not Verified,debt_consolidation
23500.0,60.0,62452.18,30.44,655.0,1.0,MORTGAGE,1.0,3.0,5.0,0.0,0.0,163.0,1.0,1176.28,6497.69,30297.37,Not Verified,credit_card
19000.0,36.0,43075.12,38.37,677.0,2.0,OWN,0.0,2.0,15.0,2.0,0.0,87.0,0.0,2728.77,21517.11,5995.97,Not Verified,other
23500.0,36.0,65760.5,31.24,671.0,1.0,MORTGAGE,0.0,14.0,4.0,4.0,1.0,170.0,3.0,1315.27,13427.32,16485.69,Source Verified,other
18800.0,60.0,48910.01,35.09,701.0,7.0,MORTGAGE,0.0,5.0,12.0,0.0,15.0,65.0,0.0,10657.56,68873.4,24054.76,Not Verified,small_business
8700.0,60.0,25393.29,32.39,671.0,8.0,MORTGAGE,0.0,6.0,10.0,5.0,0.0,94.0,0.0,5789.22,59610.43,1259.79,Not Verified,small_business
30700.0,36.0,75195.8,10.63,631.0,0.0,OWN,0.0,3.0,6.0,6.0,2.0,46.0,0.0,12068.62,83196.95,3924.07,Not Verified,small_business
18800.0,60.0,38264.72,37.89,625.0,2.0,MORTGAGE,0.0,9.0,15.0,5.0,5.0,71.0,3.0,1262.4,13819.79,1923.0,Verified,small_business
22600.0,36.0,59814.68,18.57,655.0,10.0,OWN,2.0,12.0,8.0,3.0,0.0,45.0,4.0,770.56,6076.9,12046.29,Verified,other
20800.0,60.0,54004.48,32.62,633.0,7.0,RENT,0.0,10.0,11.0,0.0,2.0,142.0,0.0,843.83,10122.26,4855.7,Source Verified,other
17100.0,60.0,49979.54,13.06,638.0,1.0,RENT,0.0,6.0,6.0,0.0,13.0,28.0,0.0,2352.81,15402.92,13687.98,Not Verified,debt_consolidation
33100.0,36.0,79912.99,22.54,683.0,8.0,MORTGAGE,0.0,7.0,7.0,5.0,9.0,151.0,0.0,2013.87,11016.76,3519.2,Verified,other
18300.0,60.0,44866.48,29.18,650.0,10.0,OWN,0.0,9.0,9.0,1.0,21.0,67.0,1.0,7531.91,55781.57,3405.53,Source Verified,debt_consolidation
13500.0,36.0,36287.49,41.82,647.0,2.0,MORTGAGE,1.0,2.0,13.0,2.0,3.0,56.0,5.0,1967.71,15049.05,1962.08,Verified,debt_consolidation
7700.0,60.0,17550.53,25.96,698.0,2.0,MORTGAGE,0.0,5.0,12.0,2.0,9.0,61.0,1.0,761.41,4399.84,1194.66,Verified,small_business
26700.0,36.0,64647.5,23.27,653.0,6.0,RENT,0.0,6.0,15.0,0.0,4.0,86.0,2.0,3971.01,39469.43,3794.4,Not Verified,other
9100.0,60.0,19876.35,20.94,654.0,4.0,RENT,0.0,8.0,12.0,4.0,0.0,62.0,0.0,1351.82,9784.97,7182.94,Verified,small_business
10800.0,60.0,21513.01,36.92,682.0,2.0,RENT,1.0,10.0,9.0,1.0,5.0,77.0,1.0,1138.99,8011.56,4720.08,Verified,debt_consolidation
9100.0,36.0,29522.28,24.13,689.0,6.0,RENT,0.0,7.0,10.0,5.0,12.0,12.0,0.0,3935.65,16686.8,4568.06,Verified,debt_consolidation
20500.0,60.0,41947.31,36.15,681.0,5.0,MORTGAGE,0.0,13.0,13.0,0.0,0.0,111.0,1.0,3947.64,38794.33,2445.25,Verified,debt_consolidation
20300.0,60.0,45338.66,17.16,682.0,1.0,RENT,0.0,6.0,8.0,0.0,0.0,29.0,9.0,2312.04,22271.02,26674.38,Not Verified,other
12900.0,36.0,31890.3,39.51,624.0,0.0,RENT,1.0,9.0,11.0,3.0,13.0,117.0,0.0,1122.78,9081.19,1380.23,Not Verified,debt_consolidation
21600.0,60.0,56280.26,26.03,610.0,2.0,RENT,1.0,10.0,8.0,3.0,4.0,185.0,0.0,5483.35,62072.89,13626.07,Not Verified,small_business
13300.0,60.0,34677.39,44.9,610.0,1.0,OWN,0.0,8.0,12.0,2.0,12.0,122.0,3.0,1185.29,11571.86,53351.81,Verified,other
15000.0,36.0,38384.06,26.61,639.0,2.0,RENT,0.0,4.0,13.0,5.0,8.0,149.0,3.0,1367.1,12514.41,5344.56,Not Verified,debt_consolidation
12400.0,60.0,33042.32,36.35,668.0,0.0,MORTGAGE,0.0,8.0,5.0,6.0,19.0,220.0,3.0,1427.17,8169.75,1987.64,Not Verified,debt_consolidation
15800.0,60.0,40102.98,12.03,664.0,10.0,RENT,0.0,11.0,3.0,3.0,8.0,115.0,2.0,2523.46,12292.06,8184.27,Not Verified,home_improvement
11100.0,36.0,26828.38,24.57,712.0,10.0,RENT,0.0,12.0,11.0,1.0,16.0,154.0,9.0,1680.03,15959.48,3943.41,Source Verified,small_business
29200.0,36.0,77793.16,19.57,693.0,4.0,RENT,0.0,7.0,4.0,6.0,0.0,96.0,1.0,2894.36,13588.44,11976.35,Source Verified,other
19000.0,60.0,49184.94,5.02,653.0,2.0,OWN,0.0,17.0,6.0,1.0,0.0,114.0,4.0,1184.25,8822.62,3411.94,Verified,small_business
23300.0,60.0,69649.96,28.49,673.0,8.0,OWN,0.0,12.0,11.0,1.0,4.0,149.0,0.0,9313.94,89237.97,4150.14,Verified,debt_consolidation
17000.0,60.0,43137.71,17.0,688.0,0.0,RENT,2.0,9.0,8.0,3.0,6.0,68.0,2.0,5024.69,40140.25,6237.6,Verified,credit_card
12600.0,60.0,31851.6,36.6,667.0,3.0,OWN,0.0,9.0,12.0,0.0,4.0,102.0,1.0,1932.72,22361.71,3661.97,Not Verified,other
26000.0,36.0,78868.74,31.34,678.0,9.0,RENT,1.0,12.0,12.0,0.0,0.0,69.0,2.0,3437.52,33164.28,3607.12,Source Verified,credit_card
8700.0,36.0,20610.66,23.79,610.0,0.0,MORTGAGE,1.0,8.0,11.0,1.0,4.0,184.0,1.0,2742.42,15734.42,11470.55,Not Verified,debt_consolidation
13600.0,60.0,45787.25,20.07,633.0,3.0,MORTGAGE,0.0,10.0,13.0,1.0,1.0,157.0,5.0,525.35,4550.0,8956.84,Source Verified,other
12700.0,60.0,34651.76,23.77,626.0,6.0,OWN,1.0,9.0,11.0,4.0,13.0,117.0,6.0,6234.55,50031.76,9133.9,Not Verified,other
31400.0,36.0,80923.79,11.12,696.0,7.0,RENT,0.0,4.0,8.0,2.0,2.0,79.0,4.0,15712.58,75206.12,2758.75,Source Verified,small_business
23000.0,60.0,63394.96,21.24,652.0,10.0,MORTGAGE,0.0,12.0,11.0,3.0,16.0,17.0,7.0,4262.12,30722.65,6865.2,Verified,credit_card
13400.0,60.0,32480.06,34.44,660.0,2.0,RENT,1.0,4.0,16.0,2.0,15.0,136.0,3.0,662.54,6484.99,6377.14,Not Verified,small_business
11900.0,60.0,34156.11,27.25,616.0,5.0,RENT,0.0,9.0,11.0,6.0,0.0,34.0,6.0,1985.02,12360.56,4150.18,Verified,home_improvement
15500.0,60.0,38501.28,29.88,628.0,0.0,OWN,0.0,7.0,11.0,2.0,5.0,143.0,3.0,1505.38,15921.59,2857.97,Not Verified,other
23900.0,60.0,63453.99,30.96,671.0,2.0,OWN,0.0,2.0,9.0,6.0,0.0,114.0,2.0,4021.93,34287.92,1785.58,Not Verified,small_business
19900.0,36.0,48290.56,16.85,610.0,6.0,OWN,0.0,12.0,15.0,1.0,2.0,134.0,4.0,9213.89,39368.54,9670.49,Not Verified,debt_consolidation
10400.0,60.0,26247.9,39.01,680.0,6.0,RENT,1.0,8.0,16.0,2.0,0.0,52.0,5.0,4978.75,35174.95,888.8,Source Verified,debt_consolidation
19100.0,36.0,38677.62,28.85,648.0,6.0,OWN,2.0,4.0,9.0,2.0,0.0,100.0,6.0,7790.86,82504.04,17755.41,Source Verified,small_business
17800.0,36.0,48025.41,35.82,676.0,7.0,RENT,0.0,11.0,15.0,1.0,15.0,81.0,1.0,2761.61,20444.98,8253.24,Source Verified,debt_consolidation
14700.0,60.0,36649.68,29.03,715.0,3.0,MORTGAGE,0.0,8.0,11.0,5.0,18.0,69.0,3.0,1989.64,11845.45,5126.78,Verified,small_business
23600.0,36.0,62897.11,28.05,660.0,8.0,MORTGAGE,0.0,9.0,9.0,6.0,1.0,59.0,5.0,660.6,6221.92,7322.62,Not Verified,small_business
16700.0,60.0,41561.85,14.05,626.0,9.0,RENT,0.0,8.0,7.0,0.0,6.0,101.0,8.0,1078.4,6187.71,4963.74,Source Verified,small_business
12300.0,60.0,29819.98,25.69,629.0,1.0,RENT,0.0,7.0,7.0,5.0,21.0,98.0,0.0,5414.47,53310.91,6316.4,Source Verified,small_business
22600.0,36.0,60602.46,11.77,661.0,4.0,RENT,0.0,11.0,5.0,1.0,5.0,133.0,5.0,3166.39,21612.34,10074.19,Not Verified,debt_consolidation
19400.0,36.0,41712.56,25.34,640.0,4.0,RENT,1.0,13.0,13.0,1.0,0.0,12.0,0.0,6372.27,30787.15,2822.02,Not Verified,small_business
23100.0,60.0,59289.79,30.89,668.0,3.0,RENT,0.0,11.0,7.0,3.0,3.0,144.0,2.0,2429.83,24489.52,2828.07,Verified,debt_consolidation
21900.0,60.0,53751.72,31.69,653.0,6.0,RENT,0.0,9.0,7.0,5.0,23.0,130.0,0.0,1567.92,6460.62,4562.81,Verified,debt_consolidation
17900.0,36.0,37405.71,21.15,674.0,4.0,MORTGAGE,1.0,13.0,12.0,4.0,15.0,139.0,6.0,1055.74,10648.92,4703.87,Verified,other
21000.0,36.0,57635.37,13.09,650.0,3.0,MORTGAGE,0.0,11.0,11.0,0.0,10.0,172.0,5.0,2380.93,13021.19,6379.97,Not Verified,credit_card
18100.0,36.0,52892.03,39.93,648.0,6.0,MORTGAGE,1.0,5.0,14.0,0.0,4.0,94.0,9.0,4012.26,38111.91,2486.2,Not Verified,other
4900.0,60.0,17554.94,21.64,647.0,2.0,RENT,1.0,9.0,12.0,1.0,11.0,96.0,3.0,3278.39,37864.67,5874.73,Verified,small_business
23500.0,60.0,63136.33,25.78,691.0,6.0,RENT,0.0,10.0,11.0,1.0,13.0,160.0,2.0,3437.82,29079.71,6314.4,Source Verified,debt_consolidation
20400.0,60.0,53868.48,29.43,641.0,6.0,RENT,1.0,8.0,3.0,0.0,1.0,26.0,6.0,1963.39,9030.47,3808.67,Source Verified,small_business
9400.0,60.0,32183.83,14.32,657.0,2.0,RENT,1.0,11.0,11.0,2.0,16.0,39.0,5.0,3008.03,21036.29,5213.94,Source Verified,other
12700.0,60.0,34137.74,27.61,635.0,10.0,RENT,0.0,3.0,11.0,2.0,0.0,120.0,3.0,2320.89,13913.31,1157.49,Not Verified,debt_consolidation
14200.0,36.0,36397.57,31.56,665.0,0.0,RENT,0.0,6.0,5.0,2.0,0.0,185.0,7.0,2776.42,25166.71,2773.45,Verified,debt_consolidation
14500.0,60.0,33137.44,29.77,691.0,3.0,RENT,1.0,7.0,5.0,3.0,4.0,164.0,3.0,3136.89,13024.33,24411.2,Source Verified,debt_consolidation
18600.0,36.0,54231.36,22.52,623.0,6.0,MORTGAGE,0.0,13.0,11.0,0.0,20.0,44.0,3.0,8003.62,74185.94,8784.78,Source Verified,debt_consolidation
20500.0,36.0,50281.66,28.43,651.0,6.0,RENT,0.0,1.0,6.0,6.0,13.0,50.0,3.0,1520.8,10174.07,23201.75,Not Verified,home_improvement
17700.0,36.0,38843.71,43.76,658.0,6.0,MORTGAGE,0.0,6.0,5.0,1.0,2.0,58.0,2.0,777.47,4200.09,4396.17,Source Verified,credit_card
18200.0,60.0,44742.08,30.76,637.0,9.0,OWN,0.0,7.0,17.0,5.0,0.0,52.0,4.0,2849.29,26609.08,14605.47,Not Verified,home_improvement
11200.0,36.0,22743.72,37.49,657.0,9.0,RENT,0.0,2.0,13.0,4.0,0.0,114.0,0.0,561.43,5299.91,5279.57,Not Verified,debt_consolidation
18600.0,60.0,48450.91,27.71,635.0,9.0,RENT,1.0,10.0,9.0,3.0,0.0,210.0,1.0,2839.33,24445.24,16673.64,Source Verified,small_business
13200.0,36.0,35073.14,28.53,671.0,9.0,RENT,0.0,6.0,15.0,0.0,4.0,59.0,0.0,4317.16,41511.76,5921.99,Verified,debt_consolidation
4000.0,60.0,17784.48,40.41,690.0,2.0,OWN,0.0,12.0,13.0,5.0,0.0,83.0,0.0,1619.05,9922.6,9399.06,Source Verified,other
13900.0,36.0,39096.99,14.31,626.0,5.0,RENT,0.0,7.0,14.0,1.0,0.0,59.0,1.0,6503.82,60477.34,2571.28,Source Verified,credit_card
15900.0,60.0,39150.35,30.32,685.0,3.0,RENT,0.0,9.0,12.0,2.0,8.0,179.0,4.0,715.14,5148.91,4551.54,Source Verified,debt_consolidation
19400.0,60.0,51079.78,30.06,656.0,9.0,MORTGAGE,0.0,7.0,5.0,5.0,0.0,12.0,2.0,856.75,6211.06,4225.78,Source Verified,small_business
11800.0,60.0,25841.11,30.65,628.0,5.0,RENT,0.0,7.0,7.0,0.0,11.0,74.0,5.0,8125.08,48290.47,8542.33,Not Verified,debt_consolidation
12500.0,36.0,24230.06,23.75,618.0,0.0,MORTGAGE,1.0,1.0,9.0,0.0,0.0,151.0,4.0,1363.64,6217.35,5708.91,Source Verified,credit_card
21900.0,60.0,65583.37,17.86,616.0,7.0,RENT,1.0,11.0,7.0,0.0,2.0,57.0,4.0,6511.73,35939.44,19439.9,Not Verified,credit_card
10200.0,60.0,25812.55,32.9,651.0,0.0,RENT,1.0,9.0,10.0,3.0,12.0,48.0,7.0,1036.28,8065.27,3820.56,Source Verified,debt_consolidation
19600.0,36.0,51434.72,24.54,610.0,2.0,RENT,0.0,11.0,13.0,1.0,6.0,12.0,0.0,3885.76,17336.4,2055.99,Not Verified,other
14100.0,36.0,40474.32,29.08,671.0,4.0,RENT,0.0,7.0,8.0,4.0,0.0,139.0,8.0,9088.03,101320.52,1428.25,Source Verified,debt_consolidation
29500.0,60.0,79271.67,33.19,638.0,2.0,RENT,0.0,15.0,11.0,2.0,0.0,56.0,4.0,1993.48,19007.68,1563.97,Verified,debt_consolidation
13000.0,36.0,34504.71,29.68,659.0,0.0,RENT,0.0,2.0,7.0,2.0,13.0,104.0,8.0,2653.66,19137.14,3041.61,Not Verified,debt_consolidation
25300.0,60.0,70659.77,43.66,656.0,2.0,RENT,1.0,6.0,5.0,1.0,6.0,84.0,4.0,6338.47,43918.43,7871.74,Verified,debt_consolidation
16700.0,60.0,44169.11,35.33,720.0,4.0,RENT,1.0,9.0,14.0,0.0,11.0,68.0,2.0,3248.54,36543.56,15840.35,Not Verified,other
13600.0,60.0,44209.77,26.89,622.0,10.0,OWN,0.0,0.0,6.0,0.0,18.0,220.0,1.0,2947.94,23928.63,3696.04,Source Verified,other
17500.0,60.0,43685.42,28.36,673.0,0.0,OWN,0.0,9.0,2.0,5.0,10.0,97.0,0.0,12614.37,91602.07,9852.93,Not Verified,small_business
12300.0,60.0,35290.3,30.59,689.0,5.0,OWN,2.0,5.0,13.0,5.0,0.0,152.0,2.0,1011.51,7538.34,4215.27,Not Verified,small_business
24800.0,60.0,59317.11,29.75,648.0,2.0,RENT,0.0,12.0,10.0,5.0,5.0,219.0,6.0,2462.68,27108.04,2243.06,Not Verified,credit_card
13700.0,60.0,33624.39,28.51,656.0,10.0,MORTGAGE,0.0,10.0,10.0,1.0,22.0,188.0,3.0,6074.09,55648.73,8068.83,Source Verified,small_business
30000.0,60.0,73797.15,32.67,652.0,6.0,OWN,0.0,6.0,10.0,0.0,11.0,114.0,2.0,692.77,6035.78,13753.19,Source Verified,debt_consolidation
24500.0,60.0,54430.26,21.93,659.0,8.0,RENT,0.0,5.0,5.0,2.0,1.0,187.0,1.0,6488.67,65099.99,26824.33,Verified,small_business
18000.0,60.0,42336.65,27.38,676.0,0.0,RENT,0.0,6.0,10.0,0.0,9.0,18.0,1.0,3454.51,30427.6,20445.26,Not Verified,credit_card
23400.0,60.0,64269.32,25.7,648.0,1.0,RENT,0.0,12.0,9.0,2.0,7.0,111.0,0.0,525.65,3181.36,5103.54,Not Verified,debt_consolidation
24100.0,60.0,57021.64,50.0,628.0,0.0,RENT,0.0,8.0,17.0,1.0,8.0,175.0,1.0,1608.06,7562.89,25390.11,Source Verified,credit_card
11100.0,60.0,26057.69,35.79,670.0,5.0,RENT,1.0,12.0,8.0,5.0,0.0,12.0,2.0,20381.82,130366.82,2771.45,Verified,small_business
15900.0,36.0,45545.78,20.62,691.0,3.0,RENT,0.0,6.0,10.0,2.0,18.0,98.0,1.0,4203.37,30761.76,4896.36,Not Verified,credit_card
11500.0,36.0,30319.96,25.05,619.0,7.0,RENT,1.0,2.0,14.0,3.0,0.0,107.0,3.0,4534.53,48969.88,5353.43,Not Verified,debt_consolidation
32100.0,36.0,73821.79,40.93,709.0,1.0,OWN,0.0,14.0,14.0,5.0,4.0,144.0,2.0,805.31,7299.64,8404.94,Source Verified,debt_consolidation
17700.0,60.0,45786.55,31.91,666.0,5.0,MORTGAGE,0.0,11.0,9.0,6.0,0.0,120.0,3.0,671.56,4323.12,9932.39,Source Verified,small_business
20300.0,36.0,62428.29,12.38,647.0,4.0,MORTGAGE,0.0,8.0,8.0,3.0,0.0,101.0,5.0,1868.27,8798.46,33140.47,Not Verified,small_business
8400.0,36.0,31273.67,28.16,627.0,1.0,RENT,0.0,1.0,14.0,1.0,7.0,186.0,1.0,3020.03,30075.56,18431.19,Not Verified,debt_consolidation
10300.0,60.0,26089.02,32.43,623.0,1.0,MORTGAGE,0.0,2.0,9.0,2.0,0.0,63.0,2.0,1524.02,9403.28,2829.28,Not Verified,credit_card
15900.0,60.0,44928.36,29.63,672.0,1.0,RENT,2.0,13.0,7.0,1.0,11.0,88.0,4.0,2783.37,24617.94,7850.86,Source Verified,debt_consolidation
8200.0,60.0,20188.99,14.58,643.0,3.0,MORTGAGE,0.0,7.0,4.0,0.0,0.0,53.0,8.0,1179.76,11028.99,1346.41,Not Verified,credit_card
17100.0,60.0,42877.61,15.55,643.0,9.0,RENT,0.0,11.0,16.0,2.0,14.0,71.0,4.0,7936.45,56121.54,3029.85,Verified,other
21700.0,60.0,59966.48,26.06,646.0,1.0,RENT,0.0,10.0,10.0,3.0,11.0,142.0,0.0,1675.51,6760.44,6017.21,Verified,credit_card
27300.0,60.0,69499.94,21.67,650.0,4.0,RENT,0.0,5.0,11.0,0.0,18.0,65.0,5.0,716.81,5848.58,8626.9,Not Verified,debt_consolidation
18800.0,60.0,48859.59,17.28,631.0,7.0,RENT,0.0,10.0,9.0,0.0,18.0,12.0,2.0,3768.57,19038.09,7387.77,Not Verified,credit_card
23500.0,60.0,56637.6,28.43,653.0,3.0,RENT,0.0,3.0,12.0,4.0,14.0,12.0,4.0,25209.16,269387.88,1574.89,Source Verified,home_improvement
8300.0,60.0,25388.15,28.62,671.0,0.0,RENT,1.0,16.0,14.0,0.0,6.0,63.0,6.0,1889.22,10669.36,3259.3,Source Verified,small_business
17200.0,36.0,49809.27,38.18,644.0,10.0,OWN,0.0,15.0,8.0,2.0,7.0,44.0,3.0,4685.71,36286.77,3656.46,Verified,debt_consolidation
40000.0,36.0,144097.79,22.63,610.0,6.0,RENT,1.0,12.0,11.0,0.0,17.0,54.0,7.0,4232.9,31487.22,12722.7,Source Verified,other
11100.0,36.0,31269.37,27.98,628.0,4.0,RENT,0.0,5.0,10.0,1.0,12.0,37.0,5.0,7499.08,52039.59,1522.14,Verified,other
3100.0,60.0,22223.31,38.58,661.0,10.0,OWN,0.0,9.0,12.0,0.0,12.0,25.0,0.0,6426.9,59459.03,8093.14,Not Verified,debt_consolidation
40000.0,60.0,99795.13,35.58,662.0,3.0,OWN,0.0,7.0,8.0,5.0,6.0,117.0,3.0,13201.85,140686.43,2864.62,Verified,other
28700.0,60.0,76648.96,29.86,620.0,0.0,RENT,0.0,7.0,8.0,3.0,0.0,200.0,2.0,548.05,2590.31,7814.53,Not Verified,debt_consolidation
23900.0,60.0,65070.26,31.71,710.0,1.0,RENT,0.0,8.0,7.0,3.0,12.0,146.0,0.0,1439.86,11216.71,4442.29,Source Verified,debt_consolidation
20900.0,60.0,56259.07,31.56,610.0,5.0,RENT,0.0,8.0,6.0,3.0,9.0,168.0,4.0,1468.12,9473.58,18374.4,Verified,small_business
11700.0,36.0,34299.57,45.7,680.0,9.0,RENT,0.0,9.0,15.0,0.0,4.0,100.0,3.0,1718.73,18841.97,9169.0,Not Verified,other
11700.0,36.0,33933.55,28.82,654.0,2.0,RENT,0.0,6.0,12.0,5.0,5.0,156.0,3.0,1068.96,12003.33,4131.1,Verified,debt_consolidation
14800.0,60.0,37909.83,41.34,651.0,0.0,OWN,0.0,10.0,5.0,5.0,10.0,55.0,1.0,13758.4,119786.12,4665.49,Verified,debt_consolidation
18600.0,36.0,48941.54,8.3,610.0,7.0,RENT,0.0,10.0,8.0,4.0,0.0,158.0,5.0,4482.51,18705.75,9709.97,Verified,other
22600.0,60.0,54052.78,42.52,635.0,8.0,RENT,0.0,9.0,9.0,4.0,15.0,82.0,1.0,2472.5,21632.96,7513.41,Verified,credit_card
22000.0,36.0,54404.87,29.78,651.0,7.0,RENT,0.0,8.0,7.0,2.0,6.0,154.0,3.0,3056.56,30092.21,614.23,Verified,credit_card
14900.0,60.0,48419.31,24.98,657.0,9.0,RENT,0.0,7.0,9.0,1.0,3.0,111.0,2.0,720.11,7087.14,3859.88,Verified,other
9700.0,60.0,27148.18,44.55,664.0,7.0,RENT,0.0,7.0,12.0,3.0,1.0,132.0,0.0,987.52,6234.48,1962.27,Not Verified,debt_consolidation
9000.0,36.0,24988.96,37.24,657.0,0.0,RENT,0.0,4.0,10.0,5.0,10.0,199.0,0.0,1884.44,12154.02,1738.28,Source Verified,other
15800.0,60.0,38006.85,0.0,618.0,1.0,RENT,0.0,10.0,15.0,6.0,13.0,168.0,3.0,1105.31,12369.44,5327.84,Verified,other
19100.0,60.0,52840.27,24.76,610.0,3.0,RENT,0.0,17.0,9.0,0.0,9.0,54.0,6.0,1687.96,7628.05,6021.19,Verified,small_business
22600.0,60.0,57254.56,35.77,697.0,1.0,OWN,0.0,13.0,9.0,2.0,5.0,50.0,2.0,2595.96,27109.04,11881.15,Not Verified,debt_consolidation
12100.0,60.0,23904.7,34.03,634.0,3.0,RENT,0.0,9.0,11.0,6.0,0.0,61.0,0.0,4793.48,26434.46,13985.66,Not Verified,credit_card
26800.0,60.0,77730.19,39.52,632.0,1.0,RENT,1.0,13.0,9.0,2.0,8.0,93.0,0.0,5023.8,41505.59,8977.74,Not Verified,debt_consolidation
31000.0,60.0,73892.14,38.99,648.0,6.0,OWN,0.0,9.0,14.0,5.0,7.0,29.0,1.0,1418.95,16017.88,1687.62,Verified,other
40000.0,60.0,123634.1,21.98,665.0,4.0,OWN,1.0,17.0,6.0,4.0,0.0,175.0,2.0,256.94,2659.83,3107.92,Not Verified,other
11700.0,60.0,28927.34,39.8,707.0,4.0,RENT,0.0,14.0,16.0,0.0,11.0,65.0,5.0,2103.86,25187.02,7268.84,Verified,home_improvement
13300.0,60.0,34357.29,24.52,610.0,9.0,OWN,0.0,5.0,11.0,8.0,0.0,29.0,3.0,7758.3,53816.35,2169.7,Not Verified,credit_card
15200.0,60.0,36632.56,48.5,673.0,2.0,RENT,0.0,10.0,16.0,0.0,22.0,12.0,2.0,5115.95,37391.31,8568.33,Not Verified,other
26100.0,36.0,67345.71,28.83,620.0,3.0,RENT,1.0,4.0,8.0,0.0,7.0,109.0,2.0,4824.18,29854.62,1863.99,Verified,small_business
9800.0,60.0,35412.53,31.0,641.0,4.0,RENT,0.0,2.0,10.0,4.0,12.0,167.0,6.0,12527.47,128604.83,10520.12,Not Verified,debt_consolidation
28900.0,36.0,74003.13,26.75,648.0,3.0,OWN,1.0,4.0,6.0,2.0,13.0,12.0,0.0,2131.98,25516.96,10816.22,Not Verified,credit_card
11100.0,36.0,27834.76,36.88,669.0,3.0,RENT,0.0,11.0,8.0,3.0,9.0,75.0,6.0,545.88,3755.05,5219.31,Verified,debt_consolidation
12100.0,36.0,34506.79,21.81,657.0,3.0,OWN,1.0,6.0,13.0,2.0,13.0,38.0,1.0,1056.22,6655.48,15091.75,Verified,credit_card
21000.0,60.0,49648.9,22.55,686.0,10.0,MORTGAGE,0.0,8.0,6.0,1.0,6.0,24.0,4.0,1128.3,8280.88,8221.43,Source Verified,debt_consolidation
13300.0,60.0,31306.91,50.0,624.0,1.0,RENT,0.0,5.0,8.0,0.0,22.0,116.0,5.0,2819.88,29506.38,6839.0,Source Verified,other
19000.0,36.0,52274.79,26.08,672.0,3.0,RENT,0.0,11.0,3.0,0.0,12.0,172.0,10.0,5108.19,25659.63,4337.55,Not Verified,debt_consolidation
10500.0,36.0,26719.68,43.03,641.0,5.0,RENT,0.0,7.0,6.0,3.0,1.0,95.0,9.0,2315.22,15505.46,6231.45,Verified,home_improvement
15800.0,60.0,45502.89,19.53,610.0,3.0,MORTGAGE,0.0,14.0,14.0,4.0,3.0,131.0,4.0,8245.48,38870.94,15893.92,Not Verified,other
23800.0,36.0,70675.44,7.37,658.0,6.0,RENT,1.0,7.0,4.0,3.0,10.0,43.0,0.0,5171.37,49678.2,9858.61,Source Verified,other
23600.0,36.0,57837.48,31.53,660.0,10.0,RENT,0.0,9.0,14.0,2.0,8.0,73.0,0.0,2874.29,28781.23,2991.42,Source Verified,small_business
6200.0,60.0,21893.53,21.8,670.0,7.0,RENT,0.0,11.0,11.0,3.0,2.0,26.0,0.0,4078.98,16575.65,2348.97,Not Verified,credit_card
29400.0,36.0,83176.06,40.79,694.0,5.0,RENT,0.0,7.0,9.0,0.0,11.0,128.0,2.0,1833.77,19134.56,9206.47,Not Verified,credit_card
19500.0,60.0,51650.19,15.39,716.0,7.0,MORTGAGE,0.0,14.0,16.0,3.0,2.0,164.0,0.0,4228.06,24125.24,2608.22,Source Verified,debt_consolidation
17100.0,60.0,44966.3,10.01,649.0,8.0,RENT,0.0,14.0,10.0,4.0,17.0,58.0,5.0,2719.98,15355.81,9607.32,Not Verified,small_business
12000.0,60.0,32473.67,27.99,675.0,1.0,OWN,0.0,12.0,9.0,2.0,0.0,62.0,3.0,980.76,11495.98,5400.63,Source Verified,credit_card
13700.0,60.0,35030.15,29.39,667.0,3.0,RENT,1.0,7.0,8.0,3.0,19.0,169.0,7.0,1198.6,10631.28,16553.18,Not Verified,other
10800.0,36.0,25049.96,34.16,683.0,3.0,RENT,0.0,8.0,10.0,5.0,3.0,63.0,0.0,1655.33,8172.34,1046.22,Not Verified,debt_consolidation
27100.0,36.0,68732.74,27.01,626.0,1.0,RENT,0.0,8.0,7.0,0.0,10.0,106.0,5.0,10854.09,78169.77,6112.29,Source Verified,debt_consolidation
18300.0,60.0,47600.01,36.21,677.0,0.0,RENT,0.0,8.0,12.0,4.0,8.0,74.0,3.0,5330.31,52452.37,2745.21,Verified,small_business
27900.0,36.0,74981.48,28.89,660.0,0.0,RENT,0.0,6.0,11.0,3.0,4.0,132.0,5.0,4553.31,39551.0,2528.9,Source Verified,debt_consolidation
24500.0,60.0,75259.95,27.64,618.0,1.0,MORTGAGE,0.0,8.0,9.0,4.0,5.0,97.0,6.0,735.22,3112.65,2885.77,Verified,other
20100.0,60.0,47738.09,31.69,642.0,3.0,RENT,0.0,9.0,0.0,5.0,15.0,64.0,1.0,1184.21,6258.2,9097.74,Not Verified,debt_consolidation
16200.0,36.0,43676.65,20.79,615.0,2.0,RENT,0.0,9.0,5.0,0.0,12.0,105.0,0.0,3066.94,27952.19,8305.59,Verified,home_improvement
10500.0,60.0,22196.92,31.79,614.0,0.0,OWN,0.0,7.0,9.0,2.0,0.0,12.0,1.0,1047.13,11210.5,8043.44,Not Verified,credit_card
20600.0,60.0,61013.33,30.98,644.0,1.0,MORTGAGE,1.0,11.0,12.0,0.0,0.0,119.0,2.0,3216.94,13780.64,5743.93,Source Verified,small_business
16800.0,60.0,40735.79,23.81,656.0,3.0,RENT,0.0,3.0,19.0,4.0,6.0,82.0,0.0,11700.37,134198.11,3826.95,Verified,small_business
14100.0,60.0,49013.96,25.76,681.0,1.0,OWN,0.0,8.0,7.0,3.0,0.0,108.0,1.0,21108.77,203165.75,9697.6,Not Verified,other
8300.0,60.0,27313.05,41.32,662.0,0.0,OWN,0.0,12.0,3.0,0.0,0.0,166.0,1.0,2957.92,17760.95,5401.35,Source Verified,small_business
16300.0,60.0,41433.4,25.41,669.0,7.0,RENT,0.0,11.0,12.0,2.0,4.0,146.0,9.0,12911.41,151296.71,11427.47,Not Verified,debt_consolidation
11500.0,36.0,27873.63,19.61,663.0,10.0,RENT,0.0,7.0,9.0,3.0,0.0,136.0,2.0,3515.74,14785.01,11746.63,Source Verified,home_improvement
20100.0,60.0,58308.68,23.56,670.0,5.0,RENT,0.0,8.0,5.0,3.0,22.0,151.0,0.0,4086.72,37358.62,5761.72,Not Verified,debt_consolidation
16200.0,36.0,45880.91,23.17,656.0,5.0,RENT,0.0,9.0,6.0,2.0,8.0,88.0,2.0,580.49,3956.07,3120.6,Not Verified,debt_consolidation
30000.0,36.0,71796.02,25.53,649.0,8.0,RENT,0.0,13.0,12.0,1.0,6.0,60.0,0.0,2226.43,10315.01,20604.01,Source Verified,small_business
15700.0,60.0,47170.4,21.27,622.0,9.0,RENT,0.0,11.0,8.0,0.0,0.0,132.0,4.0,3414.72,14595.26,2697.35,Not Verified,credit_card
16000.0,60.0,43545.41,43.41,648.0,8.0,MORTGAGE,0.0,7.0,9.0,1.0,7.0,178.0,1.0,1601.91,12691.55,3200.3,Source Verified,debt_consolidation
22000.0,36.0,50722.81,25.27,610.0,4.0,RENT,0.0,9.0,9.0,1.0,8.0,97.0,0.0,3461.45,15904.81,5559.09,Verified,small_business
16400.0,60.0,44725.04,15.78,612.0,10.0,RENT,0.0,8.0,13.0,4.0,15.0,136.0,4.0,2450.13,14009.27,10662.61,Source Verified,debt_consolidation
6000.0,60.0,24971.3,36.19,674.0,1.0,OWN,0.0,7.0,5.0,0.0,0.0,90.0,5.0,2082.77,12248.94,5030.31,Source Verified,other
26500.0,36.0,67094.28,35.38,679.0,3.0,OWN,1.0,15.0,7.0,4.0,0.0,133.0,7.0,4634.25,34325.77,1315.38,Source Verified,debt_consolidation
18600.0,36.0,44535.32,29.68,621.0,10.0,RENT,0.0,8.0,6.0,0.0,0.0,88.0,2.0,2619.38,15379.95,4525.78,Not Verified,other
20000.0,60.0,54020.85,21.17,626.0,3.0,RENT,0.0,14.0,5.0,4.0,10.0,58.0,1.0,3300.83,35847.52,7238.88,Not Verified,credit_card
10800.0,60.0,20498.59,47.35,652.0,4.0,RENT,0.0,10.0,11.0,6.0,10.0,76.0,2.0,2759.74,16108.11,14919.32,Source Verified,other
16200.0,60.0,43320.19,37.46,697.0,5.0,RENT,1.0,3.0,6.0,2.0,18.0,66.0,7.0,3780.81,29585.33,5741.92,Source Verified,debt_consolidation
15300.0,36.0,41360.71,22.59,671.0,4.0,RENT,0.0,4.0,14.0,2.0,0.0,118.0,0.0,3388.94,29736.32,6595.62,Not Verified,small_business
12200.0,60.0,33531.42,26.66,668.0,7.0,RENT,0.0,7.0,13.0,0.0,0.0,49.0,0.0,8345.02,93227.17,5180.84,Verified,debt_consolidation
18000.0,36.0,40143.15,34.98,662.0,8.0,RENT,0.0,13.0,10.0,0.0,2.0,83.0,0.0,2038.42,15937.92,6801.59,Not Verified,other
20300.0,60.0,52408.94,33.87,652.0,7.0,RENT,0.0,15.0,10.0,3.0,0.0,108.0,2.0,2453.01,16554.22,1191.21,Verified,debt_consolidation
13300.0,60.0,36475.58,29.18,636.0,8.0,RENT,1.0,6.0,8.0,0.0,3.0,12.0,3.0,1410.43,12279.51,6804.7,Verified,debt_consolidation
8700.0,36.0,26462.94,19.45,647.0,3.0,RENT,0.0,8.0,10.0,3.0,4.0,183.0,4.0,2184.03,23225.34,9457.84,Not Verified,other
18000.0,36.0,55172.24,16.45,687.0,6.0,RENT,0.0,9.0,9.0,1.0,6.0,92.0,5.0,5952.24,25730.89,18364.23,Not Verified,other
24200.0,60.0,57784.41,34.02,650.0,7.0,RENT,0.0,7.0,13.0,0.0,0.0,37.0,1.0,2524.93,11468.5,2169.49,Verified,home_improvement
18700.0,36.0,47813.25,22.34,710.0,2.0,OWN,0.0,2.0,13.0,0.0,3.0,54.0,4.0,8723.17,59245.56,3012.46,Verified,debt_consolidation
11300.0,36.0,30658.04,48.7,702.0,0.0,RENT,0.0,7.0,6.0,2.0,12.0,34.0,0.0,997.55,5748.16,6561.85,Not Verified,other
11700.0,60.0,39697.04,39.96,644.0,4.0,RENT,0.0,5.0,7.0,3.0,0.0,65.0,4.0,15756.63,179514.11,3786.11,Verified,other
20000.0,36.0,59530.78,16.18,631.0,6.0,RENT,1.0,7.0,5.0,5.0,2.0,53.0,4.0,6706.22,73379.67,2089.44,Verified,debt_consolidation
27400.0,36.0,76357.62,11.04,610.0,0.0,RENT,0.0,7.0,13.0,2.0,13.0,24.0,0.0,3501.54,34172.73,2389.03,Verified,debt_consolidation
32300.0,60.0,80738.88,25.65,685.0,3.0,OWN,0.0,6.0,15.0,2.0,1.0,56.0,2.0,5072.23,23609.07,17288.7,Not Verified,small_business
38200.0,60.0,98533.87,27.85,636.0,4.0,RENT,3.0,4.0,11.0,2.0,13.0,12.0,0.0,1355.57,5793.01,902.75,Not Verified,debt_consolidation
10800.0,60.0,21232.31,41.12,646.0,2.0,OWN,0.0,11.0,16.0,5.0,12.0,55.0,0.0,5523.73,64521.01,6810.32,Source Verified,debt_consolidation
23200.0,60.0,66235.32,32.22,691.0,8.0,RENT,0.0,11.0,4.0,4.0,1.0,45.0,3.0,3671.18,29541.9,7219.95,Verified,home_improvement
19500.0,60.0,59853.26,36.56,633.0,8.0,RENT,0.0,6.0,10.0,6.0,5.0,85.0,3.0,10251.48,97721.98,4746.03,Not Verified,debt_consolidation
20600.0,60.0,51730.35,41.99,672.0,1.0,MORTGAGE,0.0,4.0,5.0,0.0,0.0,95.0,0.0,1012.76,4543.32,13528.63,Source Verified,debt_consolidation
11800.0,36.0,42908.2,38.55,658.0,5.0,OWN,1.0,8.0,8.0,4.0,5.0,137.0,3.0,8796.03,102106.04,4724.73,Source Verified,debt_consolidation
27900.0,60.0,70949.66,20.02,627.0,7.0,RENT,0.0,7.0,13.0,5.0,11.0,92.0,0.0,4435.72,27476.56,4740.97,Source Verified,debt_consolidation
15000.0,36.0,34599.9,34.48,618.0,6.0,RENT,1.0,1.0,7.0,2.0,17.0,141.0,0.0,1502.36,17762.75,3455.03,Verified,small_business
12400.0,60.0,31607.77,16.06,690.0,3.0,RENT,1.0,11.0,12.0,1.0,3.0,69.0,6.0,1536.4,15730.53,5758.92,Source Verified,debt_consolidation
15400.0,60.0,34035.88,33.23,622.0,6.0,RENT,1.0,3.0,5.0,1.0,5.0,54.0,5.0,954.52,9168.23,6114.16,Source Verified,debt_consolidation
17300.0,36.0,38377.85,31.59,676.0,1.0,MORTGAGE,1.0,7.0,9.0,6.0,9.0,35.0,3.0,3523.06,39149.12,1271.61,Verified,home_improvement
9500.0,60.0,23733.09,49.6,657.0,6.0,RENT,2.0,10.0,13.0,0.0,8.0,18.0,8.0,6529.94,64169.5,16508.99,Not Verified,small_business
24500.0,36.0,59172.89,28.45,645.0,6.0,RENT,0.0,4.0,9.0,6.0,0.0,192.0,4.0,2848.11,11805.06,1638.53,Verified,credit_card
6100.0,60.0,17391.52,33.44,679.0,2.0,MORTGAGE,0.0,3.0,7.0,3.0,1.0,118.0,4.0,10115.34,58853.76,5384.61,Source Verified,debt_consolidation
21900.0,60.0,56577.72,26.1,620.0,1.0,OWN,1.0,15.0,11.0,6.0,16.0,155.0,0.0,14440.62,79721.45,8178.45,Not Verified,small_business
14700.0,60.0,45960.08,23.67,686.0,5.0,RENT,0.0,13.0,0.0,0.0,0.0,115.0,2.0,1046.72,6852.01,3783.68,Source Verified,credit_card
14100.0,36.0,37189.55,33.72,662.0,2.0,MORTGAGE,0.0,9.0,15.0,1.0,0.0,35.0,2.0,1230.44,13835.44,26568.02,Source Verified,other
8700.0,36.0,28682.95,34.85,612.0,6.0,MORTGAGE,1.0,9.0,11.0,0.0,0.0,69.0,4.0,2049.62,14139.45,7846.57,Not Verified,other
14600.0,36.0,46503.66,29.12,637.0,0.0,RENT,0.0,12.0,13.0,3.0,15.0,108.0,4.0,10046.23,69319.82,6661.1,Verified,debt_consolidation
30800.0,60.0,78193.0,31.58,693.0,0.0,RENT,0.0,9.0,8.0,3.0,8.0,162.0,3.0,3273.03,14751.31,8632.0,Verified,debt_consolidation
12800.0,36.0,45409.87,25.77,690.0,1.0,RENT,0.0,7.0,15.0,0.0,4.0,180.0,5.0,2238.4,17520.87,1111.23,Verified,other
17200.0,60.0,36839.54,13.31,659.0,0.0,OWN,0.0,4.0,13.0,1.0,3.0,12.0,6.0,2857.6,27856.48,9533.56,Source Verified,other
15200.0,60.0,57117.74,39.36,643.0,5.0,RENT,0.0,3.0,10.0,1.0,7.0,89.0,5.0,1213.68,11809.64,3691.11,Not Verified,other
24800.0,60.0,61706.66,31.81,719.0,1.0,RENT,0.0,12.0,9.0,3.0,0.0,37.0,5.0,440.38,2508.86,8188.73,Not Verified,debt_consolidation
15500.0,36.0,42968.27,36.43,660.0,6.0,OWN,0.0,9.0,13.0,5.0,0.0,103.0,3.0,1809.49,13185.29,3958.65,Verified,credit_card
12500.0,36.0,42346.58,26.18,722.0,7.0,OWN,0.0,14.0,13.0,0.0,7.0,128.0,0.0,2915.73,11958.91,2519.8,Verified,debt_consolidation
27000.0,60.0,76664.14,29.45,676.0,0.0,MORTGAGE,0.0,13.0,14.0,0.0,8.0,63.0,1.0,10102.31,98648.6,4737.54,Verified,credit_card
15800.0,60.0,33462.06,27.69,637.0,2.0,MORTGAGE,0.0,8.0,17.0,7.0,5.0,39.0,0.0,5486.16,51820.76,5113.57,Verified,debt_consolidation
33700.0,60.0,95597.68,43.6,675.0,0.0,RENT,1.0,5.0,12.0,0.0,0.0,192.0,3.0,15773.6,132048.55,4134.68,Verified,small_business
16100.0,60.0,43891.35,44.87,650.0,3.0,RENT,0.0,4.0,12.0,3.0,17.0,63.0,0.0,2673.68,22510.17,3993.62,Source Verified,debt_consolidation
22400.0,60.0,53538.5,26.36,625.0,2.0,OWN,0.0,10.0,6.0,0.0,0.0,153.0,0.0,2309.4,20835.3,9019.91,Verified,debt_consolidation
18500.0,36.0,44841.44,16.63,689.0,1.0,RENT,0.0,9.0,9.0,0.0,0.0,144.0,1.0,3366.68,30223.51,9804.53,Verified,small_business
23600.0,36.0,61484.95,21.64,673.0,6.0,OWN,1.0,5.0,15.0,6.0,0.0,76.0,0.0,6650.1,75820.17,2124.21,Verified,other
7100.0,60.0,21331.77,47.89,646.0,7.0,OWN,0.0,12.0,7.0,1.0,15.0,35.0,9.0,6535.54,64639.68,2181.94,Not Verified,credit_card
20200.0,36.0,46947.02,23.83,666.0,3.0,OWN,1.0,12.0,7.0,1.0,0.0,130.0,0.0,14369.97,64147.43,3779.4,Source Verified,small_business
16200.0,60.0,45912.15,35.83,626.0,7.0,RENT,0.0,9.0,10.0,4.0,18.0,93.0,6.0,4630.83,54634.34,5940.45,Source Verified,small_business
15500.0,60.0,39554.63,26.73,645.0,5.0,RENT,0.0,4.0,11.0,2.0,0.0,77.0,8.0,4768.39,35428.77,10000.31,Not Verified,small_business
10900.0,60.0,41132.6,27.75,689.0,0.0,MORTGAGE,0.0,6.0,6.0,0.0,17.0,97.0,0.0,1396.54,8972.68,2275.51,Not Verified,credit_card
19000.0,60.0,55827.92,15.84,670.0,1.0,RENT,0.0,8.0,7.0,0.0,0.0,56.0,4.0,2085.99,14727.68,1056.42,Not Verified,debt_consolidation
18000.0,36.0,45408.01,3.77,653.0,1.0,MORTGAGE,0.0,0.0,4.0,3.0,6.0,88.0,1.0,865.8,3721.44,12431.27,Source Verified,debt_consolidation
36000.0,60.0,85571.97,31.12,648.0,3.0,OWN,1.0,7.0,6.0,5.0,14.0,104.0,4.0,3038.84,31742.21,8210.2,Verified,debt_consolidation
21100.0,60.0,56903.35,45.54,610.0,3.0,MORTGAGE,0.0,11.0,16.0,6.0,9.0,72.0,4.0,7180.92,58137.59,2560.57,Verified,debt_consolidation
39300.0,60.0,94905.83,40.29,644.0,2.0,RENT,1.0,3.0,9.0,1.0,0.0,186.0,4.0,3445.62,27829.95,3925.65,Source Verified,other
10600.0,36.0,20832.81,34.1,680.0,5.0,MORTGAGE,0.0,7.0,15.0,5.0,21.0,77.0,5.0,5303.57,48307.9,880.37,Not Verified,other
33200.0,36.0,83466.0,38.41,635.0,8.0,RENT,0.0,4.0,11.0,1.0,3.0,84.0,2.0,2234.4,25452.39,3806.15,Source Verified,home_improvement
27100.0,60.0,70014.6,25.69,676.0,1.0,RENT,1.0,9.0,8.0,7.0,0.0,12.0,5.0,5152.46,34868.62,699.14,Not Verified,small_business
11400.0,60.0,24797.21,23.59,696.0,6.0,RENT,1.0,10.0,2.0,1.0,6.0,45.0,3.0,7422.12,73716.72,3304.82,Not Verified,other
17100.0,36.0,40273.26,27.15,624.0,5.0,OWN,1.0,15.0,8.0,2.0,7.0,128.0,3.0,3996.46,33341.02,3438.45,Not Verified,small_business
15200.0,60.0,40203.39,23.64,649.0,7.0,RENT,0.0,12.0,9.0,0.0,0.0,103.0,1.0,1075.75,11914.97,2878.99,Source Verified,other
9700.0,36.0,25305.59,35.15,658.0,2.0,RENT,0.0,4.0,8.0,2.0,0.0,146.0,5.0,4873.18,36566.52,6542.62,Source Verified,small_business
23600.0,60.0,59033.68,19.57,675.0,3.0,RENT,0.0,13.0,8.0,2.0,0.0,169.0,1.0,3232.1,34685.26,1722.97,Source Verified,credit_card
14700.0,36.0,39900.52,16.27,676.0,10.0,OWN,0.0,8.0,15.0,0.0,7.0,12.0,0.0,647.96,4833.34,4265.84,Verified,other
36700.0,60.0,94188.78,34.3,659.0,1.0,MORTGAGE,1.0,12.0,10.0,2.0,0.0,69.0,1.0,2473.14,21049.16,1800.18,Source Verified,other
10100.0,36.0,27609.47,16.7,610.0,10.0,OWN,0.0,7.0,10.0,3.0,9.0,262.0,0.0,6208.55,50750.28,12731.74,Not Verified,credit_card
20400.0,60.0,48319.8,37.45,614.0,0.0,MORTGAGE,0.0,9.0,6.0,5.0,0.0,142.0,0.0,3911.92,16510.99,14550.89,Verified,credit_card
19500.0,60.0,53962.31,22.51,709.0,10.0,RENT,0.0,1.0,8.0,1.0,11.0,240.0,6.0,3231.57,28946.47,414.86,Source Verified,small_business
40000.0,60.0,97545.11,21.37,649.0,2.0,RENT,0.0,10.0,11.0,1.0,2.0,145.0,6.0,1685.89,7036.04,6175.18,Not Verified,home_improvement
10000.0,36.0,23933.38,13.99,674.0,6.0,RENT,2.0,13.0,10.0,0.0,6.0,32.0,0.0,15156.64,69080.32,3389.08,Source Verified,small_business
23100.0,60.0,56767.57,23.93,708.0,0.0,RENT,1.0,6.0,14.0,0.0,1.0,124.0,4.0,13490.14,100931.13,12791.21,Verified,home_improvement
37500.0,60.0,88737.57,31.95,638.0,10.0,RENT,0.0,11.0,11.0,5.0,10.0,46.0,1.0,16611.01,95178.5,10679.15,Verified,debt_consolidation
19200.0,60.0,51195.14,35.28,664.0,4.0,MORTGAGE,0.0,14.0,5.0,3.0,0.0,72.0,3.0,672.27,4489.14,3440.81,Source Verified,other
15900.0,36.0,49314.18,39.0,631.0,6.0,OWN,0.0,13.0,12.0,3.0,4.0,64.0,3.0,1201.93,10944.38,4197.48,Verified,credit_card
21800.0,60.0,60215.99,25.0,645.0,0.0,RENT,0.0,2.0,11.0,4.0,17.0,183.0,6.0,4864.58,22145.36,10006.08,Not Verified,debt_consolidation
10400.0,60.0,31559.06,32.32,644.0,2.0,RENT,0.0,10.0,10.0,5.0,0.0,77.0,5.0,6370.47,55652.05,9754.87,Source Verified,credit_card
17900.0,60.0,42872.51,9.47,664.0,8.0,MORTGAGE,1.0,0.0,11.0,0.0,18.0,21.0,0.0,3892.91,21345.49,1967.65,Source Verified,debt_consolidation
18000.0,60.0,52165.0,50.0,659.0,4.0,RENT,0.0,6.0,8.0,5.0,0.0,124.0,5.0,1957.38,13078.47,8024.98,Not Verified,debt_consolidation
13900.0,36.0,38437.64,25.45,649.0,2.0,RENT,0.0,3.0,11.0,1.0,14.0,12.0,1.0,1435.3,9975.72,3025.52,Source Verified,small_business
20100.0,36.0,50502.15,22.96,626.0,3.0,RENT,1.0,11.0,13.0,3.0,16.0,195.0,7.0,1158.58,5330.82,25502.44,Verified,debt_consolidation
15500.0,36.0,35541.53,29.75,676.0,2.0,RENT,0.0,14.0,6.0,0.0,0.0,80.0,2.0,1276.53,10802.75,5390.87,Source Verified,debt_consolidation
10900.0,36.0,26043.38,39.22,649.0,8.0,MORTGAGE,0.0,7.0,7.0,0.0,0.0,71.0,0.0,2378.09,14887.64,7645.93,Not Verified,debt_consolidation
13000.0,36.0,39728.27,31.19,627.0,0.0,OWN,0.0,10.0,9.0,5.0,16.0,30.0,5.0,1201.25,12135.26,1344.36,Verified,debt_consolidation
18700.0,60.0,40546.58,30.68,636.0,9.0,MORTGAGE,1.0,3.0,9.0,0.0,18.0,175.0,6.0,2113.44,13177.32,6653.9,Verified,small_business
30900.0,60.0,84897.2,38.52,692.0,3.0,RENT,0.0,3.0,14.0,5.0,1.0,108.0,2.0,1932.02,13312.65,40443.25,Not Verified,small_business
21000.0,60.0,54749.74,36.04,670.0,1.0,RENT,1.0,5.0,12.0,3.0,2.0,73.0,1.0,4187.86,16960.5,1915.14,Not Verified,other
10000.0,36.0,34008.52,28.62,682.0,0.0,RENT,0.0,11.0,8.0,4.0,5.0,164.0,1.0,1176.33,7948.72,3143.94,Not Verified,other
12100.0,60.0,25860.22,38.83,703.0,4.0,OWN,0.0,16.0,10.0,0.0,4.0,142.0,0.0,13932.15,79227.92,2108.27,Not Verified,debt_consolidation
17600.0,60.0,47912.66,20.67,701.0,0.0,RENT,0.0,7.0,11.0,0.0,2.0,117.0,0.0,1130.43,12116.85,5792.27,Not Verified,debt_consolidation
14200.0,60.0,44289.78,26.32,664.0,1.0,RENT,0.0,9.0,7.0,0.0,7.0,43.0,0.0,2018.2,14801.2,7217.34,Source Verified,debt_consolidation
14600.0,60.0,32354.13,29.46,652.0,2.0,MORTGAGE,0.0,11.0,6.0,4.0,0.0,101.0,6.0,1042.78,10811.24,21100.37,Source Verified,other
27800.0,60.0,71575.47,33.99,692.0,6.0,RENT,0.0,2.0,9.0,4.0,10.0,53.0,9.0,9318.93,89193.07,11639.17,Verified,debt_consolidation
17600.0,60.0,37953.78,29.51,625.0,3.0,RENT,0.0,13.0,13.0,2.0,3.0,50.0,0.0,1240.03,11141.6,4443.08,Verified,credit_card
7600.0,60.0,22653.18,44.74,651.0,3.0,MORTGAGE,0.0,4.0,10.0,5.0,0.0,37.0,1.0,840.39,6519.24,3826.15,Source Verified,debt_consolidation
23000.0,60.0,51849.84,32.6,628.0,3.0,OWN,0.0,9.0,7.0,0.0,10.0,115.0,4.0,7983.24,76783.48,1494.75,Not Verified,credit_card
26500.0,60.0,69025.13,46.64,651.0,6.0,RENT,0.0,6.0,9.0,6.0,0.0,60.0,0.0,682.55,7555.76,5467.78,Verified,debt_consolidation
20000.0,36.0,35840.44,29.37,634.0,1.0,RENT,0.0,14.0,6.0,4.0,0.0,128.0,5.0,900.78,7801.45,2729.25,Verified,home_improvement
17400.0,60.0,51664.47,29.77,621.0,9.0,RENT,0.0,9.0,12.0,4.0,15.0,169.0,5.0,2711.57,14630.1,12437.18,Verified,debt_consolidation
7500.0,60.0,24764.31,25.44,692.0,0.0,RENT,1.0,16.0,11.0,0.0,23.0,52.0,7.0,4325.28,33899.39,7403.82,Source Verified,other
18000.0,60.0,44921.71,26.11,610.0,4.0,RENT,0.0,6.0,10.0,0.0,6.0,69.0,0.0,2523.57,21967.83,10168.23,Not Verified,credit_card
12200.0,60.0,27386.45,15.1,625.0,3.0,RENT,1.0,4.0,7.0,6.0,0.0,98.0,3.0,6235.91,71759.2,9695.16,Verified,credit_card
24400.0,36.0,54105.13,30.84,650.0,5.0,RENT,1.0,6.0,11.0,2.0,11.0,71.0,4.0,4966.43,34143.8,5307.45,Verified,small_business
17500.0,60.0,47229.93,31.39,679.0,0.0,OWN,1.0,9.0,10.0,3.0,4.0,77.0,0.0,2257.8,15011.97,2528.99,Not Verified,credit_card
17200.0,60.0,44622.97,39.72,659.0,2.0,OWN,1.0,11.0,12.0,3.0,0.0,42.0,2.0,2418.7,25992.13,13917.11,Verified,other
14000.0,36.0,38707.14,19.92,662.0,1.0,RENT,0.0,7.0,12.0,2.0,18.0,43.0,2.0,2000.71,17674.89,2542.76,Not Verified,debt_consolidation
30700.0,60.0,77722.83,29.93,692.0,1.0,OWN,0.0,9.0,7.0,0.0,11.0,41.0,2.0,4371.78,26856.52,2237.03,Source Verified,credit_card
9400.0,60.0,29570.29,31.61,644.0,2.0,RENT,0.0,6.0,6.0,2.0,12.0,111.0,6.0,2266.54,24436.09,4979.16,Verified,debt_consolidation
33000.0,60.0,83752.48,23.08,655.0,6.0,RENT,1.0,6.0,12.0,1.0,11.0,158.0,1.0,5970.07,57133.52,2102.43,Verified,other
11200.0,36.0,30653.15,23.02,613.0,1.0,RENT,0.0,7.0,8.0,1.0,3.0,153.0,1.0,948.89,5168.82,5990.18,Not Verified,other
13400.0,36.0,44733.02,23.19,610.0,5.0,RENT,0.0,10.0,10.0,1.0,0.0,124.0,4.0,3881.65,20807.59,3024.96,Not Verified,debt_consolidation
7600.0,60.0,22000.85,32.2,677.0,2.0,OWN,0.0,6.0,8.0,6.0,19.0,107.0,4.0,3151.77,28826.7,10306.45,Source Verified,small_business
18200.0,60.0,46897.29,30.47,640.0,5.0,RENT,0.0,6.0,19.0,0.0,10.0,190.0,3.0,4328.94,45380.42,2829.56,Not Verified,debt_consolidation
29800.0,36.0,65090.8,23.91,664.0,5.0,RENT,1.0,8.0,13.0,2.0,4.0,72.0,3.0,8304.41,79409.69,8794.11,Source Verified,debt_consolidation
23800.0,36.0,58938.75,13.72,655.0,10.0,MORTGAGE,0.0,10.0,11.0,4.0,4.0,61.0,3.0,7167.82,57277.26,5103.56,Not Verified,debt_consolidation
17200.0,36.0,50172.83,25.92,612.0,9.0,OWN,0.0,7.0,4.0,4.0,14.0,21.0,0.0,4864.41,35023.42,2323.73,Verified,debt_consolidation
26100.0,60.0,62383.48,40.5,681.0,2.0,OWN,1.0,11.0,7.0,8.0,15.0,240.0,6.0,7499.26,52414.33,6390.13,Verified,credit_card
14000.0,60.0,36358.29,33.06,610.0,7.0,RENT,0.0,7.0,7.0,3.0,10.0,144.0,5.0,2161.71,18803.93,4066.52,Not Verified,debt_consolidation
13000.0,60.0,34742.62,42.57,620.0,1.0,RENT,0.0,11.0,17.0,5.0,1.0,117.0,0.0,3226.26,21622.82,7796.83,Source Verified,small_business
32400.0,36.0,93158.0,10.79,663.0,1.0,RENT,0.0,9.0,11.0,0.0,8.0,58.0,4.0,7932.48,55739.07,4320.19,Verified,credit_card
9800.0,60.0,18482.5,21.96,701.0,1.0,MORTGAGE,0.0,5.0,10.0,0.0,7.0,21.0,0.0,622.75,5178.16,16537.06,Source Verified,small_business
18400.0,36.0,51917.41,42.79,672.0,7.0,MORTGAGE,0.0,9.0,7.0,0.0,3.0,20.0,0.0,8503.11,58836.49,5096.48,Verified,debt_consolidation
17700.0,36.0,46953.59,19.64,642.0,0.0,RENT,1.0,9.0,6.0,4.0,2.0,118.0,6.0,1882.67,13497.15,5388.78,Source Verified,other
35100.0,60.0,87440.2,18.08,648.0,6.0,RENT,0.0,7.0,15.0,2.0,5.0,120.0,0.0,2280.8,23055.34,3321.05,Not Verified,credit_card
20800.0,36.0,59209.41,29.36,638.0,4.0,RENT,0.0,11.0,10.0,4.0,1.0,96.0,2.0,4395.54,27476.46,17600.35,Verified,small_business
12300.0,36.0,34264.9,28.71,648.0,7.0,RENT,2.0,1.0,4.0,2.0,7.0,94.0,2.0,4802.54,25593.27,1686.55,Not Verified,small_business
22300.0,36.0,45138.58,14.99,675.0,0.0,RENT,0.0,9.0,6.0,0.0,17.0,121.0,1.0,3530.08,32270.91,7901.05,Not Verified,other
15800.0,60.0,44315.83,44.87,631.0,0.0,RENT,1.0,9.0,4.0,3.0,20.0,85.0,0.0,2832.9,23602.4,4965.45,Source Verified,debt_consolidation
25100.0,60.0,61142.18,18.31,705.0,2.0,RENT,1.0,10.0,2.0,0.0,0.0,136.0,7.0,3700.06,26554.37,2678.67,Verified,debt_consolidation
26700.0,60.0,64096.7,38.41,669.0,5.0,RENT,0.0,4.0,5.0,0.0,4.0,194.0,0.0,1582.07,18544.13,15541.16,Source Verified,debt_consolidation
6300.0,60.0,22364.92,35.95,622.0,2.0,RENT,0.0,8.0,13.0,0.0,0.0,31.0,4.0,459.46,3209.19,8036.25,Source Verified,small_business
15200.0,60.0,35425.53,32.16,630.0,8.0,RENT,0.0,7.0,9.0,9.0,2.0,122.0,1.0,2061.91,20444.41,1419.34,Verified,small_business
19000.0,36.0,42752.75,16.95,679.0,4.0,OWN,0.0,9.0,12.0,0.0,18.0,27.0,3.0,3053.48,19270.82,6535.42,Not Verified,other
24500.0,60.0,50224.46,29.25,659.0,4.0,RENT,0.0,5.0,13.0,2.0,0.0,118.0,5.0,4348.58,22122.18,8725.77,Source Verified,home_improvement
15000.0,60.0,43527.03,26.26,610.0,6.0,MORTGAGE,0.0,12.0,14.0,1.0,13.0,13.0,1.0,859.9,5738.5,3128.48,Source Verified,debt_consolidation
33400.0,60.0,83651.06,23.17,629.0,2.0,RENT,0.0,7.0,0.0,0.0,5.0,112.0,3.0,2726.07,19380.93,5224.92,Not Verified,credit_card
10200.0,60.0,31844.05,22.01,630.0,4.0,RENT,0.0,11.0,16.0,2.0,2.0,12.0,3.0,4393.33,47058.35,970.0,Verified,small_business
9700.0,36.0,30436.79,38.68,617.0,4.0,RENT,0.0,10.0,7.0,1.0,2.0,50.0,0.0,3453.05,30406.83,1649.41,Verified,small_business
9600.0,36.0,30474.37,18.07,671.0,9.0,RENT,0.0,6.0,3.0,0.0,13.0,107.0,0.0,987.85,8794.86,27582.2,Source Verified,home_improvement
17000.0,60.0,50193.11,24.63,682.0,7.0,RENT,0.0,11.0,11.0,4.0,0.0,137.0,2.0,2124.9,21736.42,6789.76,Source Verified,other
24400.0,60.0,70836.1,35.76,651.0,2.0,OWN,1.0,12.0,5.0,0.0,8.0,117.0,2.0,2688.94,19309.72,1012.88,Source Verified,home_improvement
12000.0,60.0,34643.2,27.08,655.0,1.0,MORTGAGE,0.0,14.0,10.0,3.0,0.0,196.0,0.0,3756.77,34721.99,4501.94,Verified,debt_consolidation
27500.0,36.0,72692.03,22.47,680.0,0.0,RENT,0.0,12.0,10.0,3.0,11.0,50.0,9.0,1763.57,16892.46,2543.27,Verified,credit_card
5700.0,60.0,19150.65,15.36,650.0,1.0,RENT,0.0,6.0,13.0,1.0,0.0,139.0,3.0,5573.93,46823.48,4291.12,Source Verified,credit_card
16700.0,36.0,36935.17,17.11,671.0,0.0,OWN,0.0,11.0,4.0,3.0,0.0,69.0,0.0,10353.58,120054.65,3348.55,Source Verified,debt_consolidation
10200.0,60.0,27693.24,39.78,640.0,1.0,MORTGAGE,0.0,12.0,8.0,5.0,0.0,96.0,2.0,1686.12,12070.03,39907.9,Source Verified,credit_card
16800.0,60.0,44732.04,39.3,655.0,3.0,OWN,0.0,5.0,7.0,0.0,12.0,90.0,4.0,2043.89,16722.43,4338.3,Not Verified,debt_consolidation
25500.0,60.0,71588.89,35.7,712.0,9.0,RENT,0.0,9.0,10.0,2.0,1.0,124.0,7.0,2513.21,27826.52,24067.74,Verified,debt_consolidation
17600.0,60.0,46037.8,22.93,687.0,0.0,RENT,1.0,6.0,11.0,4.0,11.0,83.0,8.0,1334.6,15682.47,14953.45,Source Verified,debt_consolidation
25200.0,60.0,64336.03,34.14,697.0,3.0,MORTGAGE,0.0,4.0,7.0,2.0,6.0,85.0,3.0,1349.35,13439.17,3295.66,Verified,debt_consolidation
16900.0,60.0,51695.64,27.74,653.0,0.0,MORTGAGE,0.0,7.0,3.0,0.0,0.0,84.0,0.0,4723.06,20833.74,4544.39,Not Verified,other
15900.0,60.0,46595.03,31.51,671.0,0.0,RENT,0.0,4.0,10.0,3.0,0.0,12.0,3.0,1830.45,7804.42,1856.42,Not Verified,small_business
19000.0,60.0,45156.38,25.74,610.0,7.0,RENT,0.0,8.0,11.0,5.0,17.0,133.0,0.0,2538.0,12501.01,4513.42,Verified,small_business
9800.0,36.0,31618.77,28.45,631.0,0.0,RENT,0.0,5.0,7.0,5.0,7.0,126.0,2.0,4234.79,36095.5,4803.15,Source Verified,home_improvement
23700.0,60.0,64303.63,37.45,649.0,10.0,RENT,0.0,10.0,12.0,0.0,8.0,115.0,1.0,2491.02,19448.74,14637.33,Verified,home_improvement
12400.0,60.0,32226.78,21.49,628.0,3.0,RENT,0.0,3.0,5.0,0.0,2.0,70.0,10.0,1198.45,13362.4,9967.84,Not Verified,debt_consolidation
9000.0,36.0,21771.07,23.5,621.0,3.0,MORTGAGE,2.0,5.0,11.0,1.0,7.0,28.0,3.0,1314.23,6642.72,7099.07,Verified,debt_consolidation
8800.0,36.0,24897.08,35.58,645.0,3.0,RENT,0.0,4.0,9.0,7.0,12.0,17.0,4.0,13517.67,100452.97,4446.91,Not Verified,small_business
16400.0,60.0,41295.79,10.41,683.0,2.0,RENT,0.0,4.0,17.0,4.0,10.0,157.0,0.0,638.92,6677.64,9270.89,Source Verified,credit_card
11100.0,36.0,29897.24,31.26,658.0,1.0,RENT,0.0,2.0,8.0,0.0,13.0,63.0,4.0,959.42,7962.1,9379.49,Verified,debt_consolidation
12300.0,60.0,29445.72,41.66,625.0,3.0,MORTGAGE,0.0,6.0,6.0,7.0,6.0,27.0,4.0,1678.39,15811.97,17840.31,Source Verified,debt_consolidation
13800.0,60.0,38141.47,27.35,648.0,6.0,RENT,0.0,8.0,12.0,3.0,5.0,60.0,1.0,2765.99,16679.72,6535.52,Verified,debt_consolidation
13800.0,60.0,34313.82,26.82,615.0,9.0,RENT,1.0,5.0,9.0,0.0,4.0,54.0,7.0,3998.68,31671.84,11870.44,Not Verified,other
17400.0,36.0,43241.58,25.9,637.0,5.0,RENT,0.0,11.0,4.0,3.0,7.0,76.0,1.0,2944.5,13676.6,11681.71,Source Verified,small_business
10700.0,60.0,30512.53,32.96,616.0,6.0,RENT,1.0,8.0,7.0,1.0,6.0,15.0,0.0,1302.99,9803.3,7553.13,Not Verified,debt_consolidation
20100.0,60.0,50039.26,37.3,695.0,2.0,RENT,0.0,11.0,11.0,2.0,12.0,153.0,3.0,2338.63,20791.79,23177.32,Not Verified,debt_consolidation
11700.0,60.0,26051.79,13.96,610.0,0.0,RENT,0.0,14.0,16.0,1.0,1.0,136.0,4.0,1220.81,11269.25,5688.51,Verified,credit_card
14800.0,60.0,41167.57,19.16,630.0,7.0,MORTGAGE,0.0,17.0,7.0,2.0,20.0,56.0,0.0,6426.72,36830.55,14494.08,Source Verified,other
15200.0,60.0,26548.6,37.45,658.0,4.0,RENT,0.0,8.0,12.0,2.0,6.0,146.0,1.0,1727.66,8728.14,5060.02,Verified,credit_card
22300.0,60.0,60244.34,32.16,630.0,0.0,RENT,0.0,11.0,13.0,2.0,0.0,12.0,3.0,1042.57,11402.14,1179.02,Source Verified,small_business
8400.0,60.0,32089.87,25.26,714.0,3.0,RENT,0.0,10.0,10.0,4.0,0.0,125.0,2.0,1335.28,11172.44,11601.53,Verified,home_improvement
18800.0,60.0,39128.09,30.58,665.0,10.0,RENT,1.0,13.0,6.0,2.0,7.0,68.0,1.0,3274.63,30136.5,4697.34,Not Verified,debt_consolidation
11700.0,36.0,38460.97,32.69,646.0,6.0,OWN,2.0,7.0,8.0,0.0,16.0,64.0,8.0,2303.87,19290.56,1272.58,Not Verified,small_business
11300.0,36.0,28123.98,31.09,662.0,1.0,RENT,0.0,8.0,12.0,4.0,0.0,149.0,2.0,6106.92,37131.1,3371.36,Verified,credit_card
19400.0,36.0,59318.36,16.61,657.0,5.0,MORTGAGE,0.0,3.0,14.0,5.0,0.0,99.0,4.0,1739.93,10308.24,5279.48,Source Verified,small_business
6900.0,36.0,27390.66,35.41,678.0,8.0,MORTGAGE,3.0,12.0,18.0,3.0,0.0,133.0,3.0,959.78,7918.13,3429.68,Verified,credit_card
16700.0,36.0,46701.31,39.31,613.0,10.0,RENT,3.0,9.0,15.0,7.0,0.0,83.0,0.0,9891.91,112990.84,4847.05,Verified,debt_consolidation
15000.0,60.0,44253.47,35.5,676.0,0.0,RENT,0.0,10.0,19.0,0.0,22.0,86.0,2.0,10770.67,97705.0,17445.5,Source Verified,other
10900.0,36.0,25821.65,20.86,642.0,7.0,RENT,0.0,13.0,8.0,6.0,3.0,114.0,0.0,10153.46,97400.42,11144.34,Source Verified,small_business
16900.0,60.0,40460.62,34.28,660.0,1.0,OWN,0.0,11.0,8.0,4.0,14.0,142.0,0.0,876.12,7434.34,1477.56,Verified,small_business
18800.0,60.0,59138.96,37.5,663.0,0.0,RENT,0.0,10.0,9.0,0.0,4.0,31.0,5.0,988.44,8073.48,4924.54,Verified,other
20800.0,36.0,50998.18,31.44,687.0,1.0,RENT,0.0,5.0,10.0,1.0,0.0,12.0,6.0,2876.84,30501.32,1754.71,Not Verified,small_business
14500.0,60.0,38959.64,31.68,654.0,3.0,RENT,0.0,13.0,5.0,2.0,14.0,164.0,2.0,2643.01,13750.14,8428.29,Verified,debt_consolidation
12400.0,36.0,32134.09,23.38,684.0,1.0,RENT,1.0,6.0,13.0,6.0,3.0,59.0,2.0,2007.72,15939.77,3451.68,Not Verified,small_business
20200.0,36.0,44493.57,35.22,620.0,0.0,RENT,1.0,7.0,9.0,0.0,11.0,83.0,6.0,10098.5,48537.44,4351.5,Not Verified,credit_card
10000.0,60.0,24992.99,37.53,671.0,3.0,MORTGAGE,0.0,11.0,13.0,0.0,11.0,81.0,7.0,3311.45,32141.11,1403.59,Verified,debt_consolidation
15000.0,36.0,32921.76,31.04,652.0,3.0,OWN,1.0,10.0,9.0,1.0,12.0,32.0,4.0,628.19,4344.89,20998.77,Verified,other
37600.0,36.0,97276.26,18.12,632.0,2.0,RENT,0.0,11.0,10.0,3.0,3.0,68.0,5.0,1716.15,14377.9,6396.46,Source Verified,credit_card
13000.0,60.0,37092.29,33.93,641.0,3.0,RENT,0.0,8.0,10.0,2.0,10.0,156.0,2.0,7903.36,60995.38,8488.85,Source Verified,other
19900.0,36.0,56735.18,27.85,652.0,0.0,RENT,1.0,14.0,7.0,6.0,0.0,250.0,10.0,803.9,5802.56,2964.58,Verified,debt_consolidation
25900.0,60.0,60362.37,13.53,623.0,4.0,OWN,1.0,12.0,11.0,4.0,12.0,23.0,3.0,1129.64,10539.79,3418.45,Verified,small_business
24600.0,36.0,71674.16,27.39,612.0,10.0,RENT,0.0,6.0,13.0,1.0,5.0,72.0,0.0,9922.18,85883.61,17010.19,Source Verified,home_improvement
13100.0,36.0,27738.13,31.48,613.0,7.0,RENT,0.0,6.0,17.0,3.0,9.0,100.0,3.0,7441.95,46931.99,8209.96,Source Verified,small_business
16100.0,60.0,43752.26,42.06,670.0,3.0,MORTGAGE,0.0,13.0,8.0,0.0,14.0,100.0,1.0,7504.38,46315.79,7375.18,Verified,debt_consolidation
9100.0,60.0,28452.56,43.36,684.0,8.0,RENT,0.0,12.0,9.0,2.0,14.0,109.0,2.0,3480.58,29429.4,10814.41,Verified,small_business
13800.0,60.0,42629.16,8.35,638.0,4.0,OWN,0.0,8.0,11.0,5.0,8.0,128.0,5.0,2699.25,22371.51,4064.04,Verified,debt_consolidation
17000.0,60.0,44839.94,23.19,692.0,4.0,OWN,0.0,8.0,15.0,2.0,0.0,59.0,1.0,859.88,5744.18,11988.51,Source Verified,debt_consolidation
12900.0,60.0,30462.61,27.74,648.0,8.0,RENT,1.0,12.0,13.0,4.0,5.0,64.0,5.0,1196.05,14160.56,9653.0,Verified,home_improvement
16900.0,36.0,41789.97,29.07,630.0,5.0,RENT,0.0,7.0,5.0,1.0,14.0,76.0,8.0,3791.22,40501.72,10847.88,Not Verified,other
14700.0,60.0,46512.95,33.96,620.0,5.0,OWN,0.0,11.0,9.0,3.0,8.0,90.0,2.0,5977.46,61717.26,116607.81,Verified,debt_consolidation
12100.0,60.0,34166.39,13.37,639.0,6.0,RENT,0.0,11.0,5.0,3.0,10.0,34.0,0.0,2896.05,13995.95,14769.04,Source Verified,other
14200.0,36.0,32314.9,23.56,622.0,2.0,MORTGAGE,0.0,15.0,7.0,0.0,5.0,83.0,7.0,4469.16,25495.42,12274.62,Not Verified,small_business
12800.0,36.0,27320.2,14.46,677.0,0.0,RENT,2.0,6.0,4.0,1.0,0.0,51.0,2.0,2783.67,11361.69,3684.21,Verified,other
16100.0,60.0,41647.09,29.72,682.0,7.0,OWN,0.0,16.0,6.0,3.0,10.0,78.0,4.0,835.11,5812.77,10127.33,Not Verified,debt_consolidation
9100.0,60.0,27853.93,13.88,672.0,2.0,RENT,0.0,12.0,9.0,0.0,9.0,82.0,3.0,3129.64,15969.31,3565.62,Verified,credit_card
20900.0,36.0,52814.55,41.98,663.0,0.0,RENT,0.0,5.0,8.0,0.0,0.0,145.0,7.0,2850.13,31947.77,89901.79,Not Verified,debt_consolidation
13100.0,60.0,47619.77,20.95,681.0,0.0,RENT,0.0,9.0,12.0,2.0,17.0,65.0,1.0,6546.68,71695.98,1663.17,Source Verified,small_business
26000.0,60.0,69190.76,33.53,632.0,4.0,OWN,0.0,11.0,11.0,2.0,0.0,53.0,1.0,6716.55,52429.58,4365.24,Source Verified,debt_consolidation
6600.0,60.0,25469.74,29.95,610.0,2.0,RENT,0.0,5.0,8.0,3.0,13.0,43.0,0.0,3781.86,38923.59,15176.19,Verified,debt_consolidation
12300.0,60.0,30085.09,25.68,679.0,10.0,RENT,0.0,8.0,11.0,3.0,0.0,109.0,1.0,1202.14,12098.65,937.85,Source Verified,credit_card
21200.0,36.0,53006.21,19.28,689.0,8.0,OWN,0.0,10.0,9.0,2.0,13.0,50.0,2.0,615.01,5849.74,2041.53,Verified,credit_card
14900.0,60.0,42863.72,27.0,646.0,1.0,RENT,0.0,7.0,7.0,0.0,2.0,55.0,1.0,4514.09,25496.31,4219.83,Source Verified,credit_card
16900.0,60.0,43660.77,31.1,667.0,9.0,MORTGAGE,0.0,9.0,10.0,0.0,1.0,193.0,5.0,2649.16,14315.61,7689.58,Source Verified,small_business
13600.0,60.0,46852.08,18.69,643.0,1.0,MORTGAGE,0.0,2.0,11.0,4.0,0.0,60.0,3.0,500.98,2782.61,6198.91,Source Verified,small_business
15700.0,60.0,34477.66,28.33,610.0,9.0,RENT,0.0,5.0,10.0,1.0,3.0,35.0,2.0,1680.72,17783.25,6000.09,Not Verified,home_improvement
12700.0,36.0,33069.88,32.9,680.0,3.0,MORTGAGE,0.0,12.0,8.0,2.0,0.0,90.0,2.0,3313.68,38623.43,1877.61,Not Verified,credit_card
8500.0,36.0,24086.74,31.23,612.0,7.0,RENT,0.0,11.0,11.0,7.0,4.0,143.0,3.0,1049.02,8059.92,1557.24,Source Verified,debt_consolidation
7600.0,36.0,31325.96,23.28,705.0,6.0,RENT,0.0,11.0,10.0,5.0,0.0,199.0,4.0,4095.61,44729.32,5678.17,Not Verified,credit_card
17800.0,60.0,44510.26,31.04,658.0,3.0,MORTGAGE,1.0,11.0,8.0,0.0,0.0,59.0,6.0,3107.15,26398.27,1425.56,Source Verified,other
33600.0,60.0,83184.03,20.76,629.0,0.0,RENT,0.0,7.0,8.0,0.0,4.0,63.0,2.0,1283.83,12601.84,6538.83,Not Verified,home_improvement
10100.0,60.0,23742.54,30.58,644.0,5.0,RENT,0.0,3.0,8.0,5.0,4.0,103.0,3.0,4594.92,31676.26,6896.76,Verified,small_business
12800.0,36.0,31182.72,40.59,662.0,6.0,RENT,1.0,5.0,11.0,2.0,11.0,65.0,2.0,2268.69,21123.46,5839.47,Source Verified,other
21300.0,60.0,57209.56,31.03,674.0,0.0,RENT,0.0,7.0,14.0,0.0,3.0,108.0,0.0,1326.52,10804.61,13808.97,Source Verified,debt_consolidation
14100.0,60.0,48170.16,20.3,643.0,6.0,RENT,0.0,2.0,5.0,5.0,13.0,28.0,0.0,4824.25,27016.23,5843.46,Verified,debt_consolidation
17700.0,60.0,41279.1,34.37,659.0,10.0,RENT,1.0,3.0,15.0,0.0,3.0,148.0,0.0,8592.61,99090.77,1549.1,Verified,credit_card
12100.0,36.0,34110.34,30.49,649.0,0.0,RENT,0.0,5.0,7.0,3.0,13.0,104.0,4.0,7926.22,76239.95,4849.3,Source Verified,other
31200.0,60.0,80442.09,32.17,648.0,3.0,RENT,0.0,6.0,15.0,0.0,12.0,44.0,8.0,7717.16,52193.27,7002.41,Not Verified,small_business
16100.0,36.0,44509.04,35.57,639.0,8.0,RENT,0.0,12.0,6.0,2.0,17.0,210.0,8.0,3876.46,29034.32,6475.05,Verified,other
13300.0,60.0,30966.66,31.48,667.0,0.0,RENT,0.0,2.0,9.0,0.0,3.0,136.0,0.0,1199.15,7729.52,4483.22,Verified,other
26600.0,60.0,67966.14,22.19,668.0,0.0,MORTGAGE,0.0,10.0,11.0,0.0,6.0,101.0,5.0,5951.84,60737.76,11133.14,Verified,small_business
17800.0,60.0,44461.18,24.34,694.0,9.0,RENT,0.0,5.0,15.0,7.0,5.0,56.0,2.0,9648.97,98463.87,2146.18,Verified,credit_card
18400.0,36.0,49810.13,31.21,685.0,5.0,RENT,0.0,4.0,14.0,0.0,11.0,127.0,6.0,13524.47,152232.27,9246.21,Source Verified,debt_consolidation
14100.0,60.0,42941.07,39.31,644.0,5.0,MORTGAGE,0.0,1.0,19.0,3.0,9.0,46.0,5.0,1548.29,11110.14,1123.13,Source Verified,small_business
23300.0,36.0,57622.15,26.63,610.0,8.0,RENT,0.0,14.0,19.0,4.0,18.0,137.0,5.0,1248.27,8783.56,18331.11,Verified,debt_consolidation
17900.0,60.0,41692.61,35.02,625.0,2.0,RENT,0.0,7.0,14.0,1.0,5.0,27.0,0.0,5673.0,40975.6,24011.76,Verified,small_business
33700.0,60.0,88821.96,37.88,628.0,1.0,RENT,1.0,9.0,7.0,5.0,2.0,29.0,0.0,503.92,2674.43,20514.68,Verified,other
19700.0,36.0,47116.56,30.97,635.0,0.0,RENT,1.0,6.0,10.0,4.0,2.0,82.0,0.0,1879.89,15790.16,1582.62,Not Verified,debt_consolidation
13100.0,60.0,30285.33,23.45,645.0,6.0,OWN,0.0,13.0,10.0,3.0,20.0,145.0,2.0,1890.07,21478.88,1714.76,Not Verified,debt_consolidation
16900.0,60.0,38801.82,19.26,680.0,8.0,OWN,0.0,16.0,11.0,3.0,12.0,79.0,0.0,10854.59,61582.44,6282.65,Not Verified,credit_card
7900.0,60.0,32097.44,25.59,685.0,4.0,RENT,1.0,13.0,9.0,0.0,16.0,154.0,5.0,6779.58,36806.03,3264.58,Verified,other
36200.0,36.0,88580.22,38.06,692.0,4.0,RENT,0.0,9.0,3.0,0.0,4.0,116.0,0.0,5571.69,34468.9,13516.55,Verified,small_business
20900.0,60.0,50979.29,27.26,663.0,4.0,RENT,0.0,9.0,6.0,2.0,12.0,148.0,5.0,4443.0,26575.56,2991.83,Not Verified,other
19500.0,60.0,55840.08,21.81,679.0,1.0,RENT,0.0,9.0,8.0,3.0,0.0,102.0,3.0,2615.34,25298.49,12960.88,Source Verified,debt_consolidation
26900.0,60.0,67569.93,39.9,650.0,8.0,OWN,0.0,8.0,19.0,1.0,8.0,130.0,7.0,5022.57,22407.49,7129.02,Verified,credit_card
10600.0,60.0,28117.44,47.43,669.0,2.0,OWN,0.0,11.0,12.0,1.0,6.0,115.0,7.0,2142.24,10395.4,5710.37,Not Verified,small_business
28400.0,36.0,70587.4,17.14,639.0,9.0,RENT,0.0,14.0,13.0,5.0,0.0,113.0,0.0,7503.3,53031.14,6270.94,Verified,home_improvement
11000.0,60.0,30964.79,34.89,653.0,9.0,RENT,0.0,14.0,11.0,4.0,13.0,135.0,3.0,8896.4,72371.51,5133.54,Source Verified,debt_consolidation
13900.0,60.0,35381.43,35.05,637.0,9.0,OWN,0.0,4.0,14.0,2.0,4.0,65.0,3.0,2738.92,14411.65,3408.63,Verified,small_business
21800.0,36.0,53002.35,14.23,638.0,7.0,MORTGAGE,0.0,8.0,12.0,0.0,17.0,118.0,3.0,3088.07,26580.1,9161.75,Source Verified,other
10800.0,60.0,29929.87,27.46,661.0,9.0,RENT,0.0,6.0,8.0,0.0,5.0,30.0,0.0,3176.3,14052.13,11253.96,Not Verified,debt_consolidation
21700.0,60.0,53951.75,28.0,638.0,1.0,RENT,0.0,11.0,7.0,0.0,20.0,60.0,1.0,5720.73,23414.28,1268.08,Verified,small_business
35400.0,60.0,95747.4,33.81,673.0,10.0,RENT,0.0,7.0,10.0,2.0,6.0,80.0,5.0,1525.06,15926.29,2316.5,Source Verified,small_business
21000.0,60.0,57855.85,36.0,648.0,10.0,MORTGAGE,0.0,8.0,13.0,2.0,3.0,65.0,0.0,3959.53,28204.25,6438.45,Not Verified,small_business
31000.0,60.0,73305.22,28.27,648.0,6.0,RENT,0.0,8.0,10.0,3.0,0.0,128.0,0.0,1538.46,12970.01,5359.56,Not Verified,debt_consolidation
38600.0,60.0,99478.13,24.29,658.0,0.0,RENT,1.0,1.0,8.0,1.0,8.0,28.0,0.0,1965.85,18899.62,5683.29,Verified,credit_card
17900.0,60.0,50563.57,28.71,615.0,4.0,MORTGAGE,1.0,13.0,8.0,4.0,0.0,211.0,9.0,2333.16,13214.6,9743.92,Verified,debt_consolidation
26600.0,36.0,61957.38,14.09,669.0,2.0,RENT,0.0,12.0,7.0,3.0,11.0,71.0,3.0,1852.35,14700.63,3842.28,Verified,small_business
