term,fico_range_low,loan_to_income,acc_open_past_24mths,dti,avg_cur_bal,total_bc_limit,mo_sin_rcnt_tl,mths_since_recent_inq,mort_acc,num_actv_rev_tl,loan_amnt,annual_inc,mths_since_recent_bc,mo_sin_old_rev_tl_op,home_ownership_MORTGAGE
36.0,670.0,0.22727272727272727,6.0,14.4,565.0,6200.0,7.0,7.0,0.0,7.0,5000.0,22000.0,10.0,48.0,0
60.0,715.0,0.36809815950920244,10.0,29.79,9830.0,24900.0,5.0,10.0,7.0,8.0,18000.0,48900.0,6.0,260.0,1
36.0,740.0,0.20107070148540981,5.0,34.57,3737.0,24400.0,11.0,1.0,0.0,6.0,8000.0,39787.0,13.0,225.0,0
36.0,700.0,0.2222222222222222,4.0,21.16,14391.0,19610.0,8.0,,2.0,7.0,12000.0,54000.0,8.0,195.0,1
36.0,680.0,0.07578947368421053,4.0,8.91,1869.0,32800.0,4.0,6.0,0.0,8.0,7200.0,95000.0,4.0,232.0,0
36.0,740.0,0.2057142857142857,4.0,17.22,3482.0,6000.0,13.0,12.0,0.0,5.0,7200.0,35000.0,13.0,80.0,0
36.0,665.0,0.2604015551558057,4.0,22.21,1602.0,11500.0,8.0,10.0,0.0,9.0,8975.0,34466.0,8.0,92.0,0
36.0,690.0,0.14708972473208656,10.0,24.47,11094.0,32800.0,0.0,1.0,0.0,3.0,7000.0,47590.0,1.0,107.0,0
60.0,660.0,0.3987049240344133,6.0,21.86,20401.0,4300.0,6.0,7.0,1.0,3.0,17425.0,43704.0,6.0,160.0,1
36.0,710.0,0.1836734693877551,6.0,30.61,3141.0,22800.0,5.0,0.0,1.0,7.0,11700.0,63700.0,17.0,122.0,1
36.0,680.0,0.2712765957446808,2.0,28.82,11181.0,36900.0,6.0,6.0,1.0,6.0,25500.0,94000.0,7.0,123.0,1
60.0,665.0,0.17055144968732233,5.0,13.43,18658.0,10300.0,0.0,0.0,5.0,9.0,15000.0,87950.0,17.0,208.0,1
36.0,685.0,0.375,5.0,26.3,3809.0,9700.0,3.0,,0.0,2.0,15000.0,40000.0,5.0,129.0,0
60.0,715.0,0.41372462488967343,3.0,34.41,7745.0,9300.0,15.0,23.0,2.0,13.0,30000.0,72512.0,20.0,294.0,1
36.0,685.0,0.08,3.0,12.8,36970.0,6500.0,7.0,1.0,3.0,5.0,8000.0,100000.0,22.0,179.0,1
36.0,670.0,0.047619047619047616,,17.48,,,,,,,3000.0,63000.0,,,1
60.0,705.0,0.24801587301587302,5.0,24.62,25076.0,10000.0,10.0,16.0,3.0,5.0,25000.0,100800.0,42.0,183.0,1
36.0,660.0,0.3193999287749288,3.0,21.42,7050.0,2000.0,7.0,8.0,1.0,3.0,7175.0,22464.0,7.0,24.0,1
36.0,725.0,0.2545454545454545,6.0,22.76,21781.0,2900.0,2.0,9.0,1.0,4.0,28000.0,110000.0,39.0,119.0,0
36.0,695.0,0.24193548387096775,1.0,17.85,18741.0,16400.0,2.0,2.0,4.0,7.0,15000.0,62000.0,26.0,215.0,1
36.0,735.0,0.14583333333333334,6.0,12.1,3306.0,29200.0,5.0,,0.0,5.0,7000.0,48000.0,5.0,157.0,0
60.0,680.0,0.375,6.0,10.2,2466.0,13800.0,4.0,17.0,0.0,7.0,30000.0,80000.0,4.0,130.0,0
36.0,700.0,0.09320388349514563,5.0,8.44,22058.0,34400.0,10.0,12.0,3.0,4.0,9600.0,103000.0,19.0,340.0,1
36.0,725.0,0.18518518518518517,,20.51,,,,,,,25000.0,135000.0,,,0
36.0,675.0,0.13652482269503546,5.0,8.36,615.0,9400.0,1.0,5.0,2.0,8.0,7700.0,56400.0,1.0,86.0,1
36.0,705.0,0.0873015873015873,7.0,33.13,30032.0,37001.0,2.0,2.0,3.0,11.0,11000.0,126000.0,2.0,296.0,1
36.0,695.0,0.22580645161290322,15.0,1.61,15293.0,7500.0,5.0,5.0,2.0,3.0,14000.0,62000.0,17.0,63.0,1
36.0,750.0,0.12903225806451613,1.0,13.92,2926.0,21900.0,12.0,15.0,0.0,3.0,8000.0,62000.0,53.0,133.0,0
60.0,715.0,0.45098039215686275,3.0,31.74,7995.0,40100.0,8.0,8.0,4.0,9.0,23000.0,51000.0,16.0,168.0,1
36.0,665.0,0.14285714285714285,8.0,9.03,1061.0,5000.0,3.0,3.0,0.0,8.0,10000.0,70000.0,26.0,120.0,0
60.0,685.0,0.38,3.0,5.06,714.0,5300.0,16.0,0.0,1.0,3.0,22800.0,60000.0,22.0,123.0,0
36.0,690.0,0.05454545454545454,3.0,14.86,8184.0,39000.0,8.0,17.0,0.0,5.0,6000.0,110000.0,18.0,231.0,0
60.0,660.0,0.23809523809523808,3.0,14.86,19072.0,11300.0,3.0,3.0,1.0,6.0,20000.0,84000.0,29.0,181.0,1
36.0,665.0,0.10666666666666667,6.0,21.26,2548.0,9200.0,3.0,3.0,0.0,7.0,8000.0,75000.0,3.0,209.0,0
36.0,680.0,0.1999612102404965,4.0,11.57,39333.0,4900.0,5.0,0.0,4.0,5.0,25775.0,128900.0,5.0,114.0,1
36.0,750.0,0.10588235294117647,6.0,19.3,,59500.0,,11.0,2.0,,9000.0,85000.0,5.0,,1
36.0,695.0,0.21818181818181817,14.0,28.65,17258.0,4000.0,2.0,3.0,2.0,4.0,19200.0,88000.0,20.0,83.0,1
36.0,710.0,0.15,2.0,29.16,1871.0,5600.0,6.0,,0.0,8.0,6000.0,40000.0,7.0,269.0,0
60.0,700.0,0.3177083333333333,1.0,14.65,2835.0,11500.0,12.0,3.0,2.0,6.0,22875.0,72000.0,12.0,245.0,1
36.0,670.0,0.13090909090909092,3.0,2.47,278.0,17300.0,4.0,3.0,2.0,3.0,7200.0,55000.0,4.0,249.0,0
36.0,670.0,0.04878048780487805,7.0,31.08,3833.0,25600.0,2.0,1.0,0.0,9.0,3000.0,61500.0,6.0,126.0,0
36.0,675.0,0.16,9.0,18.17,10605.0,55000.0,9.0,10.0,6.0,17.0,20000.0,125000.0,9.0,432.0,1
36.0,760.0,0.053763440860215055,10.0,9.65,25472.0,11200.0,3.0,4.0,7.0,2.0,5000.0,93000.0,4.0,108.0,1
36.0,720.0,0.10416666666666667,4.0,14.25,1678.0,7600.0,2.0,1.0,0.0,9.0,5000.0,48000.0,4.0,198.0,0
36.0,680.0,0.09285714285714286,2.0,19.07,13343.0,58500.0,10.0,13.0,3.0,4.0,13000.0,140000.0,93.0,372.0,0
36.0,660.0,0.16,4.0,5.65,2653.0,4100.0,9.0,9.0,0.0,3.0,12000.0,75000.0,14.0,22.0,0
36.0,675.0,0.08759635599159075,4.0,33.31,1406.0,6800.0,6.0,0.0,3.0,5.0,2500.0,28540.0,13.0,448.0,0
36.0,685.0,0.16,6.0,18.36,2294.0,4800.0,3.0,1.0,0.0,3.0,8000.0,50000.0,13.0,136.0,0
36.0,690.0,0.09302325581395349,4.0,9.86,36386.0,43500.0,3.0,20.0,5.0,5.0,12000.0,129000.0,8.0,234.0,1
36.0,660.0,0.17045454545454544,4.0,14.18,2132.0,2500.0,3.0,3.0,0.0,4.0,7500.0,44000.0,17.0,55.0,0
36.0,670.0,0.21333333333333335,1.0,10.58,16023.0,16100.0,10.0,13.0,3.0,4.0,16000.0,75000.0,36.0,178.0,1
60.0,700.0,0.41971153846153847,5.0,30.38,6896.0,11300.0,7.0,,0.0,3.0,21825.0,52000.0,99.0,99.0,0
36.0,735.0,0.13333333333333333,10.0,19.63,2923.0,40700.0,1.0,2.0,0.0,3.0,10000.0,75000.0,1.0,225.0,1
36.0,665.0,0.1987179487179487,4.0,15.28,22730.0,10200.0,2.0,11.0,2.0,5.0,15500.0,78000.0,2.0,137.0,1
36.0,685.0,0.04716981132075472,1.0,7.52,41429.0,0.0,14.0,2.0,5.0,3.0,5000.0,106000.0,,250.0,1
36.0,700.0,0.06306306306306306,3.0,24.93,41695.0,47500.0,8.0,7.0,4.0,6.0,14000.0,222000.0,61.0,255.0,1
36.0,695.0,0.07272727272727272,6.0,24.76,,39200.0,,7.0,1.0,,8000.0,110000.0,7.0,,1
60.0,685.0,0.33541666666666664,8.0,29.14,21760.0,45800.0,9.0,0.0,5.0,11.0,28175.0,84000.0,9.0,304.0,1
36.0,710.0,0.18,6.0,20.24,16728.0,20400.0,2.0,1.0,11.0,7.0,14400.0,80000.0,2.0,249.0,1
36.0,735.0,0.13708333333333333,0.0,27.89,43171.0,35800.0,27.0,,2.0,4.0,8225.0,60000.0,27.0,323.0,1
36.0,700.0,0.34285714285714286,2.0,16.75,4481.0,30000.0,20.0,8.0,0.0,4.0,24000.0,70000.0,20.0,54.0,0
36.0,740.0,0.4,1.0,15.21,10809.0,54800.0,14.0,1.0,1.0,3.0,28000.0,70000.0,85.0,387.0,0
60.0,680.0,0.21,4.0,26.49,26035.0,15500.0,4.0,13.0,2.0,6.0,21000.0,100000.0,24.0,59.0,1
60.0,675.0,0.35909090909090907,10.0,28.32,7084.0,15400.0,1.0,3.0,0.0,6.0,17775.0,49500.0,3.0,94.0,1
36.0,700.0,0.16666666666666666,2.0,11.17,18557.0,3200.0,0.0,0.0,4.0,3.0,15000.0,90000.0,52.0,167.0,0
36.0,720.0,0.47998366013071897,1.0,27.29,14182.0,25800.0,19.0,19.0,4.0,10.0,29375.0,61200.0,19.0,236.0,1
60.0,700.0,0.3353333333333333,5.0,23.75,14875.0,28800.0,3.0,,1.0,5.0,25150.0,75000.0,20.0,235.0,1
60.0,720.0,0.24722222222222223,3.0,20.56,27761.0,48700.0,9.0,2.0,3.0,8.0,22250.0,90000.0,36.0,289.0,1
36.0,695.0,0.07792207792207792,7.0,20.19,,26300.0,,5.0,1.0,,6000.0,77000.0,13.0,,1
36.0,690.0,0.08888888888888889,6.0,17.29,48934.0,40900.0,3.0,5.0,1.0,8.0,20000.0,225000.0,8.0,193.0,1
36.0,675.0,0.26666666666666666,5.0,18.8,5364.0,7500.0,5.0,10.0,0.0,4.0,16000.0,60000.0,16.0,53.0,0
36.0,660.0,0.2830357142857143,4.0,31.91,,11300.0,,0.0,1.0,,15850.0,56000.0,58.0,,1
36.0,745.0,0.3,5.0,27.05,5912.0,82400.0,8.0,11.0,0.0,7.0,19800.0,66000.0,15.0,191.0,1
36.0,680.0,0.28846153846153844,6.0,18.09,5912.0,11000.0,2.0,2.0,1.0,2.0,15000.0,52000.0,6.0,249.0,0
36.0,660.0,0.37037037037037035,8.0,23.69,11186.0,8200.0,6.0,3.0,1.0,6.0,20000.0,54000.0,15.0,51.0,1
60.0,705.0,0.18333333333333332,5.0,20.11,5694.0,58900.0,3.0,5.0,0.0,8.0,22000.0,120000.0,21.0,363.0,1
36.0,660.0,0.12,8.0,20.88,11968.0,3300.0,7.0,6.0,2.0,3.0,3600.0,30000.0,17.0,41.0,1
36.0,715.0,0.22641509433962265,1.0,15.01,14591.0,24500.0,2.0,,1.0,5.0,12000.0,53000.0,2.0,178.0,1
60.0,690.0,0.23529411764705882,3.0,19.12,20251.0,23200.0,6.0,3.0,11.0,7.0,20000.0,85000.0,10.0,199.0,1
60.0,680.0,0.1322314049586777,1.0,6.63,3302.0,28400.0,22.0,0.0,0.0,7.0,16000.0,121000.0,22.0,202.0,1
36.0,700.0,0.21875,9.0,27.23,7433.0,76400.0,0.0,5.0,2.0,13.0,35000.0,160000.0,0.0,179.0,0
36.0,675.0,0.2604166666666667,8.0,26.03,8569.0,12400.0,6.0,6.0,3.0,8.0,25000.0,96000.0,14.0,89.0,1
36.0,700.0,0.1411764705882353,4.0,38.69,9584.0,11200.0,1.0,0.0,2.0,9.0,4800.0,34000.0,5.0,95.0,1
60.0,720.0,0.13333333333333333,4.0,37.39,11528.0,27000.0,2.0,10.0,1.0,6.0,12000.0,90000.0,40.0,286.0,1
36.0,670.0,0.1590909090909091,6.0,32.95,697.0,4000.0,7.0,11.0,2.0,10.0,3500.0,22000.0,8.0,268.0,0
36.0,725.0,0.08333333333333333,6.0,3.25,,27800.0,,4.0,2.0,,10000.0,120000.0,5.0,,1
36.0,660.0,0.06060606060606061,9.0,15.06,28598.0,26100.0,5.0,1.0,3.0,13.0,10000.0,165000.0,5.0,93.0,1
36.0,660.0,0.3111111111111111,3.0,22.08,45313.0,8100.0,1.0,2.0,5.0,3.0,28000.0,90000.0,12.0,148.0,1
36.0,765.0,0.23333333333333334,3.0,19.4,33302.0,34500.0,5.0,5.0,4.0,2.0,21000.0,90000.0,36.0,348.0,1
36.0,675.0,0.38461538461538464,3.0,18.15,3008.0,5700.0,5.0,10.0,0.0,3.0,15000.0,39000.0,18.0,89.0,0
60.0,690.0,0.1736111111111111,8.0,14.57,12566.0,20900.0,3.0,1.0,2.0,14.0,25000.0,144000.0,4.0,410.0,1
36.0,685.0,0.2175805047867711,9.0,24.0,6312.0,65800.0,4.0,,1.0,25.0,25000.0,114900.0,4.0,373.0,1
36.0,665.0,0.41907396858979573,1.0,25.54,2182.0,7500.0,22.0,0.0,0.0,6.0,10300.0,24578.0,28.0,156.0,0
36.0,675.0,0.26666666666666666,5.0,22.09,4733.0,4700.0,3.0,12.0,0.0,4.0,8000.0,30000.0,19.0,31.0,0
36.0,660.0,0.26,7.0,27.75,1935.0,8400.0,2.0,2.0,1.0,5.0,13000.0,50000.0,10.0,372.0,0
36.0,680.0,0.16666666666666666,3.0,38.88,3669.0,9700.0,5.0,22.0,0.0,5.0,5000.0,30000.0,5.0,228.0,0
36.0,700.0,0.26666666666666666,2.0,10.77,63530.0,17000.0,9.0,17.0,2.0,3.0,20000.0,75000.0,52.0,525.0,1
36.0,685.0,0.16,,0.57,,,,,,,6400.0,40000.0,,,0
36.0,670.0,0.2125,1.0,9.18,1066.0,7100.0,10.0,10.0,0.0,7.0,8500.0,40000.0,84.0,94.0,0
36.0,705.0,0.2807017543859649,1.0,13.73,24600.0,8500.0,7.0,9.0,1.0,3.0,16000.0,57000.0,102.0,196.0,1
36.0,665.0,0.13114754098360656,8.0,17.61,1082.0,13200.0,7.0,0.0,0.0,9.0,8000.0,61000.0,14.0,137.0,0
60.0,715.0,0.17647058823529413,0.0,14.4,11284.0,30400.0,37.0,,0.0,3.0,30000.0,170000.0,52.0,200.0,0
36.0,675.0,0.05128205128205128,4.0,27.77,25531.0,1300.0,9.0,3.0,4.0,4.0,4000.0,78000.0,56.0,484.0,1
60.0,670.0,0.3181818181818182,,8.71,,,,,,,35000.0,110000.0,,,1
60.0,685.0,0.1640625,1.0,3.31,73376.0,17000.0,22.0,7.0,4.0,2.0,21000.0,128000.0,22.0,306.0,1
36.0,670.0,0.16666666666666666,3.0,21.13,14114.0,12500.0,8.0,1.0,1.0,5.0,6000.0,36000.0,8.0,71.0,1
60.0,705.0,0.23529411764705882,1.0,9.17,2724.0,36400.0,9.0,0.0,0.0,8.0,24000.0,102000.0,45.0,170.0,0
36.0,675.0,0.35,4.0,27.28,1939.0,10900.0,3.0,18.0,0.0,8.0,10500.0,30000.0,24.0,100.0,0
36.0,705.0,0.29835390946502055,4.0,19.41,25944.0,19600.0,12.0,12.0,4.0,6.0,23200.0,77760.0,21.0,458.0,1
36.0,660.0,0.06397058823529411,3.0,11.26,3519.0,6900.0,2.0,1.0,3.0,4.0,2175.0,34000.0,5.0,191.0,1
36.0,660.0,0.18951612903225806,4.0,26.75,2679.0,8200.0,7.0,13.0,0.0,6.0,5875.0,31000.0,13.0,196.0,0
36.0,755.0,0.04,3.0,5.45,2715.0,25000.0,8.0,11.0,0.0,2.0,2200.0,55000.0,13.0,113.0,0
60.0,755.0,0.33035714285714285,2.0,18.58,8028.0,10100.0,12.0,4.0,1.0,4.0,9250.0,28000.0,53.0,220.0,1
36.0,675.0,0.08625,6.0,19.2,3237.0,1800.0,2.0,1.0,0.0,5.0,3450.0,40000.0,12.0,127.0,0
36.0,700.0,0.30434782608695654,2.0,20.91,7383.0,30500.0,10.0,10.0,0.0,7.0,35000.0,115000.0,25.0,136.0,0
36.0,725.0,0.08333333333333333,2.0,20.05,4615.0,45000.0,6.0,10.0,0.0,3.0,5000.0,60000.0,9.0,111.0,0
60.0,700.0,0.4,4.0,11.25,12907.0,15800.0,14.0,3.0,3.0,6.0,18000.0,45000.0,20.0,113.0,1
60.0,675.0,0.18285714285714286,7.0,10.15,17507.0,16500.0,4.0,4.0,9.0,10.0,25600.0,140000.0,7.0,119.0,1
36.0,725.0,0.23333333333333334,14.0,19.06,2936.0,67200.0,10.0,1.0,2.0,11.0,35000.0,150000.0,12.0,175.0,1
60.0,670.0,0.35454545454545455,4.0,15.36,7676.0,12000.0,4.0,,0.0,3.0,19500.0,55000.0,11.0,140.0,0
36.0,695.0,0.219,2.0,20.78,3299.0,3300.0,7.0,9.0,0.0,7.0,16425.0,75000.0,77.0,173.0,0
60.0,660.0,0.2403846153846154,1.0,18.01,8435.0,26500.0,14.0,4.0,5.0,10.0,25000.0,104000.0,25.0,157.0,0
60.0,720.0,0.48,,11.47,,,,,,,12000.0,25000.0,,,0
36.0,705.0,0.1694915254237288,6.0,13.12,9455.0,32300.0,3.0,6.0,1.0,10.0,10000.0,59000.0,3.0,227.0,0
36.0,670.0,0.1125,6.0,8.52,1229.0,7700.0,6.0,7.0,1.0,8.0,9000.0,80000.0,7.0,106.0,1
36.0,675.0,0.4015151515151515,4.0,24.76,22765.0,24100.0,7.0,4.0,6.0,8.0,26500.0,66000.0,14.0,136.0,1
36.0,775.0,0.08,7.0,0.62,167.0,45100.0,9.0,20.0,0.0,2.0,8000.0,100000.0,9.0,74.0,0
36.0,680.0,0.028125,9.0,4.1,6022.0,3200.0,2.0,2.0,0.0,3.0,9000.0,320000.0,7.0,62.0,0
36.0,675.0,0.208955223880597,3.0,18.25,7492.0,13300.0,13.0,19.0,4.0,4.0,14000.0,67000.0,13.0,141.0,0
60.0,665.0,0.23076923076923078,6.0,20.46,2956.0,8700.0,13.0,19.0,0.0,7.0,15000.0,65000.0,13.0,39.0,0
36.0,700.0,0.43956043956043955,1.0,12.29,3768.0,18000.0,14.0,1.0,0.0,4.0,24000.0,54600.0,14.0,160.0,0
36.0,660.0,0.20809248554913296,4.0,19.35,12286.0,8100.0,4.0,4.0,0.0,9.0,18000.0,86500.0,4.0,132.0,1
36.0,660.0,0.23529411764705882,3.0,17.61,22571.0,2400.0,5.0,5.0,1.0,2.0,20000.0,85000.0,80.0,128.0,1
36.0,765.0,0.14,2.0,4.25,36546.0,54476.0,9.0,5.0,5.0,3.0,21000.0,150000.0,10.0,183.0,0
36.0,665.0,0.16923076923076924,6.0,20.21,2651.0,8500.0,8.0,2.0,0.0,5.0,11000.0,65000.0,9.0,111.0,0
36.0,730.0,0.3,4.0,22.89,2032.0,56700.0,14.0,23.0,2.0,5.0,18000.0,60000.0,23.0,172.0,0
36.0,665.0,0.04406779661016949,9.0,19.16,21958.0,3500.0,8.0,1.0,3.0,5.0,5200.0,118000.0,28.0,247.0,1
36.0,770.0,0.26666666666666666,2.0,25.18,3514.0,52400.0,6.0,22.0,0.0,5.0,20000.0,75000.0,6.0,147.0,0
60.0,670.0,0.477326968973747,13.0,21.15,3530.0,7000.0,4.0,4.0,0.0,4.0,24000.0,50280.0,17.0,66.0,0
36.0,685.0,0.23529411764705882,3.0,25.41,1367.0,16400.0,14.0,12.0,0.0,15.0,16000.0,68000.0,14.0,202.0,0
60.0,755.0,0.24210526315789474,5.0,31.27,10523.0,76800.0,0.0,0.0,2.0,10.0,11500.0,47500.0,5.0,238.0,1
36.0,775.0,0.29411764705882354,6.0,22.4,37136.0,4000.0,10.0,,4.0,3.0,15000.0,51000.0,14.0,193.0,1
36.0,665.0,0.22105263157894736,4.0,26.1,2335.0,5700.0,8.0,13.0,2.0,2.0,8400.0,38000.0,62.0,193.0,0
36.0,720.0,0.22842105263157894,0.0,9.99,8356.0,18500.0,33.0,,0.0,3.0,21700.0,95000.0,117.0,205.0,0
60.0,685.0,0.41847826086956524,4.0,20.52,4221.0,16900.0,16.0,4.0,0.0,4.0,19250.0,46000.0,16.0,142.0,0
36.0,660.0,0.046511627906976744,8.0,17.74,14618.0,17900.0,5.0,7.0,3.0,9.0,5000.0,107500.0,7.0,209.0,0
60.0,675.0,0.3,5.0,14.79,11230.0,10700.0,0.0,0.0,2.0,6.0,15000.0,50000.0,32.0,241.0,1
60.0,675.0,0.23883928571428573,7.0,25.44,4012.0,12500.0,8.0,6.0,0.0,9.0,13375.0,56000.0,17.0,95.0,0
36.0,670.0,0.2,6.0,34.57,21985.0,4000.0,1.0,1.0,1.0,5.0,15000.0,75000.0,9.0,162.0,1
36.0,745.0,0.3333333333333333,,2.6,,,,,,,20000.0,60000.0,,,1
36.0,670.0,0.23076923076923078,5.0,19.33,7012.0,11900.0,1.0,8.0,0.0,2.0,15000.0,65000.0,1.0,233.0,0
36.0,670.0,0.16,3.0,24.24,2696.0,7400.0,3.0,19.0,0.0,7.0,6400.0,40000.0,20.0,97.0,0
36.0,705.0,0.32941176470588235,2.0,26.15,11461.0,8500.0,5.0,,5.0,8.0,28000.0,85000.0,5.0,236.0,1
60.0,665.0,0.3508771929824561,1.0,24.91,5231.0,4500.0,19.0,17.0,0.0,7.0,20000.0,57000.0,73.0,319.0,0
60.0,675.0,0.24,7.0,17.46,15615.0,2900.0,7.0,12.0,2.0,4.0,14400.0,60000.0,7.0,164.0,1
36.0,685.0,0.06666666666666667,6.0,10.73,15139.0,9400.0,6.0,1.0,7.0,6.0,10000.0,150000.0,9.0,156.0,1
60.0,705.0,0.2857142857142857,2.0,8.61,31164.0,12700.0,4.0,4.0,6.0,8.0,20000.0,70000.0,4.0,162.0,1
36.0,685.0,0.15150324890300426,7.0,18.65,9491.0,29500.0,9.0,2.0,2.0,5.0,13500.0,89107.0,9.0,379.0,1
60.0,705.0,0.1590909090909091,3.0,15.56,75347.0,6600.0,3.0,3.0,1.0,0.0,35000.0,220000.0,15.0,36.0,1
36.0,695.0,0.12222222222222222,3.0,20.59,3951.0,16600.0,13.0,0.0,1.0,3.0,5500.0,45000.0,13.0,136.0,0
36.0,660.0,0.175,0.0,13.86,10515.0,21000.0,88.0,1.0,7.0,4.0,35000.0,200000.0,243.0,280.0,1
36.0,670.0,0.14,5.0,9.72,2251.0,77900.0,0.0,0.0,0.0,11.0,28000.0,200000.0,14.0,159.0,1
36.0,690.0,0.11955128205128206,6.0,16.92,8493.0,400.0,3.0,0.0,0.0,3.0,9325.0,78000.0,16.0,96.0,0
36.0,660.0,0.08,5.0,22.28,49859.0,3000.0,3.0,1.0,2.0,3.0,8000.0,100000.0,25.0,112.0,1
36.0,720.0,0.3125,1.0,8.2,5398.0,85400.0,4.0,4.0,0.0,5.0,25000.0,80000.0,4.0,191.0,0
36.0,695.0,0.1891891891891892,5.0,3.55,30510.0,5500.0,12.0,13.0,7.0,6.0,14000.0,74000.0,21.0,190.0,1
60.0,685.0,0.13023255813953488,3.0,24.21,36214.0,24000.0,2.0,8.0,0.0,4.0,11200.0,86000.0,17.0,66.0,0
36.0,685.0,0.05142857142857143,5.0,12.45,2565.0,21500.0,2.0,13.0,0.0,7.0,3600.0,70000.0,2.0,147.0,0
60.0,665.0,0.25,4.0,24.24,3377.0,8100.0,4.0,2.0,5.0,6.0,15000.0,60000.0,23.0,176.0,1
36.0,725.0,0.246,3.0,30.77,6066.0,40600.0,2.0,,1.0,7.0,12300.0,50000.0,9.0,165.0,1
36.0,730.0,0.3217391304347826,0.0,11.48,4848.0,8500.0,84.0,,0.0,2.0,7400.0,23000.0,84.0,304.0,1
36.0,660.0,0.03125,5.0,10.2,34293.0,7300.0,5.0,5.0,2.0,4.0,1500.0,48000.0,18.0,225.0,1
36.0,680.0,0.2,2.0,21.33,3345.0,11700.0,11.0,21.0,0.0,4.0,8000.0,40000.0,11.0,212.0,0
36.0,705.0,0.2634375,6.0,36.08,13370.0,15100.0,6.0,3.0,4.0,9.0,21075.0,80000.0,10.0,246.0,1
36.0,670.0,0.11428571428571428,3.0,21.71,5205.0,600.0,7.0,9.0,1.0,2.0,4000.0,35000.0,70.0,289.0,0
36.0,700.0,0.0891891891891892,4.0,13.54,5642.0,13000.0,10.0,7.0,0.0,3.0,6600.0,74000.0,10.0,184.0,0
60.0,725.0,0.25,0.0,19.06,4619.0,30400.0,34.0,,2.0,2.0,11000.0,44000.0,65.0,213.0,1
36.0,685.0,0.3709375,1.0,20.33,30343.0,23500.0,23.0,21.0,5.0,8.0,29675.0,80000.0,53.0,194.0,1
36.0,670.0,0.16279069767441862,13.0,30.95,2842.0,8900.0,1.0,1.0,0.0,7.0,7000.0,43000.0,7.0,25.0,0
60.0,690.0,0.42105263157894735,2.0,15.01,1735.0,15600.0,14.0,15.0,1.0,7.0,16000.0,38000.0,14.0,220.0,0
60.0,670.0,0.21333333333333335,4.0,9.86,27152.0,12500.0,1.0,2.0,2.0,2.0,16000.0,75000.0,28.0,105.0,1
36.0,685.0,0.17898235745333674,4.0,26.42,3128.0,4900.0,0.0,1.0,2.0,5.0,7000.0,39110.0,5.0,162.0,0
60.0,670.0,0.2318181818181818,8.0,30.83,4373.0,32300.0,3.0,3.0,0.0,6.0,12750.0,55000.0,11.0,419.0,0
36.0,700.0,0.08,0.0,14.28,2196.0,5600.0,27.0,9.0,0.0,4.0,2400.0,30000.0,27.0,280.0,0
36.0,685.0,0.053418803418803416,3.0,12.24,6279.0,13150.0,9.0,9.0,0.0,3.0,5000.0,93600.0,17.0,45.0,0
36.0,730.0,0.13059701492537312,1.0,3.83,78052.0,16000.0,21.0,2.0,6.0,4.0,35000.0,268000.0,64.0,306.0,1
36.0,680.0,0.361875,8.0,26.4,1207.0,14600.0,6.0,10.0,0.0,10.0,14475.0,40000.0,7.0,33.0,0
36.0,670.0,0.1907356948228883,11.0,20.27,14499.0,4850.0,4.0,4.0,4.0,12.0,14000.0,73400.0,21.0,74.0,1
36.0,690.0,0.2916666666666667,12.0,20.65,11458.0,66000.0,3.0,5.0,1.0,13.0,28000.0,96000.0,3.0,161.0,1
36.0,665.0,0.14814814814814814,17.0,2.53,699.0,25000.0,6.0,7.0,3.0,4.0,20000.0,135000.0,9.0,309.0,0
36.0,675.0,0.13043478260869565,4.0,20.75,8216.0,17400.0,1.0,19.0,2.0,7.0,12000.0,92000.0,19.0,106.0,0
60.0,700.0,0.21737240239979133,5.0,7.27,24445.0,52500.0,4.0,13.0,5.0,3.0,15000.0,69006.0,4.0,144.0,1
60.0,685.0,0.35,1.0,23.85,8959.0,10600.0,3.0,16.0,1.0,5.0,14000.0,40000.0,3.0,58.0,1
36.0,660.0,0.24175824175824176,11.0,18.1,7964.0,7900.0,1.0,7.0,2.0,6.0,11000.0,45500.0,20.0,102.0,1
36.0,675.0,0.09666666666666666,9.0,14.48,4268.0,2200.0,8.0,1.0,0.0,3.0,5800.0,60000.0,8.0,101.0,1
36.0,750.0,0.05555555555555555,3.0,3.28,5481.0,45100.0,3.0,14.0,0.0,3.0,15000.0,270000.0,12.0,208.0,0
36.0,725.0,0.09124087591240876,8.0,34.37,25530.0,54900.0,3.0,3.0,2.0,5.0,12500.0,137000.0,3.0,383.0,1
36.0,665.0,0.16,4.0,19.86,16663.0,18400.0,6.0,10.0,2.0,10.0,12000.0,75000.0,11.0,169.0,1
36.0,670.0,0.44363783020770314,1.0,33.32,1638.0,29000.0,22.0,,0.0,14.0,22000.0,49590.0,22.0,137.0,0
36.0,680.0,0.09523809523809523,3.0,6.02,4850.0,36700.0,5.0,2.0,1.0,7.0,20000.0,210000.0,5.0,131.0,1
36.0,730.0,0.1956521739130435,3.0,20.81,5579.0,37000.0,9.0,9.0,6.0,4.0,18000.0,92000.0,51.0,199.0,0
36.0,730.0,0.13,2.0,12.51,985.0,14400.0,10.0,18.0,0.0,4.0,5200.0,40000.0,10.0,150.0,0
36.0,665.0,0.0496,1.0,8.06,4953.0,1600.0,22.0,2.0,2.0,4.0,6200.0,125000.0,22.0,173.0,0
36.0,715.0,0.09486637393614138,6.0,10.17,796.0,7900.0,6.0,0.0,1.0,4.0,4200.0,44272.8,6.0,118.0,1
36.0,675.0,0.21333333333333335,1.0,7.16,57862.0,7700.0,16.0,,4.0,3.0,6400.0,30000.0,16.0,177.0,1
36.0,725.0,0.16,2.0,4.26,63156.0,58800.0,19.0,21.0,6.0,4.0,32000.0,200000.0,60.0,151.0,1
36.0,725.0,0.11238532110091744,1.0,4.27,49230.0,67500.0,21.0,9.0,1.0,5.0,24500.0,218000.0,21.0,165.0,1
36.0,695.0,0.21922853478608775,,18.8,,,,,,,20000.0,91229.0,,,0
36.0,685.0,0.2545454545454545,4.0,23.94,,11900.0,,,0.0,,14000.0,55000.0,7.0,,0
60.0,700.0,0.22580645161290322,4.0,12.32,57251.0,39300.0,1.0,3.0,4.0,5.0,35000.0,155000.0,14.0,160.0,1
36.0,700.0,0.2402787233190501,3.0,11.16,34911.0,22700.0,6.0,8.0,2.0,4.0,24000.0,99884.0,18.0,140.0,1
60.0,700.0,0.4166666666666667,10.0,19.97,1146.0,17600.0,5.0,17.0,0.0,7.0,15000.0,36000.0,5.0,60.0,0
36.0,670.0,0.2727272727272727,5.0,15.27,10659.0,4100.0,9.0,6.0,2.0,8.0,12000.0,44000.0,56.0,166.0,1
36.0,690.0,0.05555555555555555,13.0,9.93,13232.0,14700.0,0.0,0.0,4.0,5.0,4000.0,72000.0,0.0,157.0,1
36.0,660.0,0.0868421052631579,4.0,8.74,3733.0,4300.0,4.0,8.0,0.0,5.0,8250.0,95000.0,12.0,71.0,0
36.0,710.0,0.1318282936475241,5.0,26.54,4689.0,11300.0,1.0,7.0,3.0,7.0,8000.0,60685.0,1.0,233.0,0
36.0,685.0,0.39797858928609586,6.0,28.01,10438.0,55700.0,8.0,1.0,6.0,9.0,18625.0,46799.0,8.0,276.0,1
36.0,670.0,0.1945945945945946,4.0,17.85,17721.0,13400.0,12.0,0.0,1.0,10.0,18000.0,92500.0,12.0,148.0,1
36.0,690.0,0.3076923076923077,2.0,5.42,1973.0,5600.0,6.0,,0.0,3.0,12000.0,39000.0,19.0,26.0,0
36.0,675.0,0.103125,3.0,14.35,45121.0,300.0,6.0,10.0,2.0,1.0,4950.0,48000.0,31.0,52.0,1
60.0,670.0,0.2,7.0,21.68,14596.0,17000.0,8.0,16.0,4.0,7.0,19000.0,95000.0,15.0,420.0,1
36.0,705.0,0.17985611510791366,,16.16,,,,,,,25000.0,139000.0,,,1
36.0,745.0,0.15,5.0,12.1,1933.0,33700.0,1.0,12.0,2.0,7.0,18000.0,120000.0,1.0,270.0,0
36.0,745.0,0.33375,8.0,37.9,4838.0,59800.0,3.0,6.0,2.0,8.0,13350.0,40000.0,3.0,169.0,1
60.0,760.0,0.3333333333333333,5.0,14.92,20638.0,76900.0,3.0,5.0,4.0,6.0,30000.0,90000.0,3.0,244.0,1
36.0,660.0,0.26666666666666666,10.0,30.1,11055.0,22000.0,8.0,10.0,2.0,9.0,20000.0,75000.0,8.0,128.0,1
36.0,695.0,0.15483870967741936,5.0,21.39,33618.0,15100.0,2.0,2.0,1.0,4.0,7200.0,46500.0,9.0,154.0,1
36.0,755.0,0.14482758620689656,2.0,19.93,33915.0,21000.0,2.0,2.0,4.0,2.0,21000.0,145000.0,27.0,205.0,1
36.0,675.0,0.11428571428571428,3.0,1.85,53379.0,8800.0,7.0,5.0,2.0,2.0,8000.0,70000.0,26.0,118.0,1
36.0,680.0,0.08888888888888889,2.0,19.27,1333.0,15500.0,13.0,1.0,1.0,15.0,4800.0,54000.0,13.0,380.0,0
60.0,700.0,0.44085365853658537,6.0,30.69,5386.0,12100.0,10.0,10.0,2.0,8.0,18075.0,41000.0,24.0,180.0,1
36.0,700.0,0.05555555555555555,13.0,16.79,2327.0,18700.0,1.0,1.0,0.0,7.0,5000.0,90000.0,2.0,47.0,0
36.0,670.0,0.133,12.0,15.82,9862.0,12900.0,5.0,1.0,1.0,3.0,9975.0,75000.0,7.0,210.0,0
36.0,695.0,0.38676470588235295,5.0,14.77,35904.0,54578.0,1.0,5.0,8.0,5.0,32875.0,85000.0,14.0,150.0,1
36.0,690.0,0.06293706293706294,10.0,13.13,25904.0,33800.0,2.0,9.0,5.0,8.0,9000.0,143000.0,2.0,165.0,1
36.0,715.0,0.2,2.0,8.69,26075.0,8000.0,15.0,13.0,4.0,9.0,16000.0,80000.0,34.0,134.0,1
60.0,660.0,0.16163793103448276,9.0,6.57,19313.0,8700.0,4.0,1.0,3.0,6.0,18750.0,116000.0,5.0,183.0,1
60.0,665.0,0.18203125,5.0,17.66,3847.0,34000.0,7.0,4.0,0.0,6.0,11650.0,64000.0,7.0,153.0,1
36.0,685.0,0.16393442622950818,,21.52,,,,,,,10000.0,61000.0,,,1
36.0,660.0,0.07074468085106383,7.0,8.5,14545.0,5500.0,2.0,2.0,0.0,3.0,3325.0,47000.0,5.0,39.0,0
36.0,720.0,0.4318181818181818,5.0,22.2,1452.0,42000.0,12.0,1.0,0.0,7.0,19000.0,44000.0,12.0,171.0,1
36.0,675.0,0.07142857142857142,1.0,28.85,4415.0,17400.0,21.0,,0.0,8.0,5000.0,70000.0,32.0,120.0,0
60.0,675.0,0.1346153846153846,2.0,11.3,56360.0,31800.0,13.0,13.0,3.0,6.0,35000.0,260000.0,103.0,318.0,1
36.0,715.0,0.2125,1.0,9.13,311.0,3800.0,4.0,,0.0,4.0,3825.0,18000.0,4.0,206.0,0
60.0,675.0,0.2957692307692308,8.0,22.99,14174.0,16900.0,0.0,0.0,1.0,10.0,19225.0,65000.0,4.0,285.0,1
60.0,660.0,0.16,5.0,3.66,1138.0,7000.0,2.0,,1.0,5.0,16800.0,105000.0,3.0,343.0,0
60.0,665.0,0.3076923076923077,3.0,29.06,12676.0,70100.0,1.0,1.0,0.0,5.0,20000.0,65000.0,2.0,219.0,0
36.0,675.0,0.2375,,20.04,,,,,,,4750.0,20000.0,,,0
36.0,660.0,0.14285714285714285,,11.21,,,,,,,10000.0,70000.0,,,1
36.0,690.0,0.36764705882352944,3.0,16.29,3608.0,62900.0,11.0,11.0,0.0,7.0,25000.0,68000.0,11.0,120.0,0
60.0,685.0,0.2831858407079646,3.0,19.76,34917.0,24100.0,7.0,2.0,7.0,3.0,32000.0,113000.0,45.0,183.0,1
36.0,685.0,0.20833333333333334,3.0,6.6,871.0,4100.0,15.0,11.0,0.0,5.0,6250.0,30000.0,30.0,77.0,0
36.0,685.0,0.23809523809523808,7.0,15.82,2129.0,19700.0,3.0,14.0,0.0,9.0,15000.0,63000.0,3.0,169.0,0
36.0,800.0,0.0428856924752764,1.0,4.2,1689.0,16000.0,12.0,,0.0,1.0,3200.0,74616.96,26.0,159.0,0
36.0,725.0,0.3076923076923077,1.0,19.72,5368.0,16500.0,15.0,,0.0,1.0,12000.0,39000.0,31.0,138.0,0
36.0,760.0,0.09765625,3.0,6.88,65355.0,12000.0,8.0,0.0,6.0,2.0,25000.0,256000.0,59.0,116.0,1
60.0,710.0,0.2975,8.0,32.27,21854.0,20500.0,5.0,4.0,3.0,5.0,23800.0,80000.0,5.0,160.0,0
36.0,710.0,0.02857142857142857,3.0,6.41,164.0,10600.0,4.0,0.0,0.0,3.0,1000.0,35000.0,10.0,522.0,0
60.0,715.0,0.4,2.0,18.21,1380.0,5100.0,2.0,2.0,0.0,6.0,10000.0,25000.0,2.0,289.0,0
36.0,755.0,0.17142857142857143,0.0,12.31,86536.0,95200.0,25.0,,3.0,5.0,30000.0,175000.0,53.0,177.0,1
36.0,670.0,0.1811320754716981,3.0,17.69,17206.0,8400.0,10.0,6.0,2.0,7.0,9600.0,53000.0,10.0,121.0,1
36.0,710.0,0.5,2.0,38.02,3598.0,10900.0,4.0,17.0,0.0,5.0,12500.0,25000.0,35.0,263.0,0
60.0,680.0,0.14285714285714285,6.0,13.59,40926.0,48000.0,8.0,9.0,3.0,3.0,35000.0,245000.0,8.0,249.0,1
36.0,685.0,0.11428571428571428,1.0,25.87,13594.0,101400.0,2.0,,5.0,15.0,20000.0,175000.0,2.0,541.0,1
60.0,690.0,0.4077272727272727,5.0,23.46,10059.0,50700.0,15.0,20.0,4.0,12.0,22425.0,55000.0,15.0,104.0,1
36.0,665.0,0.13333333333333333,13.0,21.09,2456.0,13800.0,4.0,0.0,0.0,16.0,8400.0,63000.0,6.0,122.0,0
60.0,700.0,0.23410675267922174,1.0,18.73,11737.0,13000.0,23.0,12.0,0.0,3.0,18000.0,76888.0,23.0,107.0,0
60.0,685.0,0.18,4.0,20.61,23391.0,26300.0,7.0,7.0,2.0,9.0,14400.0,80000.0,7.0,155.0,1
36.0,665.0,0.2961864406779661,13.0,33.14,4016.0,7100.0,2.0,2.0,0.0,19.0,17475.0,59000.0,8.0,78.0,0
60.0,675.0,0.26666666666666666,8.0,33.0,10455.0,13800.0,3.0,3.0,2.0,6.0,20000.0,75000.0,15.0,139.0,1
36.0,685.0,0.25857142857142856,7.0,16.48,829.0,3500.0,1.0,,0.0,4.0,13575.0,52500.0,1.0,210.0,0
36.0,700.0,0.3018867924528302,4.0,10.15,13588.0,12500.0,8.0,0.0,1.0,8.0,16000.0,53000.0,8.0,118.0,1
60.0,665.0,0.052321778940483975,,19.62,,,,,,,4000.0,76450.0,,,1
36.0,740.0,0.21352313167259787,6.0,31.84,8431.0,24200.0,7.0,9.0,2.0,4.0,12000.0,56200.0,13.0,181.0,1
36.0,715.0,0.23684210526315788,2.0,16.11,27254.0,19800.0,11.0,11.0,1.0,4.0,9000.0,38000.0,11.0,68.0,1
36.0,705.0,0.3,1.0,13.44,4689.0,12700.0,21.0,20.0,0.0,4.0,15000.0,50000.0,50.0,114.0,0
36.0,690.0,0.09230769230769231,0.0,12.32,4999.0,2900.0,28.0,,0.0,3.0,6000.0,65000.0,84.0,111.0,0
36.0,680.0,0.04081632653061224,4.0,14.33,21130.0,31700.0,13.0,11.0,4.0,5.0,4000.0,98000.0,20.0,364.0,0
60.0,705.0,0.43478260869565216,2.0,21.53,7841.0,5500.0,11.0,18.0,0.0,3.0,30000.0,69000.0,11.0,139.0,1
36.0,665.0,0.1643835616438356,3.0,17.66,23050.0,2000.0,3.0,5.0,3.0,4.0,12000.0,73000.0,110.0,122.0,1
36.0,735.0,0.4,8.0,33.16,9232.0,69400.0,2.0,0.0,3.0,5.0,20000.0,50000.0,2.0,258.0,1
36.0,700.0,0.135,9.0,21.14,6220.0,10500.0,1.0,1.0,1.0,8.0,10800.0,80000.0,1.0,118.0,1
60.0,665.0,0.34615384615384615,8.0,15.92,9918.0,10000.0,3.0,2.0,1.0,6.0,18000.0,52000.0,3.0,130.0,1
60.0,750.0,0.15,8.0,4.58,9590.0,29700.0,6.0,6.0,3.0,4.0,15000.0,100000.0,8.0,188.0,1
60.0,715.0,0.25,20.0,17.45,,6500.0,,,9.0,,20000.0,80000.0,130.0,,1
36.0,665.0,0.2898550724637681,4.0,32.1,11809.0,3600.0,11.0,,2.0,4.0,10000.0,34500.0,30.0,133.0,1
36.0,710.0,0.11428571428571428,4.0,7.9,9972.0,59900.0,3.0,15.0,4.0,10.0,8000.0,70000.0,9.0,203.0,0
36.0,660.0,0.20725388601036268,1.0,17.1,5453.0,1000.0,8.0,8.0,0.0,1.0,8000.0,38600.0,47.0,96.0,0
60.0,665.0,0.2375,2.0,7.13,1397.0,14900.0,6.0,,0.0,4.0,11400.0,48000.0,55.0,196.0,0
36.0,720.0,0.18666666666666668,5.0,7.99,23727.0,92300.0,12.0,8.0,5.0,10.0,28000.0,150000.0,24.0,205.0,1
36.0,665.0,0.14161297174821214,6.0,11.56,16236.0,4400.0,6.0,1.0,1.0,3.0,6000.0,42369.0,6.0,127.0,1
36.0,665.0,0.15053763440860216,10.0,32.87,6120.0,23500.0,7.0,0.0,0.0,9.0,14000.0,93000.0,14.0,136.0,0
36.0,700.0,0.39880952380952384,2.0,20.37,2949.0,8700.0,4.0,4.0,0.0,2.0,16750.0,42000.0,22.0,78.0,1
36.0,755.0,0.2692307692307692,3.0,5.71,2330.0,56080.0,2.0,3.0,0.0,4.0,35000.0,130000.0,2.0,63.0,0
60.0,680.0,0.1411764705882353,5.0,35.75,10653.0,7900.0,2.0,1.0,0.0,3.0,12000.0,85000.0,126.0,155.0,0
36.0,675.0,0.2840909090909091,3.0,19.76,9775.0,19000.0,3.0,4.0,4.0,4.0,25000.0,88000.0,73.0,229.0,0
36.0,690.0,0.13333333333333333,5.0,19.86,4290.0,44700.0,7.0,3.0,4.0,5.0,8000.0,60000.0,19.0,217.0,0
36.0,765.0,0.16,1.0,15.46,3023.0,22800.0,18.0,0.0,0.0,1.0,8000.0,50000.0,18.0,156.0,0
36.0,685.0,0.17613636363636365,1.0,27.33,5636.0,37500.0,5.0,5.0,0.0,6.0,7750.0,44000.0,31.0,238.0,0
36.0,705.0,0.10103626943005181,5.0,31.7,23907.0,22700.0,3.0,2.0,5.0,10.0,7800.0,77200.0,21.0,447.0,1
36.0,660.0,0.09736285746077668,5.0,21.71,2675.0,2300.0,6.0,6.0,1.0,5.0,3500.0,35948.0,15.0,109.0,1
36.0,700.0,0.2840909090909091,7.0,28.23,3406.0,69000.0,2.0,0.0,2.0,16.0,25000.0,88000.0,6.0,351.0,0
36.0,660.0,0.0916030534351145,6.0,8.78,17766.0,15100.0,2.0,3.0,3.0,9.0,12000.0,131000.0,2.0,147.0,1
36.0,690.0,0.025252525252525252,9.0,31.08,17163.0,24900.0,10.0,10.0,2.0,14.0,2500.0,99000.0,18.0,108.0,1
36.0,685.0,0.1388888888888889,4.0,16.63,4360.0,3500.0,8.0,0.0,1.0,4.0,10000.0,72000.0,19.0,273.0,1
60.0,680.0,0.23684210526315788,4.0,20.01,6376.0,10500.0,2.0,2.0,1.0,3.0,18000.0,76000.0,51.0,161.0,0
60.0,670.0,0.1565217391304348,8.0,19.0,3362.0,18250.0,7.0,6.0,1.0,10.0,18000.0,115000.0,8.0,292.0,0
36.0,685.0,0.15,5.0,28.2,8864.0,14400.0,5.0,13.0,2.0,6.0,7500.0,50000.0,16.0,97.0,1
60.0,670.0,0.373134328358209,11.0,39.23,11211.0,500.0,11.0,8.0,7.0,1.0,25000.0,67000.0,19.0,151.0,1
60.0,720.0,0.49955357142857143,3.0,16.67,11547.0,29700.0,19.0,0.0,4.0,7.0,27975.0,56000.0,19.0,163.0,1
36.0,715.0,0.23333333333333334,4.0,30.78,25505.0,54800.0,7.0,8.0,4.0,10.0,35000.0,150000.0,7.0,166.0,1
60.0,700.0,0.35,1.0,22.67,9494.0,87500.0,22.0,,1.0,6.0,35000.0,100000.0,22.0,168.0,0
60.0,720.0,0.18181818181818182,4.0,12.46,21275.0,35800.0,4.0,0.0,3.0,4.0,20000.0,110000.0,4.0,270.0,1
36.0,715.0,0.3459609064175748,4.0,27.56,8365.0,0.0,9.0,9.0,2.0,4.0,8000.0,23124.0,,171.0,1
36.0,695.0,0.16666666666666666,1.0,9.01,4613.0,10400.0,10.0,3.0,7.0,2.0,14000.0,84000.0,10.0,90.0,0
36.0,715.0,0.6,,13.36,,,,,,,9000.0,15000.0,,,1
60.0,710.0,0.21691973969631237,22.0,27.99,1839.0,69400.0,2.0,2.0,0.0,12.0,20000.0,92200.0,6.0,210.0,0
36.0,665.0,0.14761904761904762,12.0,14.0,509.0,11000.0,7.0,7.0,0.0,13.0,6200.0,42000.0,7.0,164.0,0
36.0,720.0,0.35555555555555557,4.0,8.22,1312.0,48500.0,8.0,24.0,0.0,4.0,16000.0,45000.0,8.0,104.0,1
60.0,675.0,0.2916666666666667,9.0,20.66,10285.0,22400.0,1.0,11.0,5.0,11.0,35000.0,120000.0,1.0,134.0,1
36.0,705.0,0.1935483870967742,3.0,21.0,12903.0,19800.0,9.0,10.0,2.0,7.0,15000.0,77500.0,9.0,142.0,1
36.0,755.0,0.08,0.0,37.19,3688.0,7200.0,27.0,,0.0,8.0,5600.0,70000.0,53.0,116.0,0
60.0,700.0,0.32941176470588235,6.0,19.31,17471.0,50800.0,7.0,11.0,6.0,5.0,28000.0,85000.0,9.0,236.0,1
36.0,730.0,0.2,7.0,9.98,27274.0,42700.0,3.0,3.0,1.0,2.0,28000.0,140000.0,3.0,151.0,1
36.0,665.0,0.09646302250803858,2.0,18.33,3188.0,12800.0,6.0,6.0,0.0,5.0,6000.0,62200.0,6.0,130.0,1
36.0,675.0,0.08,4.0,34.42,17823.0,24700.0,10.0,10.0,6.0,7.0,6000.0,75000.0,26.0,95.0,1
36.0,660.0,0.17041666666666666,4.0,7.16,2632.0,5000.0,3.0,0.0,1.0,5.0,10225.0,60000.0,3.0,287.0,1
36.0,720.0,0.2575,5.0,7.61,,25700.0,,3.0,7.0,,12875.0,50000.0,3.0,,1
60.0,755.0,0.48,4.0,13.34,984.0,92600.0,12.0,1.0,2.0,10.0,24000.0,50000.0,12.0,203.0,0
60.0,665.0,0.2553191489361702,4.0,22.17,11069.0,17700.0,6.0,8.0,5.0,5.0,12000.0,47000.0,6.0,260.0,1
36.0,700.0,0.20512820512820512,1.0,17.49,23322.0,43800.0,18.0,1.0,3.0,3.0,20000.0,97500.0,27.0,198.0,1
60.0,690.0,0.09090909090909091,1.0,10.19,31099.0,25800.0,1.0,,3.0,17.0,20000.0,220000.0,1.0,249.0,1
60.0,665.0,0.3448275862068966,3.0,18.54,20511.0,15700.0,3.0,3.0,1.0,3.0,20000.0,58000.0,16.0,156.0,1
36.0,740.0,0.07936507936507936,6.0,15.9,,7400.0,,8.0,0.0,,2000.0,25200.0,1.0,,0
36.0,675.0,0.1696969696969697,7.0,21.53,13904.0,4100.0,4.0,4.0,1.0,6.0,5600.0,33000.0,4.0,141.0,1
36.0,705.0,0.046296296296296294,9.0,30.33,21229.0,4000.0,2.0,1.0,1.0,6.0,2500.0,54000.0,21.0,111.0,1
60.0,805.0,0.14285714285714285,3.0,13.36,,87200.0,,8.0,5.0,,30000.0,210000.0,59.0,,1
36.0,680.0,0.14545454545454545,0.0,31.02,5307.0,11300.0,34.0,,0.0,2.0,4800.0,33000.0,48.0,217.0,0
36.0,750.0,0.35135135135135137,9.0,33.44,2438.0,3800.0,2.0,2.0,0.0,6.0,13000.0,37000.0,2.0,179.0,0
36.0,695.0,0.3,3.0,18.3,1097.0,14850.0,8.0,10.0,1.0,6.0,4800.0,16000.0,8.0,165.0,0
36.0,740.0,0.18223234624145787,0.0,8.88,26623.0,7900.0,42.0,,4.0,2.0,8000.0,43900.0,42.0,154.0,1
36.0,685.0,0.2845528455284553,6.0,26.34,1792.0,30500.0,6.0,1.0,1.0,7.0,10500.0,36900.0,6.0,165.0,1
36.0,665.0,0.23273809523809524,4.0,18.6,15219.0,2000.0,9.0,9.0,1.0,5.0,9775.0,42000.0,32.0,110.0,1
36.0,660.0,0.17142857142857143,8.0,30.52,3991.0,10500.0,0.0,10.0,4.0,5.0,12000.0,70000.0,0.0,128.0,1
36.0,660.0,0.1564102564102564,6.0,35.05,8782.0,9200.0,2.0,2.0,2.0,11.0,6100.0,39000.0,2.0,239.0,1
36.0,690.0,0.1056228642435539,9.0,21.22,3446.0,38700.0,6.0,0.0,0.0,6.0,8500.0,80475.0,6.0,171.0,0
36.0,660.0,0.2222222222222222,9.0,26.61,3858.0,24000.0,0.0,7.0,1.0,7.0,10000.0,45000.0,0.0,40.0,0
36.0,665.0,0.07714773791811319,1.0,12.79,9884.0,4000.0,4.0,4.0,2.0,4.0,4200.0,54441.0,44.0,159.0,1
36.0,745.0,0.05714285714285714,,2.12,,,,,,,6400.0,112000.0,,,0
36.0,660.0,0.21496438756645983,1.0,8.88,1963.0,3500.0,17.0,16.0,0.0,4.0,15000.0,69779.0,17.0,34.0,0
36.0,680.0,0.1400837377882392,3.0,9.93,50793.0,11300.0,7.0,1.0,1.0,3.0,6725.0,48007.0,7.0,341.0,1
60.0,680.0,0.43103448275862066,3.0,16.24,26968.0,29600.0,2.0,,1.0,6.0,25000.0,58000.0,2.0,204.0,1
60.0,690.0,0.3599056603773585,7.0,33.67,2330.0,38100.0,3.0,1.0,0.0,5.0,19075.0,53000.0,6.0,173.0,0
36.0,730.0,0.10551470588235294,7.0,5.95,551.0,37100.0,15.0,15.0,0.0,7.0,7175.0,68000.0,15.0,103.0,0
36.0,735.0,0.12631578947368421,4.0,10.25,27468.0,49000.0,5.0,5.0,3.0,3.0,12000.0,95000.0,5.0,143.0,1
60.0,705.0,0.32,1.0,31.02,3123.0,21700.0,13.0,2.0,3.0,8.0,12000.0,37500.0,27.0,126.0,0
36.0,735.0,0.14,0.0,1.13,1334.0,9500.0,70.0,17.0,4.0,4.0,35000.0,250000.0,74.0,189.0,1
36.0,675.0,0.07692307692307693,8.0,27.97,12919.0,13700.0,2.0,2.0,2.0,7.0,5000.0,65000.0,8.0,127.0,1
36.0,755.0,0.3146067415730337,5.0,28.83,30960.0,52000.0,10.0,8.0,5.0,2.0,28000.0,89000.0,70.0,133.0,1
60.0,660.0,0.15720338983050847,13.0,5.83,13161.0,10500.0,6.0,6.0,1.0,15.0,18550.0,118000.0,6.0,69.0,1
36.0,685.0,0.14285714285714285,1.0,22.61,6435.0,7500.0,9.0,,0.0,4.0,10000.0,70000.0,35.0,155.0,0
36.0,685.0,0.10040160642570281,1.0,17.77,47435.0,32500.0,12.0,12.0,1.0,5.0,25000.0,249000.0,45.0,241.0,1
36.0,730.0,0.25,6.0,14.19,5333.0,19900.0,5.0,0.0,0.0,2.0,10000.0,40000.0,30.0,121.0,0
36.0,660.0,0.11538461538461539,1.0,22.75,35885.0,1000.0,16.0,5.0,3.0,3.0,6000.0,52000.0,72.0,197.0,0
60.0,660.0,0.2,3.0,14.5,11610.0,16500.0,9.0,6.0,1.0,10.0,12000.0,60000.0,15.0,243.0,1
36.0,705.0,0.1836734693877551,4.0,11.32,37122.0,10000.0,10.0,10.0,2.0,6.0,18000.0,98000.0,42.0,167.0,1
36.0,670.0,0.19017980636237897,1.0,6.31,680.0,4200.0,10.0,10.0,0.0,5.0,5500.0,28920.0,41.0,296.0,0
60.0,675.0,0.19785714285714287,10.0,18.28,5818.0,3550.0,2.0,2.0,0.0,12.0,13850.0,70000.0,13.0,94.0,0
36.0,695.0,0.07241379310344828,2.0,15.66,19058.0,13000.0,16.0,3.0,6.0,5.0,4200.0,58000.0,16.0,198.0,1
36.0,695.0,0.032,4.0,22.23,9085.0,35000.0,3.0,9.0,0.0,5.0,4000.0,125000.0,116.0,197.0,0
36.0,700.0,0.25,3.0,24.15,,12000.0,,0.0,0.0,,6000.0,24000.0,23.0,,0
60.0,660.0,0.38776595744680853,3.0,21.22,9830.0,3500.0,3.0,3.0,1.0,1.0,18225.0,47000.0,4.0,133.0,0
36.0,660.0,0.4,4.0,21.4,2784.0,12100.0,2.0,,0.0,5.0,11800.0,29500.0,2.0,38.0,0
36.0,695.0,0.16666666666666666,1.0,9.11,1406.0,9300.0,8.0,8.0,0.0,6.0,5000.0,30000.0,8.0,187.0,0
36.0,660.0,0.14,2.0,17.0,5939.0,7800.0,14.0,14.0,0.0,5.0,8400.0,60000.0,18.0,104.0,0
60.0,660.0,0.40298507462686567,6.0,26.62,6414.0,21600.0,1.0,15.0,2.0,7.0,27000.0,67000.0,15.0,199.0,1
36.0,665.0,0.2,3.0,14.31,3535.0,23100.0,20.0,17.0,0.0,4.0,12000.0,60000.0,20.0,93.0,0
60.0,725.0,0.35923076923076924,5.0,25.62,12062.0,41700.0,4.0,4.0,4.0,7.0,23350.0,65000.0,4.0,215.0,1
36.0,680.0,0.1845472440944882,2.0,11.18,7580.0,15500.0,13.0,1.0,1.0,2.0,28125.0,152400.0,59.0,381.0,0
36.0,680.0,0.064,11.0,14.13,2056.0,20900.0,5.0,0.0,3.0,17.0,8000.0,125000.0,5.0,153.0,1
60.0,680.0,0.29850746268656714,3.0,15.97,3263.0,7800.0,7.0,11.0,0.0,8.0,20000.0,67000.0,33.0,106.0,0
36.0,715.0,0.13663366336633664,0.0,4.59,9423.0,22500.0,32.0,13.0,5.0,6.0,13800.0,101000.0,32.0,135.0,1
36.0,660.0,0.28,2.0,28.83,13626.0,36740.0,11.0,4.0,2.0,9.0,28000.0,100000.0,114.0,193.0,1
36.0,665.0,0.0978125,2.0,2.15,429.0,3075.0,4.0,0.0,2.0,4.0,7825.0,80000.0,39.0,167.0,1
36.0,680.0,0.2,5.0,10.89,2531.0,16000.0,0.0,1.0,0.0,3.0,8400.0,42000.0,11.0,133.0,0
36.0,695.0,0.18,4.0,15.7,3011.0,2500.0,3.0,1.0,3.0,5.0,21600.0,120000.0,109.0,168.0,0
36.0,680.0,0.34182191078448126,2.0,20.4,8135.0,1700.0,4.0,4.0,1.0,5.0,20000.0,58510.0,37.0,248.0,1
36.0,680.0,0.23076923076923078,5.0,10.73,6336.0,28400.0,7.0,7.0,1.0,4.0,30000.0,130000.0,12.0,213.0,0
36.0,695.0,0.07142857142857142,3.0,24.87,10337.0,5600.0,10.0,10.0,0.0,2.0,5000.0,70000.0,24.0,24.0,0
60.0,710.0,0.2671641791044776,19.0,28.36,7718.0,94200.0,2.0,2.0,1.0,17.0,17900.0,67000.0,2.0,244.0,0
60.0,680.0,0.3,2.0,35.79,11720.0,30900.0,7.0,10.0,2.0,8.0,24000.0,80000.0,31.0,268.0,1
60.0,670.0,0.16470588235294117,7.0,9.57,3633.0,7300.0,1.0,1.0,1.0,5.0,11200.0,68000.0,15.0,403.0,1
36.0,660.0,0.16329787234042553,1.0,2.94,2783.0,9800.0,5.0,12.0,0.0,2.0,7675.0,47000.0,5.0,142.0,0
36.0,680.0,0.12,16.0,10.42,14717.0,24900.0,1.0,10.0,3.0,7.0,12000.0,100000.0,13.0,207.0,1
36.0,660.0,0.22375,10.0,36.06,3582.0,5800.0,7.0,9.0,0.0,5.0,8950.0,40000.0,14.0,44.0,0
36.0,710.0,0.05194805194805195,1.0,2.26,2094.0,300.0,20.0,12.0,0.0,3.0,4000.0,77000.0,106.0,116.0,0
36.0,710.0,0.32,4.0,27.01,11597.0,41800.0,9.0,9.0,1.0,12.0,32000.0,100000.0,18.0,337.0,0
36.0,660.0,0.06666666666666667,,17.8,,,,,,,2000.0,30000.0,,,1
60.0,675.0,0.17391304347826086,3.0,9.35,5815.0,40800.0,2.0,,0.0,4.0,20000.0,115000.0,14.0,224.0,0
36.0,665.0,0.07058823529411765,2.0,6.16,3807.0,9000.0,9.0,9.0,0.0,3.0,6000.0,85000.0,23.0,446.0,0
60.0,660.0,0.1744186046511628,8.0,24.56,24347.0,5400.0,1.0,3.0,1.0,10.0,15000.0,86000.0,1.0,134.0,1
36.0,710.0,0.1076923076923077,1.0,2.22,710.0,9000.0,23.0,,0.0,2.0,5600.0,52000.0,23.0,146.0,0
36.0,680.0,0.2,2.0,28.85,6134.0,9200.0,10.0,10.0,0.0,4.0,10000.0,50000.0,37.0,127.0,0
36.0,675.0,0.18461538461538463,4.0,23.87,6222.0,11400.0,8.0,5.0,0.0,5.0,12000.0,65000.0,13.0,70.0,0
60.0,680.0,0.29204545454545455,6.0,37.8,9092.0,7100.0,12.0,11.0,1.0,4.0,19275.0,66000.0,20.0,488.0,0
60.0,670.0,0.16,7.0,16.49,27720.0,3600.0,1.0,5.0,3.0,3.0,15200.0,95000.0,40.0,193.0,1
60.0,765.0,0.3333333333333333,6.0,15.0,14495.0,21100.0,2.0,0.0,2.0,5.0,20000.0,60000.0,3.0,133.0,1
36.0,680.0,0.17847222222222223,2.0,10.38,4415.0,5300.0,3.0,3.0,0.0,4.0,12850.0,72000.0,3.0,102.0,0
36.0,685.0,0.27150734087972905,8.0,24.6,3860.0,16800.0,4.0,14.0,0.0,4.0,14400.0,53037.24,4.0,106.0,0
36.0,685.0,0.09285714285714286,4.0,36.08,12043.0,25800.0,6.0,4.0,2.0,6.0,3250.0,35000.0,20.0,89.0,1
36.0,695.0,0.30851063829787234,5.0,10.88,22401.0,11900.0,3.0,3.0,2.0,6.0,14500.0,47000.0,12.0,155.0,1
36.0,715.0,0.17518248175182483,3.0,21.51,34339.0,96400.0,1.0,1.0,3.0,13.0,24000.0,137000.0,1.0,320.0,1
36.0,665.0,0.2222222222222222,6.0,25.02,,3300.0,,2.0,0.0,,6000.0,27000.0,98.0,,0
36.0,685.0,0.18324607329842932,3.0,24.45,6909.0,69000.0,3.0,17.0,3.0,16.0,35000.0,191000.0,3.0,354.0,1
60.0,755.0,0.3835616438356164,9.0,0.33,19609.0,20800.0,3.0,0.0,6.0,2.0,28000.0,73000.0,11.0,126.0,1
36.0,675.0,0.1791044776119403,9.0,9.15,29466.0,13200.0,3.0,7.0,3.0,7.0,12000.0,67000.0,10.0,190.0,1
60.0,700.0,0.419,3.0,14.45,6049.0,8200.0,8.0,12.0,0.0,3.0,20950.0,50000.0,8.0,179.0,0
60.0,670.0,0.2857142857142857,7.0,31.87,8592.0,9500.0,3.0,6.0,2.0,7.0,16000.0,56000.0,3.0,147.0,1
60.0,695.0,0.12697472144920482,3.0,16.0,6648.0,5800.0,8.0,,2.0,7.0,12000.0,94507.0,22.0,152.0,1
36.0,690.0,0.12,9.0,9.76,4051.0,21800.0,8.0,1.0,0.0,3.0,24000.0,200000.0,18.0,121.0,0
36.0,665.0,0.19230769230769232,4.0,22.84,8571.0,5900.0,2.0,6.0,3.0,8.0,10000.0,52000.0,18.0,54.0,1
60.0,705.0,0.25,5.0,24.45,23635.0,32100.0,9.0,9.0,8.0,6.0,18000.0,72000.0,18.0,145.0,1
36.0,760.0,0.3333333333333333,6.0,13.31,3081.0,20800.0,2.0,1.0,0.0,2.0,15000.0,45000.0,7.0,83.0,0
36.0,715.0,0.046153846153846156,6.0,29.38,11755.0,11500.0,2.0,3.0,2.0,6.0,3000.0,65000.0,2.0,259.0,1
36.0,745.0,0.24390243902439024,3.0,13.99,18036.0,68200.0,3.0,5.0,3.0,6.0,20000.0,82000.0,8.0,190.0,1
36.0,705.0,0.15384615384615385,4.0,25.55,11881.0,5800.0,3.0,11.0,3.0,9.0,10000.0,65000.0,27.0,191.0,0
36.0,660.0,0.2094240837696335,5.0,17.72,14100.0,30200.0,5.0,5.0,5.0,13.0,20000.0,95500.0,5.0,283.0,1
36.0,705.0,0.15220700152207,5.0,12.89,19088.0,13200.0,7.0,4.0,1.0,4.0,10000.0,65700.0,17.0,195.0,1
36.0,710.0,0.17777777777777778,9.0,14.15,18340.0,49900.0,7.0,7.0,6.0,9.0,16000.0,90000.0,15.0,149.0,0
60.0,680.0,0.216,4.0,15.58,10645.0,2900.0,2.0,,2.0,8.0,10800.0,50000.0,25.0,268.0,1
60.0,670.0,0.15789473684210525,4.0,14.1,2579.0,22600.0,3.0,0.0,3.0,11.0,15000.0,95000.0,19.0,205.0,1
36.0,775.0,0.2,1.0,9.72,12245.0,42900.0,17.0,8.0,2.0,4.0,12000.0,60000.0,17.0,176.0,0
36.0,670.0,0.2,4.0,14.18,7883.0,21000.0,6.0,6.0,2.0,2.0,20000.0,100000.0,12.0,133.0,0
36.0,775.0,0.2857142857142857,0.0,13.68,16695.0,51600.0,29.0,13.0,2.0,5.0,18000.0,63000.0,34.0,185.0,0
36.0,680.0,0.39356060606060606,5.0,28.76,7126.0,11500.0,3.0,3.0,0.0,4.0,25975.0,66000.0,3.0,205.0,1
60.0,705.0,0.3010752688172043,16.0,33.55,14970.0,22500.0,2.0,4.0,4.0,10.0,28000.0,93000.0,10.0,266.0,1
36.0,705.0,0.14214641080312723,3.0,13.05,1134.0,12400.0,8.0,11.0,1.0,6.0,4000.0,28140.0,25.0,179.0,0
36.0,680.0,0.16666666666666666,9.0,7.96,14351.0,13500.0,10.0,10.0,1.0,5.0,15000.0,90000.0,11.0,56.0,1
60.0,675.0,0.20214592274678111,8.0,11.2,6070.0,2200.0,7.0,7.0,0.0,6.0,23550.0,116500.0,10.0,113.0,0
36.0,680.0,0.11428571428571428,5.0,15.72,6290.0,6000.0,3.0,3.0,1.0,3.0,10000.0,87500.0,7.0,214.0,1
36.0,675.0,0.15,3.0,18.18,3934.0,7000.0,15.0,0.0,0.0,4.0,6000.0,40000.0,30.0,262.0,0
60.0,680.0,0.17543859649122806,4.0,19.37,6726.0,3300.0,8.0,6.0,0.0,3.0,10000.0,57000.0,33.0,133.0,0
36.0,695.0,0.20272727272727273,5.0,23.92,10542.0,13300.0,1.0,1.0,0.0,4.0,22300.0,110000.0,1.0,109.0,0
60.0,690.0,0.2222222222222222,9.0,17.75,4123.0,34000.0,1.0,1.0,0.0,9.0,20000.0,90000.0,9.0,140.0,0
36.0,695.0,0.07,6.0,29.42,9461.0,16700.0,3.0,3.0,2.0,2.0,4900.0,70000.0,3.0,148.0,1
60.0,805.0,0.2808988764044944,3.0,5.5,732.0,57500.0,4.0,0.0,0.0,3.0,25000.0,89000.0,4.0,138.0,0
36.0,665.0,0.37037037037037035,9.0,33.16,719.0,16900.0,6.0,13.0,0.0,16.0,10000.0,27000.0,27.0,244.0,0
60.0,660.0,0.2692307692307692,1.0,10.37,6063.0,12200.0,16.0,,0.0,4.0,35000.0,130000.0,16.0,198.0,0
36.0,710.0,0.21052631578947367,11.0,15.7,22123.0,36500.0,0.0,8.0,5.0,9.0,20000.0,95000.0,0.0,174.0,1
36.0,680.0,0.14225941422594143,6.0,19.81,16560.0,2500.0,9.0,22.0,0.0,3.0,17000.0,119500.0,10.0,278.0,0
60.0,740.0,0.37939538172348974,6.0,19.83,12034.0,40200.0,5.0,1.0,6.0,4.0,22000.0,57987.0,5.0,151.0,1
36.0,690.0,0.13043478260869565,1.0,22.68,,22600.0,,17.0,0.0,,12000.0,92000.0,44.0,,0
36.0,665.0,0.2222222222222222,2.0,15.27,5536.0,14100.0,5.0,22.0,0.0,4.0,12000.0,54000.0,60.0,110.0,0
36.0,660.0,0.28125,3.0,18.11,13895.0,15000.0,2.0,,0.0,3.0,18000.0,64000.0,11.0,86.0,0
36.0,675.0,0.08888888888888889,3.0,32.81,5363.0,10000.0,3.0,3.0,0.0,3.0,4000.0,45000.0,4.0,163.0,0
36.0,670.0,0.027586206896551724,8.0,2.86,49027.0,30000.0,4.0,5.0,1.0,4.0,16000.0,580000.0,4.0,14.0,0
36.0,690.0,0.3494897959183674,4.0,16.48,25156.0,16300.0,16.0,18.0,2.0,7.0,17125.0,49000.0,65.0,226.0,1
60.0,660.0,0.15764705882352942,6.0,17.59,5136.0,4500.0,3.0,3.0,0.0,6.0,13400.0,85000.0,14.0,45.0,0
36.0,670.0,0.2857142857142857,4.0,15.31,4256.0,29500.0,5.0,,0.0,6.0,20000.0,70000.0,15.0,150.0,1
36.0,670.0,0.08653846153846154,1.0,4.13,713.0,3800.0,7.0,7.0,0.0,3.0,4500.0,52000.0,7.0,75.0,0
36.0,690.0,0.2631578947368421,0.0,10.1,11359.0,45600.0,30.0,,2.0,3.0,35000.0,133000.0,30.0,177.0,0
36.0,660.0,0.11592590016461478,2.0,5.82,10076.0,6300.0,3.0,10.0,2.0,5.0,10000.0,86262.0,3.0,483.0,1
36.0,675.0,0.4039115646258503,13.0,16.45,1989.0,18800.0,2.0,2.0,0.0,12.0,19000.0,47040.0,2.0,117.0,0
36.0,690.0,0.27906976744186046,3.0,21.04,,8600.0,,21.0,4.0,,12000.0,43000.0,18.0,,1
36.0,780.0,0.15306122448979592,4.0,15.55,970.0,76400.0,15.0,,2.0,4.0,7500.0,49000.0,15.0,250.0,0
36.0,710.0,0.13725490196078433,3.0,16.93,37233.0,38200.0,11.0,14.0,4.0,9.0,35000.0,255000.0,94.0,273.0,1
36.0,675.0,0.02857142857142857,4.0,25.12,2532.0,14300.0,3.0,13.0,0.0,15.0,1000.0,35000.0,36.0,129.0,0
36.0,680.0,0.08333333333333333,2.0,14.59,37506.0,43700.0,6.0,0.0,4.0,5.0,11000.0,132000.0,6.0,351.0,1
36.0,665.0,0.15053763440860216,7.0,21.87,7715.0,3100.0,1.0,5.0,0.0,5.0,11200.0,74400.0,5.0,132.0,0
36.0,685.0,0.05384615384615385,,22.8,,,,,,,2100.0,39000.0,,,0
36.0,675.0,0.05454545454545454,3.0,15.17,1203.0,29900.0,2.0,2.0,1.0,10.0,3000.0,55000.0,57.0,291.0,0
36.0,665.0,0.15625,5.0,24.69,864.0,8200.0,5.0,5.0,1.0,9.0,3000.0,19200.0,8.0,105.0,0
36.0,775.0,0.043076923076923075,2.0,11.78,31090.0,33000.0,3.0,7.0,2.0,4.0,2800.0,65000.0,45.0,141.0,1
60.0,715.0,0.16666666666666666,5.0,13.47,43059.0,24600.0,9.0,9.0,4.0,6.0,31500.0,189000.0,9.0,247.0,1
36.0,775.0,0.13043478260869565,9.0,15.49,39787.0,53800.0,8.0,8.0,3.0,3.0,15000.0,115000.0,14.0,400.0,1
60.0,710.0,0.4,3.0,31.59,10009.0,12600.0,12.0,0.0,1.0,8.0,20000.0,50000.0,12.0,326.0,1
36.0,755.0,0.2564102564102564,,5.72,,,,,,,20000.0,78000.0,,,0
36.0,680.0,0.05405405405405406,10.0,17.9,782.0,18300.0,2.0,8.0,0.0,13.0,2000.0,37000.0,2.0,62.0,0
36.0,685.0,0.3333333333333333,1.0,11.68,11909.0,7300.0,19.0,14.0,1.0,5.0,15000.0,45000.0,76.0,327.0,1
36.0,710.0,0.043333333333333335,6.0,13.03,37708.0,36600.0,5.0,5.0,15.0,9.0,6500.0,150000.0,5.0,216.0,1
36.0,795.0,0.1797698945349952,3.0,15.03,3682.0,101800.0,5.0,5.0,3.0,10.0,12000.0,66752.0,28.0,437.0,1
36.0,730.0,0.3076923076923077,1.0,14.18,19664.0,68101.0,2.0,3.0,3.0,10.0,20000.0,65000.0,29.0,246.0,1
36.0,715.0,0.14423076923076922,,16.57,,,,,,,7500.0,52000.0,,,0
36.0,700.0,0.29411764705882354,5.0,12.88,448.0,22400.0,6.0,5.0,0.0,10.0,10000.0,34000.0,6.0,316.0,0
36.0,660.0,0.14285714285714285,4.0,28.46,7140.0,2800.0,5.0,8.0,1.0,2.0,5000.0,35000.0,58.0,178.0,0
36.0,660.0,0.07142857142857142,5.0,27.65,8491.0,10000.0,4.0,19.0,0.0,7.0,5000.0,70000.0,4.0,150.0,0
36.0,670.0,0.044444444444444446,3.0,30.06,5529.0,54900.0,12.0,12.0,0.0,6.0,2400.0,54000.0,12.0,230.0,0
36.0,680.0,0.15294117647058825,11.0,13.96,2218.0,7700.0,1.0,12.0,7.0,9.0,13000.0,85000.0,19.0,334.0,0
36.0,680.0,0.18162393162393162,2.0,25.83,3887.0,8200.0,3.0,3.0,0.0,5.0,10200.0,56160.0,3.0,74.0,0
60.0,685.0,0.3421610894409088,6.0,21.79,24771.0,60000.0,2.0,12.0,6.0,3.0,35000.0,102291.0,15.0,278.0,1
36.0,670.0,0.155,1.0,1.63,862.0,1300.0,21.0,4.0,1.0,2.0,7750.0,50000.0,38.0,38.0,1
36.0,660.0,0.15568862275449102,9.0,11.93,1874.0,7900.0,3.0,0.0,0.0,4.0,13000.0,83500.0,3.0,63.0,0
36.0,690.0,0.4166666666666667,5.0,7.0,29321.0,23200.0,2.0,2.0,7.0,7.0,25000.0,60000.0,2.0,212.0,1
60.0,675.0,0.42,8.0,22.6,3733.0,4400.0,6.0,18.0,1.0,5.0,24150.0,57500.0,40.0,336.0,0
36.0,750.0,0.15555555555555556,,14.37,,,,,,,21000.0,135000.0,,,1
36.0,735.0,0.35555555555555557,6.0,17.55,24662.0,78500.0,1.0,18.0,5.0,8.0,32000.0,90000.0,1.0,428.0,1
36.0,680.0,0.2545454545454545,3.0,18.63,10109.0,8800.0,11.0,14.0,1.0,5.0,14000.0,55000.0,11.0,136.0,1
36.0,670.0,0.2391304347826087,1.0,7.44,1552.0,14500.0,24.0,24.0,0.0,4.0,11000.0,46000.0,53.0,264.0,0
60.0,725.0,0.20473805855161786,3.0,25.06,21947.0,47900.0,1.0,21.0,4.0,5.0,26575.0,129800.0,1.0,152.0,1
36.0,670.0,0.27058823529411763,2.0,7.5,52580.0,8500.0,1.0,1.0,1.0,2.0,23000.0,85000.0,27.0,161.0,1
36.0,680.0,0.18888888888888888,3.0,13.28,5066.0,4900.0,3.0,4.0,0.0,4.0,8500.0,45000.0,51.0,92.0,0
60.0,660.0,0.2857142857142857,4.0,5.08,35723.0,1000.0,0.0,0.0,4.0,5.0,10000.0,35000.0,3.0,353.0,1
36.0,685.0,0.02857142857142857,3.0,11.21,3610.0,13500.0,2.0,6.0,0.0,2.0,1000.0,35000.0,2.0,31.0,0
36.0,690.0,0.2,2.0,22.25,13284.0,4000.0,19.0,7.0,1.0,7.0,7000.0,35000.0,22.0,81.0,1
36.0,685.0,0.19166666666666668,2.0,6.37,1875.0,6200.0,10.0,,0.0,4.0,8625.0,45000.0,10.0,46.0,0
60.0,700.0,0.13714285714285715,9.0,21.77,20276.0,33900.0,6.0,15.0,6.0,9.0,24000.0,175000.0,16.0,304.0,1
36.0,710.0,0.31407407407407406,3.0,26.87,,26700.0,,9.0,0.0,,21200.0,67500.0,15.0,,0
36.0,715.0,0.238125,1.0,23.97,9369.0,21900.0,6.0,,1.0,5.0,9525.0,40000.0,90.0,132.0,1
36.0,685.0,0.36082474226804123,9.0,19.48,37913.0,12000.0,3.0,3.0,2.0,4.0,35000.0,97000.0,24.0,212.0,1
36.0,690.0,0.17777777777777778,3.0,17.93,4046.0,29000.0,8.0,17.0,0.0,4.0,8000.0,45000.0,8.0,121.0,0
36.0,710.0,0.10909090909090909,3.0,11.51,751.0,10100.0,9.0,21.0,0.0,3.0,2400.0,22000.0,9.0,127.0,0
60.0,720.0,0.1818435754189944,3.0,20.43,93151.0,7500.0,11.0,11.0,7.0,3.0,16275.0,89500.0,13.0,144.0,1
36.0,695.0,0.168,2.0,17.74,4144.0,8300.0,9.0,9.0,2.0,6.0,16800.0,100000.0,25.0,114.0,0
36.0,820.0,0.30120481927710846,4.0,5.25,7184.0,163900.0,11.0,12.0,2.0,6.0,25000.0,83000.0,32.0,277.0,1
60.0,735.0,0.2857142857142857,1.0,28.33,51210.0,89400.0,20.0,7.0,2.0,5.0,35000.0,122500.0,26.0,176.0,0
36.0,680.0,0.04807692307692308,2.0,32.03,5766.0,2600.0,6.0,,0.0,3.0,1000.0,20800.0,10.0,126.0,0
60.0,690.0,0.38461538461538464,,19.94,,,,,,,25000.0,65000.0,,,0
36.0,710.0,0.13098591549295774,1.0,21.75,44280.0,10600.0,19.0,2.0,2.0,2.0,9300.0,71000.0,33.0,191.0,1
36.0,700.0,0.38868734730139926,4.0,19.64,2278.0,11200.0,2.0,1.0,0.0,7.0,21000.0,54028.0,2.0,121.0,0
60.0,665.0,0.2962962962962963,0.0,10.27,21963.0,10300.0,38.0,1.0,6.0,3.0,24000.0,81000.0,82.0,332.0,1
60.0,670.0,0.26666666666666666,9.0,17.89,20938.0,22200.0,1.0,9.0,2.0,12.0,24000.0,90000.0,1.0,365.0,1
36.0,755.0,0.35294117647058826,1.0,12.14,9245.0,34100.0,10.0,10.0,2.0,4.0,18000.0,51000.0,42.0,233.0,1
36.0,690.0,0.24,7.0,16.56,3523.0,27400.0,1.0,1.0,0.0,7.0,12000.0,50000.0,1.0,104.0,0
36.0,725.0,0.22727272727272727,3.0,13.71,846.0,29100.0,9.0,9.0,1.0,12.0,15000.0,66000.0,9.0,145.0,0
60.0,750.0,0.4166666666666667,5.0,26.58,5114.0,26000.0,2.0,2.0,3.0,4.0,25000.0,60000.0,3.0,134.0,1
36.0,660.0,0.4,6.0,15.0,3190.0,12500.0,4.0,6.0,2.0,3.0,12000.0,30000.0,66.0,216.0,0
60.0,695.0,0.12,8.0,14.87,3269.0,5300.0,4.0,0.0,0.0,5.0,14400.0,120000.0,14.0,112.0,0
36.0,670.0,0.1303680981595092,8.0,15.9,1823.0,10500.0,2.0,2.0,0.0,7.0,8500.0,65200.0,6.0,75.0,1
36.0,715.0,0.17721518987341772,6.0,15.74,21911.0,34000.0,7.0,7.0,3.0,10.0,28000.0,158000.0,16.0,70.0,1
60.0,670.0,0.3965107057890563,1.0,30.8,8430.0,38600.0,2.0,,0.0,8.0,30000.0,75660.0,2.0,241.0,0
36.0,690.0,0.10285714285714286,4.0,7.03,5546.0,41000.0,14.0,1.0,3.0,8.0,18000.0,175000.0,14.0,232.0,0
60.0,670.0,0.10909090909090909,13.0,5.1,20050.0,16600.0,6.0,4.0,4.0,13.0,12000.0,110000.0,6.0,202.0,1
36.0,750.0,0.1180327868852459,5.0,16.72,6136.0,19200.0,14.0,,4.0,7.0,7200.0,61000.0,15.0,151.0,0
60.0,695.0,0.4395833333333333,1.0,16.76,2134.0,13700.0,1.0,,0.0,8.0,26375.0,60000.0,70.0,197.0,0
36.0,730.0,0.15,2.0,22.62,3252.0,36000.0,0.0,11.0,0.0,3.0,3900.0,26000.0,169.0,375.0,0
60.0,720.0,0.1388888888888889,16.0,23.26,6118.0,27800.0,6.0,7.0,0.0,12.0,10000.0,72000.0,12.0,118.0,0
36.0,700.0,0.21951219512195122,10.0,12.75,15166.0,45800.0,3.0,3.0,3.0,13.0,18000.0,82000.0,3.0,163.0,1
36.0,670.0,0.08333333333333333,10.0,18.51,23984.0,1000.0,2.0,1.0,5.0,1.0,4000.0,48000.0,9.0,210.0,0
36.0,690.0,0.29411764705882354,0.0,10.77,25578.0,16100.0,57.0,,3.0,9.0,25000.0,85000.0,109.0,249.0,1
36.0,660.0,0.25,2.0,23.82,5204.0,12700.0,20.0,21.0,1.0,6.0,20000.0,80000.0,24.0,135.0,0
36.0,695.0,0.22797619047619047,8.0,33.57,2606.0,23400.0,9.0,9.0,3.0,5.0,9575.0,42000.0,9.0,179.0,0
36.0,660.0,0.25,1.0,24.3,2127.0,3650.0,11.0,0.0,0.0,7.0,10000.0,40000.0,11.0,155.0,0
36.0,670.0,0.14459224985540775,,15.44,,,,,,,6000.0,41496.0,,,0
36.0,765.0,0.39893617021276595,2.0,14.78,1160.0,37700.0,16.0,23.0,0.0,8.0,15000.0,37600.0,16.0,560.0,0
36.0,660.0,0.038461538461538464,7.0,22.94,44402.0,13500.0,4.0,14.0,6.0,4.0,5000.0,130000.0,17.0,364.0,0
36.0,675.0,0.13333333333333333,5.0,19.65,11545.0,13000.0,10.0,10.0,2.0,5.0,5000.0,37500.0,12.0,202.0,0
36.0,680.0,0.09321428571428571,17.0,16.34,2118.0,6000.0,0.0,0.0,0.0,9.0,6525.0,70000.0,8.0,44.0,0
36.0,660.0,0.1350210970464135,8.0,24.73,30300.0,7000.0,6.0,7.0,3.0,2.0,32000.0,237000.0,21.0,128.0,0
36.0,670.0,0.1625,3.0,4.15,50452.0,17000.0,1.0,1.0,1.0,4.0,6500.0,40000.0,4.0,293.0,0
36.0,695.0,0.14375,3.0,9.65,,7500.0,,,0.0,,11500.0,80000.0,10.0,,0
60.0,705.0,0.3076923076923077,8.0,14.02,1227.0,33700.0,1.0,1.0,0.0,9.0,20000.0,65000.0,1.0,119.0,0
36.0,700.0,0.15384615384615385,6.0,18.7,11705.0,2200.0,3.0,3.0,1.0,2.0,10000.0,65000.0,14.0,212.0,1
36.0,665.0,0.35084404981985506,4.0,22.69,1196.0,6200.0,8.0,8.0,0.0,5.0,26000.0,74107.0,31.0,150.0,0
36.0,705.0,0.0761904761904762,8.0,24.3,6751.0,4000.0,3.0,3.0,2.0,3.0,4000.0,52500.0,3.0,46.0,1
36.0,700.0,0.054945054945054944,1.0,23.13,25951.0,67100.0,23.0,,3.0,8.0,5000.0,91000.0,46.0,185.0,1
36.0,665.0,0.28,2.0,14.44,1266.0,7300.0,2.0,15.0,0.0,7.0,15400.0,55000.0,2.0,117.0,0
36.0,745.0,0.10434782608695652,,6.9,,,,,,,12000.0,115000.0,,,1
36.0,670.0,0.4,,11.73,,,,,,,16000.0,40000.0,,,0
36.0,720.0,0.015384615384615385,9.0,27.46,15528.0,79800.0,1.0,1.0,6.0,9.0,1000.0,65000.0,1.0,228.0,0
36.0,665.0,0.31875,2.0,10.53,22068.0,12700.0,21.0,15.0,3.0,5.0,10200.0,32000.0,21.0,185.0,1
36.0,715.0,0.2833333333333333,2.0,12.34,39293.0,15000.0,3.0,5.0,3.0,3.0,17000.0,60000.0,121.0,131.0,1
36.0,665.0,0.12626262626262627,5.0,21.64,9052.0,2300.0,9.0,9.0,0.0,2.0,5000.0,39600.0,18.0,18.0,0
36.0,685.0,0.3,7.0,6.44,8876.0,11000.0,3.0,1.0,0.0,6.0,12000.0,40000.0,3.0,129.0,0
36.0,660.0,0.26666666666666666,0.0,9.56,4315.0,5800.0,69.0,,0.0,2.0,8000.0,30000.0,90.0,329.0,0
36.0,715.0,0.325,3.0,17.73,4795.0,20200.0,4.0,4.0,0.0,5.0,15600.0,48000.0,4.0,448.0,1
60.0,710.0,0.2261682242990654,2.0,17.59,2911.0,18016.0,12.0,12.0,3.0,5.0,12100.0,53500.0,12.0,111.0,1
36.0,705.0,0.19384615384615383,3.0,20.12,19466.0,26400.0,9.0,9.0,3.0,6.0,25200.0,130000.0,35.0,215.0,1
60.0,680.0,0.17391304347826086,3.0,17.37,23547.0,12300.0,7.0,,1.0,6.0,14000.0,80500.0,7.0,112.0,0
36.0,720.0,0.2823529411764706,1.0,15.81,15993.0,15200.0,24.0,,1.0,5.0,14400.0,51000.0,24.0,128.0,1
36.0,660.0,0.020942408376963352,5.0,13.53,31991.0,9300.0,2.0,2.0,1.0,3.0,2000.0,95500.0,9.0,176.0,1
36.0,685.0,0.3333333333333333,8.0,28.3,2938.0,23400.0,7.0,16.0,0.0,5.0,12000.0,36000.0,7.0,145.0,0
36.0,695.0,0.12121212121212122,8.0,19.46,9988.0,8000.0,1.0,0.0,0.0,5.0,24000.0,198000.0,18.0,110.0,1
36.0,670.0,0.19208333333333333,8.0,21.9,2253.0,28100.0,1.0,2.0,5.0,8.0,11525.0,60000.0,1.0,217.0,1
36.0,675.0,0.26666666666666666,6.0,30.24,10789.0,13000.0,1.0,7.0,4.0,5.0,8000.0,30000.0,26.0,231.0,1
60.0,680.0,0.3684210526315789,1.0,13.48,46982.0,36400.0,15.0,,4.0,2.0,35000.0,95000.0,26.0,241.0,0
36.0,665.0,0.29871977240398295,3.0,18.61,7434.0,8900.0,13.0,13.0,1.0,8.0,21000.0,70300.0,24.0,124.0,0
36.0,740.0,0.125,4.0,10.83,2587.0,76100.0,9.0,6.0,0.0,6.0,10000.0,80000.0,9.0,160.0,0
36.0,670.0,0.19,4.0,7.16,12990.0,14800.0,1.0,12.0,2.0,4.0,11400.0,60000.0,1.0,91.0,1
36.0,675.0,0.06666666666666667,3.0,33.68,10023.0,3600.0,6.0,6.0,8.0,4.0,3000.0,45000.0,12.0,309.0,1
36.0,665.0,0.05333333333333334,2.0,7.14,3530.0,23500.0,2.0,2.0,0.0,6.0,7200.0,135000.0,10.0,46.0,0
36.0,665.0,0.17410714285714285,5.0,29.19,5587.0,8300.0,11.0,4.0,0.0,5.0,9750.0,56000.0,11.0,157.0,0
36.0,665.0,0.125,4.0,17.18,4276.0,6700.0,8.0,4.0,0.0,6.0,6000.0,48000.0,8.0,134.0,0
36.0,685.0,0.05555555555555555,7.0,36.27,22227.0,30500.0,12.0,13.0,3.0,9.0,5000.0,90000.0,13.0,336.0,1
60.0,670.0,0.28378378378378377,7.0,31.27,8336.0,8700.0,5.0,5.0,3.0,4.0,10500.0,37000.0,14.0,87.0,0
36.0,660.0,0.3968253968253968,2.0,5.92,2303.0,12975.0,3.0,1.0,0.0,5.0,25000.0,63000.0,3.0,290.0,0
36.0,700.0,0.2,6.0,23.18,2319.0,7400.0,3.0,0.0,0.0,2.0,7000.0,35000.0,8.0,24.0,0
36.0,705.0,0.14285714285714285,5.0,8.69,25017.0,19200.0,4.0,5.0,2.0,4.0,10000.0,70000.0,4.0,107.0,0
60.0,755.0,0.3385714285714286,7.0,14.44,2830.0,6600.0,2.0,3.0,1.0,2.0,11850.0,35000.0,13.0,137.0,1
36.0,660.0,0.13513513513513514,7.0,37.19,520.0,4100.0,2.0,5.0,0.0,7.0,5000.0,37000.0,10.0,116.0,0
36.0,660.0,0.056818181818181816,1.0,16.11,9014.0,16100.0,3.0,,0.0,8.0,10000.0,176000.0,56.0,146.0,0
60.0,695.0,0.2857142857142857,6.0,15.29,13819.0,14600.0,3.0,20.0,2.0,6.0,28000.0,98000.0,3.0,287.0,1
60.0,710.0,0.13473684210526315,4.0,15.85,39494.0,41100.0,14.0,,2.0,3.0,12800.0,95000.0,93.0,140.0,1
36.0,750.0,0.125,2.0,18.36,2486.0,47800.0,5.0,,0.0,1.0,10000.0,80000.0,5.0,138.0,0
36.0,675.0,0.3333333333333333,1.0,11.47,1382.0,7300.0,4.0,4.0,0.0,9.0,15000.0,45000.0,4.0,131.0,0
36.0,660.0,0.11666666666666667,8.0,21.2,6799.0,3800.0,11.0,0.0,4.0,4.0,11200.0,96000.0,13.0,217.0,1
36.0,690.0,0.037914691943127965,2.0,14.09,9328.0,5400.0,3.0,3.0,1.0,6.0,4000.0,105500.0,22.0,221.0,0
36.0,795.0,0.23140495867768596,9.0,12.31,2380.0,165100.0,9.0,5.0,0.0,5.0,28000.0,121000.0,9.0,187.0,0
36.0,695.0,0.12413793103448276,2.0,3.21,73985.0,10700.0,7.0,2.0,8.0,1.0,18000.0,145000.0,7.0,190.0,1
36.0,670.0,0.11458333333333333,7.0,24.28,9575.0,6500.0,6.0,19.0,3.0,5.0,5500.0,48000.0,12.0,224.0,1
60.0,715.0,0.23809523809523808,6.0,20.4,1744.0,20300.0,6.0,6.0,7.0,6.0,10000.0,42000.0,15.0,301.0,0
60.0,670.0,0.18125,2.0,13.23,14953.0,18700.0,5.0,5.0,0.0,5.0,14500.0,80000.0,5.0,156.0,0
36.0,690.0,0.1,2.0,3.64,,4900.0,,,0.0,,12000.0,120000.0,32.0,,0
36.0,715.0,0.1798611111111111,5.0,9.23,1769.0,23600.0,15.0,16.0,0.0,4.0,6475.0,36000.0,15.0,109.0,1
36.0,675.0,0.22777777777777777,4.0,7.67,242.0,4500.0,5.0,5.0,1.0,4.0,4100.0,18000.0,5.0,211.0,0
60.0,695.0,0.21804511278195488,7.0,25.9,17855.0,27500.0,2.0,9.0,1.0,4.0,29000.0,133000.0,6.0,219.0,0
36.0,690.0,0.11538461538461539,9.0,30.12,5115.0,13500.0,6.0,11.0,4.0,7.0,6000.0,52000.0,8.0,117.0,0
36.0,720.0,0.10416666666666667,3.0,18.0,25161.0,32000.0,6.0,9.0,4.0,7.0,10000.0,96000.0,73.0,216.0,1
60.0,705.0,0.20833333333333334,5.0,14.25,2145.0,26200.0,3.0,15.0,0.0,5.0,15000.0,72000.0,3.0,215.0,0
36.0,660.0,0.18309859154929578,8.0,28.62,6693.0,5000.0,6.0,1.0,0.0,7.0,13000.0,71000.0,6.0,141.0,1
60.0,680.0,0.3617021276595745,6.0,29.72,5304.0,7200.0,5.0,17.0,4.0,4.0,17000.0,47000.0,23.0,274.0,1
36.0,685.0,0.021,7.0,8.12,17661.0,14700.0,2.0,2.0,2.0,8.0,2100.0,100000.0,2.0,160.0,1
36.0,675.0,0.1111111111111111,3.0,7.23,1099.0,3900.0,11.0,11.0,0.0,5.0,5000.0,45000.0,16.0,94.0,0
36.0,690.0,0.13333333333333333,7.0,36.32,2943.0,5900.0,6.0,,0.0,8.0,8000.0,60000.0,16.0,110.0,1
36.0,670.0,0.2631578947368421,7.0,25.43,2012.0,6150.0,3.0,4.0,0.0,9.0,10000.0,38000.0,14.0,169.0,0
36.0,775.0,0.20833333333333334,3.0,19.19,34658.0,30000.0,11.0,17.0,3.0,1.0,15000.0,72000.0,36.0,367.0,1
36.0,680.0,0.19166666666666668,4.0,14.94,8816.0,99500.0,8.0,1.0,0.0,5.0,23000.0,120000.0,8.0,102.0,0
60.0,725.0,0.11052631578947368,5.0,5.37,36226.0,12100.0,14.0,6.0,4.0,4.0,10500.0,95000.0,23.0,87.0,1
60.0,700.0,0.2823529411764706,4.0,13.88,23614.0,6500.0,3.0,11.0,1.0,8.0,24000.0,85000.0,6.0,84.0,0
36.0,695.0,0.31,5.0,23.75,5419.0,11600.0,3.0,2.0,0.0,6.0,18600.0,60000.0,14.0,220.0,0
60.0,720.0,0.2875,2.0,16.91,9736.0,18500.0,5.0,5.0,1.0,7.0,12650.0,44000.0,5.0,236.0,1
60.0,700.0,0.19607843137254902,10.0,49.01,5353.0,42500.0,2.0,23.0,1.0,16.0,10000.0,51000.0,2.0,231.0,1
60.0,660.0,0.2759259259259259,3.0,3.24,4234.0,4000.0,15.0,5.0,3.0,5.0,14900.0,54000.0,29.0,300.0,1
36.0,690.0,0.2777777777777778,6.0,33.43,9974.0,18900.0,3.0,4.0,2.0,9.0,10000.0,36000.0,3.0,159.0,1
36.0,665.0,0.13095553012108146,7.0,34.44,5731.0,1500.0,4.0,3.0,0.0,4.0,6000.0,45817.08,8.0,126.0,1
36.0,665.0,0.15384615384615385,5.0,15.94,2417.0,13800.0,5.0,8.0,1.0,6.0,12000.0,78000.0,8.0,195.0,0
36.0,720.0,0.16324503893273337,1.0,9.04,,34000.0,,20.0,0.0,,18575.0,113786.0,39.0,,0
36.0,665.0,0.24559967253376996,4.0,7.37,14876.0,7300.0,3.0,0.0,2.0,4.0,12000.0,48860.0,5.0,208.0,1
36.0,685.0,0.23076923076923078,2.0,13.74,8039.0,17000.0,13.0,5.0,0.0,2.0,18000.0,78000.0,131.0,131.0,0
36.0,745.0,0.3,,18.63,,,,,,,24000.0,80000.0,,,0
36.0,690.0,0.1276595744680851,7.0,11.23,2636.0,7700.0,3.0,3.0,0.0,4.0,12000.0,94000.0,18.0,496.0,0
36.0,670.0,0.18181818181818182,6.0,6.46,747.0,8400.0,1.0,1.0,2.0,7.0,10000.0,55000.0,16.0,388.0,0
36.0,670.0,0.08,10.0,13.76,29125.0,6500.0,8.0,9.0,1.0,4.0,7200.0,90000.0,8.0,116.0,1
36.0,705.0,0.36585365853658536,3.0,28.02,7173.0,28600.0,6.0,6.0,0.0,8.0,15000.0,41000.0,47.0,299.0,0
60.0,685.0,0.34285714285714286,2.0,30.52,4158.0,14900.0,13.0,13.0,0.0,8.0,12000.0,35000.0,13.0,179.0,0
36.0,725.0,0.2,2.0,16.33,65863.0,81000.0,22.0,1.0,3.0,9.0,35000.0,175000.0,22.0,546.0,1
36.0,705.0,0.3218390804597701,5.0,19.9,3734.0,28500.0,11.0,11.0,0.0,13.0,28000.0,87000.0,12.0,345.0,0
36.0,660.0,0.05945945945945946,3.0,37.07,1836.0,6500.0,5.0,17.0,0.0,8.0,2200.0,37000.0,5.0,93.0,0
36.0,710.0,0.06066176470588235,,23.74,,,,,,,3300.0,54400.0,,,1
36.0,715.0,0.23943661971830985,2.0,28.57,3275.0,6900.0,14.0,20.0,0.0,6.0,8500.0,35500.0,14.0,181.0,0
60.0,685.0,0.3795454545454545,8.0,18.81,3769.0,21700.0,1.0,12.0,0.0,4.0,29225.0,77000.0,1.0,151.0,0
36.0,675.0,0.0847457627118644,17.0,26.86,10373.0,10500.0,1.0,10.0,1.0,6.0,10000.0,118000.0,14.0,93.0,0
36.0,670.0,0.04540501271340356,3.0,18.83,36022.0,6700.0,5.0,,4.0,4.0,2000.0,44048.0,38.0,432.0,1
36.0,685.0,0.45,1.0,13.53,35811.0,2250.0,19.0,19.0,1.0,3.0,29250.0,65000.0,36.0,59.0,1
60.0,685.0,0.4992857142857143,2.0,11.77,12287.0,4700.0,3.0,3.0,2.0,8.0,17475.0,35000.0,42.0,101.0,1
60.0,670.0,0.18666666666666668,5.0,21.73,29444.0,8300.0,4.0,4.0,2.0,3.0,14000.0,75000.0,18.0,156.0,1
36.0,665.0,0.16,1.0,14.35,3913.0,22000.0,24.0,,1.0,4.0,8000.0,50000.0,36.0,340.0,0
36.0,740.0,0.03166666666666667,,27.65,,,,,,,2850.0,90000.0,,,0
36.0,665.0,0.4,3.0,44.69,5565.0,10000.0,4.0,23.0,0.0,2.0,10400.0,26000.0,47.0,124.0,0
36.0,680.0,0.116,6.0,13.74,2375.0,11700.0,3.0,3.0,5.0,4.0,5800.0,50000.0,14.0,347.0,0
36.0,665.0,0.0890909090909091,7.0,6.23,15818.0,2600.0,4.0,11.0,2.0,5.0,9800.0,110000.0,11.0,208.0,0
60.0,710.0,0.15833333333333333,2.0,14.58,26588.0,8700.0,10.0,1.0,5.0,6.0,19000.0,120000.0,65.0,172.0,1
36.0,685.0,0.09345794392523364,9.0,10.64,23282.0,21400.0,2.0,2.0,2.0,7.0,10000.0,107000.0,2.0,111.0,1
60.0,670.0,0.3,10.0,25.68,6164.0,22700.0,3.0,13.0,1.0,4.0,13500.0,45000.0,11.0,338.0,1
36.0,730.0,0.24,5.0,18.42,11493.0,17500.0,2.0,15.0,1.0,6.0,14400.0,60000.0,5.0,116.0,1
36.0,670.0,0.20833333333333334,5.0,13.38,1264.0,2800.0,14.0,25.0,0.0,5.0,10000.0,48000.0,29.0,220.0,0
60.0,695.0,0.3333333333333333,6.0,25.5,7569.0,10200.0,6.0,10.0,1.0,8.0,16000.0,48000.0,33.0,89.0,1
36.0,685.0,0.2553191489361702,2.0,8.32,17700.0,21300.0,9.0,2.0,1.0,4.0,12000.0,47000.0,16.0,84.0,1
36.0,700.0,0.22448979591836735,5.0,26.11,2763.0,31800.0,6.0,6.0,0.0,5.0,11000.0,49000.0,32.0,240.0,0
36.0,665.0,0.09056603773584905,4.0,17.87,3746.0,11800.0,1.0,1.0,0.0,6.0,4800.0,53000.0,1.0,116.0,0
36.0,690.0,0.125,2.0,11.03,23011.0,0.0,22.0,18.0,4.0,2.0,10000.0,80000.0,,213.0,1
60.0,665.0,0.34997666822211854,3.0,21.62,20910.0,11000.0,16.0,6.0,1.0,4.0,19500.0,55718.0,20.0,149.0,1
60.0,695.0,0.3,0.0,8.47,7583.0,34300.0,66.0,10.0,0.0,3.0,30000.0,100000.0,103.0,173.0,0
36.0,780.0,0.28888888888888886,2.0,0.67,273.0,17500.0,23.0,9.0,0.0,1.0,13000.0,45000.0,23.0,83.0,0
60.0,665.0,0.35984848484848486,3.0,20.55,6379.0,10100.0,2.0,10.0,0.0,3.0,11875.0,33000.0,13.0,26.0,0
36.0,695.0,0.08,3.0,15.91,48992.0,9400.0,1.0,1.0,5.0,5.0,8000.0,100000.0,25.0,269.0,1
60.0,690.0,0.35,1.0,15.06,8035.0,25300.0,5.0,,2.0,8.0,35000.0,100000.0,5.0,369.0,1
36.0,705.0,0.4027777777777778,,21.9,,,,,,,14500.0,36000.0,,,0
36.0,700.0,0.35714285714285715,3.0,8.87,39251.0,15000.0,11.0,6.0,5.0,2.0,10000.0,28000.0,11.0,551.0,1
36.0,730.0,0.06976744186046512,2.0,22.83,13442.0,43100.0,13.0,,2.0,7.0,6000.0,86000.0,56.0,440.0,1
36.0,725.0,0.192,3.0,5.39,9752.0,120700.0,9.0,1.0,8.0,9.0,24000.0,125000.0,9.0,240.0,0
60.0,690.0,0.432,6.0,39.44,17160.0,21800.0,8.0,23.0,8.0,6.0,21600.0,50000.0,8.0,168.0,1
36.0,710.0,0.175,1.0,19.62,121806.0,80142.0,1.0,8.0,4.0,4.0,35000.0,200000.0,1.0,370.0,1
60.0,765.0,0.30120481927710846,15.0,11.21,13399.0,42300.0,2.0,0.0,7.0,6.0,25000.0,83000.0,3.0,247.0,1
36.0,670.0,0.20689655172413793,4.0,23.15,2885.0,8600.0,7.0,7.0,0.0,9.0,12000.0,58000.0,7.0,94.0,0
36.0,665.0,0.28,6.0,10.94,31487.0,27000.0,5.0,5.0,6.0,5.0,16800.0,60000.0,12.0,339.0,1
60.0,695.0,0.3333333333333333,6.0,22.31,9840.0,25000.0,4.0,4.0,1.0,9.0,18000.0,54000.0,14.0,148.0,1
36.0,750.0,0.128,,13.99,,,,,,,6400.0,50000.0,,,1
36.0,665.0,0.09375,4.0,13.58,9067.0,13300.0,12.0,12.0,3.0,8.0,6000.0,64000.0,12.0,282.0,1
36.0,665.0,0.05555555555555555,4.0,12.47,8574.0,5400.0,3.0,3.0,0.0,3.0,4000.0,72000.0,8.0,28.0,0
60.0,660.0,0.4495374054914445,1.0,25.25,9462.0,10000.0,13.0,20.0,4.0,4.0,18075.0,40208.0,13.0,153.0,1
60.0,695.0,0.28846153846153844,1.0,34.28,6173.0,5800.0,8.0,8.0,0.0,4.0,12000.0,41600.0,49.0,58.0,0
36.0,670.0,0.24,4.0,35.76,3886.0,2400.0,7.0,9.0,0.0,7.0,10800.0,45000.0,25.0,125.0,0
36.0,760.0,0.29,3.0,2.16,569.0,8200.0,5.0,3.0,0.0,2.0,5800.0,20000.0,5.0,184.0,0
36.0,695.0,0.06282051282051282,6.0,9.86,10491.0,2200.0,6.0,4.0,1.0,7.0,4900.0,78000.0,6.0,258.0,1
60.0,665.0,0.3597560975609756,8.0,24.85,2153.0,11700.0,0.0,0.0,0.0,9.0,14750.0,41000.0,23.0,164.0,0
36.0,685.0,0.2542947558770344,1.0,13.7,3870.0,4600.0,4.0,4.0,0.0,2.0,9000.0,35392.0,31.0,56.0,0
36.0,700.0,0.10285714285714286,1.0,5.04,2873.0,18600.0,10.0,,0.0,6.0,18000.0,175000.0,25.0,112.0,0
60.0,670.0,0.3870967741935484,9.0,28.87,14984.0,7500.0,6.0,9.0,2.0,4.0,24000.0,62000.0,6.0,108.0,1
36.0,750.0,0.2553191489361702,3.0,27.86,4688.0,14800.0,6.0,6.0,0.0,4.0,12000.0,47000.0,26.0,129.0,0
60.0,660.0,0.2861230329041488,6.0,22.8,1283.0,4000.0,1.0,3.0,3.0,8.0,12000.0,41940.0,36.0,211.0,0
36.0,700.0,0.2222222222222222,4.0,10.45,790.0,10300.0,1.0,1.0,0.0,9.0,10000.0,45000.0,23.0,147.0,1
36.0,675.0,0.09183673469387756,2.0,13.49,5445.0,7300.0,12.0,6.0,2.0,4.0,9000.0,98000.0,29.0,240.0,0
36.0,675.0,0.047058823529411764,5.0,18.04,1619.0,12600.0,7.0,0.0,3.0,12.0,4000.0,85000.0,7.0,319.0,1
36.0,720.0,0.1488095238095238,6.0,27.12,32165.0,74200.0,1.0,4.0,6.0,6.0,25000.0,168000.0,4.0,445.0,1
60.0,750.0,0.3684210526315789,6.0,17.21,3475.0,68500.0,5.0,0.0,0.0,5.0,35000.0,95000.0,9.0,303.0,0
36.0,715.0,0.24,5.0,24.53,9063.0,33400.0,8.0,8.0,2.0,4.0,12000.0,50000.0,49.0,107.0,1
60.0,670.0,0.24345238095238095,4.0,16.89,3783.0,4300.0,1.0,8.0,3.0,8.0,10225.0,42000.0,8.0,176.0,0
60.0,765.0,0.25,6.0,13.86,12494.0,50500.0,4.0,8.0,1.0,4.0,10000.0,40000.0,23.0,117.0,1
36.0,745.0,0.05962625181250254,3.0,8.68,,0.0,,1.0,3.0,,8800.0,147586.0,,,1
60.0,680.0,0.18053405572755418,5.0,19.86,46558.0,4500.0,1.0,1.0,4.0,2.0,23325.0,129200.0,1.0,152.0,0
60.0,670.0,0.3440209164717215,17.0,14.14,6313.0,19500.0,3.0,1.0,6.0,7.0,20000.0,58136.0,5.0,177.0,1
60.0,660.0,0.25925925925925924,6.0,13.91,24623.0,13400.0,1.0,2.0,1.0,10.0,35000.0,135000.0,3.0,151.0,1
36.0,680.0,0.192,6.0,26.84,2652.0,6100.0,5.0,20.0,0.0,3.0,4800.0,25000.0,12.0,70.0,0
60.0,705.0,0.5,0.0,14.49,,8600.0,,,2.0,,26500.0,53000.0,36.0,,0
36.0,675.0,0.09333333333333334,3.0,13.0,7839.0,18500.0,5.0,2.0,0.0,7.0,8400.0,90000.0,5.0,78.0,0
36.0,685.0,0.2781456953642384,8.0,11.99,28684.0,5000.0,6.0,6.0,3.0,2.0,21000.0,75500.0,49.0,140.0,1
36.0,795.0,0.2681818181818182,1.0,17.49,18969.0,40600.0,9.0,,3.0,3.0,14750.0,55000.0,52.0,180.0,1
36.0,680.0,0.12444444444444444,1.0,18.21,2505.0,20900.0,10.0,,0.0,5.0,11200.0,90000.0,26.0,176.0,0
36.0,715.0,0.29411764705882354,6.0,15.45,3445.0,8500.0,4.0,1.0,0.0,5.0,25000.0,85000.0,4.0,242.0,0
36.0,695.0,0.2916666666666667,13.0,12.0,13290.0,57100.0,2.0,1.0,5.0,9.0,35000.0,120000.0,2.0,230.0,1
60.0,690.0,0.2459016393442623,12.0,24.12,5975.0,17200.0,1.0,0.0,1.0,7.0,15000.0,61000.0,5.0,152.0,1
36.0,680.0,0.23075,7.0,11.01,5455.0,20500.0,4.0,4.0,0.0,6.0,23075.0,100000.0,5.0,45.0,0
36.0,705.0,0.4498548019083178,3.0,33.04,3221.0,6100.0,3.0,6.0,0.0,4.0,8675.0,19284.0,6.0,155.0,0
36.0,680.0,0.08224299065420561,4.0,21.95,4714.0,14800.0,4.0,10.0,4.0,7.0,8800.0,107000.0,4.0,401.0,0
60.0,725.0,0.14285714285714285,4.0,17.2,6353.0,13500.0,6.0,4.0,3.0,2.0,16000.0,112000.0,11.0,162.0,0
36.0,715.0,0.3181818181818182,5.0,28.13,6562.0,116820.0,10.0,1.0,0.0,14.0,35000.0,110000.0,10.0,310.0,0
36.0,685.0,0.2222222222222222,5.0,23.16,5033.0,8800.0,6.0,6.0,0.0,5.0,10000.0,45000.0,6.0,92.0,0
36.0,710.0,0.2,2.0,11.31,16175.0,20100.0,9.0,,3.0,6.0,17000.0,85000.0,26.0,198.0,0
36.0,670.0,0.08333333333333333,4.0,2.1,190.0,23100.0,3.0,13.0,5.0,4.0,5000.0,60000.0,3.0,147.0,0
36.0,715.0,0.08333333333333333,5.0,8.61,4889.0,0.0,3.0,3.0,4.0,4.0,10000.0,120000.0,,410.0,1
60.0,705.0,0.13333333333333333,5.0,17.58,13741.0,47600.0,3.0,10.0,5.0,6.0,20000.0,150000.0,12.0,268.0,0
60.0,690.0,0.2,5.0,7.77,10968.0,24600.0,4.0,,1.0,5.0,24000.0,120000.0,17.0,145.0,1
36.0,670.0,0.17355371900826447,0.0,12.8,40271.0,25300.0,45.0,2.0,2.0,3.0,21000.0,121000.0,105.0,233.0,1
36.0,660.0,0.24583333333333332,9.0,26.64,7494.0,7550.0,3.0,3.0,1.0,11.0,7375.0,30000.0,3.0,321.0,1
60.0,680.0,0.25,11.0,30.91,5300.0,19600.0,5.0,10.0,0.0,8.0,17500.0,70000.0,5.0,93.0,1
36.0,670.0,0.09615384615384616,2.0,38.33,17265.0,0.0,11.0,1.0,1.0,2.0,5000.0,52000.0,,173.0,1
36.0,675.0,0.05673758865248227,5.0,16.18,34271.0,20000.0,3.0,3.0,3.0,5.0,8000.0,141000.0,4.0,115.0,1
36.0,725.0,0.33980582524271846,3.0,14.77,24988.0,65600.0,6.0,19.0,3.0,8.0,35000.0,103000.0,6.0,217.0,1
36.0,670.0,0.3,8.0,18.84,1875.0,6200.0,3.0,3.0,0.0,5.0,15000.0,50000.0,13.0,47.0,0
36.0,725.0,0.2638888888888889,9.0,17.0,1345.0,75500.0,6.0,0.0,0.0,9.0,9500.0,36000.0,19.0,139.0,0
36.0,710.0,0.067,5.0,34.9,19925.0,41400.0,14.0,7.0,5.0,13.0,5025.0,75000.0,22.0,195.0,1
36.0,705.0,0.2916666666666667,6.0,16.5,29401.0,55400.0,1.0,1.0,5.0,8.0,35000.0,120000.0,6.0,239.0,1
36.0,705.0,0.23529411764705882,3.0,21.75,5545.0,44200.0,6.0,4.0,0.0,5.0,20000.0,85000.0,6.0,154.0,0
60.0,720.0,0.4716981132075472,,14.07,,,,,,,30000.0,63600.0,,,0
60.0,665.0,0.4166666666666667,2.0,21.66,6838.0,63600.0,3.0,3.0,0.0,8.0,35000.0,84000.0,73.0,271.0,0
60.0,705.0,0.2986111111111111,,24.03,,,,,,,10750.0,36000.0,,,0
36.0,660.0,0.11049723756906077,6.0,9.3,3551.0,47800.0,2.0,0.0,3.0,7.0,20000.0,181000.0,13.0,278.0,0
60.0,660.0,0.2,8.0,21.08,4552.0,7400.0,9.0,17.0,0.0,6.0,10000.0,50000.0,16.0,129.0,0
60.0,665.0,0.2206475690942102,5.0,7.82,1609.0,9200.0,5.0,5.0,7.0,4.0,21000.0,95174.4,22.0,209.0,0
36.0,660.0,0.16129032258064516,5.0,17.65,6837.0,9300.0,2.0,1.0,1.0,6.0,5000.0,31000.0,2.0,116.0,0
36.0,705.0,0.0898876404494382,7.0,25.38,5287.0,600.0,7.0,1.0,0.0,2.0,4000.0,44500.0,32.0,95.0,1
36.0,715.0,0.3888888888888889,4.0,7.48,10271.0,12200.0,6.0,8.0,2.0,1.0,35000.0,90000.0,6.0,210.0,1
36.0,720.0,0.15,3.0,10.32,27951.0,12500.0,5.0,5.0,7.0,1.0,7800.0,52000.0,237.0,329.0,1
60.0,715.0,0.3181818181818182,4.0,24.96,27319.0,33900.0,4.0,12.0,5.0,5.0,35000.0,110000.0,6.0,168.0,1
36.0,690.0,0.11796875,7.0,23.13,20609.0,24700.0,2.0,2.0,4.0,11.0,18875.0,160000.0,2.0,331.0,1
36.0,685.0,0.05070993914807302,5.0,14.25,26454.0,1000.0,1.0,1.0,2.0,4.0,6000.0,118320.0,72.0,102.0,1
36.0,665.0,0.06566666666666666,9.0,6.14,926.0,3300.0,4.0,4.0,1.0,6.0,4925.0,75000.0,4.0,29.0,0
36.0,680.0,0.049557522123893805,10.0,23.11,2082.0,14900.0,12.0,4.0,0.0,9.0,2800.0,56500.0,12.0,143.0,0
60.0,710.0,0.224,4.0,5.47,2581.0,29200.0,10.0,13.0,1.0,3.0,28000.0,125000.0,19.0,165.0,0
36.0,665.0,0.09876543209876543,3.0,10.99,16215.0,6300.0,3.0,5.0,3.0,6.0,8000.0,81000.0,5.0,138.0,1
60.0,675.0,0.3787313432835821,5.0,21.58,2324.0,28400.0,6.0,24.0,0.0,13.0,25375.0,67000.0,12.0,246.0,0
36.0,700.0,0.1111111111111111,2.0,13.19,2002.0,33000.0,3.0,,0.0,7.0,10000.0,90000.0,6.0,157.0,0
36.0,700.0,0.175,4.0,25.92,2852.0,13200.0,5.0,3.0,0.0,2.0,7000.0,40000.0,5.0,178.0,0
36.0,705.0,0.11363636363636363,2.0,4.05,3171.0,33500.0,16.0,1.0,5.0,3.0,25000.0,220000.0,113.0,272.0,1
36.0,700.0,0.18,2.0,14.56,9494.0,24500.0,16.0,,2.0,4.0,18000.0,100000.0,21.0,128.0,1
36.0,660.0,0.4166666666666667,4.0,23.45,2119.0,13000.0,6.0,2.0,0.0,5.0,10000.0,24000.0,6.0,46.0,0
36.0,695.0,0.23448275862068965,3.0,4.63,1942.0,37700.0,4.0,10.0,3.0,5.0,13600.0,58000.0,31.0,198.0,0
36.0,675.0,0.218359375,9.0,22.01,3707.0,14300.0,1.0,1.0,0.0,7.0,13975.0,64000.0,1.0,14.0,0
36.0,720.0,0.14285714285714285,5.0,15.55,7567.0,10000.0,6.0,21.0,0.0,1.0,10000.0,70000.0,20.0,135.0,0
36.0,740.0,0.15789473684210525,3.0,25.3,20866.0,47700.0,13.0,17.0,3.0,7.0,15000.0,95000.0,39.0,270.0,1
36.0,660.0,0.26707363601678746,6.0,9.23,974.0,10800.0,6.0,8.0,0.0,6.0,8400.0,31452.0,8.0,146.0,0
36.0,660.0,0.15445544554455445,2.0,12.02,42553.0,10000.0,21.0,16.0,6.0,1.0,7800.0,50500.0,23.0,126.0,0
60.0,660.0,0.2803738317757009,9.0,21.15,3311.0,6500.0,4.0,4.0,0.0,9.0,15000.0,53500.0,8.0,362.0,0
36.0,725.0,0.2,1.0,8.35,14127.0,2300.0,24.0,16.0,3.0,2.0,6500.0,32500.0,86.0,209.0,0
36.0,690.0,0.16666666666666666,8.0,25.31,2848.0,19700.0,2.0,13.0,0.0,11.0,15000.0,90000.0,4.0,135.0,1
36.0,715.0,0.3523809523809524,14.0,22.43,7635.0,7700.0,2.0,1.0,0.0,5.0,14800.0,42000.0,5.0,20.0,0
36.0,725.0,0.2857142857142857,1.0,13.51,2242.0,38500.0,9.0,18.0,2.0,8.0,10000.0,35000.0,29.0,206.0,1
36.0,715.0,0.2642147537518495,6.0,19.98,,1000.0,,3.0,0.0,,25000.0,94620.0,3.0,,0
36.0,730.0,0.2833333333333333,3.0,16.95,28528.0,39000.0,11.0,4.0,1.0,4.0,34000.0,120000.0,89.0,407.0,1
36.0,665.0,0.28457092040907067,2.0,30.42,4559.0,18800.0,7.0,,0.0,8.0,12800.0,44980.0,53.0,228.0,0
36.0,665.0,0.4499113475177305,10.0,24.02,1638.0,11050.0,3.0,3.0,0.0,9.0,20300.0,45120.0,3.0,254.0,0
60.0,700.0,0.47619047619047616,1.0,22.69,15327.0,24400.0,14.0,15.0,1.0,6.0,20000.0,42000.0,32.0,166.0,1
36.0,685.0,0.24071428571428571,13.0,14.54,313.0,16700.0,8.0,12.0,1.0,13.0,8425.0,35000.0,12.0,197.0,0
36.0,670.0,0.3563636363636364,4.0,18.17,3806.0,8800.0,1.0,5.0,3.0,4.0,19600.0,55000.0,22.0,283.0,0
36.0,710.0,0.19230769230769232,2.0,19.7,3770.0,17900.0,12.0,4.0,0.0,6.0,10000.0,52000.0,27.0,125.0,0
60.0,675.0,0.2692307692307692,7.0,13.04,1888.0,800.0,2.0,14.0,0.0,6.0,14000.0,52000.0,14.0,15.0,0
36.0,665.0,0.13333333333333333,4.0,20.42,19859.0,14300.0,5.0,5.0,1.0,5.0,8000.0,60000.0,5.0,159.0,1
60.0,670.0,0.3961267605633803,2.0,15.77,1186.0,12700.0,11.0,11.0,0.0,9.0,12600.0,31808.0,18.0,175.0,0
36.0,710.0,0.2222222222222222,5.0,26.08,2855.0,5900.0,1.0,1.0,2.0,4.0,10000.0,45000.0,1.0,413.0,0
36.0,665.0,0.0125,9.0,9.84,2135.0,8900.0,2.0,5.0,0.0,4.0,1000.0,80000.0,18.0,195.0,0
36.0,665.0,0.07692307692307693,8.0,34.99,8241.0,6200.0,3.0,7.0,2.0,3.0,5000.0,65000.0,17.0,93.0,0
60.0,660.0,0.15584415584415584,3.0,39.65,6550.0,6600.0,6.0,4.0,4.0,5.0,12000.0,77000.0,37.0,250.0,0
36.0,680.0,0.17349397590361446,6.0,26.26,6066.0,13000.0,9.0,6.0,2.0,13.0,14400.0,83000.0,9.0,219.0,1
36.0,660.0,0.1,2.0,9.37,35703.0,17300.0,1.0,1.0,1.0,6.0,10000.0,100000.0,36.0,179.0,1
36.0,665.0,0.07926829268292683,3.0,10.92,31516.0,12400.0,10.0,1.0,2.0,2.0,6500.0,82000.0,45.0,250.0,1
36.0,675.0,0.35,2.0,17.33,6293.0,64100.0,8.0,18.0,1.0,6.0,35000.0,100000.0,76.0,217.0,0
36.0,690.0,0.05555555555555555,2.0,25.38,28250.0,48500.0,5.0,5.0,4.0,7.0,5000.0,90000.0,78.0,424.0,1
60.0,745.0,0.345679012345679,4.0,17.49,,37400.0,,2.0,0.0,,28000.0,81000.0,15.0,,1
36.0,760.0,0.075,3.0,24.16,15454.0,43000.0,10.0,23.0,1.0,4.0,6000.0,80000.0,38.0,195.0,1
60.0,695.0,0.45989583333333334,1.0,25.8,7652.0,5000.0,20.0,20.0,2.0,5.0,22075.0,48000.0,37.0,148.0,0
36.0,705.0,0.2803738317757009,7.0,8.7,826.0,27800.0,4.0,14.0,0.0,18.0,30000.0,107000.0,4.0,181.0,0
36.0,710.0,0.35,4.0,17.43,2405.0,43900.0,1.0,4.0,0.0,7.0,21000.0,60000.0,1.0,453.0,0
60.0,665.0,0.21583333333333332,2.0,20.18,15660.0,2200.0,5.0,8.0,1.0,3.0,12950.0,60000.0,106.0,123.0,1
36.0,675.0,0.3834677419354839,4.0,29.66,3091.0,7000.0,5.0,2.0,0.0,9.0,23775.0,62000.0,57.0,148.0,0
36.0,710.0,0.07169811320754717,2.0,24.34,8723.0,49800.0,13.0,22.0,0.0,5.0,3800.0,53000.0,20.0,56.0,0
60.0,735.0,0.3272786777941417,0.0,19.67,14018.0,10600.0,40.0,1.0,3.0,8.0,12000.0,36666.0,40.0,176.0,1
36.0,765.0,0.10555555555555556,3.0,18.83,12999.0,1500.0,5.0,1.0,1.0,4.0,3800.0,36000.0,14.0,80.0,1
60.0,705.0,0.2246875,5.0,22.95,14722.0,28900.0,4.0,4.0,2.0,10.0,17975.0,80000.0,4.0,378.0,1
36.0,725.0,0.2153846153846154,2.0,16.12,2998.0,57300.0,17.0,6.0,0.0,5.0,14000.0,65000.0,17.0,113.0,0
36.0,665.0,0.3337969401947149,1.0,18.11,1056.0,11100.0,16.0,16.0,0.0,9.0,9600.0,28760.0,16.0,335.0,0
36.0,675.0,0.33653846153846156,2.0,20.42,36701.0,31100.0,9.0,24.0,5.0,7.0,35000.0,104000.0,9.0,175.0,1
60.0,675.0,0.3,3.0,19.62,4057.0,14300.0,1.0,1.0,0.0,4.0,12000.0,40000.0,1.0,176.0,0
60.0,710.0,0.18181818181818182,18.0,24.0,5630.0,18500.0,1.0,3.0,0.0,6.0,12000.0,66000.0,3.0,42.0,1
36.0,685.0,0.19444444444444445,1.0,8.43,3372.0,17900.0,3.0,0.0,0.0,6.0,14000.0,72000.0,3.0,188.0,0
60.0,725.0,0.4117647058823529,2.0,23.94,12975.0,48100.0,5.0,,3.0,5.0,35000.0,85000.0,5.0,364.0,1
60.0,675.0,0.25384615384615383,9.0,31.5,3850.0,24300.0,9.0,2.0,3.0,10.0,16500.0,65000.0,19.0,170.0,1
36.0,670.0,0.075,4.0,24.66,1033.0,24900.0,4.0,4.0,0.0,6.0,3000.0,40000.0,4.0,353.0,0
36.0,665.0,0.027131782945736434,5.0,16.33,18880.0,13100.0,6.0,0.0,1.0,7.0,3500.0,129000.0,6.0,113.0,0
36.0,690.0,0.1694915254237288,12.0,20.0,1973.0,85400.0,4.0,2.0,3.0,25.0,25000.0,147500.0,4.0,124.0,1
60.0,680.0,0.3333333333333333,11.0,32.04,2273.0,67600.0,3.0,2.0,0.0,17.0,30000.0,90000.0,3.0,122.0,0
36.0,660.0,0.28125,7.0,16.62,5223.0,13300.0,15.0,3.0,0.0,8.0,9000.0,32000.0,15.0,130.0,1
60.0,720.0,0.1875,2.0,19.83,22259.0,43573.0,16.0,,3.0,7.0,24000.0,128000.0,16.0,195.0,1
36.0,690.0,0.05172413793103448,4.0,17.01,8131.0,10700.0,12.0,14.0,0.0,3.0,1500.0,29000.0,14.0,40.0,0
36.0,820.0,0.145985401459854,0.0,11.81,2649.0,22400.0,39.0,19.0,2.0,1.0,10000.0,68500.0,39.0,159.0,0
36.0,705.0,0.13513513513513514,2.0,17.71,5878.0,22200.0,10.0,,3.0,5.0,15000.0,111000.0,25.0,281.0,0
36.0,685.0,0.023529411764705882,5.0,21.21,17961.0,27200.0,3.0,0.0,2.0,8.0,2000.0,85000.0,19.0,224.0,1
36.0,690.0,0.32065217391304346,3.0,27.41,7591.0,55000.0,4.0,,0.0,7.0,29500.0,92000.0,4.0,225.0,0
36.0,710.0,0.2,1.0,10.0,19716.0,3100.0,11.0,3.0,3.0,2.0,12000.0,60000.0,51.0,320.0,1
36.0,715.0,0.49906716417910446,1.0,18.63,3128.0,22700.0,21.0,3.0,2.0,3.0,13375.0,26800.0,34.0,251.0,0
60.0,700.0,0.4395945386843194,3.0,18.05,10341.0,24900.0,9.0,21.0,1.0,7.0,19125.0,43506.0,40.0,255.0,1
60.0,665.0,0.19230769230769232,5.0,14.4,15134.0,15500.0,8.0,3.0,1.0,7.0,25000.0,130000.0,8.0,110.0,1
36.0,700.0,0.05,8.0,8.46,9291.0,5200.0,5.0,4.0,2.0,9.0,2000.0,40000.0,5.0,122.0,1
36.0,715.0,0.18557692307692308,4.0,17.32,30112.0,32000.0,4.0,10.0,4.0,5.0,24125.0,130000.0,4.0,338.0,1
36.0,690.0,0.24305555555555555,4.0,14.78,3229.0,15200.0,10.0,0.0,4.0,3.0,21000.0,86400.0,10.0,235.0,0
36.0,685.0,0.2930232558139535,6.0,22.23,7298.0,29600.0,9.0,13.0,0.0,4.0,25200.0,86000.0,9.0,104.0,0
60.0,670.0,0.26666666666666666,2.0,12.11,1692.0,13900.0,14.0,14.0,0.0,7.0,11200.0,42000.0,14.0,82.0,1
36.0,690.0,0.12678571428571428,9.0,18.67,3300.0,15700.0,6.0,10.0,0.0,8.0,8875.0,70000.0,9.0,201.0,0
60.0,725.0,0.175,4.0,14.63,20953.0,54800.0,6.0,3.0,5.0,6.0,21000.0,120000.0,11.0,389.0,1
36.0,665.0,0.225,8.0,16.65,2484.0,6250.0,3.0,5.0,1.0,7.0,9000.0,40000.0,5.0,152.0,0
36.0,720.0,0.18518518518518517,4.0,18.4,3519.0,6800.0,9.0,20.0,0.0,4.0,5000.0,27000.0,10.0,162.0,0
60.0,675.0,0.17439832577607256,2.0,16.24,20741.0,12500.0,6.0,6.0,1.0,2.0,14000.0,80276.0,62.0,240.0,1
36.0,770.0,0.10869565217391304,5.0,11.16,1211.0,36200.0,5.0,10.0,1.0,11.0,10000.0,92000.0,5.0,229.0,0
60.0,690.0,0.3684210526315789,6.0,16.12,,11200.0,,3.0,1.0,,35000.0,95000.0,3.0,,1
60.0,660.0,0.13157894736842105,,15.5,,,,,,,6000.0,45600.0,,,1
36.0,745.0,0.25,,11.52,,,,,,,15000.0,60000.0,,,1
36.0,680.0,0.12,9.0,14.33,4030.0,4500.0,1.0,1.0,0.0,5.0,6000.0,50000.0,3.0,29.0,0
60.0,675.0,0.28846153846153844,5.0,32.77,5056.0,6500.0,12.0,8.0,5.0,6.0,15000.0,52000.0,12.0,293.0,0
36.0,680.0,0.075,3.0,22.86,63897.0,38300.0,7.0,16.0,2.0,6.0,12000.0,160000.0,34.0,364.0,1
36.0,785.0,0.13333333333333333,,4.8,,,,,,,8000.0,60000.0,,,0
36.0,680.0,0.31981132075471697,6.0,27.67,3339.0,5800.0,12.0,0.0,0.0,7.0,16950.0,53000.0,32.0,53.0,0
36.0,660.0,0.32960526315789473,8.0,34.93,5208.0,2900.0,5.0,5.0,4.0,4.0,12525.0,38000.0,9.0,391.0,0
36.0,665.0,0.22857142857142856,6.0,7.9,670.0,19600.0,7.0,10.0,0.0,6.0,9600.0,42000.0,8.0,78.0,0
36.0,660.0,0.14130434782608695,7.0,10.81,2411.0,13600.0,7.0,5.0,4.0,9.0,13000.0,92000.0,19.0,269.0,0
60.0,715.0,0.375,,14.31,,,,,,,7200.0,19200.0,,,0
36.0,700.0,0.26666666666666666,7.0,8.56,661.0,11300.0,3.0,4.0,0.0,8.0,8000.0,30000.0,3.0,337.0,0
36.0,690.0,0.3321535240160284,0.0,7.8,2072.0,7700.0,54.0,,1.0,1.0,20000.0,60213.12,54.0,361.0,0
60.0,670.0,0.4427083333333333,1.0,9.65,7352.0,13600.0,15.0,,5.0,6.0,21250.0,48000.0,62.0,193.0,1
60.0,700.0,0.285,9.0,19.22,10026.0,13600.0,3.0,2.0,3.0,4.0,19950.0,70000.0,15.0,158.0,1
36.0,785.0,0.07741935483870968,,1.2,,,,,,,4800.0,62000.0,,,1
36.0,670.0,0.15789473684210525,6.0,12.83,29770.0,45740.0,6.0,6.0,9.0,11.0,30000.0,190000.0,6.0,179.0,1
60.0,670.0,0.3137254901960784,6.0,19.48,1910.0,9000.0,1.0,3.0,3.0,6.0,16000.0,51000.0,1.0,167.0,1
60.0,690.0,0.125,8.0,9.46,37957.0,21700.0,5.0,5.0,5.0,12.0,16000.0,128000.0,15.0,186.0,1
60.0,710.0,0.19090909090909092,0.0,13.91,8583.0,19600.0,47.0,,0.0,3.0,21000.0,110000.0,47.0,170.0,1
36.0,735.0,0.20833333333333334,,13.4,,,,,,,15000.0,72000.0,,,0
36.0,680.0,0.23880597014925373,2.0,9.92,3043.0,28100.0,18.0,6.0,0.0,6.0,16000.0,67000.0,18.0,177.0,0
36.0,740.0,0.05555555555555555,2.0,29.24,17685.0,42800.0,13.0,0.0,2.0,8.0,5000.0,90000.0,14.0,216.0,1
36.0,720.0,0.1375,1.0,14.37,7627.0,1000.0,7.0,,0.0,1.0,5500.0,40000.0,53.0,77.0,0
36.0,660.0,0.33881578947368424,2.0,14.81,2813.0,3200.0,6.0,6.0,0.0,3.0,12875.0,38000.0,6.0,159.0,0
36.0,670.0,0.057971014492753624,0.0,23.17,54967.0,33800.0,46.0,0.0,4.0,4.0,4000.0,69000.0,107.0,302.0,1
36.0,675.0,0.1948529411764706,0.0,9.3,5117.0,14300.0,60.0,0.0,0.0,5.0,13250.0,68000.0,60.0,392.0,0
36.0,770.0,0.26666666666666666,4.0,10.09,45575.0,48500.0,1.0,1.0,4.0,3.0,24000.0,90000.0,19.0,301.0,1
60.0,680.0,0.29850746268656714,4.0,20.33,10116.0,35800.0,4.0,0.0,4.0,10.0,20000.0,67000.0,11.0,213.0,1
60.0,690.0,0.2849056603773585,5.0,28.44,2169.0,41000.0,5.0,5.0,0.0,8.0,15100.0,53000.0,5.0,126.0,0
36.0,715.0,0.19704433497536947,4.0,26.1,3681.0,3900.0,5.0,5.0,0.0,4.0,8000.0,40600.0,23.0,76.0,1
36.0,680.0,0.136,2.0,6.94,1150.0,14800.0,1.0,,0.0,8.0,6800.0,50000.0,1.0,110.0,1
60.0,660.0,0.49821002386634844,3.0,18.7,11094.0,5600.0,5.0,1.0,1.0,4.0,20875.0,41900.0,55.0,92.0,1
36.0,670.0,0.2074468085106383,9.0,24.16,1343.0,6600.0,4.0,4.0,2.0,13.0,9750.0,47000.0,10.0,159.0,0
60.0,700.0,0.2848857913211579,2.0,20.76,18384.0,31000.0,3.0,1.0,3.0,7.0,28000.0,98285.0,49.0,209.0,1
36.0,665.0,0.3596153846153846,5.0,19.48,472.0,2800.0,3.0,17.0,0.0,8.0,4675.0,13000.0,5.0,255.0,0
36.0,725.0,0.3775,8.0,35.31,1912.0,23100.0,8.0,14.0,0.0,5.0,7550.0,20000.0,8.0,69.0,0
36.0,675.0,0.06426735218508997,,11.75,,,,,,,7500.0,116700.0,,,0
36.0,695.0,0.1620745542949757,1.0,21.56,1040.0,13400.0,10.0,,1.0,10.0,3600.0,22212.0,10.0,156.0,0
36.0,695.0,0.2857142857142857,2.0,19.94,12042.0,29700.0,1.0,,4.0,10.0,30000.0,105000.0,20.0,152.0,1
36.0,660.0,0.0603448275862069,,21.19,,,,,,,3500.0,58000.0,,,0
36.0,690.0,0.12307692307692308,6.0,23.38,,35200.0,,0.0,6.0,,16000.0,130000.0,7.0,,1
36.0,720.0,0.175,5.0,16.14,3052.0,43800.0,3.0,14.0,1.0,6.0,10500.0,60000.0,8.0,497.0,0
60.0,680.0,0.3125,7.0,13.68,5879.0,8500.0,4.0,0.0,1.0,4.0,25000.0,80000.0,10.0,175.0,0
36.0,660.0,0.28289473684210525,0.0,13.99,1197.0,10300.0,34.0,9.0,0.0,9.0,10750.0,38000.0,60.0,231.0,0
60.0,700.0,0.20866666666666667,2.0,12.79,1739.0,48500.0,3.0,6.0,0.0,18.0,31300.0,150000.0,3.0,183.0,0
60.0,685.0,0.18181818181818182,3.0,13.92,18710.0,25100.0,16.0,18.0,2.0,5.0,10000.0,55000.0,35.0,128.0,0
36.0,670.0,0.14404761904761904,16.0,21.89,3348.0,17750.0,5.0,7.0,3.0,35.0,6050.0,42000.0,5.0,250.0,1
36.0,700.0,0.192,8.0,10.66,19867.0,59200.0,8.0,12.0,8.0,9.0,24000.0,125000.0,19.0,256.0,0
36.0,710.0,0.1111111111111111,2.0,14.12,13558.0,50100.0,8.0,4.0,5.0,8.0,8000.0,72000.0,8.0,277.0,1
36.0,685.0,0.343,3.0,12.49,4375.0,14300.0,8.0,8.0,0.0,5.0,8575.0,25000.0,8.0,122.0,0
36.0,660.0,0.24305555555555555,5.0,30.53,45389.0,22400.0,2.0,5.0,4.0,6.0,35000.0,144000.0,2.0,184.0,0
36.0,675.0,0.24423076923076922,9.0,34.27,31165.0,8000.0,4.0,4.0,4.0,2.0,22225.0,91000.0,7.0,93.0,1
60.0,745.0,0.28,7.0,22.4,2779.0,26700.0,8.0,8.0,0.0,8.0,18200.0,65000.0,12.0,121.0,0
36.0,695.0,0.3508771929824561,7.0,26.02,1197.0,13800.0,4.0,4.0,0.0,6.0,10000.0,28500.0,4.0,150.0,0
36.0,675.0,0.12413793103448276,12.0,25.21,13321.0,25300.0,3.0,1.0,2.0,16.0,18000.0,145000.0,4.0,209.0,1
36.0,660.0,0.16,6.0,19.41,3381.0,26900.0,2.0,2.0,0.0,11.0,14400.0,90000.0,8.0,165.0,0
36.0,660.0,0.04833333333333333,2.0,21.72,8706.0,2200.0,7.0,7.0,0.0,3.0,2900.0,60000.0,50.0,50.0,0
36.0,705.0,0.11666666666666667,7.0,25.02,13916.0,17600.0,5.0,5.0,2.0,3.0,7000.0,60000.0,34.0,150.0,1
60.0,695.0,0.19288079470198677,5.0,23.57,54122.0,19500.0,3.0,3.0,5.0,4.0,29125.0,151000.0,84.0,218.0,1
36.0,675.0,0.3075,3.0,26.35,812.0,4800.0,3.0,13.0,0.0,9.0,6150.0,20000.0,8.0,264.0,0
60.0,705.0,0.2459016393442623,6.0,20.54,2288.0,17900.0,4.0,1.0,0.0,10.0,18000.0,73200.0,10.0,202.0,0
36.0,660.0,0.09615384615384616,5.0,17.6,1596.0,10900.0,7.0,6.0,0.0,6.0,5000.0,52000.0,7.0,131.0,0
36.0,700.0,0.15,3.0,9.5,564.0,7700.0,8.0,8.0,0.0,10.0,6000.0,40000.0,8.0,156.0,0
60.0,660.0,0.23376623376623376,4.0,22.43,14926.0,21400.0,14.0,6.0,2.0,6.0,18000.0,77000.0,14.0,108.0,1
36.0,675.0,0.32727272727272727,5.0,14.33,18131.0,1600.0,4.0,22.0,2.0,9.0,18000.0,55000.0,23.0,153.0,1
36.0,730.0,0.3193548387096774,5.0,8.68,295.0,12200.0,7.0,7.0,0.0,6.0,4950.0,15500.0,7.0,71.0,0
36.0,720.0,0.25,2.0,0.7,11731.0,6300.0,16.0,7.0,1.0,1.0,6000.0,24000.0,28.0,198.0,1
36.0,685.0,0.03571428571428571,5.0,18.71,3420.0,2300.0,1.0,0.0,0.0,3.0,1500.0,42000.0,1.0,155.0,0
36.0,715.0,0.2857142857142857,10.0,28.3,14620.0,45000.0,2.0,15.0,3.0,4.0,40000.0,140000.0,11.0,229.0,1
36.0,660.0,0.016,1.0,14.94,41647.0,27900.0,20.0,8.0,2.0,6.0,2000.0,125000.0,49.0,168.0,1
36.0,685.0,0.15625,3.0,20.12,3395.0,8600.0,10.0,10.0,0.0,6.0,10000.0,64000.0,10.0,88.0,0
36.0,670.0,0.14328358208955225,5.0,25.6,10586.0,7500.0,9.0,0.0,0.0,1.0,9600.0,67000.0,23.0,92.0,0
36.0,680.0,0.08,3.0,8.75,7255.0,3500.0,4.0,12.0,0.0,2.0,10000.0,125000.0,41.0,145.0,0
36.0,675.0,0.05142857142857143,6.0,15.31,6793.0,13000.0,7.0,7.0,2.0,6.0,3600.0,70000.0,8.0,153.0,0
36.0,670.0,0.24822695035460993,5.0,21.15,9627.0,49064.0,5.0,10.0,3.0,6.0,35000.0,141000.0,16.0,251.0,0
36.0,660.0,0.0501479690723798,5.0,13.08,3656.0,1000.0,3.0,1.0,4.0,4.0,3850.0,76772.8,31.0,117.0,0
36.0,705.0,0.1657142857142857,4.0,20.1,1637.0,19600.0,14.0,17.0,0.0,5.0,5800.0,35000.0,14.0,73.0,0
36.0,665.0,0.14492481203007518,9.0,17.63,7699.0,10500.0,3.0,3.0,1.0,7.0,19275.0,133000.0,3.0,168.0,0
60.0,720.0,0.3657635467980296,8.0,21.46,6072.0,6500.0,7.0,20.0,0.0,4.0,29700.0,81200.0,31.0,167.0,0
36.0,660.0,0.29615384615384616,7.0,14.61,3054.0,21900.0,5.0,8.0,0.0,11.0,30800.0,104000.0,5.0,146.0,0
60.0,695.0,0.12345679012345678,1.0,13.45,3303.0,5100.0,7.0,,0.0,5.0,10000.0,81000.0,27.0,173.0,0
36.0,675.0,0.21153846153846154,3.0,16.27,4087.0,5100.0,8.0,4.0,2.0,6.0,11000.0,52000.0,8.0,201.0,0
36.0,740.0,0.3181818181818182,2.0,7.58,,32911.0,,12.0,1.0,,35000.0,110000.0,4.0,,1
36.0,665.0,0.1,4.0,7.68,3353.0,9500.0,2.0,15.0,1.0,1.0,5000.0,50000.0,2.0,146.0,0
60.0,695.0,0.24,11.0,30.63,7138.0,29300.0,8.0,1.0,1.0,5.0,12000.0,50000.0,11.0,121.0,1
60.0,690.0,0.35956731059766733,7.0,17.0,3787.0,18300.0,7.0,6.0,2.0,5.0,17850.0,49643.0,7.0,225.0,0
60.0,670.0,0.2926829268292683,4.0,25.27,20287.0,13000.0,1.0,11.0,0.0,2.0,24000.0,82000.0,67.0,167.0,0
60.0,665.0,0.35859375,3.0,21.04,4199.0,14200.0,6.0,23.0,1.0,9.0,11475.0,32000.0,17.0,107.0,1
36.0,730.0,0.11764705882352941,0.0,11.99,201171.0,0.0,69.0,1.0,4.0,2.0,20000.0,170000.0,,331.0,1
36.0,700.0,0.136986301369863,2.0,3.97,22625.0,5400.0,16.0,8.0,1.0,5.0,6000.0,43800.0,16.0,125.0,0
36.0,685.0,0.35,13.0,13.28,1223.0,39800.0,3.0,5.0,0.0,11.0,21000.0,60000.0,4.0,165.0,0
36.0,660.0,0.48532442493388905,2.0,39.6,4376.0,1500.0,4.0,2.0,0.0,4.0,8400.0,17308.01,30.0,208.0,0
36.0,755.0,0.1724137931034483,1.0,16.32,8140.0,52900.0,13.0,5.0,0.0,3.0,18000.0,104400.0,238.0,373.0,0
60.0,665.0,0.29948979591836733,8.0,27.48,4748.0,8400.0,5.0,5.0,0.0,2.0,14675.0,49000.0,5.0,178.0,1
36.0,680.0,0.17215189873417722,2.0,23.95,14379.0,23700.0,9.0,9.0,1.0,5.0,6800.0,39500.0,29.0,150.0,1
36.0,675.0,0.2,0.0,32.29,5066.0,123759.0,37.0,,5.0,22.0,21000.0,105000.0,37.0,306.0,0
60.0,670.0,0.4327330508474576,7.0,33.2,5730.0,12200.0,10.0,13.0,3.0,7.0,20425.0,47200.0,17.0,181.0,0
36.0,705.0,0.138,7.0,25.76,4629.0,4500.0,8.0,8.0,6.0,5.0,6900.0,50000.0,8.0,105.0,1
36.0,680.0,0.05,3.0,14.37,16948.0,24700.0,3.0,3.0,2.0,6.0,6000.0,120000.0,63.0,272.0,1
36.0,675.0,0.178,7.0,11.73,1485.0,3000.0,5.0,1.0,0.0,3.0,13350.0,75000.0,5.0,43.0,0
36.0,680.0,0.21875,3.0,15.96,113819.0,46000.0,17.0,4.0,4.0,2.0,35000.0,160000.0,72.0,334.0,1
36.0,665.0,0.09230769230769231,7.0,10.89,1282.0,13600.0,10.0,18.0,0.0,8.0,6000.0,65000.0,16.0,174.0,1
36.0,720.0,0.07741935483870968,4.0,16.17,30326.0,38800.0,4.0,12.0,2.0,6.0,12000.0,155000.0,7.0,207.0,1
60.0,665.0,0.35800499161245447,5.0,12.16,5044.0,1800.0,12.0,4.0,3.0,2.0,35000.0,97764.0,26.0,631.0,1
36.0,660.0,0.17454545454545456,7.0,11.17,503.0,9600.0,7.0,20.0,0.0,4.0,4800.0,27500.0,11.0,165.0,0
36.0,670.0,0.17454545454545456,8.0,28.87,2571.0,7700.0,3.0,14.0,0.0,11.0,9600.0,55000.0,3.0,278.0,0
36.0,675.0,0.1,5.0,21.14,4988.0,3600.0,0.0,0.0,0.0,5.0,6000.0,60000.0,47.0,52.0,0
60.0,740.0,0.14,3.0,14.55,31522.0,88000.0,2.0,,4.0,6.0,21000.0,150000.0,2.0,227.0,1
36.0,705.0,0.13333333333333333,6.0,12.12,61204.0,6500.0,6.0,4.0,5.0,2.0,20000.0,150000.0,7.0,133.0,1
36.0,765.0,0.2037037037037037,6.0,17.0,12652.0,68100.0,7.0,9.0,3.0,7.0,11000.0,54000.0,8.0,284.0,1
36.0,675.0,0.15555555555555556,4.0,12.82,3161.0,42600.0,7.0,18.0,0.0,7.0,14000.0,90000.0,16.0,133.0,0
36.0,695.0,0.10416666666666667,4.0,34.7,5122.0,26600.0,4.0,,3.0,6.0,5000.0,48000.0,21.0,171.0,0
36.0,675.0,0.10043103448275863,11.0,9.41,4221.0,7100.0,3.0,0.0,0.0,5.0,5825.0,58000.0,3.0,20.0,0
36.0,765.0,0.07142857142857142,3.0,5.66,51064.0,40000.0,2.0,14.0,1.0,4.0,10000.0,140000.0,2.0,164.0,1
60.0,695.0,0.3448275862068966,4.0,25.58,2440.0,23300.0,5.0,6.0,0.0,14.0,25000.0,72500.0,25.0,99.0,0
60.0,720.0,0.18181818181818182,2.0,7.88,28440.0,6500.0,2.0,8.0,2.0,2.0,10000.0,55000.0,2.0,117.0,1
36.0,665.0,0.2926829268292683,3.0,25.73,6192.0,12300.0,4.0,7.0,0.0,4.0,12000.0,41000.0,16.0,87.0,0
36.0,660.0,0.21630434782608696,3.0,3.78,30614.0,2000.0,1.0,1.0,2.0,4.0,9950.0,46000.0,82.0,153.0,1
36.0,685.0,0.017241379310344827,5.0,9.63,31530.0,24300.0,8.0,2.0,4.0,4.0,2000.0,116000.0,12.0,140.0,1
60.0,705.0,0.3333333333333333,6.0,31.94,23982.0,9200.0,9.0,8.0,5.0,2.0,20000.0,60000.0,16.0,184.0,1
36.0,645.0,0.398686679174484,,12.9,,,,,,,11050.0,27716.0,,,0
60.0,705.0,0.33783783783783783,2.0,10.14,21401.0,31000.0,9.0,1.0,1.0,2.0,25000.0,74000.0,9.0,202.0,0
36.0,685.0,0.24615384615384617,4.0,21.62,6550.0,13600.0,5.0,6.0,2.0,4.0,16000.0,65000.0,11.0,207.0,0
36.0,690.0,0.4409722222222222,2.0,12.13,9450.0,13400.0,9.0,5.0,0.0,3.0,15875.0,36000.0,58.0,197.0,0
36.0,670.0,0.16666666666666666,3.0,4.06,21638.0,3500.0,4.0,1.0,4.0,3.0,10000.0,60000.0,4.0,279.0,1
36.0,760.0,0.2777777777777778,5.0,10.61,439.0,10300.0,10.0,3.0,0.0,4.0,5000.0,18000.0,10.0,303.0,0
60.0,710.0,0.1896551724137931,5.0,28.66,16946.0,14000.0,5.0,9.0,3.0,3.0,11000.0,58000.0,5.0,151.0,1
60.0,755.0,0.28028846153846154,4.0,17.17,26512.0,34000.0,3.0,4.0,5.0,4.0,14575.0,52000.0,20.0,181.0,1
36.0,715.0,0.23148148148148148,3.0,26.42,5525.0,7100.0,16.0,8.0,2.0,7.0,10000.0,43200.0,22.0,121.0,1
36.0,670.0,0.098,8.0,10.62,23965.0,25000.0,1.0,1.0,7.0,5.0,9800.0,100000.0,15.0,217.0,1
36.0,660.0,0.25,0.0,9.87,4150.0,16000.0,41.0,,0.0,3.0,10000.0,40000.0,41.0,190.0,0
60.0,660.0,0.3125,7.0,27.1,11180.0,11600.0,3.0,13.0,1.0,5.0,15000.0,48000.0,13.0,51.0,1
36.0,680.0,0.10526315789473684,6.0,15.98,2528.0,0.0,6.0,6.0,2.0,5.0,6000.0,57000.0,89.0,232.0,1
36.0,675.0,0.22285714285714286,1.0,19.27,3528.0,7000.0,13.0,12.0,0.0,5.0,15600.0,70000.0,33.0,129.0,0
36.0,690.0,0.07228915662650602,13.0,17.57,2792.0,11500.0,2.0,2.0,2.0,11.0,6000.0,83000.0,3.0,283.0,0
36.0,750.0,0.08888888888888889,7.0,13.0,42982.0,24000.0,2.0,10.0,5.0,4.0,12000.0,135000.0,77.0,193.0,1
60.0,705.0,0.23148148148148148,3.0,22.89,11433.0,23900.0,1.0,7.0,2.0,8.0,12500.0,54000.0,87.0,179.0,0
60.0,675.0,0.37894736842105264,4.0,22.16,8300.0,34400.0,7.0,,0.0,5.0,21600.0,57000.0,18.0,40.0,0
36.0,660.0,0.20735460878017173,8.0,32.47,11187.0,7800.0,3.0,4.0,0.0,4.0,12800.0,61730.0,24.0,42.0,0
36.0,695.0,0.11428571428571428,4.0,13.97,4951.0,10000.0,3.0,16.0,0.0,3.0,8000.0,70000.0,3.0,114.0,0
36.0,660.0,0.43947963800904977,9.0,14.63,1530.0,19700.0,7.0,1.0,0.0,7.0,19425.0,44200.0,7.0,197.0,0
60.0,670.0,0.10384615384615385,3.0,10.64,8034.0,19900.0,9.0,5.0,0.0,5.0,13500.0,130000.0,9.0,147.0,0
36.0,720.0,0.21428571428571427,3.0,5.81,468.0,28600.0,12.0,2.0,0.0,2.0,18000.0,84000.0,12.0,127.0,1
36.0,670.0,0.16363636363636364,3.0,12.94,44249.0,10800.0,5.0,5.0,6.0,1.0,18000.0,110000.0,39.0,315.0,1
60.0,670.0,0.15384615384615385,5.0,30.57,21908.0,34000.0,4.0,4.0,6.0,6.0,16000.0,104000.0,17.0,133.0,1
36.0,660.0,0.16098738932116985,8.0,9.15,713.0,9300.0,2.0,16.0,0.0,6.0,6000.0,37270.0,2.0,62.0,0
36.0,760.0,0.28735632183908044,3.0,9.76,1216.0,42000.0,3.0,17.0,2.0,2.0,10000.0,34800.0,3.0,132.0,0
36.0,665.0,0.058823529411764705,4.0,11.69,29626.0,9000.0,17.0,3.0,1.0,2.0,10000.0,170000.0,22.0,230.0,1
36.0,670.0,0.3,5.0,26.44,1421.0,10300.0,4.0,13.0,0.0,10.0,9000.0,30000.0,13.0,148.0,0
36.0,700.0,0.216,3.0,20.66,7796.0,34400.0,6.0,2.0,4.0,3.0,16200.0,75000.0,103.0,175.0,0
60.0,685.0,0.3597247022519633,13.0,33.06,5847.0,26400.0,2.0,2.0,3.0,2.0,20750.0,57683.0,2.0,117.0,0
60.0,765.0,0.29333333333333333,1.0,8.74,27953.0,51500.0,12.0,7.0,4.0,4.0,22000.0,75000.0,42.0,321.0,1
60.0,705.0,0.25,5.0,8.31,12604.0,10100.0,6.0,7.0,1.0,4.0,10000.0,40000.0,7.0,181.0,0
36.0,670.0,0.30434782608695654,6.0,8.98,823.0,1600.0,2.0,0.0,0.0,2.0,7000.0,23000.0,27.0,31.0,0
60.0,715.0,0.13333333333333333,6.0,6.52,3833.0,40600.0,9.0,10.0,4.0,4.0,24000.0,180000.0,19.0,181.0,0
36.0,695.0,0.12422360248447205,6.0,24.54,,20200.0,,1.0,1.0,,10000.0,80500.0,18.0,,1
36.0,665.0,0.23076923076923078,3.0,22.21,6812.0,35800.0,0.0,0.0,2.0,10.0,15000.0,65000.0,0.0,253.0,1
60.0,665.0,0.3333333333333333,3.0,12.52,1057.0,16800.0,0.0,3.0,0.0,13.0,20000.0,60000.0,3.0,264.0,0
36.0,730.0,0.1125,4.0,10.41,3884.0,54600.0,1.0,14.0,0.0,2.0,9000.0,80000.0,1.0,161.0,0
60.0,700.0,0.17857142857142858,3.0,9.8,3475.0,44300.0,3.0,2.0,0.0,6.0,15000.0,84000.0,15.0,138.0,0
36.0,720.0,0.23809523809523808,0.0,2.43,9336.0,11600.0,130.0,14.0,0.0,1.0,20000.0,84000.0,221.0,221.0,1
36.0,700.0,0.18181818181818182,2.0,19.14,9779.0,16200.0,6.0,6.0,1.0,10.0,10000.0,55000.0,8.0,139.0,1
36.0,660.0,0.07272727272727272,5.0,7.72,,2400.0,,2.0,0.0,,4000.0,55000.0,8.0,,1
36.0,710.0,0.027777777777777776,4.0,26.36,8342.0,16900.0,4.0,4.0,1.0,7.0,2500.0,90000.0,18.0,138.0,0
36.0,760.0,0.07272727272727272,8.0,31.27,6530.0,42300.0,2.0,8.0,0.0,3.0,4000.0,55000.0,2.0,91.0,0
36.0,690.0,0.2,2.0,18.14,,2400.0,,6.0,0.0,,6400.0,32000.0,15.0,,0
36.0,665.0,0.10576923076923077,8.0,16.78,5761.0,0.0,4.0,1.0,1.0,3.0,5500.0,52000.0,101.0,171.0,1
36.0,665.0,0.0375,5.0,26.01,3067.0,1000.0,1.0,1.0,1.0,2.0,1500.0,40000.0,25.0,243.0,0
36.0,670.0,0.175,6.0,19.5,991.0,5900.0,1.0,1.0,1.0,9.0,4200.0,24000.0,1.0,211.0,0
36.0,670.0,0.20967741935483872,7.0,6.04,1061.0,18500.0,3.0,3.0,0.0,6.0,13000.0,62000.0,9.0,177.0,0
60.0,720.0,0.2953846153846154,4.0,18.06,9239.0,35200.0,4.0,4.0,3.0,8.0,19200.0,65000.0,4.0,132.0,1
36.0,695.0,0.1111111111111111,7.0,16.51,2250.0,71600.0,7.0,16.0,4.0,12.0,10000.0,90000.0,11.0,339.0,1
36.0,705.0,0.12307692307692308,8.0,6.07,579.0,13700.0,7.0,14.0,0.0,10.0,8000.0,65000.0,7.0,181.0,0
36.0,740.0,0.3194444444444444,3.0,13.24,3202.0,44000.0,2.0,1.0,0.0,3.0,23000.0,72000.0,5.0,74.0,0
36.0,685.0,0.16,2.0,19.8,2633.0,300.0,5.0,18.0,0.0,3.0,8000.0,50000.0,52.0,103.0,0
36.0,720.0,0.10666666666666667,,18.85,,,,,,,8000.0,75000.0,,,0
36.0,690.0,0.1388888888888889,2.0,12.8,7114.0,9900.0,14.0,21.0,0.0,3.0,10000.0,72000.0,14.0,105.0,1
36.0,660.0,0.115,5.0,6.05,19542.0,4600.0,0.0,0.0,5.0,4.0,9200.0,80000.0,22.0,245.0,1
36.0,720.0,0.16666666666666666,0.0,26.8,8545.0,6000.0,26.0,9.0,2.0,4.0,10000.0,60000.0,112.0,124.0,1
60.0,670.0,0.41959798994974873,1.0,23.13,3025.0,15600.0,18.0,0.0,0.0,7.0,16700.0,39800.0,28.0,62.0,0
36.0,715.0,0.256,6.0,22.64,5716.0,9000.0,9.0,5.0,0.0,6.0,12800.0,50000.0,12.0,172.0,0
60.0,700.0,0.3,3.0,23.26,17172.0,20300.0,20.0,1.0,4.0,14.0,30000.0,100000.0,69.0,117.0,0
36.0,695.0,0.15503875968992248,5.0,26.76,14735.0,5800.0,14.0,14.0,4.0,7.0,20000.0,129000.0,14.0,513.0,1
36.0,665.0,0.28125,11.0,19.77,1556.0,10800.0,4.0,2.0,0.0,7.0,10125.0,36000.0,4.0,75.0,0
36.0,670.0,0.14285714285714285,2.0,26.31,6668.0,5800.0,3.0,20.0,0.0,3.0,6000.0,42000.0,34.0,171.0,0
36.0,680.0,0.36585365853658536,2.0,17.62,3606.0,15000.0,8.0,8.0,0.0,4.0,15000.0,41000.0,21.0,143.0,0
36.0,660.0,0.25,6.0,21.54,12049.0,42600.0,10.0,0.0,3.0,17.0,35000.0,140000.0,10.0,245.0,1
36.0,685.0,0.16666666666666666,,15.71,,,,,,,5500.0,33000.0,,,0
36.0,780.0,0.38095238095238093,1.0,1.81,1450.0,23300.0,2.0,3.0,0.0,3.0,24000.0,63000.0,33.0,149.0,1
36.0,690.0,0.08888888888888889,11.0,17.19,6214.0,8300.0,3.0,0.0,0.0,7.0,8000.0,90000.0,3.0,161.0,0
36.0,680.0,0.10869565217391304,1.0,10.44,6051.0,8800.0,8.0,7.0,2.0,10.0,5000.0,46000.0,38.0,133.0,1
36.0,680.0,0.140625,3.0,8.29,12308.0,3400.0,6.0,16.0,1.0,5.0,4500.0,32000.0,9.0,76.0,1
36.0,670.0,0.2742857142857143,3.0,11.76,1543.0,5700.0,13.0,13.0,0.0,5.0,9600.0,35000.0,13.0,112.0,0
60.0,705.0,0.39565217391304347,3.0,12.13,27870.0,17100.0,7.0,0.0,1.0,3.0,18200.0,46000.0,7.0,91.0,0
36.0,740.0,0.5,0.0,5.51,,12300.0,,22.0,0.0,,16000.0,32000.0,38.0,,0
36.0,665.0,0.09090909090909091,4.0,27.07,3814.0,16500.0,1.0,15.0,5.0,4.0,8000.0,88000.0,33.0,371.0,0
36.0,670.0,0.1590909090909091,2.0,29.21,11816.0,1500.0,6.0,8.0,4.0,3.0,7000.0,44000.0,133.0,133.0,0
60.0,665.0,0.1,2.0,5.66,39822.0,11900.0,15.0,14.0,6.0,5.0,12000.0,120000.0,15.0,198.0,1
36.0,660.0,0.14166666666666666,7.0,18.05,3051.0,3100.0,7.0,5.0,0.0,5.0,6375.0,45000.0,7.0,111.0,0
60.0,710.0,0.28525244841684894,1.0,4.93,,15200.0,,11.0,0.0,,18000.0,63102.0,86.0,,0
60.0,705.0,0.4151898734177215,16.0,28.57,8673.0,48500.0,5.0,12.0,2.0,8.0,32800.0,79000.0,9.0,122.0,1
36.0,680.0,0.175,3.0,15.83,16558.0,65500.0,4.0,4.0,4.0,12.0,21000.0,120000.0,43.0,271.0,1
36.0,660.0,0.275,5.0,25.92,18636.0,19000.0,7.0,1.0,3.0,7.0,11000.0,40000.0,7.0,143.0,1
36.0,735.0,0.16363636363636364,3.0,3.78,5121.0,500.0,11.0,10.0,0.0,2.0,2700.0,16500.0,15.0,28.0,0
36.0,690.0,0.1076923076923077,7.0,20.73,10460.0,13800.0,3.0,15.0,1.0,5.0,7000.0,65000.0,3.0,80.0,1
36.0,745.0,0.23142857142857143,3.0,21.93,26251.0,61883.0,3.0,3.0,3.0,5.0,16200.0,70000.0,19.0,295.0,1
36.0,690.0,0.20689655172413793,4.0,11.24,957.0,14900.0,2.0,2.0,0.0,5.0,12000.0,58000.0,2.0,51.0,0
36.0,705.0,0.2625,1.0,21.0,10704.0,32500.0,16.0,18.0,2.0,4.0,21000.0,80000.0,60.0,172.0,0
36.0,710.0,0.4,6.0,15.78,16228.0,134600.0,10.0,1.0,3.0,8.0,34000.0,85000.0,14.0,251.0,1
36.0,710.0,0.21052631578947367,3.0,2.91,1722.0,21200.0,5.0,23.0,0.0,2.0,16000.0,76000.0,5.0,151.0,1
36.0,690.0,0.3181818181818182,2.0,24.23,26875.0,19200.0,4.0,5.0,6.0,11.0,35000.0,110000.0,26.0,271.0,1
60.0,700.0,0.29411764705882354,2.0,6.44,53098.0,32500.0,1.0,15.0,4.0,4.0,25000.0,85000.0,1.0,117.0,1
36.0,695.0,0.24589357725976196,2.0,23.69,1410.0,18000.0,4.0,4.0,0.0,9.0,10000.0,40668.0,4.0,114.0,0
36.0,735.0,0.45946890286512926,5.0,32.07,1848.0,78000.0,1.0,15.0,0.0,12.0,13150.0,28620.0,1.0,438.0,0
36.0,675.0,0.12466553150085137,4.0,10.08,2401.0,25600.0,3.0,12.0,1.0,8.0,20500.0,164440.0,15.0,360.0,0
36.0,690.0,0.3709677419354839,7.0,35.19,17818.0,41200.0,4.0,0.0,4.0,8.0,23000.0,62000.0,28.0,197.0,1
36.0,715.0,0.20754716981132076,6.0,17.69,4712.0,14800.0,9.0,14.0,3.0,4.0,11000.0,53000.0,9.0,98.0,1
36.0,665.0,0.18028846153846154,5.0,6.12,22082.0,6200.0,7.0,7.0,6.0,2.0,7500.0,41600.0,18.0,167.0,1
36.0,680.0,0.23863636363636365,3.0,20.2,6706.0,38800.0,17.0,17.0,0.0,5.0,21000.0,88000.0,17.0,255.0,0
36.0,665.0,0.1413427561837456,14.0,20.37,2274.0,6800.0,7.0,7.0,2.0,8.0,12000.0,84900.0,14.0,325.0,0
60.0,665.0,0.18666666666666668,8.0,33.71,57733.0,5900.0,0.0,0.0,2.0,2.0,14000.0,75000.0,0.0,190.0,1
36.0,720.0,0.07954545454545454,0.0,6.22,1025.0,22700.0,31.0,1.0,0.0,1.0,7000.0,88000.0,31.0,176.0,0
36.0,675.0,0.156794425087108,0.0,21.47,10287.0,8800.0,47.0,,0.0,3.0,9000.0,57400.0,66.0,163.0,0
36.0,715.0,0.26666666666666666,6.0,16.48,1135.0,29600.0,4.0,4.0,0.0,5.0,8000.0,30000.0,4.0,113.0,0
36.0,670.0,0.16810344827586207,3.0,38.38,21038.0,50900.0,14.0,7.0,1.0,7.0,9750.0,58000.0,28.0,295.0,1
36.0,725.0,0.2835604929051531,7.0,14.79,806.0,13700.0,2.0,2.0,0.0,2.0,6075.0,21424.0,2.0,64.0,0
36.0,700.0,0.21428571428571427,3.0,20.17,11579.0,8100.0,10.0,12.0,1.0,5.0,9000.0,42000.0,10.0,103.0,1
60.0,665.0,0.40548368410890134,6.0,17.38,4799.0,8500.0,7.0,15.0,0.0,3.0,21000.0,51790.0,51.0,208.0,0
60.0,760.0,0.28,3.0,27.3,6765.0,74100.0,12.0,5.0,0.0,4.0,28000.0,100000.0,12.0,201.0,1
60.0,705.0,0.4375,3.0,17.04,16329.0,68600.0,3.0,,5.0,6.0,35000.0,80000.0,3.0,140.0,1
36.0,680.0,0.12280701754385964,4.0,24.88,10221.0,10100.0,6.0,5.0,1.0,8.0,7000.0,57000.0,6.0,241.0,1
60.0,745.0,0.14545454545454545,3.0,17.74,46591.0,69800.0,11.0,15.0,3.0,6.0,24000.0,165000.0,45.0,252.0,1
60.0,715.0,0.15441176470588236,2.0,18.38,59251.0,63600.0,8.0,0.0,5.0,7.0,21000.0,136000.0,47.0,238.0,1
36.0,695.0,0.11,2.0,25.61,6792.0,10700.0,11.0,2.0,1.0,8.0,5500.0,50000.0,11.0,221.0,1
36.0,695.0,0.195433373505749,1.0,5.41,1558.0,1600.0,2.0,1.0,0.0,3.0,12000.0,61402.0,154.0,307.0,0
36.0,685.0,0.44,4.0,24.84,3185.0,11000.0,3.0,17.0,0.0,5.0,13200.0,30000.0,3.0,38.0,0
36.0,680.0,0.3157894736842105,7.0,15.51,31128.0,25900.0,6.0,7.0,1.0,8.0,30000.0,95000.0,6.0,119.0,1
36.0,660.0,0.14,7.0,13.01,7954.0,66600.0,2.0,1.0,4.0,15.0,35000.0,250000.0,4.0,309.0,1
60.0,680.0,0.11627906976744186,10.0,22.94,10348.0,7900.0,2.0,3.0,2.0,6.0,5000.0,43000.0,17.0,174.0,0
36.0,720.0,0.14666666666666667,2.0,3.47,29826.0,7500.0,23.0,,2.0,2.0,6600.0,45000.0,109.0,201.0,1
36.0,705.0,0.12,2.0,4.71,20383.0,20400.0,17.0,23.0,1.0,4.0,6000.0,50000.0,17.0,56.0,0
36.0,710.0,0.22641509433962265,3.0,8.81,1428.0,9800.0,9.0,9.0,0.0,3.0,12000.0,53000.0,13.0,25.0,0
36.0,665.0,0.3952941176470588,2.0,8.94,41648.0,29100.0,10.0,11.0,1.0,7.0,33600.0,85000.0,41.0,199.0,1
60.0,665.0,0.18666666666666668,1.0,31.54,17247.0,46700.0,23.0,4.0,1.0,8.0,28000.0,150000.0,78.0,436.0,1
36.0,755.0,0.24034090909090908,12.0,24.58,5721.0,30500.0,1.0,1.0,2.0,3.0,10575.0,44000.0,9.0,350.0,1
36.0,685.0,0.11130998495089003,3.0,17.87,14828.0,300.0,8.0,8.0,1.0,3.0,5000.0,44919.6,8.0,137.0,1
36.0,700.0,0.24285714285714285,9.0,26.14,3593.0,19000.0,0.0,2.0,0.0,3.0,17000.0,70000.0,0.0,101.0,0
36.0,750.0,0.2916666666666667,,6.78,,,,,,,14000.0,48000.0,,,1
36.0,660.0,0.16592592592592592,8.0,15.69,41917.0,11400.0,3.0,7.0,4.0,3.0,22400.0,135000.0,18.0,519.0,1
36.0,695.0,0.05555555555555555,7.0,29.83,1670.0,8000.0,6.0,12.0,0.0,13.0,2000.0,36000.0,14.0,159.0,1
36.0,680.0,0.25,4.0,12.93,986.0,19200.0,2.0,7.0,0.0,8.0,10000.0,40000.0,19.0,58.0,0
36.0,670.0,0.17391304347826086,10.0,18.83,24717.0,34700.0,1.0,7.0,5.0,10.0,20000.0,115000.0,1.0,327.0,1
36.0,695.0,0.32941176470588235,3.0,7.45,45467.0,9000.0,15.0,5.0,1.0,2.0,28000.0,85000.0,23.0,172.0,1
36.0,670.0,0.3,0.0,25.32,6577.0,9500.0,42.0,,6.0,4.0,15000.0,50000.0,75.0,130.0,0
36.0,725.0,0.30365844788711904,,16.26,,,,,,,16700.0,54996.0,,,0
36.0,700.0,0.37777777777777777,2.0,24.99,13437.0,18200.0,12.0,,4.0,6.0,23800.0,63000.0,12.0,268.0,1
36.0,690.0,0.15884146341463415,9.0,19.61,14496.0,22200.0,2.0,18.0,3.0,11.0,13025.0,82000.0,2.0,137.0,1
36.0,770.0,0.16,0.0,13.04,2230.0,23500.0,28.0,,1.0,2.0,12000.0,75000.0,28.0,293.0,1
60.0,700.0,0.45,,18.42,,,,,,,18000.0,40000.0,,,0
60.0,685.0,0.25,2.0,12.43,41723.0,32300.0,1.0,,6.0,5.0,40000.0,160000.0,103.0,216.0,1
36.0,660.0,0.04,6.0,17.28,2127.0,7500.0,3.0,3.0,0.0,5.0,1200.0,30000.0,8.0,309.0,0
36.0,670.0,0.2222222222222222,3.0,9.79,8201.0,26200.0,8.0,12.0,1.0,6.0,18000.0,81000.0,8.0,80.0,1
36.0,680.0,0.2,2.0,23.86,4172.0,15900.0,5.0,18.0,0.0,7.0,12000.0,60000.0,5.0,95.0,0
36.0,710.0,0.2390447024609487,2.0,22.24,2691.0,25300.0,11.0,6.0,0.0,8.0,10850.0,45389.0,20.0,155.0,0
60.0,775.0,0.36484375,2.0,25.06,2871.0,13500.0,8.0,2.0,0.0,0.0,11675.0,32000.0,31.0,84.0,0
36.0,665.0,0.34285714285714286,2.0,13.37,3236.0,9100.0,8.0,0.0,0.0,3.0,12000.0,35000.0,8.0,76.0,0
36.0,675.0,0.01791044776119403,3.0,15.91,1239.0,6200.0,4.0,8.0,0.0,7.0,1200.0,67000.0,4.0,229.0,0
36.0,675.0,0.05647058823529412,6.0,17.28,2188.0,21600.0,6.0,5.0,0.0,6.0,2400.0,42500.0,6.0,114.0,0
60.0,675.0,0.2373117326920643,4.0,19.16,22823.0,7700.0,4.0,4.0,5.0,9.0,15000.0,63208.0,127.0,161.0,1
36.0,720.0,0.5,4.0,17.21,21740.0,51300.0,1.0,1.0,3.0,4.0,35000.0,70000.0,1.0,210.0,1
60.0,670.0,0.4438638986468492,3.0,32.82,13965.0,5900.0,1.0,1.0,1.0,8.0,35000.0,78853.0,16.0,237.0,0
36.0,740.0,0.017391304347826087,,2.24,,,,,,,3600.0,207000.0,,,1
60.0,675.0,0.2833333333333333,15.0,8.84,6708.0,17200.0,6.0,2.0,4.0,8.0,17000.0,60000.0,9.0,211.0,1
36.0,735.0,0.32954545454545453,,17.89,,,,,,,14500.0,44000.0,,,0
36.0,660.0,0.11904761904761904,0.0,4.63,1761.0,17800.0,34.0,,0.0,2.0,5000.0,42000.0,34.0,157.0,0
60.0,695.0,0.2,6.0,5.13,15447.0,18900.0,1.0,1.0,5.0,5.0,32000.0,160000.0,24.0,168.0,1
36.0,675.0,0.21818181818181817,2.0,38.84,8915.0,1800.0,7.0,6.0,0.0,5.0,4800.0,22000.0,65.0,124.0,0
36.0,745.0,0.36036036036036034,1.0,10.12,23038.0,58000.0,19.0,21.0,3.0,7.0,28000.0,77700.0,25.0,363.0,1
36.0,670.0,0.37037037037037035,4.0,26.11,20270.0,25500.0,10.0,7.0,1.0,7.0,20000.0,54000.0,25.0,155.0,1
60.0,725.0,0.49375,5.0,17.01,,5100.0,,14.0,0.0,,19750.0,40000.0,13.0,,0
36.0,685.0,0.41967700807479813,5.0,29.58,1637.0,19300.0,2.0,9.0,1.0,13.0,11850.0,28236.0,2.0,264.0,0
60.0,665.0,0.2604166666666667,10.0,10.43,5271.0,16000.0,0.0,0.0,2.0,14.0,25000.0,96000.0,12.0,245.0,1
60.0,670.0,0.2909090909090909,5.0,38.95,9011.0,8000.0,6.0,8.0,2.0,10.0,16000.0,55000.0,8.0,96.0,1
60.0,685.0,0.11851851851851852,5.0,14.07,51159.0,5300.0,3.0,3.0,5.0,3.0,12800.0,108000.0,3.0,386.0,1
36.0,750.0,0.07608695652173914,3.0,18.2,26690.0,12100.0,13.0,14.0,2.0,3.0,7000.0,92000.0,16.0,176.0,1
36.0,675.0,0.3,6.0,20.06,,13700.0,,1.0,0.0,,15000.0,50000.0,9.0,,0
36.0,690.0,0.2727272727272727,3.0,21.1,5445.0,32400.0,10.0,10.0,0.0,6.0,24000.0,88000.0,15.0,241.0,0
36.0,675.0,0.21,1.0,8.46,12571.0,15200.0,6.0,6.0,3.0,4.0,21000.0,100000.0,6.0,397.0,1
60.0,710.0,0.2358490566037736,10.0,19.54,13373.0,7400.0,1.0,1.0,3.0,7.0,25000.0,106000.0,4.0,260.0,1
60.0,660.0,0.12758620689655173,7.0,10.25,39606.0,8500.0,4.0,4.0,5.0,5.0,18500.0,145000.0,14.0,133.0,0
36.0,670.0,0.13653846153846153,11.0,14.23,8274.0,10300.0,2.0,2.0,4.0,13.0,8875.0,65000.0,2.0,134.0,1
60.0,690.0,0.3,3.0,24.77,14229.0,2800.0,8.0,8.0,2.0,2.0,15000.0,50000.0,37.0,37.0,1
36.0,720.0,0.44666666666666666,2.0,19.23,8992.0,14100.0,12.0,0.0,1.0,4.0,20100.0,45000.0,30.0,181.0,1
60.0,705.0,0.4392857142857143,16.0,23.28,6864.0,9300.0,7.0,0.0,1.0,6.0,30750.0,70000.0,7.0,114.0,1
36.0,705.0,0.46875,10.0,10.02,435.0,52600.0,8.0,8.0,3.0,7.0,15000.0,32000.0,9.0,195.0,0
36.0,660.0,0.33962264150943394,8.0,21.81,2686.0,10700.0,1.0,1.0,0.0,9.0,18000.0,53000.0,1.0,132.0,0
36.0,680.0,0.06111111111111111,7.0,4.03,40440.0,45500.0,2.0,1.0,4.0,3.0,11000.0,180000.0,6.0,194.0,0
36.0,670.0,0.1724137931034483,3.0,13.86,14941.0,7100.0,8.0,9.0,1.0,4.0,10000.0,58000.0,26.0,113.0,1
36.0,745.0,0.2823529411764706,5.0,17.89,15026.0,148300.0,3.0,5.0,2.0,13.0,24000.0,85000.0,10.0,318.0,1
60.0,695.0,0.19964349376114082,9.0,11.98,22186.0,10950.0,3.0,3.0,2.0,13.0,11200.0,56100.0,3.0,222.0,1
36.0,760.0,0.03428571428571429,1.0,16.39,2239.0,99200.0,18.0,2.0,0.0,8.0,2400.0,70000.0,38.0,149.0,0
36.0,720.0,0.23861792497852438,0.0,19.19,3237.0,9600.0,32.0,6.0,0.0,5.0,10000.0,41908.0,116.0,209.0,0
36.0,710.0,0.2853949152139273,3.0,7.25,47141.0,11000.0,4.0,20.0,0.0,3.0,12000.0,42047.0,4.0,118.0,0
36.0,705.0,0.2,6.0,18.98,5613.0,48500.0,3.0,3.0,3.0,6.0,25000.0,125000.0,6.0,194.0,1
36.0,685.0,0.248,3.0,25.83,2117.0,1100.0,21.0,21.0,0.0,3.0,6200.0,25000.0,21.0,77.0,0
36.0,700.0,0.19811320754716982,3.0,32.3,17127.0,12200.0,10.0,5.0,1.0,4.0,21000.0,106000.0,117.0,252.0,1
36.0,685.0,0.3333333333333333,5.0,22.33,1875.0,18300.0,4.0,4.0,0.0,4.0,11000.0,33000.0,6.0,223.0,0
36.0,675.0,0.08333333333333333,3.0,26.38,4278.0,16600.0,11.0,11.0,0.0,7.0,5000.0,60000.0,32.0,115.0,0
60.0,695.0,0.39611486486486486,4.0,32.88,5579.0,11700.0,5.0,15.0,4.0,9.0,23450.0,59200.0,5.0,641.0,1
36.0,675.0,0.11765259541625488,,8.44,,,,,,,10000.0,84996.0,,,0
36.0,815.0,0.1037037037037037,6.0,2.44,32298.0,102600.0,3.0,5.0,7.0,4.0,28000.0,270000.0,6.0,220.0,0
36.0,665.0,0.15666666666666668,9.0,6.84,581.0,4000.0,2.0,0.0,0.0,10.0,9400.0,60000.0,15.0,349.0,0
36.0,740.0,0.2634146341463415,6.0,25.38,6160.0,22500.0,5.0,7.0,2.0,4.0,10800.0,41000.0,5.0,115.0,0
36.0,690.0,0.23297713717693838,1.0,6.97,32741.0,4000.0,3.0,,3.0,4.0,15000.0,64384.0,94.0,104.0,1
36.0,670.0,0.20527859237536658,0.0,29.81,15897.0,14300.0,29.0,,0.0,4.0,14000.0,68200.0,83.0,130.0,0
60.0,695.0,0.4117647058823529,5.0,17.39,4981.0,42700.0,1.0,1.0,0.0,5.0,35000.0,85000.0,1.0,137.0,0
36.0,695.0,0.1111111111111111,1.0,19.3,29311.0,26000.0,24.0,,3.0,5.0,10000.0,90000.0,49.0,169.0,1
36.0,705.0,0.1951219512195122,5.0,14.44,1342.0,21900.0,5.0,12.0,1.0,11.0,16000.0,82000.0,5.0,187.0,0
36.0,695.0,0.1,4.0,17.09,5757.0,9300.0,12.0,0.0,0.0,4.0,5000.0,50000.0,17.0,68.0,1
36.0,670.0,0.2074074074074074,5.0,17.21,1916.0,10800.0,7.0,10.0,0.0,9.0,11200.0,54000.0,7.0,70.0,0
60.0,715.0,0.417910447761194,2.0,27.55,6801.0,27400.0,6.0,6.0,0.0,4.0,28000.0,67000.0,134.0,198.0,0
36.0,670.0,0.24528301886792453,3.0,15.35,3064.0,3900.0,10.0,12.0,2.0,4.0,13000.0,53000.0,20.0,155.0,0
60.0,670.0,0.3564655172413793,4.0,25.57,21817.0,41000.0,4.0,4.0,5.0,6.0,20675.0,58000.0,4.0,166.0,1
36.0,795.0,0.22483333333333333,2.0,1.48,,43000.0,,,4.0,,33725.0,150000.0,12.0,,1
36.0,755.0,0.08333333333333333,2.0,1.88,2049.0,82400.0,14.0,1.0,0.0,3.0,20000.0,240000.0,14.0,271.0,0
36.0,700.0,0.16,4.0,27.61,10311.0,2300.0,12.0,3.0,1.0,3.0,10000.0,62500.0,20.0,157.0,1
36.0,735.0,0.2222222222222222,1.0,11.4,2264.0,41000.0,9.0,,0.0,5.0,20000.0,90000.0,9.0,149.0,0
36.0,720.0,0.31746031746031744,1.0,20.48,25498.0,46000.0,5.0,,1.0,5.0,20000.0,63000.0,5.0,277.0,1
36.0,695.0,0.125,9.0,17.91,69759.0,22200.0,5.0,2.0,6.0,4.0,20000.0,160000.0,11.0,131.0,1
36.0,665.0,0.09615384615384616,1.0,3.53,3703.0,4000.0,12.0,0.0,0.0,3.0,5000.0,52000.0,12.0,36.0,0
60.0,670.0,0.4196078431372549,11.0,18.16,7401.0,16800.0,3.0,6.0,3.0,6.0,21400.0,51000.0,17.0,125.0,1
60.0,710.0,0.3153153153153153,6.0,14.09,23012.0,35800.0,4.0,5.0,3.0,10.0,35000.0,111000.0,5.0,252.0,1
36.0,660.0,0.1,19.0,15.91,12634.0,7400.0,3.0,6.0,1.0,7.0,12000.0,120000.0,16.0,183.0,1
60.0,685.0,0.15151515151515152,0.0,3.04,10906.0,8500.0,28.0,1.0,5.0,3.0,15000.0,99000.0,95.0,140.0,1
36.0,665.0,0.09090909090909091,7.0,25.75,6458.0,8000.0,1.0,1.0,1.0,4.0,5000.0,55000.0,15.0,162.0,0
36.0,660.0,0.12631578947368421,5.0,20.67,35846.0,19100.0,3.0,3.0,3.0,5.0,12000.0,95000.0,17.0,196.0,1
36.0,705.0,0.07777777777777778,2.0,29.95,4552.0,5700.0,1.0,9.0,0.0,5.0,3500.0,45000.0,1.0,161.0,0
36.0,685.0,0.35833333333333334,3.0,12.0,606.0,2000.0,5.0,16.0,0.0,2.0,2150.0,6000.0,14.0,45.0,0
36.0,675.0,0.12631578947368421,8.0,13.91,3736.0,3200.0,10.0,1.0,3.0,4.0,12000.0,95000.0,10.0,207.0,0
60.0,660.0,0.21929824561403508,5.0,12.26,15349.0,8500.0,8.0,15.0,5.0,6.0,20000.0,91200.0,10.0,275.0,1
36.0,745.0,0.1794871794871795,2.0,24.71,4490.0,10000.0,17.0,0.0,0.0,1.0,7000.0,39000.0,88.0,158.0,1
36.0,750.0,0.21,1.0,17.52,78426.0,37800.0,15.0,0.0,4.0,2.0,8400.0,40000.0,15.0,239.0,1
36.0,660.0,0.12631578947368421,8.0,13.72,41298.0,5900.0,0.0,5.0,4.0,9.0,12000.0,95000.0,0.0,170.0,1
36.0,700.0,0.2857142857142857,3.0,13.46,2782.0,23800.0,6.0,,0.0,6.0,20000.0,70000.0,6.0,65.0,0
36.0,740.0,0.05925925925925926,4.0,8.85,65200.0,66200.0,18.0,,4.0,6.0,8000.0,135000.0,35.0,187.0,0
36.0,660.0,0.13714285714285715,8.0,17.95,15388.0,11700.0,2.0,2.0,2.0,4.0,9600.0,70000.0,15.0,163.0,1
36.0,685.0,0.2857142857142857,3.0,22.53,2526.0,4200.0,8.0,6.0,0.0,9.0,10000.0,35000.0,36.0,74.0,0
60.0,720.0,0.4,2.0,30.99,14414.0,21500.0,16.0,,5.0,7.0,20000.0,50000.0,16.0,86.0,1
60.0,660.0,0.26666666666666666,6.0,20.67,4075.0,12100.0,9.0,12.0,3.0,9.0,12000.0,45000.0,9.0,130.0,0
36.0,660.0,0.05555555555555555,5.0,31.34,5465.0,15900.0,2.0,0.0,2.0,13.0,5000.0,90000.0,3.0,158.0,0
60.0,675.0,0.3,9.0,29.54,14152.0,700.0,3.0,3.0,3.0,3.0,18000.0,60000.0,14.0,95.0,0
36.0,680.0,0.2857142857142857,4.0,19.1,31699.0,8700.0,6.0,7.0,4.0,5.0,20000.0,70000.0,22.0,124.0,1
36.0,670.0,0.1302721088435374,3.0,10.68,27941.0,1500.0,6.0,6.0,5.0,2.0,9575.0,73500.0,6.0,160.0,1
60.0,735.0,0.3126514405415123,2.0,22.59,13568.0,10100.0,14.0,,1.0,3.0,20000.0,63969.0,39.0,92.0,1
36.0,670.0,0.12444444444444444,6.0,5.68,9714.0,8900.0,10.0,10.0,1.0,2.0,5600.0,45000.0,53.0,182.0,1
36.0,675.0,0.09851190476190476,1.0,6.47,9324.0,8200.0,2.0,20.0,5.0,8.0,8275.0,84000.0,37.0,224.0,1
60.0,760.0,0.43967391304347825,2.0,15.5,41915.0,39300.0,9.0,1.0,3.0,5.0,20225.0,46000.0,9.0,309.0,1
60.0,690.0,0.4666666666666667,3.0,33.54,8893.0,13500.0,2.0,3.0,1.0,7.0,28000.0,60000.0,3.0,195.0,1
36.0,700.0,0.45,4.0,14.59,1200.0,40100.0,3.0,3.0,0.0,9.0,18000.0,40000.0,3.0,161.0,0
60.0,665.0,0.2153846153846154,4.0,19.84,38294.0,20000.0,12.0,12.0,1.0,6.0,28000.0,130000.0,14.0,178.0,1
36.0,655.0,0.1185,,26.52,,,,,,,5925.0,50000.0,,,1
60.0,700.0,0.41106565361387104,5.0,21.16,16070.0,51000.0,11.0,16.0,1.0,8.0,21100.0,51330.0,19.0,166.0,1
60.0,740.0,0.25547445255474455,3.0,6.44,10530.0,2500.0,2.0,1.0,0.0,1.0,35000.0,137000.0,19.0,248.0,0
60.0,695.0,0.1943810906075057,5.0,33.92,10554.0,42000.0,4.0,4.0,0.0,4.0,15000.0,77168.0,11.0,207.0,1
36.0,665.0,0.3804347826086957,4.0,29.31,5455.0,15500.0,12.0,12.0,0.0,8.0,35000.0,92000.0,25.0,205.0,0
36.0,670.0,0.14285714285714285,7.0,8.59,2125.0,500.0,6.0,6.0,3.0,3.0,10000.0,70000.0,6.0,155.0,1
60.0,665.0,0.29096199308965265,,6.06,,,,,,,6400.0,21996.0,,,0
36.0,690.0,0.10702341137123746,9.0,10.39,3472.0,20700.0,1.0,1.0,0.0,12.0,16000.0,149500.0,1.0,192.0,0
60.0,670.0,0.35842293906810035,2.0,9.59,2152.0,24400.0,6.0,7.0,0.0,4.0,10000.0,27900.0,6.0,127.0,0
36.0,690.0,0.2,5.0,15.1,18126.0,13500.0,2.0,2.0,3.0,3.0,10000.0,50000.0,17.0,109.0,1
36.0,690.0,0.16666666666666666,8.0,33.26,8929.0,47400.0,5.0,5.0,0.0,7.0,16000.0,96000.0,5.0,165.0,0
60.0,685.0,0.38596491228070173,8.0,32.92,16643.0,43100.0,2.0,4.0,4.0,5.0,22000.0,57000.0,23.0,249.0,1
36.0,680.0,0.155,3.0,17.01,35112.0,7900.0,8.0,4.0,2.0,4.0,6975.0,45000.0,8.0,241.0,1
36.0,675.0,0.12692307692307692,3.0,11.72,36628.0,0.0,3.0,4.0,3.0,3.0,8250.0,65000.0,77.0,335.0,1
36.0,670.0,0.3588577204953247,7.0,23.36,816.0,20000.0,2.0,,0.0,9.0,7100.0,19785.0,2.0,186.0,0
60.0,695.0,0.4395833333333333,2.0,22.5,21710.0,7100.0,0.0,0.0,1.0,3.0,15825.0,36000.0,104.0,218.0,1
36.0,675.0,0.098,3.0,11.17,6678.0,37000.0,3.0,4.0,1.0,6.0,24500.0,250000.0,3.0,485.0,1
36.0,740.0,0.434375,1.0,10.83,2586.0,21300.0,4.0,1.0,0.0,4.0,17375.0,40000.0,101.0,143.0,0
36.0,660.0,0.1352112676056338,5.0,15.79,6138.0,1500.0,5.0,1.0,0.0,2.0,9600.0,71000.0,17.0,343.0,0
36.0,680.0,0.2727272727272727,5.0,37.74,3371.0,25900.0,7.0,19.0,1.0,9.0,15000.0,55000.0,21.0,273.0,0
60.0,680.0,0.44,3.0,26.17,4731.0,13800.0,3.0,,0.0,4.0,13200.0,30000.0,3.0,106.0,0
36.0,660.0,0.26136363636363635,4.0,26.4,,6600.0,,1.0,0.0,,2875.0,11000.0,19.0,,0
36.0,660.0,0.32941176470588235,8.0,18.78,4288.0,18900.0,1.0,1.0,0.0,6.0,28000.0,85000.0,1.0,206.0,0
60.0,665.0,0.315,11.0,31.06,2956.0,4400.0,2.0,9.0,0.0,6.0,12600.0,40000.0,2.0,138.0,0
36.0,675.0,0.1,6.0,9.96,33088.0,76200.0,0.0,1.0,4.0,8.0,28000.0,280000.0,77.0,160.0,0
36.0,690.0,0.11764705882352941,6.0,32.0,13333.0,18400.0,3.0,2.0,1.0,5.0,10000.0,85000.0,3.0,207.0,0
36.0,670.0,0.08333333333333333,1.0,3.0,556.0,4900.0,22.0,21.0,0.0,3.0,3500.0,42000.0,25.0,127.0,1
36.0,730.0,0.03214285714285714,4.0,8.04,134.0,34300.0,2.0,,0.0,13.0,1800.0,56000.0,18.0,141.0,0
36.0,700.0,0.22615384615384615,6.0,27.52,5170.0,5500.0,13.0,13.0,0.0,6.0,14700.0,65000.0,32.0,254.0,0
36.0,680.0,0.021505376344086023,1.0,4.49,127772.0,1500.0,20.0,15.0,4.0,1.0,2000.0,93000.0,137.0,137.0,1
36.0,690.0,0.13333333333333333,7.0,25.64,11255.0,31600.0,4.0,4.0,4.0,12.0,12000.0,90000.0,18.0,372.0,1
36.0,695.0,0.24,3.0,15.27,5247.0,17000.0,11.0,11.0,0.0,3.0,12000.0,50000.0,13.0,170.0,1
36.0,760.0,0.1306179775280899,13.0,0.42,112.0,52800.0,5.0,1.0,0.0,1.0,9300.0,71200.0,5.0,100.0,1
36.0,665.0,0.20927419354838708,4.0,4.99,18784.0,8900.0,10.0,,2.0,6.0,12975.0,62000.0,10.0,194.0,1
36.0,660.0,0.07368421052631578,4.0,7.28,4699.0,4500.0,7.0,11.0,2.0,1.0,7000.0,95000.0,26.0,258.0,0
36.0,710.0,0.21153846153846154,6.0,15.47,2741.0,500.0,2.0,3.0,0.0,4.0,4400.0,20800.0,3.0,3.0,0
36.0,670.0,0.0375,5.0,30.99,11812.0,2800.0,2.0,4.0,1.0,4.0,3000.0,80000.0,2.0,73.0,0
36.0,725.0,0.375,6.0,34.53,3944.0,21900.0,9.0,14.0,0.0,6.0,15000.0,40000.0,9.0,121.0,0
36.0,695.0,0.25,4.0,25.66,16864.0,21400.0,6.0,13.0,1.0,4.0,10000.0,40000.0,6.0,86.0,0
36.0,755.0,0.07111768554604159,1.0,12.73,12271.0,21800.0,9.0,9.0,0.0,3.0,5000.0,70306.0,25.0,150.0,0
36.0,690.0,0.1741562656674671,1.0,22.17,7171.0,9500.0,22.0,9.0,0.0,2.0,6600.0,37897.0,29.0,83.0,0
36.0,660.0,0.19230769230769232,8.0,23.11,1303.0,8900.0,3.0,1.0,0.0,15.0,7500.0,39000.0,23.0,143.0,0
36.0,680.0,0.10204081632653061,5.0,17.22,4953.0,8300.0,7.0,1.0,0.0,10.0,10000.0,98000.0,12.0,276.0,0
60.0,725.0,0.2564102564102564,5.0,3.82,1202.0,37000.0,1.0,6.0,0.0,3.0,10000.0,39000.0,1.0,95.0,0
36.0,740.0,0.07741935483870968,1.0,5.09,,24100.0,,23.0,0.0,,12000.0,155000.0,66.0,,0
36.0,675.0,0.059313725490196076,7.0,13.13,4243.0,5800.0,7.0,6.0,0.0,4.0,3025.0,51000.0,7.0,26.0,0
36.0,685.0,0.0967741935483871,8.0,9.5,20366.0,9700.0,1.0,0.0,2.0,4.0,6000.0,62000.0,4.0,93.0,1
60.0,680.0,0.4318181818181818,2.0,8.14,10413.0,8400.0,5.0,1.0,1.0,4.0,19000.0,44000.0,35.0,129.0,1
36.0,685.0,0.44,2.0,18.83,1695.0,24600.0,2.0,10.0,0.0,6.0,15400.0,35000.0,13.0,111.0,0
36.0,740.0,0.4375,8.0,25.18,7325.0,9700.0,3.0,3.0,0.0,4.0,28000.0,64000.0,5.0,102.0,0
60.0,705.0,0.3513636363636364,5.0,20.44,13655.0,9500.0,2.0,2.0,1.0,4.0,19325.0,55000.0,2.0,65.0,1
36.0,695.0,0.20202020202020202,,8.99,,,,,,,20000.0,99000.0,,,0
36.0,730.0,0.35294117647058826,5.0,31.71,2367.0,10400.0,2.0,5.0,5.0,3.0,6000.0,17000.0,2.0,160.0,1
36.0,740.0,0.30722222222222223,4.0,24.51,4090.0,19000.0,8.0,1.0,0.0,2.0,13825.0,45000.0,37.0,76.0,0
36.0,695.0,0.09421364985163205,5.0,12.93,9622.0,600.0,5.0,4.0,1.0,2.0,3175.0,33700.0,380.0,459.0,1
36.0,680.0,0.09032258064516129,2.0,19.69,6465.0,11000.0,1.0,1.0,0.0,4.0,5600.0,62000.0,7.0,130.0,0
36.0,700.0,0.08,5.0,10.52,33665.0,113500.0,10.0,4.0,6.0,8.0,20000.0,250000.0,10.0,246.0,1
36.0,680.0,0.05454545454545454,6.0,19.88,5515.0,11800.0,5.0,2.0,1.0,8.0,6000.0,110000.0,36.0,244.0,1
36.0,665.0,0.11612903225806452,6.0,30.77,13771.0,28700.0,5.0,5.0,3.0,11.0,10800.0,93000.0,13.0,118.0,1
36.0,710.0,0.2445,6.0,7.19,2835.0,11300.0,2.0,1.0,2.0,4.0,12225.0,50000.0,2.0,98.0,1
36.0,675.0,0.13333333333333333,5.0,4.06,583.0,3700.0,7.0,4.0,0.0,3.0,4000.0,30000.0,10.0,301.0,0
36.0,750.0,0.15180265654648956,6.0,6.7,2354.0,26200.0,3.0,11.0,0.0,3.0,18000.0,118575.0,11.0,43.0,0
60.0,710.0,0.2222222222222222,3.0,13.2,21121.0,12900.0,7.0,14.0,4.0,2.0,12000.0,54000.0,7.0,125.0,1
36.0,695.0,0.11363636363636363,4.0,22.83,1277.0,14000.0,10.0,17.0,0.0,11.0,5000.0,44000.0,18.0,91.0,0
36.0,670.0,0.27631578947368424,3.0,19.14,2966.0,23400.0,1.0,9.0,0.0,6.0,10500.0,38000.0,3.0,170.0,0
36.0,805.0,0.05952380952380952,11.0,26.94,5302.0,69900.0,2.0,3.0,3.0,13.0,10000.0,168000.0,7.0,426.0,1
36.0,665.0,0.037209302325581395,3.0,15.66,9870.0,2300.0,7.0,7.0,0.0,2.0,1600.0,43000.0,13.0,15.0,0
60.0,670.0,0.2411111111111111,2.0,9.52,27842.0,2500.0,21.0,10.0,5.0,2.0,10850.0,45000.0,33.0,215.0,1
36.0,775.0,0.08053691275167785,5.0,28.94,15964.0,81100.0,1.0,1.0,6.0,5.0,12000.0,149000.0,84.0,208.0,1
36.0,665.0,0.26805555555555555,0.0,7.27,3299.0,30800.0,30.0,,2.0,4.0,19300.0,72000.0,66.0,335.0,0
60.0,725.0,0.2484375,0.0,17.62,62387.0,27700.0,35.0,,4.0,4.0,19875.0,80000.0,40.0,304.0,1
36.0,685.0,0.15319148936170213,4.0,12.26,2406.0,15600.0,1.0,1.0,0.0,5.0,7200.0,47000.0,9.0,108.0,0
60.0,680.0,0.165625,4.0,17.32,3471.0,20400.0,7.0,10.0,0.0,8.0,13250.0,80000.0,11.0,176.0,0
36.0,675.0,0.2206896551724138,1.0,19.37,24910.0,12800.0,22.0,,3.0,2.0,16000.0,72500.0,35.0,131.0,1
36.0,685.0,0.1643835616438356,8.0,29.74,23370.0,56800.0,5.0,8.0,1.0,12.0,12000.0,73000.0,5.0,149.0,1
36.0,660.0,0.34,1.0,10.98,1095.0,5800.0,5.0,5.0,0.0,4.0,6800.0,20000.0,50.0,338.0,0
36.0,780.0,0.15873015873015872,4.0,16.4,16747.0,3000.0,7.0,10.0,1.0,2.0,5000.0,31500.0,43.0,382.0,1
36.0,695.0,0.16551724137931034,7.0,20.94,7805.0,1000.0,2.0,0.0,1.0,6.0,4800.0,29000.0,2.0,70.0,0
36.0,660.0,0.09230769230769231,6.0,10.31,23641.0,12800.0,4.0,9.0,4.0,4.0,12000.0,130000.0,7.0,184.0,1
60.0,710.0,0.26732673267326734,4.0,16.3,17246.0,51200.0,2.0,5.0,7.0,11.0,27000.0,101000.0,4.0,236.0,1
60.0,665.0,0.08205128205128205,,14.83,,,,,,,3200.0,39000.0,,,0
36.0,690.0,0.10384431660055245,10.0,31.93,6127.0,22000.0,1.0,4.0,0.0,7.0,6000.0,57778.8,4.0,153.0,0
36.0,815.0,0.09333333333333334,2.0,8.75,270.0,112500.0,2.0,2.0,3.0,10.0,7000.0,75000.0,117.0,197.0,1
36.0,680.0,0.029166666666666667,6.0,30.87,4532.0,36800.0,2.0,1.0,0.0,15.0,2100.0,72000.0,2.0,471.0,0
36.0,690.0,0.36875,1.0,10.64,66805.0,8100.0,10.0,3.0,3.0,2.0,25075.0,68000.0,77.0,123.0,1
36.0,665.0,0.1,8.0,27.79,5571.0,8900.0,3.0,9.0,0.0,6.0,3500.0,35000.0,3.0,185.0,0
36.0,680.0,0.0761904761904762,2.0,22.0,22324.0,9400.0,18.0,0.0,2.0,3.0,3200.0,42000.0,74.0,167.0,1
36.0,670.0,0.012,2.0,23.68,13779.0,20000.0,5.0,0.0,4.0,5.0,1800.0,150000.0,102.0,204.0,1
60.0,660.0,0.48,3.0,34.09,6061.0,14600.0,4.0,2.0,3.0,4.0,24000.0,50000.0,9.0,188.0,1
60.0,760.0,0.1,9.0,6.73,34161.0,50800.0,1.0,1.0,8.0,2.0,20000.0,200000.0,11.0,217.0,1
36.0,660.0,0.16714285714285715,4.0,11.11,1765.0,5000.0,1.0,1.0,0.0,10.0,11700.0,70000.0,6.0,109.0,0
60.0,675.0,0.16175,6.0,15.0,36294.0,5000.0,2.0,2.0,2.0,5.0,16175.0,100000.0,6.0,111.0,1
36.0,705.0,0.21428571428571427,3.0,5.66,4452.0,3000.0,6.0,,0.0,1.0,3000.0,14000.0,79.0,122.0,0
36.0,705.0,0.14285714285714285,2.0,25.03,31316.0,42500.0,14.0,0.0,2.0,7.0,10000.0,70000.0,86.0,149.0,1
60.0,675.0,0.3161057692307692,3.0,15.57,4501.0,11400.0,12.0,20.0,0.0,8.0,32875.0,104000.0,12.0,310.0,0
60.0,680.0,0.24390243902439024,2.0,17.37,1822.0,8600.0,7.0,0.0,0.0,5.0,10000.0,41000.0,8.0,66.0,0
36.0,715.0,0.18181818181818182,3.0,8.59,5035.0,12400.0,9.0,22.0,0.0,3.0,20000.0,110000.0,22.0,185.0,0
36.0,695.0,0.07692307692307693,5.0,10.99,23728.0,18900.0,6.0,0.0,3.0,5.0,5000.0,65000.0,12.0,135.0,1
36.0,735.0,0.1834647147147147,7.0,30.16,35350.0,12300.0,2.0,0.0,3.0,3.0,9775.0,53280.0,20.0,70.0,1
36.0,675.0,0.15511892450879008,3.0,16.48,2723.0,9000.0,2.0,,0.0,5.0,15000.0,96700.0,42.0,520.0,0
36.0,675.0,0.045,5.0,13.64,7182.0,7300.0,4.0,9.0,0.0,4.0,3600.0,80000.0,22.0,130.0,0
36.0,690.0,0.3125,1.0,18.13,1556.0,52700.0,24.0,7.0,0.0,11.0,15000.0,48000.0,28.0,171.0,0
60.0,685.0,0.4336734693877551,7.0,20.77,14566.0,9100.0,1.0,1.0,1.0,9.0,21250.0,49000.0,16.0,118.0,1
36.0,670.0,0.24444444444444444,7.0,10.47,9459.0,4500.0,3.0,3.0,3.0,5.0,22000.0,90000.0,3.0,181.0,1
36.0,670.0,0.08333333333333333,2.0,12.75,5970.0,16500.0,2.0,,0.0,10.0,8000.0,96000.0,3.0,159.0,0
36.0,680.0,0.2631578947368421,10.0,31.27,2094.0,17000.0,13.0,0.0,0.0,5.0,10000.0,38000.0,16.0,64.0,0
36.0,720.0,0.10638297872340426,,14.25,,,,,,,5000.0,47000.0,,,1
36.0,690.0,0.3,4.0,1.66,539.0,6800.0,5.0,8.0,0.0,1.0,15000.0,50000.0,12.0,45.0,0
36.0,670.0,0.1111111111111111,5.0,15.73,17445.0,0.0,8.0,9.0,2.0,2.0,8000.0,72000.0,,68.0,1
60.0,665.0,0.17857142857142858,7.0,20.92,6865.0,33900.0,14.0,1.0,1.0,7.0,25000.0,140000.0,14.0,120.0,1
36.0,670.0,0.25,3.0,25.98,677.0,12300.0,3.0,6.0,0.0,9.0,5000.0,20000.0,3.0,160.0,0
60.0,680.0,0.16551724137931034,5.0,14.34,22234.0,3900.0,6.0,12.0,7.0,6.0,24000.0,145000.0,6.0,289.0,0
60.0,720.0,0.175,7.0,12.55,4462.0,48100.0,6.0,0.0,1.0,4.0,35000.0,200000.0,16.0,183.0,1
36.0,790.0,0.14583333333333334,,4.52,,,,,,,35000.0,240000.0,,,0
60.0,705.0,0.35384615384615387,6.0,26.62,17031.0,24400.0,4.0,2.0,2.0,6.0,23000.0,65000.0,7.0,130.0,1
36.0,725.0,0.0391304347826087,13.0,18.79,,9521.0,,1.0,0.0,,1800.0,46000.0,12.0,,0
36.0,700.0,0.17142857142857143,2.0,12.38,6401.0,17400.0,15.0,9.0,0.0,3.0,12000.0,70000.0,15.0,97.0,0
60.0,710.0,0.43243243243243246,1.0,19.12,41421.0,38900.0,8.0,8.0,2.0,3.0,32000.0,74000.0,50.0,177.0,1
36.0,775.0,0.125,4.0,15.66,11485.0,13900.0,7.0,8.0,2.0,1.0,5000.0,40000.0,17.0,103.0,1
36.0,670.0,0.28,4.0,26.96,5015.0,17700.0,4.0,5.0,0.0,6.0,16800.0,60000.0,4.0,154.0,0
36.0,695.0,0.11764705882352941,2.0,2.88,,7500.0,,7.0,8.0,,10000.0,85000.0,7.0,,1
36.0,775.0,0.20238095238095238,9.0,11.09,31587.0,33700.0,4.0,9.0,4.0,6.0,12750.0,63000.0,5.0,308.0,1
36.0,660.0,0.15,5.0,13.35,24419.0,10000.0,13.0,14.0,2.0,4.0,12000.0,80000.0,13.0,164.0,1
36.0,690.0,0.30303030303030304,0.0,17.67,2019.0,8200.0,28.0,15.0,0.0,4.0,5000.0,16500.0,28.0,213.0,0
36.0,730.0,0.27976190476190477,7.0,14.18,809.0,9900.0,4.0,0.0,0.0,3.0,5875.0,21000.0,4.0,49.0,0
36.0,710.0,0.13716216216216215,5.0,38.01,16963.0,7000.0,5.0,3.0,3.0,1.0,5075.0,37000.0,10.0,154.0,1
36.0,770.0,0.06933333333333333,4.0,9.1,56047.0,53200.0,17.0,24.0,2.0,6.0,10400.0,150000.0,17.0,114.0,1
60.0,685.0,0.1111111111111111,7.0,18.27,6805.0,37000.0,1.0,3.0,4.0,10.0,16000.0,144000.0,3.0,201.0,1
60.0,660.0,0.09305555555555556,6.0,10.9,73398.0,1500.0,3.0,15.0,4.0,2.0,11725.0,126000.0,26.0,270.0,1
36.0,670.0,0.06666666666666667,8.0,20.88,8759.0,8100.0,7.0,6.0,0.0,5.0,4000.0,60000.0,7.0,251.0,0
60.0,660.0,0.23066666666666666,10.0,30.75,11303.0,8220.0,3.0,2.0,1.0,10.0,17300.0,75000.0,5.0,110.0,1
60.0,680.0,0.17355371900826447,1.0,15.28,4985.0,29900.0,18.0,,2.0,7.0,21000.0,121000.0,18.0,171.0,0
60.0,680.0,0.39111111111111113,1.0,22.59,2524.0,8600.0,7.0,16.0,0.0,5.0,17600.0,45000.0,25.0,69.0,0
36.0,685.0,0.06666666666666667,1.0,13.52,2290.0,3400.0,2.0,2.0,0.0,2.0,3000.0,45000.0,134.0,246.0,0
60.0,685.0,0.37142857142857144,4.0,20.1,22586.0,22500.0,9.0,15.0,1.0,5.0,18200.0,49000.0,12.0,158.0,1
60.0,685.0,0.3855769230769231,5.0,32.15,5111.0,17000.0,1.0,1.0,0.0,10.0,20050.0,52000.0,16.0,168.0,1
36.0,740.0,0.24444444444444444,2.0,30.56,2300.0,10100.0,7.0,,0.0,2.0,11000.0,45000.0,75.0,250.0,0
36.0,795.0,0.09090909090909091,,1.53,,,,,,,4000.0,44000.0,,,1
36.0,665.0,0.1,12.0,23.85,4105.0,4700.0,6.0,11.0,0.0,4.0,3150.0,31500.0,9.0,153.0,0
36.0,700.0,0.1015625,4.0,20.68,5462.0,10700.0,3.0,,0.0,5.0,6500.0,64000.0,3.0,90.0,0
60.0,690.0,0.4199074074074074,8.0,31.67,8953.0,30200.0,4.0,,1.0,9.0,22675.0,54000.0,13.0,112.0,1
36.0,750.0,0.09696969696969697,3.0,7.52,30315.0,33300.0,4.0,8.0,2.0,5.0,16000.0,165000.0,4.0,257.0,1
36.0,675.0,0.23529411764705882,10.0,34.14,4073.0,14000.0,5.0,7.0,0.0,12.0,12000.0,51000.0,5.0,123.0,0
36.0,755.0,0.21333333333333335,,6.51,,,,,,,19200.0,90000.0,,,0
36.0,660.0,0.07777777777777778,1.0,22.33,12306.0,16400.0,16.0,11.0,3.0,12.0,7000.0,90000.0,30.0,423.0,1
60.0,680.0,0.3013698630136986,4.0,14.75,15218.0,13600.0,8.0,4.0,2.0,3.0,22000.0,73000.0,32.0,229.0,1
36.0,660.0,0.3,3.0,8.47,1521.0,4000.0,8.0,,1.0,4.0,15675.0,52250.0,8.0,208.0,0
36.0,675.0,0.3333333333333333,3.0,10.04,2267.0,26600.0,2.0,,0.0,6.0,10000.0,30000.0,2.0,121.0,0
60.0,720.0,0.10666666666666667,6.0,9.05,27988.0,23500.0,4.0,4.0,1.0,5.0,16000.0,150000.0,4.0,112.0,0
36.0,710.0,0.09722222222222222,4.0,25.47,4577.0,15800.0,9.0,,0.0,6.0,7000.0,72000.0,12.0,169.0,0
36.0,665.0,0.18461538461538463,4.0,8.72,16559.0,8000.0,2.0,4.0,1.0,3.0,12000.0,65000.0,11.0,276.0,1
36.0,700.0,0.21428571428571427,1.0,9.87,1375.0,10800.0,18.0,18.0,1.0,7.0,15000.0,70000.0,50.0,184.0,0
60.0,700.0,0.35,2.0,23.57,20766.0,48600.0,3.0,21.0,4.0,7.0,28000.0,80000.0,104.0,321.0,1
36.0,675.0,0.1111111111111111,7.0,8.43,42385.0,3000.0,4.0,4.0,2.0,4.0,10000.0,90000.0,16.0,160.0,1
36.0,665.0,0.094375,5.0,8.89,1849.0,10500.0,3.0,3.0,0.0,6.0,7550.0,80000.0,3.0,208.0,0
36.0,715.0,0.11134020618556702,2.0,2.32,161.0,9900.0,1.0,1.0,0.0,4.0,5400.0,48500.0,1.0,242.0,0
60.0,665.0,0.205,11.0,28.78,7717.0,5900.0,3.0,6.0,1.0,6.0,20500.0,100000.0,15.0,196.0,0
36.0,695.0,0.34285714285714286,9.0,28.72,11693.0,13400.0,1.0,3.0,2.0,10.0,24000.0,70000.0,13.0,156.0,1
60.0,700.0,0.37333333333333335,3.0,20.44,1789.0,4800.0,7.0,6.0,0.0,5.0,11200.0,30000.0,10.0,90.0,0
36.0,690.0,0.125,7.0,15.96,11716.0,29900.0,6.0,7.0,1.0,9.0,10000.0,80000.0,9.0,147.0,1
60.0,740.0,0.2857142857142857,2.0,29.01,6299.0,25900.0,2.0,3.0,2.0,4.0,10000.0,35000.0,2.0,129.0,0
36.0,730.0,0.3048780487804878,4.0,14.37,17545.0,29600.0,3.0,,7.0,4.0,25000.0,82000.0,60.0,364.0,1
36.0,660.0,0.10655737704918032,0.0,15.19,15438.0,3900.0,30.0,,2.0,5.0,6500.0,61000.0,80.0,142.0,1
60.0,685.0,0.1910828025477707,3.0,15.63,37466.0,5900.0,11.0,11.0,1.0,3.0,12000.0,62800.0,18.0,226.0,1
36.0,670.0,0.01764705882352941,6.0,13.4,15653.0,6000.0,1.0,2.0,2.0,2.0,1500.0,85000.0,27.0,108.0,1
36.0,660.0,0.18181818181818182,8.0,20.93,12081.0,12500.0,6.0,2.0,0.0,5.0,20000.0,110000.0,11.0,407.0,1
36.0,680.0,0.05714285714285714,6.0,30.59,5420.0,12700.0,5.0,7.0,5.0,14.0,2000.0,35000.0,7.0,345.0,1
36.0,670.0,0.2693877551020408,,20.69,,,,,,,13200.0,49000.0,,,1
36.0,715.0,0.10166666666666667,0.0,12.18,5438.0,9000.0,28.0,,0.0,2.0,6100.0,60000.0,28.0,69.0,0
36.0,685.0,0.128,7.0,14.85,3388.0,17800.0,6.0,12.0,0.0,10.0,9600.0,75000.0,6.0,193.0,0
36.0,680.0,0.13277777777777777,3.0,6.29,5859.0,6000.0,2.0,1.0,0.0,3.0,11950.0,90000.0,2.0,105.0,0
36.0,700.0,0.12,,9.48,,,,,,,9600.0,80000.0,,,0
36.0,670.0,0.20512820512820512,5.0,17.23,9949.0,8500.0,2.0,2.0,1.0,6.0,8000.0,39000.0,29.0,174.0,1
36.0,695.0,0.06,6.0,26.77,4251.0,2000.0,2.0,19.0,1.0,1.0,2700.0,45000.0,6.0,105.0,0
36.0,760.0,0.07944444444444444,11.0,22.93,1494.0,24800.0,6.0,0.0,1.0,6.0,3575.0,45000.0,6.0,240.0,0
60.0,670.0,0.44391891891891894,1.0,32.21,9342.0,15300.0,7.0,,4.0,4.0,16425.0,37000.0,7.0,136.0,1
36.0,665.0,0.21818181818181817,12.0,26.66,4004.0,16600.0,3.0,3.0,0.0,7.0,12000.0,55000.0,3.0,183.0,0
36.0,660.0,0.046153846153846156,7.0,7.64,1159.0,8500.0,19.0,0.0,0.0,8.0,3000.0,65000.0,19.0,40.0,0
36.0,665.0,0.09523809523809523,7.0,19.47,5116.0,4900.0,1.0,3.0,4.0,4.0,10000.0,105000.0,26.0,100.0,1
36.0,700.0,0.06927126627874758,,3.53,,,,,,,2000.0,28872.0,,,0
36.0,710.0,0.1780821917808219,2.0,11.23,2622.0,26300.0,2.0,4.0,3.0,5.0,13000.0,73000.0,2.0,322.0,1
36.0,680.0,0.11450381679389313,3.0,7.2,687.0,5500.0,3.0,15.0,0.0,5.0,7500.0,65500.0,3.0,121.0,0
36.0,770.0,0.24,7.0,17.69,8206.0,26800.0,4.0,7.0,0.0,4.0,12000.0,50000.0,7.0,332.0,0
36.0,680.0,0.28076923076923077,5.0,20.12,,9066.0,,2.0,0.0,,14600.0,52000.0,9.0,,0
36.0,685.0,0.033928571428571426,2.0,10.63,97050.0,1100.0,5.0,,3.0,2.0,7125.0,210000.0,187.0,187.0,1
36.0,665.0,0.14868421052631578,1.0,7.2,35570.0,1800.0,23.0,,2.0,3.0,5650.0,38000.0,23.0,69.0,1
60.0,660.0,0.23863636363636365,2.0,14.87,7469.0,7500.0,14.0,14.0,0.0,3.0,10500.0,44000.0,14.0,26.0,0
36.0,685.0,0.2909090909090909,1.0,11.52,1204.0,49100.0,5.0,5.0,0.0,5.0,8000.0,27500.0,37.0,168.0,0
36.0,740.0,0.17777777777777778,,8.83,,,,,,,16000.0,90000.0,,,0
60.0,660.0,0.2361111111111111,2.0,6.91,577.0,5000.0,1.0,3.0,1.0,9.0,10625.0,45000.0,31.0,351.0,1
60.0,670.0,0.35964054063847517,19.0,20.24,1384.0,27900.0,3.0,3.0,0.0,15.0,19850.0,55194.0,3.0,49.0,0
60.0,760.0,0.15384615384615385,1.0,2.81,26854.0,26700.0,17.0,13.0,4.0,5.0,10000.0,65000.0,17.0,183.0,1
60.0,665.0,0.3596414516834281,9.0,24.8,3127.0,800.0,4.0,4.0,0.0,6.0,16450.0,45740.0,4.0,103.0,0
36.0,690.0,0.125,4.0,8.2,1297.0,10500.0,1.0,11.0,0.0,4.0,4375.0,35000.0,1.0,63.0,0
36.0,685.0,0.02666666666666667,4.0,2.38,4018.0,24800.0,5.0,20.0,0.0,6.0,20000.0,750000.0,16.0,127.0,0
36.0,660.0,0.08387096774193549,7.0,4.07,5384.0,10500.0,4.0,10.0,0.0,7.0,5200.0,62000.0,4.0,49.0,0
36.0,660.0,0.10785714285714286,0.0,16.05,4182.0,7400.0,27.0,,0.0,2.0,7550.0,70000.0,70.0,112.0,0
36.0,700.0,0.3740065451145395,3.0,31.65,19167.0,13800.0,5.0,1.0,4.0,4.0,17600.0,47058.0,46.0,157.0,1
36.0,690.0,0.112,0.0,4.62,2202.0,9100.0,27.0,2.0,0.0,1.0,8400.0,75000.0,35.0,90.0,0
36.0,675.0,0.06318181818181819,4.0,22.17,6761.0,4000.0,4.0,8.0,0.0,2.0,3475.0,55000.0,47.0,92.0,0
36.0,725.0,0.16458333333333333,3.0,21.18,24054.0,46100.0,6.0,4.0,3.0,2.0,9875.0,60000.0,6.0,165.0,1
36.0,705.0,0.13333333333333333,,10.18,,,,,,,20000.0,150000.0,,,1
36.0,765.0,0.14175257731958762,5.0,17.27,92887.0,31000.0,5.0,5.0,3.0,1.0,27500.0,194000.0,12.0,183.0,1
60.0,755.0,0.2727272727272727,2.0,16.22,12603.0,62100.0,13.0,13.0,7.0,8.0,30000.0,110000.0,13.0,373.0,1
60.0,665.0,0.46,8.0,26.36,2886.0,23600.0,8.0,11.0,0.0,13.0,25300.0,55000.0,8.0,46.0,0
36.0,725.0,0.254,6.0,24.22,1965.0,57600.0,7.0,4.0,3.0,13.0,12700.0,50000.0,14.0,313.0,1
36.0,675.0,0.09242424242424242,3.0,14.25,4110.0,500.0,15.0,1.0,0.0,3.0,3050.0,33000.0,15.0,27.0,1
36.0,665.0,0.2761363636363636,3.0,15.33,1089.0,14700.0,10.0,,2.0,3.0,6075.0,22000.0,10.0,180.0,0
36.0,690.0,0.28,0.0,22.62,61684.0,44600.0,53.0,,1.0,4.0,28000.0,100000.0,99.0,209.0,1
60.0,665.0,0.2,13.0,18.3,13083.0,1200.0,0.0,2.0,1.0,12.0,12000.0,60000.0,24.0,189.0,1
36.0,700.0,0.14634146341463414,2.0,24.44,23033.0,7200.0,10.0,10.0,1.0,4.0,6000.0,41000.0,41.0,156.0,1
60.0,670.0,0.2571428571428571,3.0,28.12,39389.0,34000.0,3.0,5.0,4.0,3.0,18000.0,70000.0,86.0,159.0,1
36.0,665.0,0.07692307692307693,4.0,33.0,10158.0,20810.0,2.0,2.0,4.0,15.0,6000.0,78000.0,92.0,313.0,1
36.0,760.0,0.2777777777777778,6.0,24.62,20111.0,37400.0,5.0,11.0,7.0,5.0,20000.0,72000.0,5.0,122.0,1
36.0,725.0,0.13714285714285715,2.0,11.11,1901.0,16300.0,3.0,18.0,0.0,7.0,9600.0,70000.0,30.0,153.0,0
36.0,705.0,0.25,4.0,18.84,29449.0,54900.0,16.0,8.0,5.0,5.0,30000.0,120000.0,16.0,177.0,1
36.0,660.0,0.2125,9.0,29.98,13564.0,12700.0,3.0,6.0,2.0,10.0,10200.0,48000.0,11.0,245.0,1
60.0,680.0,0.2857142857142857,9.0,9.7,5444.0,33800.0,0.0,0.0,0.0,5.0,20000.0,70000.0,0.0,135.0,0
36.0,705.0,0.1093743785546673,5.0,18.2,8696.0,7100.0,6.0,7.0,4.0,4.0,6600.0,60343.2,70.0,285.0,0
36.0,725.0,0.17972184588160478,6.0,22.7,2677.0,20600.0,3.0,3.0,0.0,2.0,6500.0,36167.0,3.0,73.0,0
60.0,710.0,0.16842105263157894,,17.56,,,,,,,16000.0,95000.0,,,1
36.0,660.0,0.05578703703703704,0.0,0.0,0.0,22000.0,158.0,,0.0,0.0,6025.0,108000.0,168.0,253.0,1
36.0,710.0,0.25547445255474455,8.0,15.61,73495.0,15000.0,7.0,0.0,7.0,1.0,35000.0,137000.0,55.0,155.0,1
60.0,670.0,0.35927754677754675,5.0,16.67,16182.0,18500.0,2.0,2.0,4.0,12.0,27650.0,76960.0,4.0,167.0,1
60.0,680.0,0.27705627705627706,,15.12,,,,,,,12800.0,46200.0,,,0
36.0,690.0,0.07058823529411765,6.0,24.24,4860.0,5800.0,7.0,14.0,3.0,4.0,6000.0,85000.0,58.0,157.0,0
36.0,680.0,0.15,5.0,14.36,3406.0,14200.0,7.0,6.0,3.0,8.0,12000.0,80000.0,21.0,289.0,1
36.0,660.0,0.075,16.0,8.57,1732.0,29600.0,1.0,1.0,0.0,15.0,15000.0,200000.0,4.0,71.0,1
36.0,695.0,0.3333333333333333,2.0,34.13,2083.0,24200.0,15.0,,0.0,5.0,12000.0,36000.0,15.0,190.0,0
36.0,700.0,0.33166666666666667,1.0,29.08,3144.0,3800.0,10.0,,0.0,3.0,9950.0,30000.0,78.0,83.0,0
60.0,660.0,0.34285714285714286,2.0,13.03,1467.0,3500.0,1.0,1.0,0.0,5.0,12000.0,35000.0,1.0,102.0,0
36.0,680.0,0.23529411764705882,4.0,26.26,3006.0,16300.0,2.0,4.0,0.0,8.0,12000.0,51000.0,2.0,143.0,0
36.0,665.0,0.49107142857142855,6.0,20.69,18444.0,89100.0,4.0,5.0,2.0,15.0,34375.0,70000.0,4.0,185.0,1
36.0,665.0,0.08458333333333333,3.0,2.6,358.0,0.0,2.0,0.0,0.0,5.0,5075.0,60000.0,,38.0,0
60.0,670.0,0.35714285714285715,3.0,10.29,4149.0,13400.0,9.0,,0.0,3.0,20000.0,56000.0,9.0,171.0,0
36.0,705.0,0.038461538461538464,1.0,22.99,16606.0,7000.0,1.0,1.0,2.0,7.0,2000.0,52000.0,92.0,422.0,1
36.0,660.0,0.1935483870967742,5.0,18.23,21974.0,3200.0,1.0,7.0,3.0,4.0,6000.0,31000.0,30.0,151.0,1
36.0,660.0,0.08421052631578947,6.0,14.56,30368.0,4600.0,4.0,18.0,1.0,7.0,5600.0,66500.0,9.0,282.0,1
36.0,695.0,0.22857142857142856,9.0,16.66,11816.0,30700.0,3.0,6.0,5.0,4.0,24000.0,105000.0,3.0,80.0,1
36.0,665.0,0.4125,5.0,34.56,5353.0,26300.0,8.0,16.0,0.0,9.0,26400.0,64000.0,28.0,200.0,0
36.0,705.0,0.08033333333333334,7.0,21.41,19386.0,8400.0,3.0,3.0,3.0,4.0,6025.0,75000.0,3.0,275.0,1
36.0,690.0,0.14869888475836432,9.0,11.55,29947.0,83600.0,2.0,2.0,18.0,6.0,20000.0,134500.0,2.0,181.0,1
36.0,665.0,0.11813186813186813,6.0,33.71,7046.0,4000.0,7.0,5.0,0.0,3.0,8600.0,72800.0,7.0,89.0,0
36.0,715.0,0.008879781420765027,5.0,0.77,966.0,29600.0,10.0,21.0,2.0,3.0,6500.0,732000.0,12.0,355.0,0
36.0,665.0,0.12727272727272726,3.0,11.72,6846.0,4250.0,2.0,2.0,5.0,2.0,15400.0,121000.0,22.0,184.0,0
36.0,660.0,0.33979591836734696,8.0,16.95,639.0,7500.0,5.0,1.0,1.0,9.0,8325.0,24500.0,10.0,207.0,0
36.0,690.0,0.06511627906976744,3.0,18.46,16624.0,13900.0,4.0,8.0,2.0,6.0,5600.0,86000.0,4.0,85.0,1
60.0,700.0,0.2625,7.0,15.58,8736.0,13400.0,7.0,7.0,4.0,5.0,21000.0,80000.0,7.0,350.0,1
36.0,675.0,0.07777777777777778,4.0,13.15,14628.0,8000.0,7.0,1.0,5.0,5.0,7000.0,90000.0,29.0,126.0,0
60.0,660.0,0.3798611111111111,5.0,11.33,9999.0,6000.0,6.0,10.0,1.0,7.0,13675.0,36000.0,61.0,79.0,0
36.0,795.0,0.15151515151515152,4.0,13.8,16366.0,57400.0,7.0,22.0,3.0,3.0,10000.0,66000.0,9.0,149.0,1
60.0,670.0,0.31875,1.0,15.68,6340.0,12600.0,22.0,22.0,0.0,4.0,20400.0,64000.0,26.0,129.0,0
36.0,700.0,0.3076923076923077,0.0,11.66,2299.0,54900.0,30.0,7.0,1.0,9.0,20000.0,65000.0,42.0,226.0,1
36.0,710.0,0.3333333333333333,3.0,12.11,1896.0,29300.0,8.0,,0.0,4.0,10000.0,30000.0,8.0,250.0,0
36.0,730.0,0.13714285714285715,1.0,29.09,8842.0,19900.0,4.0,4.0,0.0,4.0,9600.0,70000.0,47.0,74.0,0
60.0,730.0,0.16666666666666666,4.0,27.62,24554.0,45300.0,6.0,,2.0,6.0,20000.0,120000.0,18.0,236.0,1
36.0,720.0,0.13714285714285715,7.0,17.86,4352.0,4900.0,4.0,4.0,0.0,4.0,9600.0,70000.0,25.0,211.0,0
36.0,665.0,0.3,1.0,16.55,9520.0,5600.0,4.0,4.0,0.0,2.0,12000.0,40000.0,104.0,258.0,1
60.0,660.0,0.32375,6.0,27.18,5033.0,12500.0,8.0,10.0,0.0,4.0,12950.0,40000.0,10.0,114.0,0
36.0,665.0,0.43846153846153846,15.0,32.53,11266.0,54600.0,9.0,10.0,6.0,13.0,28500.0,65000.0,9.0,179.0,1
60.0,775.0,0.23026315789473684,7.0,15.88,33777.0,43600.0,2.0,3.0,3.0,6.0,35000.0,152000.0,2.0,210.0,1
60.0,665.0,0.2857142857142857,4.0,14.59,3526.0,1500.0,7.0,12.0,5.0,5.0,24000.0,84000.0,7.0,150.0,0
60.0,660.0,0.14875,3.0,25.5,10635.0,41500.0,6.0,1.0,3.0,10.0,11900.0,80000.0,114.0,234.0,1
36.0,665.0,0.2857142857142857,6.0,15.83,1330.0,10000.0,1.0,17.0,0.0,6.0,12000.0,42000.0,17.0,158.0,0
36.0,800.0,0.056,2.0,3.89,24989.0,22900.0,7.0,6.0,1.0,2.0,4200.0,75000.0,7.0,138.0,1
36.0,660.0,0.22857142857142856,3.0,33.52,1319.0,7600.0,3.0,3.0,1.0,6.0,8000.0,35000.0,88.0,182.0,0
36.0,740.0,0.16,5.0,23.16,3319.0,7600.0,3.0,12.0,0.0,4.0,4800.0,30000.0,3.0,106.0,0
36.0,675.0,0.1607114158675738,4.0,29.85,6936.0,30100.0,4.0,5.0,0.0,10.0,9000.0,56001.0,4.0,133.0,0
60.0,700.0,0.4072802197802198,3.0,28.21,10496.0,23300.0,13.0,2.0,1.0,8.0,14825.0,36400.0,13.0,94.0,1
60.0,675.0,0.4380552813425469,5.0,17.75,24202.0,19900.0,4.0,5.0,1.0,11.0,26625.0,60780.0,8.0,174.0,1
36.0,705.0,0.12307692307692308,6.0,31.57,10860.0,7600.0,1.0,1.0,2.0,9.0,8000.0,65000.0,2.0,115.0,0
36.0,675.0,0.2702702702702703,3.0,9.05,1004.0,3700.0,3.0,2.0,1.0,7.0,10000.0,37000.0,10.0,240.0,0
60.0,660.0,0.2074074074074074,6.0,14.12,40735.0,21000.0,2.0,2.0,2.0,8.0,28000.0,135000.0,12.0,146.0,1
60.0,680.0,0.2542372881355932,7.0,21.4,23845.0,2300.0,7.0,1.0,1.0,4.0,15000.0,59000.0,55.0,55.0,1
36.0,670.0,0.17647058823529413,3.0,12.44,28457.0,16100.0,14.0,7.0,1.0,6.0,15000.0,85000.0,14.0,126.0,1
36.0,685.0,0.14,3.0,13.51,3938.0,39900.0,6.0,11.0,2.0,6.0,7000.0,50000.0,7.0,190.0,1
60.0,705.0,0.25166666666666665,13.0,30.46,10660.0,23600.0,1.0,3.0,1.0,6.0,15100.0,60000.0,4.0,71.0,1
36.0,660.0,0.052,6.0,8.41,36464.0,53900.0,5.0,1.0,2.0,7.0,10400.0,200000.0,21.0,103.0,1
36.0,660.0,0.2222222222222222,10.0,8.64,41155.0,10300.0,4.0,6.0,5.0,3.0,20000.0,90000.0,4.0,322.0,1
36.0,685.0,0.1519230769230769,6.0,32.06,18598.0,53800.0,9.0,9.0,6.0,9.0,15800.0,104000.0,69.0,252.0,1
36.0,665.0,0.24,0.0,1.05,177.0,3500.0,72.0,1.0,3.0,1.0,9600.0,40000.0,89.0,153.0,1
36.0,670.0,0.20833333333333334,13.0,17.73,13405.0,10900.0,5.0,6.0,1.0,8.0,15000.0,72000.0,7.0,77.0,1
60.0,675.0,0.22857142857142856,10.0,33.57,13884.0,6800.0,6.0,3.0,7.0,10.0,16000.0,70000.0,13.0,468.0,1
36.0,755.0,0.13953488372093023,5.0,4.16,336.0,6181.0,9.0,11.0,0.0,6.0,6000.0,43000.0,9.0,146.0,0
36.0,680.0,0.1875,10.0,21.26,1066.0,12500.0,12.0,3.0,0.0,10.0,6000.0,32000.0,12.0,114.0,0
36.0,670.0,0.2216019417475728,1.0,34.55,35704.0,59400.0,10.0,10.0,5.0,7.0,22825.0,103000.0,90.0,244.0,1
36.0,705.0,0.1388888888888889,5.0,11.17,3230.0,39100.0,2.0,2.0,0.0,4.0,12500.0,90000.0,2.0,183.0,0
36.0,670.0,0.10212765957446808,7.0,20.08,8816.0,14200.0,2.0,2.0,3.0,13.0,9600.0,94000.0,3.0,94.0,1
36.0,770.0,0.1724137931034483,,5.71,,,,,,,12000.0,69600.0,,,0
36.0,665.0,0.04477611940298507,20.0,25.31,2954.0,15800.0,3.0,1.0,0.0,11.0,3000.0,67000.0,6.0,90.0,0
36.0,665.0,0.3290466910049134,3.0,18.56,11312.0,11600.0,6.0,3.0,4.0,4.0,23975.0,72862.0,19.0,193.0,1
36.0,700.0,0.3333333333333333,1.0,16.72,15185.0,13500.0,16.0,16.0,4.0,4.0,15000.0,45000.0,38.0,189.0,1
60.0,695.0,0.23333333333333334,4.0,24.72,25332.0,7400.0,2.0,3.0,1.0,2.0,14000.0,60000.0,191.0,191.0,1
36.0,675.0,0.3404255319148936,7.0,14.98,4442.0,15700.0,11.0,4.0,13.0,6.0,32000.0,94000.0,16.0,142.0,1
60.0,670.0,0.3663636363636364,2.0,11.5,14937.0,31500.0,5.0,13.0,1.0,8.0,20150.0,55000.0,5.0,160.0,1
60.0,660.0,0.27996565754600766,4.0,34.18,1664.0,24800.0,17.0,2.0,0.0,13.0,15000.0,53578.0,47.0,133.0,0
36.0,705.0,0.2564102564102564,4.0,32.8,9321.0,3500.0,1.0,3.0,0.0,2.0,10000.0,39000.0,1.0,141.0,1
36.0,740.0,0.3383458646616541,4.0,37.54,7717.0,45800.0,4.0,,2.0,5.0,18000.0,53200.0,4.0,385.0,0
36.0,660.0,0.0875,5.0,18.0,3361.0,7800.0,3.0,9.0,6.0,3.0,2100.0,24000.0,9.0,268.0,1
36.0,675.0,0.1490066225165563,2.0,13.31,3272.0,5300.0,6.0,,0.0,3.0,4500.0,30200.0,20.0,56.0,0
36.0,660.0,0.18,11.0,21.7,4742.0,22600.0,12.0,12.0,0.0,7.0,9000.0,50000.0,12.0,118.0,0
36.0,675.0,0.16304347826086957,0.0,26.75,17967.0,72600.0,73.0,3.0,4.0,11.0,15000.0,92000.0,73.0,151.0,1
36.0,725.0,0.03294117647058824,7.0,11.27,5654.0,5100.0,3.0,3.0,0.0,2.0,4200.0,127500.0,3.0,106.0,0
36.0,715.0,0.16666666666666666,2.0,15.35,38444.0,34300.0,9.0,20.0,3.0,6.0,35000.0,210000.0,9.0,298.0,1
36.0,685.0,0.045714285714285714,0.0,26.71,3316.0,1700.0,30.0,21.0,0.0,2.0,1600.0,35000.0,93.0,202.0,0
36.0,665.0,0.21145833333333333,6.0,32.1,2765.0,3000.0,3.0,7.0,0.0,5.0,5075.0,24000.0,15.0,30.0,0
36.0,695.0,0.17142857142857143,4.0,15.55,3678.0,41700.0,1.0,1.0,0.0,7.0,12000.0,70000.0,21.0,162.0,0
60.0,730.0,0.13433333333333333,6.0,14.69,14120.0,5500.0,1.0,9.0,2.0,6.0,10075.0,75000.0,35.0,89.0,1
36.0,705.0,0.4,2.0,8.79,15591.0,34100.0,9.0,1.0,3.0,5.0,20000.0,50000.0,11.0,357.0,1
36.0,685.0,0.15217391304347827,7.0,11.08,8413.0,55500.0,1.0,8.0,9.0,6.0,35000.0,230000.0,1.0,161.0,1
36.0,675.0,0.18055555555555555,2.0,24.93,16611.0,5700.0,7.0,5.0,0.0,2.0,6500.0,36000.0,24.0,118.0,0
36.0,710.0,0.21818181818181817,2.0,9.75,29455.0,46500.0,8.0,1.0,3.0,6.0,24000.0,110000.0,8.0,129.0,1
36.0,690.0,0.2962962962962963,5.0,12.71,722.0,8300.0,3.0,20.0,0.0,6.0,8000.0,27000.0,66.0,156.0,0
60.0,715.0,0.1986989946777055,,13.07,,,,,,,21000.0,105687.5,,,1
36.0,680.0,0.24324324324324326,4.0,16.33,2941.0,20100.0,3.0,15.0,0.0,5.0,18000.0,74000.0,3.0,126.0,0
36.0,680.0,0.2,7.0,26.92,6137.0,17000.0,4.0,3.0,4.0,9.0,14000.0,70000.0,10.0,137.0,1
36.0,660.0,0.15384615384615385,2.0,29.91,4057.0,4200.0,6.0,11.0,2.0,5.0,5000.0,32500.0,6.0,210.0,0
36.0,685.0,0.08333333333333333,11.0,23.38,5621.0,17500.0,2.0,0.0,0.0,4.0,5000.0,60000.0,3.0,49.0,0
36.0,725.0,0.027708333333333335,5.0,24.01,15907.0,18500.0,4.0,4.0,1.0,6.0,3325.0,120000.0,10.0,98.0,1
36.0,700.0,0.03333333333333333,,23.12,,,,,,,1000.0,30000.0,,,0
36.0,670.0,0.1485148514851485,4.0,9.73,8519.0,7500.0,12.0,12.0,1.0,10.0,15000.0,101000.0,97.0,131.0,1
36.0,705.0,0.0761904761904762,2.0,18.08,3754.0,13500.0,15.0,5.0,0.0,2.0,4800.0,63000.0,23.0,177.0,0
36.0,690.0,0.074487895716946,2.0,15.87,20115.0,13400.0,10.0,0.0,3.0,4.0,4000.0,53700.0,10.0,228.0,0
60.0,680.0,0.39944444444444444,6.0,18.53,11243.0,18800.0,2.0,7.0,6.0,6.0,17975.0,45000.0,2.0,131.0,1
36.0,665.0,0.135080372821829,5.0,25.8,12468.0,500.0,4.0,1.0,5.0,2.0,12000.0,88836.0,4.0,226.0,0
36.0,675.0,0.08902077151335312,10.0,18.39,8668.0,6000.0,1.0,0.0,5.0,13.0,6000.0,67400.0,13.0,138.0,0
36.0,670.0,0.1875,5.0,20.0,52014.0,16600.0,6.0,0.0,4.0,6.0,30000.0,160000.0,22.0,148.0,1
36.0,760.0,0.3333333333333333,7.0,31.52,11028.0,26700.0,3.0,3.0,1.0,4.0,15000.0,45000.0,22.0,129.0,1
36.0,670.0,0.06545454545454546,6.0,33.1,26728.0,4800.0,7.0,10.0,3.0,5.0,3600.0,55000.0,9.0,279.0,1
36.0,660.0,0.08,3.0,22.81,15897.0,4500.0,0.0,0.0,2.0,5.0,8000.0,100000.0,4.0,189.0,0
60.0,670.0,0.2153846153846154,1.0,21.74,5002.0,10200.0,12.0,11.0,0.0,6.0,11200.0,52000.0,27.0,77.0,0
36.0,660.0,0.22151898734177214,3.0,9.83,43207.0,55300.0,2.0,0.0,2.0,5.0,35000.0,158000.0,2.0,93.0,1
36.0,665.0,0.2948717948717949,3.0,19.18,,9100.0,,1.0,0.0,,5750.0,19500.0,20.0,,0
36.0,660.0,0.36,4.0,20.88,2033.0,3000.0,9.0,4.0,0.0,3.0,9000.0,25000.0,26.0,115.0,0
36.0,700.0,0.18487394957983194,5.0,21.71,3200.0,38900.0,5.0,2.0,0.0,7.0,22000.0,119000.0,5.0,161.0,0
60.0,675.0,0.1625,4.0,10.76,2258.0,17800.0,6.0,5.0,0.0,4.0,17875.0,110000.0,6.0,94.0,1
36.0,695.0,0.06944444444444445,2.0,19.12,22769.0,5500.0,7.0,8.0,2.0,6.0,5000.0,72000.0,42.0,83.0,0
36.0,680.0,0.15,4.0,17.64,27760.0,13700.0,1.0,1.0,7.0,3.0,7500.0,50000.0,3.0,145.0,1
60.0,685.0,0.4790322580645161,,24.29,,,,,,,29700.0,62000.0,,,1
36.0,710.0,0.16600766653587276,4.0,12.55,30987.0,6000.0,8.0,9.0,4.0,3.0,11000.0,66262.0,28.0,252.0,1
36.0,700.0,0.3076923076923077,5.0,9.84,1511.0,31000.0,3.0,9.0,4.0,6.0,20000.0,65000.0,3.0,350.0,1
36.0,665.0,0.17458333333333334,4.0,11.46,,22500.0,,5.0,7.0,,20950.0,120000.0,6.0,,1
36.0,685.0,0.170873786407767,4.0,16.43,7441.0,17800.0,4.0,3.0,0.0,3.0,17600.0,103000.0,16.0,130.0,0
36.0,680.0,0.20833333333333334,2.0,22.3,3520.0,1000.0,5.0,0.0,1.0,2.0,5000.0,24000.0,77.0,98.0,0
36.0,735.0,0.1,6.0,19.02,12697.0,41400.0,6.0,6.0,0.0,1.0,11000.0,110000.0,6.0,126.0,0
36.0,690.0,0.04321428571428571,6.0,22.42,6824.0,3200.0,9.0,6.0,0.0,3.0,3025.0,70000.0,29.0,43.0,0
36.0,685.0,0.16129032258064516,5.0,8.97,5478.0,20200.0,11.0,1.0,0.0,7.0,15000.0,93000.0,11.0,144.0,0
36.0,665.0,0.16,3.0,10.59,1822.0,5800.0,11.0,,0.0,4.0,12000.0,75000.0,26.0,115.0,0
60.0,715.0,0.2153846153846154,7.0,13.7,24168.0,40100.0,6.0,7.0,2.0,7.0,28000.0,130000.0,6.0,206.0,1
36.0,685.0,0.2626865671641791,2.0,17.56,6441.0,27800.0,4.0,17.0,3.0,14.0,17600.0,67000.0,4.0,324.0,1
36.0,665.0,0.3782894736842105,1.0,17.62,1751.0,17300.0,15.0,14.0,0.0,8.0,14375.0,38000.0,15.0,108.0,0
36.0,720.0,0.15466666666666667,5.0,32.54,3659.0,23800.0,3.0,3.0,1.0,11.0,11600.0,75000.0,12.0,307.0,0
36.0,770.0,0.06666666666666667,4.0,30.42,14552.0,19900.0,6.0,2.0,2.0,3.0,4800.0,72000.0,13.0,332.0,1
36.0,680.0,0.058823529411764705,0.0,14.59,27537.0,17400.0,48.0,0.0,3.0,5.0,3000.0,51000.0,68.0,267.0,1
36.0,685.0,0.12,3.0,11.92,2523.0,10400.0,4.0,4.0,0.0,7.0,9600.0,80000.0,4.0,81.0,0
36.0,670.0,0.3271276595744681,5.0,18.46,1236.0,16300.0,4.0,,0.0,10.0,15375.0,47000.0,11.0,85.0,0
36.0,660.0,0.3525,4.0,13.98,2533.0,18800.0,7.0,1.0,0.0,13.0,28200.0,80000.0,7.0,150.0,0
36.0,725.0,0.2,9.0,26.24,19928.0,86600.0,5.0,1.0,2.0,12.0,28000.0,140000.0,5.0,150.0,1
60.0,700.0,0.2857142857142857,3.0,22.5,3670.0,8200.0,13.0,13.0,0.0,6.0,10000.0,35000.0,16.0,281.0,0
60.0,670.0,0.1875,4.0,16.56,49078.0,11100.0,4.0,15.0,6.0,4.0,15000.0,80000.0,4.0,146.0,1
36.0,695.0,0.047619047619047616,8.0,13.56,,7700.0,,2.0,3.0,,4000.0,84000.0,13.0,,1
60.0,665.0,0.07179487179487179,5.0,9.7,32418.0,10100.0,2.0,2.0,3.0,4.0,14000.0,195000.0,35.0,216.0,1
36.0,675.0,0.40540540540540543,2.0,14.21,,9900.0,,0.0,0.0,,15000.0,37000.0,9.0,,0
60.0,660.0,0.3115942028985507,7.0,22.65,2898.0,34800.0,6.0,1.0,0.0,13.0,21500.0,69000.0,6.0,294.0,0
36.0,755.0,0.17647058823529413,6.0,15.95,24188.0,108300.0,3.0,7.0,3.0,13.0,12000.0,68000.0,5.0,243.0,1
36.0,690.0,0.09090909090909091,5.0,19.71,4282.0,2300.0,16.0,16.0,0.0,4.0,3000.0,33000.0,16.0,25.0,0
36.0,720.0,0.24615384615384617,1.0,14.36,38003.0,27200.0,6.0,4.0,4.0,6.0,16000.0,65000.0,6.0,181.0,1
60.0,690.0,0.2745593322717039,2.0,29.11,4582.0,11600.0,4.0,,0.0,6.0,15000.0,54633.0,4.0,98.0,0
36.0,665.0,0.32732250193417844,13.0,27.21,1702.0,35803.0,3.0,4.0,0.0,9.0,22000.0,67212.0,12.0,96.0,0
36.0,735.0,0.2727272727272727,1.0,18.77,26115.0,4400.0,7.0,0.0,2.0,4.0,15000.0,55000.0,25.0,101.0,1
60.0,705.0,0.45989583333333334,10.0,27.6,1274.0,16000.0,2.0,0.0,0.0,18.0,22075.0,48000.0,4.0,226.0,0
36.0,665.0,0.31333333333333335,10.0,19.07,1730.0,41800.0,5.0,5.0,0.0,9.0,18800.0,60000.0,5.0,94.0,0
60.0,705.0,0.49965635738831615,11.0,27.55,3225.0,24800.0,7.0,0.0,2.0,6.0,18175.0,36375.0,16.0,225.0,1
60.0,695.0,0.20588235294117646,1.0,17.9,30088.0,14500.0,15.0,15.0,3.0,3.0,17500.0,85000.0,75.0,120.0,1
60.0,720.0,0.3809391004512956,3.0,22.73,7513.0,10100.0,2.0,2.0,0.0,2.0,15025.0,39442.0,8.0,220.0,0
36.0,715.0,0.017142857142857144,2.0,19.05,12074.0,5200.0,7.0,,1.0,3.0,1200.0,70000.0,89.0,96.0,1
36.0,670.0,0.3,7.0,19.52,6044.0,7700.0,6.0,4.0,1.0,10.0,15000.0,50000.0,35.0,109.0,1
60.0,685.0,0.4361111111111111,8.0,29.95,29888.0,3000.0,9.0,9.0,1.0,3.0,19625.0,45000.0,16.0,69.0,1
36.0,665.0,0.22018970189701897,7.0,9.72,753.0,7200.0,5.0,3.0,0.0,5.0,7150.0,32472.0,23.0,212.0,0
60.0,715.0,0.08309591642924977,4.0,1.7,2544.0,21700.0,1.0,1.0,0.0,2.0,10500.0,126360.0,1.0,205.0,0
60.0,685.0,0.26666666666666666,5.0,25.15,6999.0,9900.0,6.0,6.0,4.0,12.0,12000.0,45000.0,13.0,187.0,1
36.0,675.0,0.23583333333333334,6.0,5.16,707.0,15900.0,4.0,2.0,1.0,8.0,14150.0,60000.0,9.0,138.0,0
36.0,725.0,0.35714285714285715,5.0,17.19,794.0,4300.0,5.0,5.0,0.0,6.0,10000.0,28000.0,27.0,357.0,0
36.0,660.0,0.16666666666666666,1.0,10.96,37143.0,6000.0,16.0,16.0,2.0,3.0,10000.0,60000.0,16.0,32.0,1
36.0,670.0,0.17777777777777778,3.0,5.87,808.0,6400.0,4.0,13.0,0.0,6.0,8000.0,45000.0,12.0,59.0,1
60.0,680.0,0.375,9.0,33.0,6299.0,8500.0,2.0,6.0,0.0,4.0,15000.0,40000.0,13.0,113.0,1
60.0,705.0,0.23,4.0,23.82,27401.0,7100.0,4.0,5.0,9.0,5.0,14950.0,65000.0,43.0,245.0,1
36.0,710.0,0.2857142857142857,,13.01,,,,,,,20000.0,70000.0,,,0
36.0,710.0,0.1076923076923077,10.0,31.0,10572.0,29800.0,4.0,7.0,3.0,11.0,7000.0,65000.0,4.0,142.0,0
36.0,710.0,0.3,4.0,19.95,58159.0,18700.0,10.0,1.0,2.0,3.0,15000.0,50000.0,11.0,169.0,1
36.0,705.0,0.016129032258064516,5.0,19.13,7285.0,15900.0,12.0,1.0,4.0,4.0,1000.0,62000.0,12.0,251.0,0
36.0,780.0,0.1259259259259259,2.0,15.85,13766.0,52800.0,5.0,5.0,3.0,7.0,17000.0,135000.0,27.0,219.0,1
36.0,690.0,0.1875,,22.5,,,,,,,4500.0,24000.0,,,0
60.0,690.0,0.43842592592592594,4.0,21.89,15355.0,15400.0,11.0,,1.0,5.0,23675.0,54000.0,55.0,79.0,1
36.0,745.0,0.22285714285714286,5.0,19.11,4529.0,9300.0,17.0,13.0,0.0,3.0,7800.0,35000.0,22.0,52.0,0
36.0,730.0,0.35714285714285715,6.0,22.48,25034.0,32700.0,3.0,8.0,4.0,7.0,25000.0,70000.0,3.0,132.0,1
36.0,670.0,0.19416666666666665,6.0,32.09,1659.0,7200.0,1.0,1.0,0.0,16.0,5825.0,30000.0,17.0,98.0,0
60.0,670.0,0.1,2.0,25.3,38238.0,46300.0,2.0,2.0,2.0,4.0,12000.0,120000.0,136.0,229.0,1
60.0,805.0,0.08294231954121048,,0.17,,,,,,,7000.0,84396.0,,,1
36.0,790.0,0.2222222222222222,2.0,10.85,45766.0,98700.0,7.0,1.0,3.0,7.0,20000.0,90000.0,52.0,194.0,1
60.0,695.0,0.35,4.0,10.99,29495.0,34600.0,3.0,10.0,4.0,4.0,35000.0,100000.0,3.0,190.0,1
60.0,675.0,0.4976923076923077,2.0,22.97,,3200.0,,1.0,0.0,,32350.0,65000.0,61.0,,1
36.0,665.0,0.192,5.0,1.58,762.0,9100.0,3.0,0.0,1.0,4.0,24000.0,125000.0,3.0,164.0,1
60.0,740.0,0.3495342456177144,2.0,17.14,9179.0,3500.0,5.0,5.0,0.0,3.0,20000.0,57219.0,89.0,157.0,0
36.0,685.0,0.1411764705882353,4.0,9.28,3720.0,14500.0,13.0,8.0,0.0,4.0,9600.0,68000.0,14.0,77.0,0
60.0,660.0,0.2933823529411765,7.0,31.19,5572.0,20100.0,12.0,1.0,1.0,6.0,19950.0,68000.0,12.0,245.0,1
36.0,665.0,0.16091954022988506,11.0,18.29,32003.0,5500.0,1.0,0.0,4.0,3.0,14000.0,87000.0,1.0,120.0,0
36.0,735.0,0.10714285714285714,3.0,7.34,45708.0,28500.0,10.0,1.0,6.0,4.0,12000.0,112000.0,36.0,213.0,1
36.0,670.0,0.06944444444444445,,19.9,,,,,,,2500.0,36000.0,,,0
36.0,705.0,0.17777777777777778,1.0,6.6,2468.0,21500.0,18.0,18.0,0.0,5.0,24000.0,135000.0,18.0,189.0,1
36.0,685.0,0.2,4.0,6.68,1523.0,16000.0,1.0,18.0,0.0,5.0,12000.0,60000.0,2.0,110.0,0
36.0,700.0,0.2571428571428571,8.0,19.42,5335.0,15800.0,2.0,3.0,0.0,6.0,9000.0,35000.0,2.0,116.0,0
60.0,660.0,0.18181818181818182,1.0,11.07,7921.0,8500.0,9.0,,2.0,2.0,16000.0,88000.0,147.0,206.0,0
36.0,705.0,0.2777777777777778,4.0,30.34,4458.0,42600.0,7.0,7.0,0.0,8.0,25000.0,90000.0,17.0,264.0,0
36.0,680.0,0.25,3.0,25.65,48870.0,70500.0,7.0,15.0,4.0,6.0,30000.0,120000.0,7.0,285.0,1
36.0,770.0,0.17391304347826086,5.0,13.62,33693.0,36500.0,3.0,8.0,5.0,7.0,20000.0,115000.0,3.0,327.0,1
36.0,680.0,0.2567857142857143,5.0,24.1,33170.0,26300.0,2.0,10.0,3.0,8.0,17975.0,70000.0,2.0,179.0,1
36.0,715.0,0.2564102564102564,0.0,7.38,1236.0,7000.0,34.0,,0.0,3.0,8000.0,31200.0,57.0,113.0,0
60.0,660.0,0.18857142857142858,3.0,2.81,89343.0,76200.0,5.0,18.0,5.0,3.0,33000.0,175000.0,5.0,185.0,0
36.0,670.0,0.36036036036036034,2.0,24.54,12473.0,21800.0,14.0,2.0,0.0,3.0,20000.0,55500.0,24.0,93.0,0
36.0,690.0,0.234,7.0,22.22,22087.0,6500.0,3.0,2.0,1.0,3.0,11700.0,50000.0,7.0,144.0,1
36.0,710.0,0.17647058823529413,5.0,23.13,53355.0,7500.0,6.0,1.0,3.0,3.0,15000.0,85000.0,15.0,246.0,1
36.0,775.0,0.19285714285714287,2.0,17.7,39569.0,68700.0,1.0,1.0,4.0,3.0,13500.0,70000.0,47.0,178.0,1
36.0,660.0,0.20689655172413793,5.0,26.9,1754.0,6300.0,2.0,18.0,0.0,8.0,6000.0,29000.0,2.0,92.0,0
36.0,715.0,0.18833333333333332,6.0,18.2,6542.0,8300.0,3.0,1.0,5.0,4.0,11300.0,60000.0,3.0,276.0,1
36.0,710.0,0.25003571938848407,,14.38,,,,,,,14000.0,55992.0,,,0
60.0,660.0,0.1780821917808219,3.0,7.32,4810.0,12800.0,6.0,18.0,0.0,7.0,26000.0,146000.0,6.0,286.0,0
36.0,710.0,0.13333333333333333,3.0,6.0,427.0,7000.0,4.0,,0.0,6.0,4000.0,30000.0,4.0,113.0,0
60.0,675.0,0.316025641025641,11.0,27.23,21145.0,9500.0,1.0,0.0,3.0,8.0,24650.0,78000.0,1.0,204.0,1
36.0,680.0,0.14,23.0,14.5,988.0,17200.0,4.0,0.0,0.0,9.0,7000.0,50000.0,4.0,25.0,0
36.0,690.0,0.10256410256410256,8.0,13.48,6995.0,29000.0,2.0,1.0,0.0,0.0,8000.0,78000.0,2.0,151.0,1
36.0,695.0,0.19230769230769232,2.0,12.56,5926.0,27000.0,2.0,2.0,0.0,5.0,25000.0,130000.0,2.0,138.0,0
36.0,780.0,0.2222222222222222,8.0,14.2,34680.0,112900.0,2.0,0.0,5.0,6.0,20000.0,90000.0,2.0,314.0,1
36.0,685.0,0.25510204081632654,3.0,20.18,27158.0,19100.0,7.0,12.0,4.0,5.0,25000.0,98000.0,33.0,165.0,1
36.0,735.0,0.30927835051546393,7.0,15.99,11341.0,19500.0,1.0,12.0,2.0,2.0,12000.0,38800.0,12.0,101.0,1
60.0,700.0,0.2879670894754885,2.0,12.87,3018.0,59700.0,10.0,13.0,0.0,8.0,21000.0,72925.0,13.0,400.0,0
60.0,660.0,0.1875,12.0,33.64,6677.0,23200.0,2.0,6.0,3.0,10.0,15000.0,80000.0,7.0,134.0,1
36.0,685.0,0.3230769230769231,6.0,18.88,1093.0,7000.0,7.0,11.0,0.0,5.0,8400.0,26000.0,7.0,237.0,0
36.0,670.0,0.14875,2.0,22.45,2162.0,4800.0,8.0,1.0,0.0,3.0,2975.0,20000.0,8.0,43.0,0
60.0,800.0,0.2875,,12.65,,,,,,,20125.0,70000.0,,,1
36.0,680.0,0.1,7.0,21.2,3852.0,2000.0,6.0,6.0,0.0,2.0,5000.0,50000.0,92.0,92.0,0
36.0,690.0,0.1111111111111111,5.0,16.85,8675.0,28600.0,4.0,8.0,2.0,6.0,5000.0,45000.0,4.0,106.0,1
36.0,695.0,0.1320754716981132,3.0,20.69,14501.0,7000.0,8.0,14.0,1.0,3.0,7000.0,53000.0,14.0,81.0,1
36.0,710.0,0.17777777777777778,6.0,24.96,15979.0,63600.0,12.0,1.0,3.0,6.0,16000.0,90000.0,12.0,226.0,1
36.0,675.0,0.2112676056338028,3.0,20.39,28341.0,31800.0,14.0,15.0,3.0,6.0,15000.0,71000.0,50.0,134.0,1
36.0,705.0,0.2441860465116279,3.0,25.59,26351.0,30000.0,6.0,7.0,4.0,5.0,21000.0,86000.0,13.0,211.0,1
60.0,675.0,0.2857142857142857,6.0,23.64,4526.0,7900.0,4.0,0.0,0.0,5.0,20000.0,70000.0,25.0,56.0,0
36.0,765.0,0.13551359653085193,4.0,15.49,6206.0,19200.0,6.0,6.0,0.0,4.0,12000.0,88552.0,9.0,112.0,0
36.0,680.0,0.15,2.0,11.27,2834.0,10600.0,12.0,13.0,0.0,5.0,12000.0,80000.0,12.0,84.0,0
36.0,705.0,0.43103448275862066,5.0,39.91,12012.0,132200.0,4.0,1.0,5.0,8.0,25000.0,58000.0,35.0,227.0,1
60.0,690.0,0.3923248075294859,8.0,15.43,5978.0,9300.0,8.0,10.0,3.0,9.0,19925.0,50787.0,8.0,118.0,1
36.0,685.0,0.4395833333333333,6.0,30.81,1593.0,19500.0,3.0,7.0,0.0,4.0,5275.0,12000.0,7.0,46.0,0
60.0,670.0,0.2695,11.0,20.88,1097.0,20750.0,1.0,0.0,0.0,18.0,13475.0,50000.0,1.0,295.0,1
36.0,695.0,0.3684210526315789,1.0,12.92,28799.0,30600.0,4.0,,10.0,5.0,35000.0,95000.0,4.0,182.0,1
36.0,680.0,0.028,6.0,31.54,4665.0,13800.0,4.0,4.0,0.0,9.0,1400.0,50000.0,4.0,290.0,0
60.0,665.0,0.28846153846153844,6.0,24.02,19686.0,3200.0,6.0,7.0,4.0,10.0,15000.0,52000.0,19.0,252.0,1
36.0,665.0,0.10666666666666667,3.0,11.95,41790.0,18900.0,19.0,19.0,6.0,5.0,16000.0,150000.0,49.0,214.0,1
36.0,670.0,0.17142857142857143,9.0,22.05,3382.0,12400.0,2.0,19.0,1.0,6.0,12000.0,70000.0,45.0,297.0,1
60.0,660.0,0.27,2.0,22.68,3178.0,3800.0,3.0,2.0,2.0,6.0,10800.0,40000.0,42.0,383.0,1
36.0,680.0,0.046511627906976744,24.0,15.63,892.0,24100.0,0.0,0.0,1.0,7.0,2000.0,43000.0,10.0,129.0,0
36.0,755.0,0.1951219512195122,5.0,27.2,5118.0,7500.0,4.0,14.0,0.0,1.0,8000.0,41000.0,43.0,100.0,0
36.0,700.0,0.33958333333333335,4.0,20.23,4177.0,6300.0,4.0,4.0,0.0,4.0,12225.0,36000.0,5.0,115.0,0
36.0,750.0,0.2,7.0,15.94,1990.0,23600.0,0.0,2.0,4.0,4.0,10000.0,50000.0,0.0,275.0,1
60.0,685.0,0.1411764705882353,8.0,19.3,21202.0,23500.0,1.0,0.0,2.0,6.0,12000.0,85000.0,1.0,60.0,1
36.0,730.0,0.234375,6.0,15.83,7639.0,40438.0,10.0,10.0,3.0,16.0,15000.0,64000.0,13.0,245.0,1
60.0,670.0,0.18,1.0,13.44,5796.0,27400.0,8.0,6.0,1.0,5.0,14400.0,80000.0,8.0,166.0,0
60.0,710.0,0.276,,1.68,,,,,,,13800.0,50000.0,,,0
36.0,745.0,0.30875156305478796,5.0,14.52,9816.0,11500.0,13.0,14.0,3.0,4.0,20000.0,64777.0,56.0,257.0,1
36.0,720.0,0.14,3.0,13.0,11558.0,10200.0,9.0,11.0,1.0,2.0,8400.0,60000.0,10.0,83.0,1
36.0,755.0,0.11428571428571428,1.0,11.41,6246.0,32300.0,14.0,0.0,0.0,3.0,20000.0,175000.0,101.0,479.0,1
36.0,675.0,0.33611111111111114,5.0,16.91,2955.0,50200.0,3.0,6.0,0.0,7.0,15125.0,45000.0,3.0,202.0,0
36.0,660.0,0.043859649122807015,4.0,3.86,38965.0,9000.0,5.0,10.0,2.0,2.0,5000.0,114000.0,73.0,148.0,1
36.0,675.0,0.07246376811594203,3.0,15.08,7324.0,23600.0,2.0,5.0,0.0,3.0,5000.0,69000.0,24.0,187.0,0
36.0,675.0,0.1698254194687861,5.0,10.89,36901.0,17900.0,4.0,8.0,4.0,6.0,20000.0,117768.0,30.0,129.0,1
60.0,705.0,0.13541666666666666,2.0,8.63,4038.0,11800.0,6.0,6.0,2.0,5.0,13000.0,96000.0,6.0,207.0,0
36.0,660.0,0.3064516129032258,2.0,11.25,23693.0,10600.0,4.0,6.0,3.0,7.0,19000.0,62000.0,9.0,169.0,1
36.0,675.0,0.07258298654795316,3.0,12.89,41334.0,500.0,1.0,2.0,8.0,2.0,7500.0,103330.0,75.0,143.0,1
36.0,670.0,0.25862068965517243,19.0,9.44,11896.0,33000.0,2.0,4.0,6.0,10.0,15000.0,58000.0,2.0,139.0,1
36.0,715.0,0.1925925925925926,0.0,20.95,38108.0,87080.0,27.0,15.0,2.0,8.0,26000.0,135000.0,38.0,251.0,0
36.0,670.0,0.13846153846153847,2.0,7.87,2107.0,2500.0,5.0,5.0,0.0,2.0,9000.0,65000.0,5.0,20.0,0
36.0,715.0,0.05319148936170213,1.0,11.55,8542.0,24000.0,18.0,1.0,0.0,2.0,5000.0,94000.0,27.0,50.0,0
36.0,730.0,0.2976190476190476,,14.93,,,,,,,5000.0,16800.0,,,0
60.0,735.0,0.43645833333333334,0.0,10.03,6523.0,37600.0,29.0,4.0,4.0,1.0,20950.0,48000.0,74.0,219.0,0
60.0,680.0,0.24347826086956523,4.0,7.81,1985.0,10100.0,14.0,14.0,0.0,11.0,28000.0,115000.0,14.0,151.0,0
36.0,795.0,0.4,2.0,23.78,1957.0,53200.0,7.0,7.0,0.0,3.0,12000.0,30000.0,7.0,211.0,0
36.0,665.0,0.2777777777777778,7.0,29.9,1405.0,7000.0,9.0,6.0,0.0,10.0,10000.0,36000.0,18.0,246.0,1
36.0,690.0,0.12521739130434784,0.0,7.86,4946.0,36400.0,35.0,2.0,0.0,7.0,14400.0,115000.0,35.0,215.0,0
36.0,710.0,0.05333333333333334,,7.23,,,,,,,8000.0,150000.0,,,0
36.0,680.0,0.11904761904761904,7.0,26.71,1409.0,10600.0,7.0,1.0,0.0,16.0,5000.0,42000.0,7.0,111.0,0
60.0,685.0,0.12380952380952381,3.0,10.38,9684.0,3500.0,6.0,3.0,0.0,2.0,13000.0,105000.0,102.0,141.0,0
36.0,725.0,0.29411764705882354,2.0,34.91,5031.0,23500.0,5.0,9.0,5.0,9.0,10000.0,34000.0,45.0,228.0,1
36.0,725.0,0.134375,6.0,28.53,10528.0,7500.0,14.0,14.0,1.0,8.0,6450.0,48000.0,18.0,192.0,1
36.0,665.0,0.06395943808726393,8.0,23.37,7995.0,11900.0,1.0,1.0,0.0,8.0,5500.0,85992.0,40.0,96.0,0
36.0,720.0,0.08,6.0,20.52,7917.0,32700.0,1.0,0.0,4.0,6.0,4000.0,50000.0,1.0,191.0,1
36.0,660.0,0.08456521739130435,16.0,15.81,6075.0,8600.0,0.0,5.0,1.0,17.0,9725.0,115000.0,5.0,221.0,1
36.0,690.0,0.28,1.0,14.72,8890.0,55300.0,22.0,13.0,0.0,8.0,35000.0,125000.0,33.0,313.0,1
36.0,775.0,0.2594033722438392,2.0,13.14,11655.0,24000.0,7.0,7.0,2.0,5.0,20000.0,77100.0,14.0,260.0,1
36.0,715.0,0.18823529411764706,3.0,24.51,5602.0,68200.0,10.0,5.0,0.0,8.0,16000.0,85000.0,10.0,379.0,0
36.0,750.0,0.23809523809523808,2.0,13.65,39870.0,80300.0,6.0,1.0,3.0,4.0,25000.0,105000.0,8.0,225.0,1
36.0,690.0,0.14501160092807425,0.0,31.9,902.0,200.0,28.0,,0.0,5.0,1500.0,10344.0,134.0,134.0,0
36.0,705.0,0.18181818181818182,5.0,16.12,11404.0,10400.0,9.0,10.0,1.0,7.0,10000.0,55000.0,39.0,172.0,1
36.0,745.0,0.12465178523793782,4.0,25.94,28188.0,30500.0,7.0,10.0,4.0,9.0,10000.0,80223.48,79.0,491.0,1
36.0,680.0,0.03387096774193549,,22.39,,,,,,,2100.0,62000.0,,,1
36.0,660.0,0.08333333333333333,5.0,6.73,1209.0,6300.0,6.0,7.0,0.0,4.0,4000.0,48000.0,7.0,87.0,0
36.0,660.0,0.24,5.0,19.04,31317.0,22000.0,7.0,9.0,3.0,4.0,18000.0,75000.0,10.0,173.0,1
36.0,760.0,0.26666666666666666,4.0,10.96,6945.0,46000.0,7.0,7.0,3.0,5.0,16000.0,60000.0,17.0,130.0,1
36.0,700.0,0.06666666666666667,3.0,15.71,27517.0,41600.0,11.0,2.0,4.0,8.0,5000.0,75000.0,19.0,316.0,1
36.0,700.0,0.18115942028985507,3.0,8.69,3891.0,61400.0,4.0,1.0,0.0,7.0,25000.0,138000.0,4.0,245.0,0
36.0,670.0,0.22727272727272727,5.0,12.21,20435.0,58300.0,8.0,9.0,3.0,7.0,20000.0,88000.0,10.0,169.0,1
36.0,720.0,0.07766990291262135,,14.56,,,,,,,4000.0,51500.0,,,1
36.0,755.0,0.125,2.0,15.79,42634.0,22800.0,6.0,0.0,4.0,2.0,6250.0,50000.0,6.0,233.0,0
36.0,730.0,0.13333333333333333,4.0,24.6,9166.0,10900.0,1.0,1.0,1.0,5.0,8000.0,60000.0,2.0,45.0,0
36.0,710.0,0.1619047619047619,5.0,12.16,74978.0,19300.0,4.0,0.0,4.0,4.0,17000.0,105000.0,5.0,237.0,0
36.0,690.0,0.1825,4.0,18.56,23988.0,1300.0,7.0,7.0,7.0,5.0,18250.0,100000.0,35.0,192.0,1
36.0,705.0,0.25,0.0,3.6,3131.0,5500.0,77.0,20.0,0.0,1.0,10000.0,40000.0,77.0,234.0,0
60.0,660.0,0.23333333333333334,3.0,22.46,10172.0,39600.0,16.0,16.0,2.0,5.0,35000.0,150000.0,16.0,307.0,0
60.0,695.0,0.29464285714285715,4.0,13.23,58375.0,28700.0,9.0,11.0,3.0,5.0,24750.0,84000.0,17.0,205.0,1
60.0,660.0,0.3,3.0,33.96,4224.0,10100.0,7.0,7.0,0.0,3.0,11100.0,37000.0,27.0,120.0,0
60.0,695.0,0.45,6.0,18.24,963.0,13900.0,4.0,19.0,0.0,14.0,18000.0,40000.0,28.0,121.0,0
36.0,670.0,0.36666666666666664,4.0,11.77,1197.0,8500.0,9.0,20.0,0.0,3.0,11000.0,30000.0,9.0,83.0,1
60.0,685.0,0.25846153846153846,2.0,12.65,2421.0,17400.0,7.0,,0.0,5.0,16800.0,65000.0,7.0,169.0,0
60.0,690.0,0.3181818181818182,5.0,26.53,34872.0,38600.0,8.0,8.0,5.0,10.0,35000.0,110000.0,16.0,161.0,1
36.0,680.0,0.20763317495267894,4.0,11.3,23535.0,35300.0,7.0,7.0,0.0,1.0,21500.0,103548.0,22.0,254.0,0
60.0,775.0,0.1282051282051282,7.0,12.08,2578.0,79200.0,5.0,1.0,4.0,5.0,10000.0,78000.0,5.0,277.0,0
60.0,690.0,0.33,18.0,23.92,8958.0,6100.0,2.0,2.0,5.0,9.0,23100.0,70000.0,11.0,252.0,1
36.0,705.0,0.22727272727272727,2.0,16.62,1543.0,34600.0,6.0,5.0,0.0,6.0,10000.0,44000.0,6.0,221.0,0
36.0,670.0,0.06756756756756757,4.0,20.25,47423.0,5100.0,2.0,5.0,1.0,3.0,5000.0,74000.0,2.0,128.0,1
36.0,660.0,0.1,3.0,12.07,2493.0,4900.0,6.0,,0.0,3.0,3500.0,35000.0,93.0,93.0,0
36.0,665.0,0.1,3.0,13.31,631.0,3800.0,5.0,5.0,0.0,8.0,8000.0,80000.0,10.0,102.0,0
36.0,720.0,0.23728813559322035,3.0,24.65,4287.0,43300.0,1.0,1.0,0.0,4.0,14000.0,59000.0,1.0,333.0,0
36.0,715.0,0.17192190593795909,16.0,22.66,17262.0,13500.0,0.0,9.0,2.0,5.0,16150.0,93938.0,0.0,137.0,1
36.0,660.0,0.12244897959183673,4.0,10.41,1424.0,8500.0,6.0,,0.0,4.0,6000.0,49000.0,10.0,94.0,0
36.0,750.0,0.2714285714285714,1.0,11.57,8811.0,33000.0,2.0,,0.0,2.0,19000.0,70000.0,86.0,150.0,0
36.0,685.0,0.14035087719298245,5.0,18.32,3906.0,5100.0,13.0,7.0,0.0,4.0,8000.0,57000.0,76.0,82.0,0
60.0,690.0,0.433125,6.0,25.62,2151.0,13900.0,1.0,0.0,0.0,7.0,17325.0,40000.0,1.0,190.0,0
60.0,730.0,0.3333333333333333,3.0,15.4,26108.0,15000.0,6.0,7.0,3.0,4.0,20000.0,60000.0,15.0,157.0,1
60.0,705.0,0.32889908256880734,5.0,2.4,12956.0,11100.0,4.0,6.0,2.0,2.0,17925.0,54500.0,4.0,65.0,1
36.0,745.0,0.22777735242324476,2.0,32.16,15103.0,142100.0,6.0,17.0,2.0,11.0,11900.0,52244.0,15.0,304.0,1
36.0,670.0,0.4398936170212766,9.0,29.88,1057.0,17200.0,3.0,5.0,0.0,6.0,20675.0,47000.0,12.0,194.0,0
36.0,670.0,0.2,3.0,20.5,8542.0,7700.0,4.0,6.0,0.0,5.0,12000.0,60000.0,40.0,116.0,0
36.0,690.0,0.3472222222222222,2.0,9.82,12246.0,17700.0,7.0,10.0,1.0,4.0,25000.0,72000.0,8.0,112.0,1
36.0,730.0,0.21333333333333335,9.0,35.84,2716.0,11000.0,1.0,4.0,0.0,7.0,9600.0,45000.0,12.0,119.0,0
36.0,690.0,0.2683843263553409,1.0,18.03,25251.0,0.0,9.0,10.0,6.0,4.0,14000.0,52164.0,,270.0,1
36.0,765.0,0.1724137931034483,5.0,12.91,32634.0,110100.0,7.0,8.0,7.0,7.0,25000.0,145000.0,29.0,236.0,1
60.0,695.0,0.16,5.0,22.53,3217.0,32900.0,1.0,1.0,3.0,7.0,12000.0,75000.0,1.0,149.0,0
36.0,715.0,0.11884615384615385,3.0,24.72,19648.0,2900.0,8.0,8.0,1.0,3.0,15450.0,130000.0,90.0,105.0,1
60.0,835.0,0.22134387351778656,3.0,11.56,,57500.0,,10.0,7.0,,28000.0,126500.0,21.0,,1
36.0,710.0,0.15,2.0,11.09,5859.0,6800.0,9.0,1.0,0.0,3.0,15000.0,100000.0,60.0,137.0,0
36.0,670.0,0.1103448275862069,9.0,23.63,6476.0,5200.0,2.0,1.0,0.0,5.0,6400.0,58000.0,10.0,142.0,0
36.0,700.0,0.20328921957268606,0.0,12.52,1639.0,9700.0,52.0,,0.0,9.0,10000.0,49191.0,52.0,185.0,0
60.0,725.0,0.44776119402985076,2.0,18.4,18272.0,36000.0,6.0,,4.0,5.0,30000.0,67000.0,80.0,404.0,1
36.0,775.0,0.25,4.0,16.76,54939.0,44500.0,5.0,0.0,6.0,3.0,35000.0,140000.0,5.0,117.0,1
36.0,765.0,0.1,2.0,16.45,50494.0,11500.0,4.0,,6.0,2.0,9000.0,90000.0,58.0,244.0,1
36.0,745.0,0.15810276679841898,4.0,28.52,25389.0,15900.0,15.0,10.0,3.0,3.0,9600.0,60720.0,15.0,218.0,1
36.0,720.0,0.23255813953488372,2.0,30.09,4752.0,20000.0,6.0,6.0,0.0,4.0,10000.0,43000.0,10.0,65.0,0
60.0,730.0,0.3,6.0,26.94,37104.0,51100.0,3.0,14.0,3.0,8.0,27000.0,90000.0,3.0,177.0,1
36.0,680.0,0.08413043478260869,6.0,10.79,8698.0,28000.0,5.0,11.0,0.0,2.0,9675.0,115000.0,5.0,243.0,0
36.0,660.0,0.3333333333333333,2.0,17.71,2713.0,6400.0,1.0,1.0,0.0,9.0,10000.0,30000.0,35.0,70.0,0
36.0,715.0,0.21428571428571427,6.0,8.47,6759.0,34100.0,18.0,18.0,0.0,3.0,15000.0,70000.0,18.0,26.0,0
36.0,695.0,0.175,0.0,7.78,5343.0,15500.0,33.0,,0.0,3.0,10500.0,60000.0,33.0,119.0,0
36.0,725.0,0.23484848484848486,7.0,32.2,1824.0,46800.0,9.0,9.0,0.0,5.0,15500.0,66000.0,12.0,420.0,0
60.0,780.0,0.4,2.0,1.38,33670.0,44300.0,6.0,8.0,6.0,3.0,29600.0,74000.0,15.0,203.0,1
36.0,660.0,0.10256410256410256,2.0,10.99,1029.0,9500.0,6.0,,0.0,7.0,8000.0,78000.0,6.0,128.0,0
36.0,695.0,0.027777777777777776,5.0,16.84,18864.0,6200.0,2.0,2.0,1.0,4.0,2500.0,90000.0,2.0,102.0,1
36.0,795.0,0.39994208983314633,8.0,11.25,978.0,25400.0,4.0,1.0,0.0,1.0,11050.0,27629.0,11.0,220.0,0
36.0,690.0,0.1475696439123411,5.0,23.56,2442.0,5600.0,1.0,4.0,0.0,6.0,7000.0,47435.23,4.0,159.0,0
36.0,700.0,0.06666666666666667,3.0,12.32,28140.0,4400.0,8.0,2.0,1.0,2.0,3000.0,45000.0,8.0,172.0,1
36.0,665.0,0.12555555555555556,5.0,32.26,20391.0,53000.0,9.0,1.0,1.0,9.0,5650.0,45000.0,9.0,269.0,1
36.0,665.0,0.1984375,9.0,20.37,2739.0,7800.0,3.0,6.0,0.0,7.0,6350.0,32000.0,4.0,47.0,0
36.0,670.0,0.04583333333333333,4.0,11.36,2287.0,1300.0,4.0,4.0,0.0,2.0,1375.0,30000.0,4.0,164.0,0
36.0,730.0,0.1497326203208556,3.0,5.71,178.0,4400.0,5.0,1.0,0.0,1.0,2800.0,18700.0,5.0,70.0,0
36.0,705.0,0.058823529411764705,3.0,11.11,30789.0,9600.0,4.0,4.0,4.0,4.0,10000.0,170000.0,44.0,177.0,1
60.0,665.0,0.42,6.0,16.95,6995.0,77600.0,16.0,15.0,3.0,15.0,27300.0,65000.0,16.0,235.0,1
36.0,765.0,0.4444444444444444,2.0,13.45,3227.0,54700.0,18.0,18.0,1.0,1.0,32000.0,72000.0,23.0,123.0,0
36.0,660.0,0.24705882352941178,9.0,8.15,2484.0,18100.0,4.0,4.0,0.0,7.0,21000.0,85000.0,12.0,40.0,0
36.0,715.0,0.04285714285714286,4.0,24.91,11291.0,14300.0,11.0,,0.0,3.0,3000.0,70000.0,13.0,204.0,0
36.0,760.0,0.25098039215686274,2.0,18.56,6065.0,82000.0,14.0,14.0,1.0,5.0,25600.0,102000.0,14.0,223.0,1
36.0,705.0,0.23636363636363636,5.0,4.76,8712.0,7000.0,1.0,9.0,0.0,3.0,13000.0,55000.0,9.0,258.0,0
36.0,720.0,0.10909090909090909,3.0,13.99,17206.0,56700.0,8.0,9.0,3.0,3.0,12000.0,110000.0,12.0,152.0,1
60.0,720.0,0.208,1.0,10.52,4144.0,27400.0,3.0,15.0,0.0,7.0,26000.0,125000.0,26.0,90.0,0
36.0,700.0,0.02608695652173913,7.0,10.55,12301.0,33900.0,1.0,0.0,3.0,7.0,6000.0,230000.0,1.0,127.0,1
36.0,685.0,0.132,8.0,17.82,11895.0,23600.0,1.0,1.0,1.0,9.0,13200.0,100000.0,1.0,94.0,1
36.0,660.0,0.0888235294117647,7.0,11.18,5408.0,6600.0,12.0,2.0,1.0,5.0,3775.0,42500.0,12.0,23.0,0
36.0,670.0,0.13793103448275862,9.0,8.54,14496.0,25000.0,2.0,2.0,3.0,9.0,12000.0,87000.0,4.0,259.0,1
36.0,700.0,0.12,5.0,14.37,48694.0,18900.0,3.0,3.0,2.0,3.0,19200.0,160000.0,20.0,160.0,1
36.0,665.0,0.07692307692307693,3.0,7.46,37502.0,33200.0,5.0,5.0,3.0,2.0,10000.0,130000.0,37.0,245.0,1
36.0,725.0,0.15555555555555556,4.0,13.93,49420.0,30800.0,7.0,4.0,2.0,2.0,35000.0,225000.0,29.0,210.0,1
36.0,730.0,0.14423076923076922,10.0,24.77,4124.0,17200.0,1.0,1.0,0.0,9.0,12000.0,83200.0,4.0,186.0,0
60.0,700.0,0.3958904109589041,3.0,14.08,23901.0,19700.0,2.0,10.0,2.0,4.0,28900.0,73000.0,2.0,101.0,1
36.0,695.0,0.26666666666666666,2.0,13.49,23287.0,20100.0,1.0,9.0,2.0,4.0,24000.0,90000.0,18.0,268.0,0
60.0,665.0,0.13433333333333333,6.0,8.21,9879.0,12700.0,3.0,0.0,2.0,8.0,10075.0,75000.0,3.0,136.0,1
36.0,660.0,0.24777006937561943,8.0,31.1,1891.0,8000.0,6.0,6.0,0.0,11.0,12000.0,48432.0,11.0,123.0,0
36.0,715.0,0.35128205128205126,5.0,8.0,2440.0,13700.0,4.0,5.0,0.0,5.0,13700.0,39000.0,4.0,159.0,0
36.0,685.0,0.4409722222222222,0.0,20.07,6093.0,19700.0,55.0,1.0,0.0,3.0,15875.0,36000.0,55.0,149.0,0
36.0,730.0,0.2125,1.0,27.51,13243.0,9300.0,11.0,17.0,5.0,7.0,10625.0,50000.0,100.0,308.0,1
36.0,660.0,0.2777777777777778,4.0,16.52,6816.0,36000.0,10.0,10.0,0.0,5.0,20000.0,72000.0,10.0,67.0,0
60.0,670.0,0.2345679012345679,5.0,35.61,3060.0,17400.0,8.0,8.0,0.0,21.0,19000.0,81000.0,8.0,118.0,0
36.0,670.0,0.2171628721541156,7.0,23.18,18655.0,17200.0,11.0,8.0,1.0,11.0,12400.0,57100.0,13.0,140.0,1
36.0,710.0,0.4,7.0,19.08,4661.0,9800.0,8.0,8.0,0.0,3.0,20000.0,50000.0,18.0,24.0,0
36.0,690.0,0.2857142857142857,5.0,20.96,12800.0,16500.0,3.0,6.0,1.0,6.0,30000.0,105000.0,6.0,103.0,1
36.0,675.0,0.08571428571428572,11.0,16.49,8276.0,10300.0,4.0,0.0,2.0,9.0,6000.0,70000.0,13.0,92.0,1
36.0,660.0,0.13484848484848486,5.0,11.78,686.0,2000.0,15.0,15.0,0.0,9.0,4450.0,33000.0,16.0,209.0,0
36.0,740.0,0.12,3.0,21.48,20224.0,23700.0,3.0,3.0,5.0,3.0,12000.0,100000.0,30.0,135.0,1
36.0,750.0,0.10149253731343283,0.0,1.79,17417.0,23000.0,26.0,21.0,1.0,5.0,13600.0,134000.0,26.0,84.0,1
36.0,705.0,0.26666666666666666,2.0,23.47,3889.0,9900.0,9.0,9.0,0.0,9.0,20000.0,75000.0,57.0,230.0,0
36.0,660.0,0.36,6.0,26.13,1700.0,5400.0,7.0,5.0,0.0,6.0,10800.0,30000.0,7.0,154.0,1
36.0,670.0,0.04411764705882353,,5.19,,,,,,,3000.0,68000.0,,,1
60.0,705.0,0.24,3.0,13.13,5009.0,16900.0,6.0,7.0,0.0,6.0,24000.0,100000.0,6.0,154.0,0
36.0,720.0,0.3181818181818182,4.0,23.73,6259.0,65900.0,11.0,7.0,4.0,7.0,35000.0,110000.0,27.0,209.0,1
36.0,730.0,0.175,6.0,11.72,18422.0,42250.0,1.0,0.0,13.0,8.0,35000.0,200000.0,8.0,209.0,1
36.0,675.0,0.2,6.0,35.26,5482.0,18700.0,7.0,9.0,6.0,7.0,10400.0,52000.0,7.0,190.0,1
60.0,690.0,0.34737299174989145,5.0,17.59,20735.0,14700.0,2.0,1.0,1.0,7.0,20000.0,57575.0,9.0,109.0,1
36.0,705.0,0.06315789473684211,5.0,16.84,9649.0,1000.0,3.0,10.0,0.0,4.0,2400.0,38000.0,40.0,94.0,1
36.0,685.0,0.1485663348685188,6.0,27.29,15294.0,37000.0,2.0,2.0,2.0,11.0,12000.0,80772.0,2.0,170.0,1
36.0,665.0,0.14925166282343635,5.0,12.19,36398.0,5900.0,2.0,3.0,1.0,2.0,5600.0,37520.52,7.0,106.0,1
36.0,750.0,0.15206611570247933,,13.09,,,,,,,18400.0,121000.0,,,0
36.0,710.0,0.08,3.0,26.14,15483.0,49000.0,1.0,0.0,3.0,5.0,6000.0,75000.0,7.0,157.0,1
60.0,705.0,0.3577586206896552,3.0,24.59,6672.0,10800.0,8.0,1.0,0.0,3.0,10375.0,29000.0,112.0,112.0,0
36.0,750.0,0.1411764705882353,4.0,13.45,10460.0,8000.0,13.0,13.0,3.0,5.0,4800.0,34000.0,29.0,258.0,1
36.0,690.0,0.2,6.0,15.23,30356.0,81500.0,5.0,5.0,4.0,8.0,24000.0,120000.0,8.0,254.0,1
36.0,680.0,0.430416068866571,2.0,18.16,6700.0,40600.0,8.0,8.0,0.0,6.0,30000.0,69700.0,93.0,174.0,0
36.0,705.0,0.17340425531914894,6.0,3.96,241.0,13000.0,1.0,1.0,0.0,6.0,8150.0,47000.0,2.0,101.0,0
36.0,700.0,0.3333333333333333,8.0,27.24,7168.0,500.0,4.0,13.0,0.0,2.0,10000.0,30000.0,62.0,176.0,0
36.0,790.0,0.25925925925925924,,26.62,,,,,,,7000.0,27000.0,,,0
36.0,685.0,0.27586206896551724,8.0,35.96,12727.0,19900.0,9.0,6.0,1.0,9.0,16000.0,58000.0,11.0,110.0,1
36.0,690.0,0.17142857142857143,5.0,32.21,14675.0,15500.0,2.0,,1.0,7.0,9600.0,56000.0,2.0,120.0,1
36.0,705.0,0.15810276679841898,3.0,26.54,16559.0,84000.0,20.0,0.0,3.0,14.0,20000.0,126500.0,23.0,317.0,1
36.0,690.0,0.3194479938665985,2.0,33.78,6828.0,5300.0,20.0,6.0,0.0,7.0,10000.0,31304.0,47.0,56.0,0
36.0,740.0,0.29411764705882354,1.0,20.05,6322.0,10600.0,20.0,8.0,2.0,2.0,15000.0,51000.0,135.0,173.0,0
60.0,670.0,0.29772727272727273,5.0,27.38,20793.0,20000.0,10.0,11.0,1.0,7.0,13100.0,44000.0,14.0,159.0,1
36.0,685.0,0.4494736842105263,6.0,37.01,5080.0,5400.0,12.0,9.0,0.0,9.0,21350.0,47500.0,12.0,97.0,0
36.0,735.0,0.23809523809523808,7.0,24.91,4809.0,24700.0,1.0,1.0,1.0,14.0,10000.0,42000.0,125.0,294.0,1
36.0,660.0,0.05957700327673518,8.0,27.73,9421.0,5200.0,12.0,6.0,2.0,7.0,5000.0,83925.0,15.0,166.0,1
36.0,775.0,0.22023809523809523,2.0,6.23,16962.0,13314.0,8.0,0.0,2.0,2.0,9250.0,42000.0,8.0,67.0,0
36.0,670.0,0.12,8.0,14.6,20594.0,2200.0,4.0,11.0,2.0,6.0,12000.0,100000.0,42.0,135.0,1
36.0,750.0,0.03477011494252873,3.0,8.22,40139.0,65700.0,4.0,,2.0,10.0,3025.0,87000.0,13.0,214.0,1
36.0,700.0,0.3597560975609756,6.0,30.16,1457.0,20800.0,2.0,,0.0,9.0,7375.0,20500.0,2.0,259.0,0
60.0,735.0,0.20058351568198396,9.0,18.12,2341.0,32600.0,1.0,5.0,0.0,5.0,11000.0,54840.0,1.0,125.0,0
36.0,725.0,0.2021253789850856,4.0,26.28,1968.0,9400.0,0.0,0.0,0.0,6.0,6600.0,32653.0,0.0,110.0,0
36.0,685.0,0.08375,6.0,1.62,,1000.0,,1.0,1.0,,3350.0,40000.0,3.0,,1
60.0,660.0,0.2857142857142857,5.0,7.51,2235.0,3800.0,6.0,7.0,2.0,2.0,20000.0,70000.0,22.0,242.0,0
36.0,700.0,0.3111111111111111,,19.09,,,,,,,14000.0,45000.0,,,0
36.0,680.0,0.37179910882175293,8.0,24.92,23271.0,6500.0,3.0,9.0,2.0,8.0,32625.0,87749.0,23.0,238.0,1
36.0,720.0,0.09795918367346938,2.0,14.38,2055.0,7900.0,13.0,17.0,0.0,5.0,4800.0,49000.0,39.0,355.0,0
36.0,675.0,0.20833333333333334,3.0,11.9,6458.0,14600.0,2.0,14.0,3.0,7.0,10000.0,48000.0,9.0,92.0,1
36.0,705.0,0.3125,3.0,27.98,4947.0,11500.0,4.0,4.0,4.0,4.0,10000.0,32000.0,4.0,253.0,0
36.0,760.0,0.22857142857142856,3.0,2.54,1080.0,46800.0,7.0,5.0,0.0,1.0,24000.0,105000.0,24.0,114.0,0
60.0,690.0,0.36923076923076925,12.0,18.94,10137.0,18500.0,3.0,0.0,7.0,8.0,24000.0,65000.0,3.0,128.0,1
36.0,675.0,0.1,6.0,25.06,13214.0,1500.0,2.0,13.0,4.0,2.0,4200.0,42000.0,42.0,259.0,1
60.0,690.0,0.4394736842105263,7.0,20.91,2274.0,37900.0,6.0,5.0,1.0,8.0,16700.0,38000.0,6.0,80.0,0
36.0,740.0,0.31625,5.0,39.54,4724.0,49800.0,2.0,14.0,0.0,8.0,18975.0,60000.0,14.0,139.0,0
60.0,710.0,0.3125,1.0,23.7,,35400.0,,15.0,0.0,,25000.0,80000.0,54.0,,0
60.0,720.0,0.3888888888888889,3.0,27.76,4233.0,29400.0,12.0,,2.0,6.0,19600.0,50400.0,12.0,240.0,0
36.0,745.0,0.09302325581395349,2.0,10.86,20745.0,24500.0,4.0,0.0,4.0,3.0,4000.0,43000.0,4.0,426.0,1
36.0,665.0,0.16981132075471697,5.0,26.74,3853.0,36800.0,9.0,3.0,1.0,4.0,9000.0,53000.0,9.0,155.0,1
36.0,675.0,0.22,2.0,17.67,8876.0,42500.0,14.0,,0.0,7.0,22000.0,100000.0,16.0,153.0,0
60.0,700.0,0.4409090909090909,0.0,20.11,29896.0,27400.0,27.0,,6.0,6.0,24250.0,55000.0,68.0,185.0,1
36.0,685.0,0.13333333333333333,5.0,4.5,9490.0,3200.0,8.0,0.0,1.0,3.0,8000.0,60000.0,13.0,304.0,0
36.0,695.0,0.448,2.0,11.67,1932.0,10500.0,13.0,15.0,0.0,4.0,11200.0,25000.0,13.0,293.0,0
36.0,675.0,0.27534722222222224,3.0,23.23,5601.0,27600.0,9.0,,0.0,6.0,19825.0,72000.0,13.0,117.0,0
36.0,660.0,0.18181818181818182,7.0,16.95,3953.0,12200.0,5.0,0.0,0.0,2.0,10000.0,55000.0,6.0,58.0,0
36.0,710.0,0.11666666666666667,4.0,7.0,1811.0,6000.0,2.0,16.0,0.0,3.0,7000.0,60000.0,2.0,100.0,0
60.0,665.0,0.17073170731707318,7.0,20.99,21345.0,25900.0,2.0,4.0,3.0,5.0,35000.0,205000.0,13.0,135.0,0
60.0,795.0,0.1111111111111111,,22.25,,,,,,,10000.0,90000.0,,,0
36.0,690.0,0.08888888888888889,19.0,17.72,2961.0,16100.0,4.0,4.0,1.0,8.0,8000.0,90000.0,19.0,163.0,1
60.0,680.0,0.16,6.0,9.25,16468.0,2400.0,0.0,0.0,5.0,7.0,16000.0,100000.0,13.0,162.0,1
36.0,735.0,0.2702702702702703,1.0,16.32,1397.0,600.0,8.0,,0.0,4.0,10000.0,37000.0,77.0,83.0,0
36.0,785.0,0.13333333333333333,2.0,12.63,39439.0,32200.0,14.0,9.0,1.0,2.0,16000.0,120000.0,46.0,174.0,1
36.0,680.0,0.22,1.0,12.68,4860.0,22000.0,4.0,16.0,0.0,5.0,26400.0,120000.0,105.0,198.0,0
36.0,680.0,0.21428571428571427,14.0,20.28,3194.0,28100.0,3.0,6.0,1.0,11.0,30000.0,140000.0,6.0,322.0,0
60.0,750.0,0.16666666666666666,,2.15,,,,,,,25000.0,150000.0,,,1
36.0,730.0,0.3125,2.0,6.55,26188.0,5900.0,5.0,5.0,3.0,2.0,35000.0,112000.0,118.0,118.0,0
36.0,685.0,0.3333333333333333,2.0,29.92,18951.0,23100.0,11.0,12.0,3.0,4.0,15000.0,45000.0,22.0,187.0,1
36.0,690.0,0.4007142857142857,5.0,24.67,21051.0,3300.0,10.0,4.0,2.0,6.0,28050.0,70000.0,10.0,249.0,1
36.0,685.0,0.38461538461538464,0.0,19.11,4372.0,800.0,27.0,,0.0,1.0,25000.0,65000.0,27.0,120.0,0
36.0,660.0,0.06,4.0,11.87,18937.0,10100.0,8.0,10.0,1.0,8.0,5400.0,90000.0,27.0,311.0,1
36.0,745.0,0.1,3.0,11.92,24871.0,12600.0,8.0,8.0,3.0,1.0,5800.0,58000.0,22.0,152.0,1
36.0,705.0,0.09473684210526316,4.0,6.27,16807.0,0.0,22.0,8.0,3.0,2.0,9000.0,95000.0,,232.0,1
36.0,715.0,0.0375,4.0,8.97,37127.0,5800.0,3.0,1.0,1.0,3.0,3000.0,80000.0,60.0,94.0,1
36.0,665.0,0.3225806451612903,2.0,5.75,2573.0,19100.0,1.0,1.0,1.0,2.0,20000.0,62000.0,13.0,253.0,0
36.0,805.0,0.29545454545454547,1.0,23.32,9171.0,64000.0,11.0,,3.0,6.0,13000.0,44000.0,96.0,238.0,1
36.0,680.0,0.14285714285714285,3.0,12.51,12559.0,15800.0,0.0,,0.0,3.0,8000.0,56000.0,0.0,219.0,0
36.0,705.0,0.3162291169451074,4.0,30.67,10190.0,34900.0,9.0,9.0,2.0,6.0,26500.0,83800.0,9.0,121.0,1
36.0,695.0,0.18518518518518517,3.0,8.82,51139.0,27400.0,3.0,3.0,4.0,2.0,25000.0,135000.0,70.0,234.0,1
36.0,665.0,0.16813221917716092,1.0,6.21,961.0,8100.0,12.0,,0.0,7.0,10000.0,59477.0,12.0,288.0,0
36.0,755.0,0.2982456140350877,4.0,12.16,2152.0,4500.0,2.0,,0.0,1.0,6800.0,22800.0,53.0,53.0,0
36.0,670.0,0.09259259259259259,7.0,10.53,4234.0,13400.0,0.0,1.0,0.0,7.0,10000.0,108000.0,7.0,217.0,0
60.0,700.0,0.3050847457627119,,21.38,,,,,,,21600.0,70800.0,,,1
36.0,740.0,0.2571428571428571,3.0,22.8,12420.0,31200.0,7.0,17.0,4.0,9.0,18000.0,70000.0,31.0,167.0,1
60.0,660.0,0.35978260869565215,4.0,31.0,2573.0,14000.0,8.0,17.0,0.0,10.0,16550.0,46000.0,8.0,137.0,0
60.0,685.0,0.37227272727272726,7.0,16.63,1523.0,37500.0,2.0,5.0,1.0,9.0,20475.0,55000.0,2.0,183.0,0
36.0,675.0,0.06976744186046512,3.0,18.95,2905.0,10900.0,7.0,7.0,0.0,5.0,3000.0,43000.0,7.0,100.0,0
36.0,710.0,0.10206913841112375,1.0,5.79,3324.0,4000.0,24.0,24.0,0.0,3.0,11400.0,111689.0,45.0,168.0,0
60.0,670.0,0.2713178294573643,7.0,23.39,17876.0,11100.0,4.0,3.0,2.0,3.0,35000.0,129000.0,46.0,134.0,1
36.0,660.0,0.14541666666666667,1.0,38.94,17670.0,47700.0,19.0,19.0,3.0,9.0,8725.0,60000.0,86.0,191.0,0
36.0,680.0,0.48,14.0,10.52,19230.0,8600.0,2.0,9.0,3.0,10.0,31200.0,65000.0,2.0,240.0,1
60.0,690.0,0.4166666666666667,7.0,6.7,483.0,11200.0,5.0,6.0,1.0,6.0,15000.0,36000.0,5.0,104.0,0
60.0,700.0,0.3076923076923077,,20.46,,,,,,,12000.0,39000.0,,,0
60.0,690.0,0.24691358024691357,7.0,25.93,8715.0,10300.0,6.0,4.0,0.0,2.0,20000.0,81000.0,15.0,28.0,0
36.0,705.0,0.17585509540138924,5.0,22.35,,19100.0,,10.0,2.0,,10000.0,56865.0,5.0,,1
60.0,665.0,0.2916666666666667,10.0,20.17,11426.0,8600.0,6.0,2.0,1.0,4.0,35000.0,120000.0,6.0,71.0,1
36.0,710.0,0.096,9.0,28.73,10324.0,34000.0,7.0,8.0,1.0,10.0,9600.0,100000.0,8.0,245.0,1
36.0,720.0,0.1905972045743329,8.0,23.36,4990.0,10500.0,6.0,6.0,0.0,3.0,15000.0,78700.0,67.0,217.0,1
36.0,715.0,0.41973791973791974,10.0,21.05,3912.0,17400.0,2.0,0.0,1.0,3.0,32800.0,78144.0,5.0,210.0,0
36.0,665.0,0.4591208438186004,5.0,9.59,1241.0,2000.0,2.0,14.0,0.0,7.0,25725.0,56031.0,2.0,92.0,1
36.0,710.0,0.25,10.0,31.06,7710.0,21300.0,2.0,12.0,1.0,11.0,13000.0,52000.0,2.0,149.0,0
36.0,660.0,0.135,6.0,17.88,15598.0,6700.0,2.0,2.0,2.0,5.0,5400.0,40000.0,37.0,152.0,1
36.0,710.0,0.0375,4.0,4.12,38485.0,6900.0,9.0,8.0,3.0,4.0,6000.0,160000.0,25.0,62.0,1
36.0,710.0,0.43984375,5.0,36.27,5080.0,17100.0,5.0,20.0,0.0,3.0,14075.0,32000.0,5.0,130.0,0
36.0,665.0,0.16744186046511628,13.0,5.89,2671.0,3000.0,2.0,4.0,0.0,4.0,7200.0,43000.0,2.0,48.0,0
36.0,710.0,0.1738147692483763,2.0,17.68,33076.0,3700.0,17.0,6.0,2.0,3.0,6075.0,34951.0,25.0,151.0,1
36.0,695.0,0.25,4.0,22.02,1008.0,8400.0,7.0,24.0,1.0,5.0,8000.0,32000.0,19.0,133.0,0
36.0,675.0,0.1282051282051282,5.0,14.66,4723.0,2600.0,5.0,5.0,3.0,3.0,10000.0,78000.0,117.0,181.0,1
36.0,680.0,0.09230769230769231,3.0,10.47,27179.0,15400.0,7.0,3.0,4.0,6.0,9600.0,104000.0,7.0,153.0,1
36.0,680.0,0.21739130434782608,6.0,20.98,3316.0,11700.0,1.0,0.0,2.0,19.0,25000.0,115000.0,4.0,356.0,1
36.0,665.0,0.16393442622950818,,17.51,,,,,,,10000.0,61000.0,,,0
36.0,785.0,0.18691588785046728,2.0,10.74,873.0,37600.0,7.0,1.0,1.0,1.0,10000.0,53500.0,7.0,291.0,0
36.0,725.0,0.1111111111111111,4.0,12.3,30973.0,47300.0,4.0,2.0,2.0,2.0,35000.0,315000.0,7.0,255.0,1
36.0,725.0,0.068,4.0,16.3,13883.0,17600.0,0.0,0.0,2.0,7.0,8500.0,125000.0,39.0,113.0,0
60.0,720.0,0.244,1.0,26.07,9545.0,23500.0,19.0,,2.0,2.0,12200.0,50000.0,100.0,141.0,0
36.0,740.0,0.5,1.0,16.46,3845.0,13700.0,18.0,5.0,0.0,2.0,14000.0,28000.0,184.0,278.0,0
60.0,730.0,0.25,,4.68,,,,,,,15000.0,60000.0,,,0
60.0,700.0,0.25,2.0,28.8,15390.0,8500.0,8.0,3.0,5.0,7.0,15000.0,60000.0,18.0,150.0,0
60.0,685.0,0.4375,1.0,15.0,17208.0,11500.0,8.0,8.0,1.0,5.0,17500.0,40000.0,62.0,232.0,1
60.0,705.0,0.4,6.0,13.08,9416.0,44400.0,2.0,2.0,4.0,7.0,24000.0,60000.0,2.0,248.0,1
60.0,710.0,0.4,3.0,16.19,19478.0,33600.0,17.0,9.0,3.0,4.0,30000.0,75000.0,17.0,235.0,1
36.0,680.0,0.44875,2.0,11.94,1473.0,5000.0,5.0,3.0,0.0,3.0,8975.0,20000.0,96.0,114.0,0
36.0,695.0,0.056818181818181816,7.0,6.92,1860.0,17900.0,2.0,2.0,0.0,2.0,5000.0,88000.0,2.0,77.0,0
36.0,685.0,0.17142857142857143,8.0,37.08,5573.0,5400.0,3.0,0.0,0.0,4.0,8400.0,49000.0,11.0,108.0,0
36.0,695.0,0.244,6.0,7.81,17132.0,7600.0,2.0,1.0,3.0,7.0,24400.0,100000.0,2.0,248.0,1
36.0,700.0,0.16,5.0,5.43,1486.0,31500.0,2.0,2.0,3.0,7.0,12000.0,75000.0,4.0,79.0,0
36.0,725.0,0.21853146853146854,8.0,14.71,1778.0,13200.0,5.0,24.0,0.0,6.0,10000.0,45760.0,5.0,199.0,0
60.0,675.0,0.35,4.0,19.0,13525.0,11900.0,15.0,2.0,1.0,7.0,35000.0,100000.0,72.0,202.0,1
36.0,725.0,0.3207111143460223,1.0,12.99,2575.0,11600.0,9.0,8.0,0.0,6.0,17625.0,54956.0,26.0,64.0,1
60.0,700.0,0.18518518518518517,,9.47,,,,,,,25000.0,135000.0,,,0
36.0,730.0,0.09259259259259259,5.0,3.2,658.0,30600.0,10.0,2.0,0.0,11.0,10000.0,108000.0,21.0,94.0,0
36.0,665.0,0.34615384615384615,5.0,32.84,,8300.0,,0.0,1.0,,9000.0,26000.0,12.0,,0
36.0,705.0,0.224,3.0,18.19,11187.0,18700.0,1.0,1.0,0.0,3.0,11200.0,50000.0,1.0,135.0,0
36.0,665.0,0.10909090909090909,10.0,0.02,9950.0,7500.0,2.0,0.0,4.0,1.0,6000.0,55000.0,7.0,184.0,1
36.0,675.0,0.05454545454545454,3.0,3.03,599.0,750.0,7.0,3.0,0.0,4.0,3000.0,55000.0,30.0,265.0,0
36.0,685.0,0.10638297872340426,5.0,35.19,4881.0,12900.0,3.0,19.0,1.0,3.0,6000.0,56400.0,39.0,41.0,1
60.0,695.0,0.10526315789473684,4.0,18.49,21737.0,38000.0,7.0,12.0,2.0,6.0,14000.0,133000.0,76.0,189.0,1
36.0,660.0,0.05449438202247191,4.0,9.83,1630.0,10900.0,7.0,7.0,0.0,7.0,4850.0,89000.0,7.0,319.0,0
36.0,695.0,0.11612903225806452,10.0,15.66,16632.0,29500.0,7.0,7.0,3.0,8.0,18000.0,155000.0,14.0,236.0,1
60.0,680.0,0.225,9.0,12.12,26531.0,12000.0,4.0,8.0,2.0,6.0,18000.0,80000.0,4.0,131.0,1
60.0,680.0,0.3333333333333333,1.0,6.04,22695.0,12600.0,14.0,14.0,3.0,1.0,20000.0,60000.0,98.0,132.0,1
36.0,740.0,0.14814814814814814,6.0,5.1,4662.0,9000.0,2.0,11.0,0.0,3.0,20000.0,135000.0,2.0,41.0,0
60.0,680.0,0.3684055408193339,7.0,25.25,20407.0,6300.0,6.0,0.0,1.0,2.0,25000.0,67860.0,67.0,123.0,1
36.0,670.0,0.2037037037037037,0.0,12.38,1571.0,12900.0,39.0,,0.0,4.0,11000.0,54000.0,39.0,100.0,0
60.0,670.0,0.15812490964290876,2.0,19.85,7790.0,18400.0,13.0,18.0,3.0,4.0,13125.0,83004.0,135.0,390.0,0
36.0,660.0,0.3076923076923077,4.0,27.99,5547.0,47000.0,3.0,3.0,0.0,8.0,20000.0,65000.0,19.0,120.0,0
36.0,765.0,0.25961538461538464,0.0,19.87,36357.0,16500.0,36.0,21.0,5.0,3.0,13500.0,52000.0,36.0,364.0,0
36.0,675.0,0.05555555555555555,4.0,1.93,37903.0,5200.0,2.0,7.0,2.0,2.0,3000.0,54000.0,2.0,138.0,1
36.0,670.0,0.20833333333333334,9.0,15.4,1414.0,7900.0,5.0,5.0,0.0,12.0,15000.0,72000.0,5.0,45.0,1
36.0,670.0,0.16666666666666666,6.0,16.1,32316.0,7100.0,6.0,6.0,4.0,6.0,10000.0,60000.0,17.0,275.0,1
36.0,720.0,0.16,1.0,13.26,31149.0,44700.0,5.0,1.0,3.0,3.0,20000.0,125000.0,115.0,250.0,1
36.0,685.0,0.2909090909090909,5.0,20.66,4108.0,18400.0,3.0,10.0,0.0,8.0,16000.0,55000.0,17.0,357.0,0
60.0,680.0,0.35982142857142857,0.0,25.33,2931.0,6600.0,25.0,,0.0,4.0,10075.0,28000.0,106.0,128.0,0
36.0,695.0,0.11729166666666667,6.0,14.4,43568.0,10000.0,5.0,1.0,3.0,4.0,14075.0,120000.0,5.0,192.0,1
36.0,700.0,0.22284817799329673,7.0,20.24,3812.0,11000.0,5.0,14.0,0.0,10.0,12500.0,56092.0,5.0,58.0,0
60.0,725.0,0.47954545454545455,10.0,26.92,7414.0,54600.0,4.0,3.0,0.0,5.0,21100.0,44000.0,6.0,183.0,0
36.0,680.0,0.32432432432432434,2.0,8.66,1327.0,17500.0,9.0,9.0,0.0,4.0,12000.0,37000.0,33.0,183.0,0
36.0,705.0,0.155,5.0,14.18,17611.0,2000.0,4.0,19.0,3.0,3.0,7750.0,50000.0,4.0,103.0,0
36.0,715.0,0.19272727272727272,5.0,9.3,4131.0,7600.0,8.0,7.0,0.0,3.0,10600.0,55000.0,23.0,83.0,0
36.0,690.0,0.2,3.0,11.56,23471.0,9100.0,13.0,1.0,2.0,2.0,12000.0,60000.0,13.0,241.0,1
36.0,695.0,0.04390243902439024,3.0,1.99,,31700.0,,0.0,0.0,,1800.0,41000.0,7.0,,0
60.0,695.0,0.425,2.0,27.67,23749.0,16500.0,19.0,,1.0,2.0,18275.0,43000.0,24.0,138.0,1
60.0,670.0,0.35294117647058826,3.0,14.84,26866.0,24700.0,5.0,3.0,8.0,10.0,24000.0,68000.0,17.0,193.0,1
36.0,690.0,0.12121212121212122,7.0,13.49,2609.0,3300.0,10.0,15.0,0.0,3.0,4000.0,33000.0,10.0,278.0,1
36.0,720.0,0.11428571428571428,6.0,15.5,56802.0,9300.0,5.0,0.0,1.0,3.0,8000.0,70000.0,5.0,97.0,1
36.0,730.0,0.425,4.0,21.81,4116.0,23400.0,3.0,4.0,1.0,5.0,17000.0,40000.0,3.0,341.0,0
36.0,660.0,0.14909090909090908,6.0,17.01,3778.0,12700.0,2.0,2.0,0.0,7.0,8200.0,55000.0,13.0,167.0,0
36.0,680.0,0.125,5.0,19.53,12714.0,6000.0,3.0,7.0,2.0,8.0,4500.0,36000.0,8.0,538.0,1
36.0,700.0,0.3,2.0,24.3,7704.0,16400.0,4.0,,0.0,4.0,18000.0,60000.0,14.0,165.0,0
36.0,665.0,0.07142857142857142,8.0,11.25,3613.0,6700.0,2.0,2.0,4.0,5.0,5000.0,70000.0,3.0,218.0,1
36.0,710.0,0.21951219512195122,3.0,3.81,55534.0,17700.0,15.0,0.0,1.0,3.0,18000.0,82000.0,15.0,94.0,1
36.0,660.0,0.28,2.0,26.76,4255.0,1300.0,4.0,4.0,2.0,3.0,8400.0,30000.0,54.0,170.0,0
60.0,725.0,0.156,7.0,13.09,16928.0,79500.0,4.0,4.0,3.0,6.0,19500.0,125000.0,9.0,129.0,1
36.0,660.0,0.26785714285714285,3.0,33.3,14379.0,14100.0,5.0,5.0,5.0,10.0,15000.0,56000.0,24.0,153.0,1
36.0,720.0,0.10277728901467002,2.0,6.04,66018.0,12000.0,15.0,12.0,9.0,3.0,5000.0,48648.88,19.0,441.0,1
36.0,670.0,0.12222222222222222,3.0,17.31,8242.0,3900.0,9.0,9.0,0.0,6.0,5500.0,45000.0,9.0,252.0,0
36.0,675.0,0.3096774193548387,4.0,7.86,12887.0,23600.0,13.0,13.0,0.0,2.0,19200.0,62000.0,26.0,117.0,0
36.0,705.0,0.2777777777777778,2.0,15.15,19565.0,66300.0,16.0,17.0,1.0,8.0,20000.0,72000.0,16.0,262.0,1
60.0,660.0,0.43333333333333335,11.0,36.52,3559.0,10200.0,0.0,0.0,0.0,4.0,13000.0,30000.0,14.0,66.0,0
36.0,660.0,0.047619047619047616,5.0,22.38,8967.0,2700.0,2.0,4.0,2.0,2.0,3000.0,63000.0,11.0,98.0,1
36.0,735.0,0.2857142857142857,,10.74,,,,,,,12000.0,42000.0,,,0
36.0,665.0,0.244375,6.0,18.6,24174.0,9800.0,5.0,8.0,1.0,6.0,9775.0,40000.0,5.0,96.0,1
60.0,690.0,0.15,3.0,33.33,8415.0,3000.0,7.0,,6.0,5.0,12000.0,80000.0,143.0,179.0,0
36.0,795.0,0.05,2.0,5.78,103593.0,0.0,15.0,,1.0,2.0,35000.0,700000.0,,408.0,1
36.0,665.0,0.078125,3.0,1.8,839.0,1000.0,7.0,18.0,0.0,3.0,3125.0,40000.0,22.0,167.0,0
36.0,705.0,0.2,4.0,28.25,4339.0,9400.0,2.0,2.0,1.0,6.0,10000.0,50000.0,21.0,119.0,0
36.0,695.0,0.14754098360655737,2.0,9.52,24809.0,12300.0,7.0,6.0,1.0,5.0,9000.0,61000.0,16.0,194.0,1
36.0,700.0,0.246875,5.0,20.04,15371.0,21700.0,3.0,7.0,3.0,7.0,9875.0,40000.0,3.0,159.0,1
36.0,685.0,0.3409090909090909,5.0,31.04,2934.0,14200.0,2.0,8.0,0.0,15.0,15000.0,44000.0,2.0,147.0,0
36.0,675.0,0.3424657534246575,5.0,13.66,17213.0,24800.0,2.0,2.0,5.0,7.0,25000.0,73000.0,2.0,194.0,1
60.0,680.0,0.43555555555555553,19.0,27.12,5063.0,13400.0,4.0,0.0,3.0,4.0,19600.0,45000.0,9.0,266.0,1
60.0,680.0,0.29508196721311475,1.0,14.97,21217.0,9100.0,8.0,2.0,1.0,3.0,18000.0,61000.0,28.0,184.0,1
36.0,690.0,0.2652072232803723,2.0,10.39,17840.0,18800.0,9.0,,5.0,5.0,11000.0,41477.0,9.0,284.0,1
36.0,675.0,0.07058823529411765,6.0,21.73,4057.0,15000.0,1.0,2.0,0.0,7.0,6000.0,85000.0,30.0,91.0,0
36.0,715.0,0.3994521798676101,2.0,21.09,24589.0,22000.0,17.0,17.0,7.0,3.0,35000.0,87620.0,74.0,215.0,0
36.0,670.0,0.21212121212121213,4.0,16.04,5635.0,44500.0,11.0,21.0,0.0,9.0,28000.0,132000.0,11.0,283.0,0
36.0,660.0,0.06875,8.0,10.43,750.0,1100.0,4.0,4.0,0.0,8.0,3575.0,52000.0,21.0,125.0,0
60.0,685.0,0.3157894736842105,6.0,29.93,26885.0,31700.0,1.0,1.0,2.0,9.0,30000.0,95000.0,1.0,124.0,1
36.0,715.0,0.3181818181818182,7.0,23.15,14961.0,27800.0,3.0,0.0,7.0,12.0,35000.0,110000.0,17.0,465.0,1
36.0,710.0,0.17421875,3.0,12.09,,15700.0,,7.0,0.0,,5575.0,32000.0,7.0,,0
36.0,690.0,0.101171875,7.0,30.17,36159.0,33050.0,7.0,0.0,2.0,7.0,6475.0,64000.0,12.0,229.0,1
36.0,705.0,0.4991935483870968,0.0,12.31,1461.0,21500.0,37.0,,0.0,7.0,15475.0,31000.0,81.0,150.0,0
36.0,680.0,0.12,9.0,25.93,3219.0,10700.0,1.0,1.0,0.0,13.0,3000.0,25000.0,1.0,142.0,1
36.0,725.0,0.16865384615384615,3.0,15.58,37490.0,11500.0,4.0,6.0,4.0,4.0,21925.0,130000.0,72.0,134.0,1
60.0,680.0,0.4,3.0,27.36,11106.0,40600.0,3.0,3.0,0.0,4.0,30000.0,75000.0,11.0,189.0,0
60.0,670.0,0.20224719101123595,6.0,13.62,1374.0,6500.0,2.0,4.0,0.0,9.0,18000.0,89000.0,26.0,83.0,0
36.0,750.0,0.12,3.0,0.0,1313.0,1800.0,9.0,10.0,0.0,0.0,3000.0,25000.0,10.0,77.0,0
36.0,685.0,0.19708333333333333,2.0,9.96,2623.0,18000.0,9.0,,0.0,4.0,11825.0,60000.0,50.0,126.0,0
36.0,695.0,0.17150565262076053,5.0,29.02,11132.0,16200.0,14.0,1.0,3.0,6.0,6675.0,38920.0,48.0,149.0,1
36.0,705.0,0.43992537313432833,5.0,22.82,8891.0,3600.0,11.0,0.0,3.0,3.0,29475.0,67000.0,40.0,254.0,1
36.0,665.0,0.24916943521594684,5.0,22.73,15436.0,19200.0,9.0,9.0,3.0,8.0,15000.0,60200.0,9.0,118.0,1
36.0,665.0,0.339041095890411,6.0,31.57,17025.0,5400.0,4.0,15.0,2.0,2.0,12375.0,36500.0,66.0,90.0,1
36.0,670.0,0.012413793103448275,3.0,10.41,24592.0,3100.0,1.0,1.0,3.0,5.0,1800.0,145000.0,1.0,127.0,1
60.0,670.0,0.2318840579710145,5.0,18.26,12659.0,6600.0,9.0,9.0,1.0,7.0,16000.0,69000.0,9.0,43.0,1
60.0,700.0,0.44,3.0,23.98,13996.0,13800.0,10.0,11.0,5.0,9.0,26400.0,60000.0,39.0,423.0,1
36.0,740.0,0.35,1.0,29.07,8785.0,73000.0,18.0,,0.0,6.0,28000.0,80000.0,18.0,299.0,0
36.0,710.0,0.1111111111111111,1.0,9.66,21959.0,26131.0,21.0,,1.0,8.0,10000.0,90000.0,28.0,112.0,1
36.0,725.0,0.25384615384615383,5.0,20.06,1559.0,14800.0,5.0,,0.0,8.0,9900.0,39000.0,11.0,231.0,0
36.0,680.0,0.3382352941176471,1.0,29.26,2790.0,300.0,19.0,19.0,2.0,4.0,11500.0,34000.0,37.0,66.0,0
60.0,710.0,0.1891891891891892,11.0,14.92,11540.0,11200.0,3.0,3.0,1.0,4.0,28000.0,148000.0,3.0,113.0,1
36.0,680.0,0.201875,2.0,16.71,1486.0,10200.0,8.0,,0.0,5.0,8075.0,40000.0,8.0,64.0,0
36.0,705.0,0.1597222222222222,2.0,9.0,28244.0,26000.0,3.0,3.0,1.0,3.0,8625.0,54000.0,3.0,167.0,1
60.0,665.0,0.24006024096385542,4.0,29.22,18509.0,20000.0,2.0,1.0,4.0,11.0,19925.0,83000.0,11.0,284.0,1
60.0,660.0,0.419758064516129,3.0,14.61,2486.0,13800.0,6.0,9.0,1.0,8.0,26025.0,62000.0,27.0,356.0,1
36.0,660.0,0.42291666666666666,10.0,31.5,1250.0,19500.0,3.0,7.0,1.0,15.0,15225.0,36000.0,9.0,200.0,1
36.0,705.0,0.3867403314917127,3.0,20.98,27925.0,50400.0,9.0,10.0,6.0,7.0,35000.0,90500.0,23.0,134.0,1
36.0,690.0,0.1590909090909091,3.0,15.41,1226.0,25800.0,11.0,,0.0,6.0,7000.0,44000.0,11.0,137.0,0
36.0,675.0,0.2030612244897959,5.0,17.53,10838.0,5500.0,4.0,1.0,1.0,6.0,9950.0,49000.0,6.0,94.0,1
36.0,720.0,0.19230769230769232,1.0,14.74,27601.0,35400.0,9.0,9.0,7.0,5.0,10000.0,52000.0,9.0,215.0,1
36.0,795.0,0.11384615384615385,1.0,19.96,3265.0,19000.0,6.0,,0.0,4.0,7400.0,65000.0,46.0,127.0,0
60.0,730.0,0.24615384615384617,,14.82,,,,,,,16000.0,65000.0,,,0
36.0,695.0,0.125,10.0,11.88,36550.0,2800.0,9.0,15.0,2.0,3.0,10000.0,80000.0,23.0,23.0,1
36.0,660.0,0.21621621621621623,5.0,6.92,1060.0,6500.0,2.0,2.0,9.0,9.0,16000.0,74000.0,14.0,409.0,0
36.0,690.0,0.13333333333333333,9.0,16.08,3748.0,23723.0,1.0,6.0,1.0,7.0,8000.0,60000.0,4.0,223.0,0
36.0,680.0,0.4992857142857143,0.0,19.65,,6800.0,,,0.0,,17475.0,35000.0,26.0,,0
36.0,695.0,0.07088607594936709,10.0,17.87,32473.0,2300.0,1.0,1.0,2.0,6.0,5600.0,79000.0,2.0,127.0,0
60.0,705.0,0.39285714285714285,1.0,26.29,8002.0,13300.0,11.0,,1.0,4.0,16500.0,42000.0,32.0,183.0,1
36.0,665.0,0.08,,17.64,,,,,,,3200.0,40000.0,,,0
36.0,700.0,0.1935483870967742,2.0,15.87,2094.0,27900.0,20.0,20.0,0.0,8.0,6000.0,31000.0,20.0,312.0,0
36.0,675.0,0.1391304347826087,4.0,20.08,14100.0,12000.0,12.0,3.0,7.0,4.0,32000.0,230000.0,52.0,150.0,0
36.0,660.0,0.072,3.0,4.34,813.0,6700.0,6.0,7.0,0.0,6.0,3600.0,50000.0,7.0,171.0,1
60.0,720.0,0.32727272727272727,2.0,19.66,3567.0,37000.0,0.0,0.0,2.0,5.0,18000.0,55000.0,147.0,309.0,0
36.0,660.0,0.19497716894977168,8.0,8.95,19537.0,8800.0,7.0,2.0,1.0,6.0,21350.0,109500.0,7.0,247.0,1
36.0,690.0,0.2,5.0,12.11,14460.0,15800.0,6.0,9.0,2.0,4.0,11000.0,55000.0,10.0,105.0,1
60.0,665.0,0.3,4.0,29.34,1383.0,5300.0,2.0,2.0,0.0,10.0,12000.0,40000.0,22.0,97.0,0
36.0,705.0,0.03125,8.0,22.77,5480.0,16200.0,2.0,3.0,4.0,9.0,2500.0,80000.0,2.0,586.0,1
60.0,725.0,0.2222222222222222,6.0,14.3,3893.0,27600.0,9.0,15.0,7.0,8.0,24000.0,108000.0,9.0,183.0,0
60.0,660.0,0.2862676056338028,4.0,26.02,11676.0,21100.0,6.0,17.0,2.0,8.0,20325.0,71000.0,6.0,142.0,1
36.0,715.0,0.1935483870967742,4.0,26.52,12157.0,25500.0,1.0,1.0,2.0,5.0,6000.0,31000.0,1.0,177.0,1
36.0,665.0,0.19230769230769232,5.0,24.51,2950.0,20700.0,2.0,1.0,0.0,8.0,10000.0,52000.0,2.0,210.0,0
36.0,695.0,0.3199760765550239,20.0,22.67,5613.0,11000.0,3.0,5.0,0.0,7.0,26750.0,83600.0,4.0,111.0,0
36.0,695.0,0.2545454545454545,7.0,28.89,20582.0,15500.0,5.0,6.0,3.0,4.0,14000.0,55000.0,18.0,119.0,1
36.0,715.0,0.12941176470588237,8.0,20.56,25381.0,25500.0,6.0,4.0,3.0,4.0,11000.0,85000.0,6.0,149.0,1
36.0,670.0,0.2,5.0,8.14,21667.0,14300.0,11.0,11.0,3.0,4.0,12000.0,60000.0,11.0,139.0,1
36.0,660.0,0.1411764705882353,4.0,16.24,10936.0,15600.0,4.0,4.0,1.0,7.0,4800.0,34000.0,40.0,90.0,1
36.0,690.0,0.05384615384615385,8.0,27.15,21681.0,73807.0,3.0,3.0,4.0,11.0,7000.0,130000.0,12.0,214.0,1
36.0,660.0,0.203125,7.0,12.34,755.0,3300.0,1.0,1.0,0.0,3.0,6500.0,32000.0,22.0,46.0,0
36.0,720.0,0.15,6.0,25.58,9140.0,22500.0,6.0,7.0,5.0,6.0,10500.0,70000.0,19.0,217.0,1
60.0,675.0,0.34575757575757576,9.0,21.13,7068.0,26300.0,1.0,3.0,2.0,5.0,28525.0,82500.0,4.0,379.0,1
36.0,660.0,0.2222222222222222,2.0,11.15,1376.0,5200.0,9.0,9.0,0.0,8.0,10000.0,45000.0,70.0,165.0,0
36.0,700.0,0.10377358490566038,1.0,6.28,26793.0,9300.0,21.0,0.0,1.0,5.0,11000.0,106000.0,21.0,111.0,1
36.0,690.0,0.22580645161290322,,14.73,,,,,,,14000.0,62000.0,,,0
36.0,680.0,0.10632183908045977,2.0,12.18,3713.0,21200.0,8.0,,2.0,7.0,9250.0,87000.0,58.0,230.0,1
60.0,685.0,0.4471428571428571,1.0,14.85,36898.0,5000.0,21.0,4.0,5.0,1.0,31300.0,70000.0,28.0,253.0,1
36.0,665.0,0.1949317738791423,1.0,14.46,6133.0,33000.0,13.0,,2.0,5.0,20000.0,102600.0,127.0,293.0,0
36.0,670.0,0.17567567567567569,4.0,23.94,677.0,5200.0,6.0,6.0,0.0,5.0,6500.0,37000.0,30.0,102.0,0
36.0,665.0,0.2360576923076923,5.0,18.65,31759.0,5000.0,9.0,1.0,1.0,6.0,12275.0,52000.0,9.0,41.0,1
36.0,685.0,0.18181818181818182,3.0,14.85,17666.0,49500.0,18.0,7.0,2.0,11.0,20000.0,110000.0,29.0,246.0,1
36.0,680.0,0.13333333333333333,12.0,9.9,10790.0,6500.0,1.0,1.0,1.0,5.0,8000.0,60000.0,3.0,105.0,1
36.0,670.0,0.05853658536585366,4.0,24.73,4478.0,1200.0,20.0,,0.0,5.0,2400.0,41000.0,40.0,96.0,0
36.0,715.0,0.0661764705882353,8.0,10.52,13339.0,5800.0,4.0,8.0,2.0,5.0,4500.0,68000.0,8.0,353.0,1
36.0,705.0,0.14,5.0,15.02,28693.0,49342.0,8.0,13.0,7.0,5.0,21000.0,150000.0,28.0,335.0,1
36.0,670.0,0.16247129673757635,4.0,12.39,30275.0,12500.0,1.0,2.0,2.0,4.0,15000.0,92324.0,1.0,250.0,1
36.0,705.0,0.10526315789473684,0.0,15.36,3418.0,10300.0,31.0,,0.0,4.0,10000.0,95000.0,31.0,97.0,0
36.0,660.0,0.2608695652173913,6.0,21.45,5757.0,11500.0,5.0,11.0,2.0,4.0,12000.0,46000.0,5.0,126.0,0
60.0,680.0,0.3670886075949367,2.0,22.8,21447.0,5100.0,6.0,4.0,3.0,2.0,29000.0,79000.0,32.0,139.0,1
36.0,725.0,0.18044287900222306,3.0,10.44,69854.0,38000.0,4.0,3.0,1.0,3.0,25000.0,138548.0,24.0,172.0,1
36.0,665.0,0.125,2.0,11.61,5819.0,0.0,2.0,18.0,0.0,3.0,5000.0,40000.0,,119.0,0
36.0,660.0,0.18181818181818182,4.0,29.06,6082.0,15800.0,7.0,8.0,2.0,2.0,10000.0,55000.0,38.0,146.0,0
36.0,685.0,0.3665987780040733,9.0,18.38,6407.0,18500.0,5.0,6.0,0.0,9.0,18000.0,49100.0,8.0,153.0,0
36.0,670.0,0.3058823529411765,5.0,11.18,1838.0,13000.0,3.0,7.0,2.0,6.0,13000.0,42500.0,3.0,135.0,0
36.0,675.0,0.41460225708780624,2.0,22.33,950.0,12800.0,5.0,1.0,2.0,8.0,6025.0,14532.0,5.0,344.0,0
36.0,755.0,0.11230402946857733,6.0,23.88,3043.0,60100.0,8.0,6.0,0.0,3.0,5000.0,44522.0,8.0,119.0,0
60.0,730.0,0.38461538461538464,0.0,15.4,19394.0,48400.0,57.0,11.0,3.0,5.0,25000.0,65000.0,74.0,454.0,1
36.0,725.0,0.38642857142857145,,26.73,,,,,,,27050.0,70000.0,,,1
36.0,745.0,0.19047619047619047,0.0,15.81,14473.0,37800.0,36.0,20.0,2.0,3.0,20000.0,105000.0,57.0,123.0,0
60.0,690.0,0.36923076923076925,6.0,16.2,12895.0,23100.0,1.0,1.0,2.0,6.0,24000.0,65000.0,47.0,110.0,1
60.0,705.0,0.2916666666666667,,16.48,,,,,,,35000.0,120000.0,,,0
36.0,680.0,0.21428571428571427,2.0,7.22,2359.0,31000.0,2.0,,0.0,5.0,15000.0,70000.0,9.0,177.0,0
36.0,665.0,0.019230769230769232,7.0,32.08,6118.0,2100.0,2.0,1.0,0.0,6.0,1000.0,52000.0,12.0,103.0,0
36.0,705.0,0.09722222222222222,8.0,19.45,27148.0,46000.0,7.0,1.0,2.0,11.0,35000.0,360000.0,7.0,365.0,1
60.0,710.0,0.5,4.0,23.78,8701.0,500.0,17.0,3.0,0.0,2.0,30000.0,60000.0,39.0,131.0,1
60.0,690.0,0.26666666666666666,2.0,28.03,6035.0,23400.0,13.0,14.0,1.0,7.0,20000.0,75000.0,44.0,132.0,0
36.0,750.0,0.25,,2.37,,,,,,,9000.0,36000.0,,,0
36.0,690.0,0.14916666666666667,7.0,20.04,5419.0,14700.0,9.0,11.0,2.0,8.0,8950.0,60000.0,15.0,177.0,1
60.0,685.0,0.311,,21.96,,,,,,,15550.0,50000.0,,,0
36.0,660.0,0.11677529484792054,5.0,20.52,13925.0,4900.0,1.0,1.0,1.0,6.0,7525.0,64440.0,1.0,103.0,1
60.0,675.0,0.2191780821917808,8.0,22.08,5903.0,1200.0,1.0,21.0,0.0,4.0,16000.0,73000.0,42.0,163.0,0
36.0,720.0,0.10980392156862745,,13.07,,,,,,,11200.0,102000.0,,,1
36.0,715.0,0.06993006993006994,1.0,12.67,16353.0,11500.0,18.0,1.0,1.0,3.0,6000.0,85800.0,34.0,169.0,1
36.0,695.0,0.06666666666666667,2.0,3.03,3811.0,23100.0,14.0,14.0,0.0,11.0,28000.0,420000.0,14.0,144.0,0
36.0,695.0,0.10526315789473684,0.0,24.57,,1500.0,,,0.0,,2000.0,19000.0,58.0,,0
36.0,670.0,0.3804347826086957,7.0,9.76,2087.0,8600.0,1.0,1.0,0.0,5.0,35000.0,92000.0,2.0,378.0,0
36.0,660.0,0.09333333333333334,1.0,5.46,1600.0,14200.0,24.0,,0.0,7.0,7000.0,75000.0,24.0,247.0,0
60.0,680.0,0.2966101694915254,1.0,16.17,30962.0,71300.0,14.0,16.0,4.0,7.0,35000.0,118000.0,28.0,322.0,1
36.0,680.0,0.5,3.0,4.84,8450.0,45100.0,3.0,24.0,3.0,6.0,34000.0,68000.0,3.0,222.0,1
60.0,670.0,0.07777777777777778,11.0,12.54,13189.0,118300.0,1.0,1.0,5.0,19.0,35000.0,450000.0,1.0,407.0,0
36.0,670.0,0.11363636363636363,0.0,5.25,78502.0,22100.0,78.0,3.0,2.0,2.0,6000.0,52800.0,210.0,211.0,1
36.0,730.0,0.2857142857142857,7.0,37.18,1783.0,24900.0,5.0,16.0,0.0,10.0,10000.0,35000.0,16.0,360.0,0
36.0,740.0,0.23568896598536843,4.0,33.4,1668.0,33100.0,7.0,24.0,1.0,8.0,6250.0,26518.0,15.0,686.0,0
36.0,660.0,0.2697495183044316,2.0,22.01,5612.0,25900.0,9.0,,0.0,3.0,14000.0,51900.0,80.0,332.0,0
36.0,695.0,0.1152,10.0,29.53,5723.0,25900.0,2.0,3.0,3.0,11.0,14400.0,125000.0,2.0,297.0,1
36.0,665.0,0.09630681818181819,6.0,13.21,19392.0,2500.0,3.0,3.0,1.0,4.0,8475.0,88000.0,3.0,219.0,1
60.0,675.0,0.3963235294117647,3.0,26.69,6914.0,3000.0,7.0,13.0,0.0,3.0,13475.0,34000.0,7.0,159.0,1
60.0,735.0,0.36923076923076925,3.0,13.42,2859.0,9100.0,10.0,12.0,0.0,2.0,24000.0,65000.0,24.0,182.0,0
36.0,665.0,0.08080808080808081,0.0,28.74,18491.0,30600.0,27.0,7.0,4.0,5.0,8000.0,99000.0,35.0,152.0,1
36.0,680.0,0.23076923076923078,3.0,18.15,1720.0,14400.0,9.0,,0.0,10.0,15000.0,65000.0,31.0,151.0,0
60.0,715.0,0.15,3.0,13.85,41084.0,33000.0,19.0,6.0,9.0,6.0,30000.0,200000.0,22.0,173.0,1
36.0,715.0,0.09090909090909091,3.0,3.35,1851.0,33800.0,3.0,1.0,2.0,5.0,10000.0,110000.0,3.0,151.0,0
36.0,680.0,0.11440993078199188,5.0,18.4,4340.0,4100.0,1.0,21.0,2.0,4.0,8000.0,69924.0,24.0,228.0,0
36.0,695.0,0.12444444444444444,4.0,13.08,3142.0,9500.0,4.0,9.0,0.0,4.0,11200.0,90000.0,4.0,92.0,0
36.0,675.0,0.044444444444444446,2.0,11.05,4163.0,3400.0,13.0,5.0,0.0,7.0,8000.0,180000.0,13.0,215.0,0
36.0,680.0,0.13513513513513514,3.0,21.62,15684.0,5900.0,10.0,0.0,1.0,14.0,20000.0,148000.0,28.0,171.0,1
36.0,680.0,0.08,6.0,23.76,2283.0,19100.0,3.0,15.0,1.0,8.0,4800.0,60000.0,15.0,138.0,0
36.0,745.0,0.1,4.0,25.02,10220.0,0.0,7.0,15.0,4.0,3.0,6000.0,60000.0,,176.0,1
36.0,665.0,0.3125,5.0,7.07,1599.0,12340.0,15.0,1.0,1.0,5.0,20000.0,64000.0,15.0,344.0,1
36.0,725.0,0.19230769230769232,,16.4,,,,,,,25000.0,130000.0,,,1
36.0,705.0,0.07848266841072596,1.0,1.88,930.0,23100.0,4.0,4.0,3.0,3.0,6000.0,76450.0,4.0,338.0,0
36.0,685.0,0.3383333333333333,6.0,24.04,19831.0,8200.0,2.0,2.0,3.0,6.0,20300.0,60000.0,3.0,232.0,1
36.0,670.0,0.01904761904761905,1.0,8.2,44198.0,5200.0,22.0,21.0,6.0,2.0,4000.0,210000.0,22.0,410.0,0
36.0,705.0,0.07692307692307693,4.0,11.43,5407.0,9700.0,3.0,3.0,1.0,5.0,10000.0,130000.0,3.0,105.0,0
60.0,710.0,0.23529411764705882,5.0,17.34,21204.0,24000.0,7.0,1.0,3.0,12.0,20000.0,85000.0,19.0,274.0,1
36.0,665.0,0.09047619047619047,6.0,14.72,5922.0,9000.0,6.0,4.0,3.0,4.0,9500.0,105000.0,7.0,326.0,0
60.0,700.0,0.25,8.0,29.91,19610.0,36200.0,9.0,8.0,3.0,6.0,20000.0,80000.0,11.0,176.0,1
36.0,695.0,0.13636363636363635,5.0,15.68,47941.0,19800.0,5.0,6.0,3.0,6.0,15000.0,110000.0,23.0,175.0,1
60.0,710.0,0.29954545454545456,7.0,30.36,44206.0,15400.0,8.0,9.0,2.0,3.0,32950.0,110000.0,21.0,187.0,0
36.0,685.0,0.46,5.0,36.27,2421.0,14000.0,8.0,12.0,0.0,3.0,18400.0,40000.0,27.0,60.0,0
60.0,685.0,0.29605263157894735,6.0,9.6,18456.0,51000.0,6.0,1.0,4.0,10.0,22500.0,76000.0,6.0,207.0,1
36.0,660.0,0.21,13.0,32.19,5208.0,4500.0,1.0,1.0,3.0,4.0,8400.0,40000.0,11.0,165.0,1
60.0,740.0,0.31248437578121097,,15.52,,,,,,,25000.0,80004.0,,,0
36.0,665.0,0.15384615384615385,5.0,36.0,6972.0,9700.0,3.0,3.0,0.0,8.0,12000.0,78000.0,17.0,212.0,0
36.0,660.0,0.27586206896551724,9.0,8.24,527.0,6600.0,1.0,1.0,4.0,6.0,8000.0,29000.0,1.0,252.0,0
60.0,720.0,0.17857142857142858,6.0,32.93,10550.0,43500.0,6.0,0.0,5.0,8.0,12500.0,70000.0,6.0,310.0,1
36.0,745.0,0.08,11.0,17.81,2866.0,33100.0,1.0,11.0,0.0,4.0,6000.0,75000.0,21.0,126.0,0
60.0,685.0,0.35555555555555557,5.0,17.68,9598.0,29800.0,4.0,0.0,1.0,5.0,16000.0,45000.0,4.0,103.0,1
36.0,660.0,0.2857142857142857,4.0,23.67,1113.0,6100.0,4.0,4.0,0.0,8.0,10000.0,35000.0,5.0,269.0,0
36.0,680.0,0.23944954128440368,7.0,34.3,5767.0,15300.0,11.0,11.0,0.0,4.0,13050.0,54500.0,11.0,173.0,0
36.0,665.0,0.05,4.0,22.26,4131.0,27500.0,4.0,,0.0,12.0,4000.0,80000.0,4.0,148.0,0
36.0,685.0,0.12,3.0,7.85,770.0,43300.0,20.0,,0.0,5.0,6000.0,50000.0,22.0,335.0,0
60.0,760.0,0.27692307692307694,6.0,26.02,5032.0,15300.0,8.0,,0.0,1.0,18000.0,65000.0,13.0,207.0,0
36.0,690.0,0.05384615384615385,3.0,1.62,48403.0,7500.0,1.0,1.0,2.0,5.0,7000.0,130000.0,42.0,218.0,0
36.0,720.0,0.11201218692593755,5.0,39.77,8306.0,46600.0,6.0,2.0,3.0,17.0,5000.0,44638.0,23.0,251.0,1
36.0,745.0,0.04292929292929293,2.0,20.58,4723.0,11300.0,7.0,,0.0,5.0,2125.0,49500.0,7.0,106.0,0
60.0,700.0,0.15822784810126583,3.0,15.29,27116.0,23200.0,8.0,1.0,6.0,8.0,25000.0,158000.0,8.0,229.0,1
36.0,665.0,0.23809523809523808,10.0,31.14,3712.0,4300.0,2.0,12.0,0.0,6.0,10000.0,42000.0,22.0,125.0,0
36.0,700.0,0.13714285714285715,4.0,10.69,2231.0,37400.0,4.0,2.0,0.0,7.0,9600.0,70000.0,4.0,231.0,0
36.0,680.0,0.29411764705882354,8.0,11.31,2994.0,14100.0,1.0,1.0,8.0,6.0,30000.0,102000.0,21.0,121.0,1
60.0,690.0,0.43333333333333335,4.0,27.68,13270.0,22900.0,6.0,6.0,1.0,6.0,13000.0,30000.0,25.0,99.0,1
36.0,690.0,0.16,2.0,18.66,38428.0,59200.0,6.0,8.0,4.0,5.0,24000.0,150000.0,31.0,168.0,1
60.0,680.0,0.36,5.0,25.71,2213.0,6900.0,1.0,1.0,0.0,1.0,16200.0,45000.0,3.0,179.0,0
60.0,665.0,0.21990291262135922,9.0,16.87,9925.0,4200.0,2.0,1.0,0.0,4.0,11325.0,51500.0,13.0,62.0,0
36.0,665.0,0.1111111111111111,4.0,16.03,1837.0,16300.0,7.0,6.0,0.0,7.0,4000.0,36000.0,9.0,60.0,0
36.0,695.0,0.11290322580645161,5.0,19.07,2287.0,6000.0,3.0,3.0,1.0,5.0,7000.0,62000.0,6.0,199.0,0
36.0,670.0,0.10989010989010989,7.0,21.47,25992.0,11000.0,4.0,2.0,6.0,7.0,10000.0,91000.0,19.0,210.0,1
60.0,675.0,0.27122641509433965,3.0,22.19,1345.0,2500.0,8.0,1.0,0.0,6.0,14375.0,53000.0,46.0,136.0,0
36.0,670.0,0.26666666666666666,7.0,6.36,1087.0,3000.0,2.0,20.0,0.0,3.0,8000.0,30000.0,2.0,51.0,0
60.0,680.0,0.2,8.0,32.26,3454.0,5300.0,6.0,14.0,0.0,9.0,12000.0,60000.0,14.0,160.0,0
36.0,685.0,0.034239305352972996,7.0,34.94,11070.0,55300.0,1.0,6.0,4.0,19.0,5000.0,146031.0,27.0,276.0,1
36.0,705.0,0.2578125,7.0,24.3,8336.0,13100.0,3.0,2.0,4.0,8.0,16500.0,64000.0,18.0,223.0,1
36.0,675.0,0.3,2.0,13.08,11220.0,2800.0,3.0,3.0,1.0,7.0,9000.0,30000.0,107.0,118.0,1
36.0,695.0,0.20869565217391303,4.0,20.16,11667.0,27500.0,4.0,4.0,8.0,3.0,24000.0,115000.0,19.0,312.0,0
36.0,660.0,0.26175213675213677,1.0,18.25,4928.0,13800.0,13.0,13.0,4.0,7.0,14700.0,56160.0,126.0,158.0,0
36.0,705.0,0.16810725242704846,3.0,17.15,6165.0,4600.0,10.0,19.0,0.0,5.0,24000.0,142766.0,88.0,316.0,0
36.0,720.0,0.21052631578947367,4.0,18.95,25906.0,17300.0,11.0,9.0,1.0,3.0,8000.0,38000.0,18.0,127.0,1
36.0,705.0,0.13953488372093023,3.0,24.25,12227.0,12600.0,8.0,8.0,1.0,2.0,6000.0,43000.0,8.0,96.0,1
60.0,720.0,0.2112676056338028,3.0,14.53,9835.0,19000.0,13.0,18.0,0.0,4.0,30000.0,142000.0,25.0,66.0,0
36.0,665.0,0.10860121633362294,3.0,19.0,1898.0,22100.0,9.0,14.0,0.0,7.0,4000.0,36832.0,20.0,261.0,0
36.0,710.0,0.125,2.0,15.09,4021.0,41900.0,17.0,0.0,3.0,5.0,15000.0,120000.0,31.0,195.0,0
36.0,720.0,0.135,,10.89,,,,,,,5400.0,40000.0,,,0
36.0,690.0,0.15384615384615385,9.0,16.46,1465.0,21000.0,5.0,5.0,0.0,6.0,6000.0,39000.0,6.0,130.0,0
36.0,660.0,0.21875,5.0,27.94,2615.0,5750.0,3.0,3.0,0.0,6.0,7000.0,32000.0,3.0,92.0,0
36.0,740.0,0.06521739130434782,2.0,15.46,12008.0,2200.0,21.0,3.0,2.0,2.0,6000.0,92000.0,92.0,139.0,1
60.0,660.0,0.23809523809523808,1.0,19.96,13605.0,14200.0,21.0,,1.0,6.0,15000.0,63000.0,21.0,130.0,0
36.0,680.0,0.09375,1.0,18.25,2083.0,22900.0,2.0,2.0,0.0,17.0,9000.0,96000.0,81.0,350.0,0
36.0,715.0,0.05721153846153846,3.0,3.73,56557.0,9900.0,9.0,,1.0,3.0,2975.0,52000.0,12.0,149.0,1
36.0,695.0,0.020689655172413793,7.0,17.48,23528.0,32400.0,5.0,10.0,4.0,7.0,3000.0,145000.0,8.0,182.0,1
36.0,680.0,0.10212765957446808,9.0,13.69,4426.0,51600.0,6.0,1.0,2.0,7.0,12000.0,117500.0,6.0,175.0,0
36.0,670.0,0.30434782608695654,4.0,15.47,5459.0,57000.0,12.0,1.0,1.0,4.0,35000.0,115000.0,12.0,104.0,1
36.0,670.0,0.25,5.0,23.66,6017.0,5600.0,4.0,5.0,1.0,8.0,11500.0,46000.0,44.0,67.0,1
36.0,720.0,0.1298,5.0,19.25,34577.0,34800.0,2.0,3.0,5.0,8.0,32450.0,250000.0,53.0,566.0,1
36.0,695.0,0.15217391304347827,1.0,19.46,69398.0,29800.0,20.0,1.0,0.0,3.0,35000.0,230000.0,54.0,118.0,0
36.0,705.0,0.1,1.0,14.66,34028.0,400.0,8.0,8.0,2.0,2.0,6000.0,60000.0,162.0,197.0,1
36.0,685.0,0.2412280701754386,8.0,17.2,18250.0,8800.0,4.0,8.0,1.0,5.0,13750.0,57000.0,4.0,41.0,1
60.0,705.0,0.5574771857521342,3.0,19.04,3079.0,0.0,3.0,3.0,1.0,2.0,15150.0,27176.0,,80.0,1
60.0,690.0,0.23645320197044334,4.0,12.56,38527.0,3000.0,1.0,1.0,9.0,4.0,12000.0,50750.0,7.0,150.0,1
36.0,665.0,0.07386363636363637,5.0,4.16,11981.0,11700.0,2.0,5.0,5.0,2.0,6500.0,88000.0,12.0,207.0,1
36.0,685.0,0.35833333333333334,1.0,12.76,19677.0,17500.0,18.0,,1.0,6.0,15050.0,42000.0,38.0,128.0,1
60.0,690.0,0.29094435689174447,13.0,24.38,10524.0,13900.0,5.0,16.0,1.0,11.0,16800.0,57743.0,5.0,38.0,1
36.0,660.0,0.2,8.0,12.4,2215.0,13800.0,3.0,1.0,0.0,5.0,8400.0,42000.0,3.0,57.0,0
36.0,780.0,0.2962962962962963,3.0,13.0,4461.0,9900.0,3.0,18.0,0.0,4.0,16000.0,54000.0,53.0,187.0,0
36.0,670.0,0.1,3.0,14.66,19373.0,12800.0,7.0,0.0,1.0,4.0,6500.0,65000.0,43.0,76.0,1
36.0,705.0,0.05052631578947368,7.0,14.13,33391.0,9100.0,8.0,2.0,3.0,3.0,4800.0,95000.0,9.0,137.0,1
36.0,670.0,0.08333333333333333,3.0,11.7,6061.0,4500.0,6.0,9.0,0.0,3.0,5000.0,60000.0,19.0,141.0,0
36.0,660.0,0.1346153846153846,3.0,10.39,7215.0,8100.0,8.0,,0.0,4.0,7000.0,52000.0,35.0,408.0,0
36.0,670.0,0.325,5.0,19.2,13355.0,15000.0,3.0,3.0,1.0,5.0,13000.0,40000.0,4.0,148.0,1
36.0,685.0,0.32,4.0,20.45,5364.0,17400.0,8.0,,0.0,5.0,16000.0,50000.0,12.0,156.0,0
36.0,705.0,0.031818181818181815,4.0,19.67,25373.0,3000.0,1.0,1.0,3.0,1.0,3500.0,110000.0,1.0,225.0,1
60.0,675.0,0.15,10.0,7.25,12217.0,5900.0,3.0,3.0,4.0,11.0,10200.0,68000.0,4.0,114.0,1
60.0,675.0,0.4817567567567568,3.0,35.87,12279.0,20300.0,19.0,19.0,3.0,5.0,17825.0,37000.0,59.0,108.0,1
36.0,700.0,0.1,4.0,1.29,1367.0,10100.0,12.0,18.0,0.0,2.0,12000.0,120000.0,18.0,60.0,0
36.0,740.0,0.21845238095238095,5.0,34.91,10590.0,17100.0,4.0,15.0,2.0,2.0,9175.0,42000.0,79.0,136.0,1
36.0,725.0,0.21818181818181817,2.0,9.73,2575.0,27900.0,6.0,22.0,0.0,3.0,12000.0,55000.0,6.0,77.0,0
60.0,700.0,0.21978021978021978,7.0,6.21,55427.0,11300.0,4.0,0.0,5.0,4.0,20000.0,91000.0,14.0,161.0,1
36.0,735.0,0.19722222222222222,4.0,7.93,5951.0,39400.0,1.0,4.0,0.0,4.0,7100.0,36000.0,1.0,101.0,0
36.0,680.0,0.16842105263157894,1.0,16.39,13433.0,10000.0,23.0,0.0,2.0,4.0,6400.0,38000.0,23.0,140.0,1
36.0,750.0,0.23255813953488372,3.0,28.16,14085.0,92100.0,4.0,5.0,6.0,5.0,20000.0,86000.0,41.0,190.0,1
36.0,685.0,0.35714285714285715,4.0,30.34,5812.0,21100.0,4.0,4.0,0.0,7.0,20000.0,56000.0,56.0,233.0,0
36.0,745.0,0.06060606060606061,6.0,11.59,11615.0,38532.0,3.0,0.0,4.0,9.0,7200.0,118800.0,3.0,218.0,1
36.0,675.0,0.5,0.0,24.66,18468.0,30600.0,35.0,,2.0,6.0,28000.0,56000.0,107.0,546.0,1
36.0,690.0,0.1873536299765808,3.0,16.67,2025.0,4400.0,8.0,8.0,0.0,2.0,8000.0,42700.0,8.0,94.0,0
36.0,665.0,0.12903225806451613,4.0,9.49,3225.0,7200.0,2.0,6.0,0.0,3.0,8000.0,62000.0,2.0,67.0,0
36.0,725.0,0.09057971014492754,4.0,13.58,60349.0,50000.0,2.0,0.0,10.0,4.0,25000.0,276000.0,14.0,328.0,1
36.0,680.0,0.1421875,11.0,36.48,30738.0,1300.0,5.0,5.0,4.0,4.0,11375.0,80000.0,19.0,217.0,1
36.0,700.0,0.048,6.0,16.94,14705.0,3700.0,4.0,,2.0,3.0,3000.0,62500.0,14.0,129.0,1
36.0,705.0,0.24619840695148443,3.0,26.03,41419.0,66200.0,3.0,0.0,2.0,6.0,34000.0,138100.0,10.0,206.0,1
36.0,810.0,0.2777777777777778,,11.3,,,,,,,10000.0,36000.0,,,1
36.0,685.0,0.0641025641025641,6.0,12.28,2166.0,0.0,5.0,3.0,0.0,2.0,2500.0,39000.0,,94.0,0
36.0,715.0,0.14325279342947186,,16.35,,,,,,,12000.0,83768.0,,,1
36.0,670.0,0.22954545454545455,1.0,11.85,1050.0,7200.0,11.0,,0.0,9.0,7575.0,33000.0,52.0,73.0,0
36.0,660.0,0.10666666666666667,9.0,20.99,5792.0,7000.0,4.0,5.0,1.0,5.0,12800.0,120000.0,4.0,394.0,0
60.0,660.0,0.15692307692307692,8.0,17.28,12912.0,7200.0,12.0,0.0,1.0,5.0,10200.0,65000.0,12.0,35.0,1
36.0,765.0,0.2222222222222222,0.0,7.17,2020.0,19800.0,45.0,,0.0,2.0,10000.0,45000.0,45.0,279.0,0
60.0,680.0,0.15384615384615385,6.0,14.02,11208.0,12900.0,6.0,3.0,0.0,6.0,20000.0,130000.0,35.0,316.0,0
36.0,700.0,0.05405405405405406,4.0,6.26,1701.0,17600.0,7.0,11.0,0.0,5.0,4000.0,74000.0,8.0,236.0,0
36.0,660.0,0.10849056603773585,3.0,5.52,,1300.0,,8.0,0.0,,4600.0,42400.0,63.0,,0
36.0,680.0,0.2,6.0,17.37,2323.0,20100.0,8.0,8.0,0.0,8.0,12000.0,60000.0,12.0,162.0,0
36.0,740.0,0.26666666666666666,2.0,16.27,1049.0,25400.0,7.0,19.0,0.0,6.0,12000.0,45000.0,7.0,105.0,0
36.0,705.0,0.14285714285714285,0.0,25.72,4851.0,14100.0,29.0,16.0,0.0,5.0,10000.0,70000.0,44.0,163.0,0
36.0,760.0,0.14835164835164835,3.0,15.69,20657.0,27000.0,4.0,15.0,4.0,4.0,13500.0,91000.0,32.0,173.0,1
36.0,695.0,0.21818181818181817,3.0,26.05,30935.0,5000.0,7.0,3.0,4.0,3.0,12000.0,55000.0,46.0,136.0,1
36.0,685.0,0.18352941176470589,5.0,20.16,21056.0,13700.0,2.0,2.0,3.0,6.0,15600.0,85000.0,35.0,125.0,1
36.0,750.0,0.24485498463534972,3.0,24.71,16610.0,40000.0,2.0,2.0,4.0,6.0,20000.0,81681.0,2.0,219.0,1
36.0,675.0,0.21770833333333334,5.0,34.22,11348.0,21100.0,7.0,9.0,1.0,7.0,26125.0,120000.0,32.0,255.0,0
36.0,670.0,0.1388888888888889,2.0,15.9,1562.0,26100.0,1.0,22.0,0.0,12.0,10000.0,72000.0,1.0,64.0,0
36.0,780.0,0.1111111111111111,6.0,28.58,3474.0,24100.0,6.0,5.0,6.0,4.0,5000.0,45000.0,102.0,459.0,0
36.0,710.0,0.04132231404958678,1.0,12.84,9371.0,26000.0,8.0,5.0,0.0,3.0,5000.0,121000.0,38.0,134.0,1
36.0,700.0,0.1736111111111111,4.0,27.36,26796.0,60000.0,3.0,2.0,6.0,12.0,20000.0,115200.0,27.0,398.0,1
36.0,690.0,0.2564102564102564,12.0,21.05,1537.0,19700.0,1.0,2.0,0.0,10.0,12000.0,46800.0,1.0,219.0,0
60.0,660.0,0.17142857142857143,2.0,4.49,22592.0,6500.0,15.0,8.0,2.0,5.0,12000.0,70000.0,45.0,223.0,1
36.0,660.0,0.3469387755102041,6.0,34.12,4012.0,5700.0,4.0,4.0,2.0,4.0,17000.0,49000.0,4.0,142.0,1
36.0,685.0,0.23333333333333334,4.0,30.64,4299.0,5200.0,0.0,0.0,0.0,6.0,7000.0,30000.0,17.0,128.0,0
36.0,710.0,0.3923611111111111,6.0,12.27,13495.0,9700.0,1.0,1.0,1.0,5.0,14125.0,36000.0,1.0,95.0,1
36.0,710.0,0.14705882352941177,1.0,3.99,3074.0,18100.0,2.0,,0.0,4.0,10000.0,68000.0,2.0,78.0,0
36.0,710.0,0.17692307692307693,3.0,12.81,31012.0,500.0,8.0,9.0,1.0,4.0,9200.0,52000.0,109.0,120.0,1
36.0,680.0,0.2,4.0,18.34,2233.0,6600.0,11.0,1.0,0.0,5.0,10000.0,50000.0,15.0,79.0,0
60.0,700.0,0.18518518518518517,1.0,21.57,8899.0,26500.0,2.0,2.0,0.0,5.0,25000.0,135000.0,32.0,127.0,0
36.0,680.0,0.08343373493975903,2.0,10.29,42266.0,11300.0,9.0,2.0,0.0,2.0,6925.0,83000.0,42.0,137.0,0
60.0,685.0,0.35923076923076924,6.0,14.47,14667.0,21600.0,7.0,3.0,4.0,8.0,23350.0,65000.0,11.0,167.0,1
36.0,665.0,0.1673525377229081,4.0,17.14,8800.0,9000.0,8.0,8.0,2.0,5.0,12200.0,72900.0,47.0,118.0,1
36.0,710.0,0.178491744756805,4.0,27.23,19532.0,14700.0,6.0,7.0,4.0,3.0,8000.0,44820.0,166.0,256.0,1
36.0,695.0,0.19965772960638906,6.0,2.8,4151.0,12400.0,1.0,1.0,3.0,3.0,8400.0,42072.0,1.0,155.0,1
36.0,760.0,0.34,,1.73,,,,,,,8500.0,25000.0,,,0
36.0,675.0,0.3055555555555556,3.0,15.73,11499.0,24300.0,2.0,14.0,0.0,6.0,11000.0,36000.0,13.0,157.0,0
36.0,675.0,0.08333333333333333,2.0,9.86,32402.0,5500.0,1.0,1.0,2.0,3.0,5000.0,60000.0,63.0,135.0,1
36.0,680.0,0.13548387096774195,6.0,25.13,14723.0,8600.0,3.0,11.0,1.0,7.0,8400.0,62000.0,3.0,106.0,1
36.0,670.0,0.2857142857142857,3.0,15.37,2423.0,7800.0,7.0,2.0,2.0,5.0,12000.0,42000.0,7.0,368.0,0
36.0,685.0,0.42105263157894735,8.0,26.73,5890.0,14600.0,6.0,0.0,1.0,7.0,20000.0,47500.0,15.0,179.0,1
36.0,670.0,0.07309644670050762,,8.58,,,,,,,7200.0,98500.0,,,0
36.0,680.0,0.3225806451612903,0.0,22.84,11304.0,36800.0,34.0,,3.0,6.0,20000.0,62000.0,34.0,331.0,1
36.0,675.0,0.1062992125984252,7.0,11.76,9271.0,14000.0,3.0,3.0,4.0,4.0,13500.0,127000.0,11.0,419.0,1
36.0,660.0,0.04,5.0,5.65,36808.0,7600.0,1.0,2.0,8.0,5.0,5000.0,125000.0,4.0,360.0,1
36.0,690.0,0.3409090909090909,9.0,16.18,1572.0,16600.0,3.0,2.0,0.0,6.0,15000.0,44000.0,3.0,157.0,0
36.0,670.0,0.13333333333333333,3.0,15.16,4301.0,3950.0,13.0,0.0,0.0,3.0,4000.0,30000.0,13.0,224.0,0
36.0,705.0,0.15,6.0,25.17,13470.0,3400.0,4.0,4.0,1.0,4.0,6000.0,40000.0,5.0,160.0,1
36.0,690.0,0.29411764705882354,2.0,24.73,4453.0,15500.0,10.0,21.0,0.0,5.0,15000.0,51000.0,38.0,144.0,0
36.0,670.0,0.24742268041237114,5.0,32.94,14869.0,64800.0,7.0,10.0,1.0,19.0,24000.0,97000.0,16.0,184.0,1
36.0,695.0,0.08,5.0,20.85,7279.0,17200.0,6.0,0.0,1.0,8.0,7200.0,90000.0,44.0,115.0,1
60.0,690.0,0.44,4.0,20.49,15466.0,9700.0,6.0,10.0,0.0,4.0,24200.0,55000.0,28.0,100.0,0
36.0,675.0,0.10588235294117647,10.0,38.23,8589.0,36400.0,7.0,5.0,3.0,26.0,9000.0,85000.0,16.0,305.0,1
60.0,730.0,0.3968253968253968,2.0,9.63,1748.0,38900.0,21.0,23.0,2.0,2.0,30000.0,75600.0,21.0,277.0,0
36.0,720.0,0.32,7.0,27.77,6557.0,37000.0,9.0,7.0,2.0,7.0,32000.0,100000.0,14.0,450.0,0
36.0,785.0,0.3508771929824561,4.0,10.6,7480.0,88600.0,10.0,13.0,3.0,4.0,20000.0,57000.0,32.0,297.0,1
36.0,690.0,0.08035714285714286,3.0,14.57,16240.0,19500.0,2.0,18.0,6.0,5.0,9000.0,112000.0,96.0,176.0,1
36.0,710.0,0.2631578947368421,8.0,17.21,1549.0,16200.0,6.0,6.0,0.0,5.0,10000.0,38000.0,11.0,152.0,0
36.0,670.0,0.246875,2.0,22.37,6524.0,2400.0,8.0,1.0,0.0,4.0,9875.0,40000.0,49.0,73.0,0
36.0,730.0,0.24509803921568626,10.0,9.5,567.0,26300.0,7.0,11.0,0.0,9.0,10000.0,40800.0,7.0,120.0,0
60.0,720.0,0.437,3.0,23.78,19963.0,22700.0,4.0,22.0,6.0,3.0,21850.0,50000.0,34.0,184.0,1
36.0,695.0,0.03333333333333333,4.0,17.43,8973.0,36000.0,2.0,1.0,0.0,5.0,8000.0,240000.0,16.0,195.0,0
36.0,680.0,0.09448351262704659,4.0,13.47,18889.0,4300.0,9.0,3.0,0.0,2.0,4200.0,44452.2,41.0,94.0,0
60.0,720.0,0.049937578027465665,,2.28,,,,,,,16000.0,320400.0,,,0
60.0,685.0,0.2891566265060241,9.0,23.42,18834.0,30400.0,4.0,4.0,2.0,9.0,24000.0,83000.0,17.0,142.0,1
36.0,700.0,0.06260869565217392,5.0,9.36,4271.0,11000.0,3.0,0.0,11.0,7.0,7200.0,115000.0,3.0,195.0,0
36.0,725.0,0.3333333333333333,,22.98,,,,,,,18000.0,54000.0,,,0
36.0,675.0,0.075,5.0,31.14,4681.0,2000.0,3.0,3.0,0.0,2.0,3000.0,40000.0,69.0,69.0,0
36.0,665.0,0.13333333333333333,10.0,18.74,1461.0,8300.0,3.0,3.0,0.0,8.0,8000.0,60000.0,16.0,198.0,0
36.0,750.0,0.32558139534883723,6.0,26.44,26839.0,43600.0,4.0,6.0,7.0,1.0,21000.0,64500.0,133.0,141.0,1
36.0,660.0,0.24,4.0,18.38,823.0,13900.0,9.0,12.0,0.0,14.0,12000.0,50000.0,12.0,212.0,0
36.0,715.0,0.19035532994923857,0.0,6.17,34844.0,24900.0,33.0,13.0,2.0,5.0,15000.0,78800.0,33.0,293.0,1
36.0,695.0,0.10108810108810108,5.0,15.33,12409.0,14500.0,4.0,2.0,1.0,6.0,7200.0,71225.0,4.0,144.0,1
60.0,700.0,0.23333333333333334,8.0,13.18,2350.0,12300.0,7.0,4.0,1.0,7.0,14000.0,60000.0,8.0,239.0,0
36.0,665.0,0.19160172602563277,8.0,31.03,16057.0,20000.0,1.0,10.0,0.0,3.0,11900.0,62108.0,12.0,114.0,0
36.0,660.0,0.25,12.0,26.54,8384.0,4300.0,2.0,2.0,3.0,11.0,15000.0,60000.0,14.0,476.0,1
36.0,705.0,0.22432432432432434,4.0,24.68,6681.0,8700.0,6.0,6.0,0.0,2.0,8300.0,37000.0,6.0,76.0,0
36.0,680.0,0.27,8.0,24.72,1567.0,10100.0,6.0,0.0,0.0,7.0,6750.0,25000.0,6.0,77.0,0
60.0,715.0,0.30120481927710846,0.0,17.44,9435.0,52200.0,28.0,,3.0,5.0,25000.0,83000.0,68.0,212.0,1
60.0,740.0,0.48,2.0,27.8,7700.0,53500.0,5.0,11.0,6.0,2.0,24000.0,50000.0,28.0,316.0,1
36.0,715.0,0.14709302325581394,5.0,7.76,,4500.0,,2.0,0.0,,6325.0,43000.0,2.0,,0
36.0,675.0,0.03636363636363636,5.0,18.87,8471.0,12000.0,2.0,1.0,1.0,5.0,2000.0,55000.0,53.0,157.0,0
36.0,745.0,0.24342105263157895,3.0,14.24,24351.0,41800.0,22.0,,3.0,5.0,18500.0,76000.0,22.0,156.0,1
60.0,685.0,0.3448275862068966,7.0,23.63,11236.0,15600.0,9.0,0.0,1.0,11.0,20000.0,58000.0,9.0,136.0,1
36.0,725.0,0.17647058823529413,3.0,15.96,20894.0,22700.0,3.0,15.0,1.0,5.0,12000.0,68000.0,3.0,116.0,0
36.0,710.0,0.19353932584269662,4.0,22.02,15543.0,22800.0,5.0,6.0,2.0,8.0,17225.0,89000.0,76.0,357.0,1
36.0,750.0,0.24691358024691357,8.0,1.69,17597.0,32300.0,2.0,2.0,3.0,4.0,20000.0,81000.0,2.0,132.0,1
36.0,760.0,0.40540540540540543,4.0,33.57,3395.0,63300.0,2.0,14.0,0.0,5.0,15000.0,37000.0,2.0,245.0,0
36.0,695.0,0.24489795918367346,5.0,24.52,,7000.0,,,0.0,,12000.0,49000.0,83.0,,0
36.0,660.0,0.075,2.0,18.52,2605.0,2700.0,1.0,1.0,4.0,4.0,3000.0,40000.0,58.0,273.0,0
36.0,680.0,0.32,5.0,32.59,1874.0,6300.0,9.0,13.0,0.0,6.0,6400.0,20000.0,11.0,99.0,0
36.0,705.0,0.46875,2.0,30.83,5849.0,19400.0,12.0,5.0,1.0,5.0,15000.0,32000.0,12.0,131.0,0
60.0,700.0,0.24545454545454545,4.0,17.21,6949.0,7700.0,2.0,1.0,0.0,4.0,10800.0,44000.0,49.0,179.0,0
60.0,705.0,0.06153846153846154,12.0,25.06,5273.0,4800.0,4.0,4.0,0.0,3.0,6000.0,97500.0,7.0,158.0,0
60.0,785.0,0.3888888888888889,2.0,17.63,17490.0,76700.0,12.0,16.0,1.0,8.0,35000.0,90000.0,29.0,371.0,1
36.0,735.0,0.05555555555555555,7.0,7.31,1000.0,6800.0,4.0,6.0,1.0,4.0,3000.0,54000.0,48.0,130.0,0
60.0,750.0,0.3048780487804878,7.0,18.59,19337.0,8000.0,3.0,1.0,2.0,3.0,25000.0,82000.0,38.0,150.0,1
36.0,660.0,0.3,2.0,21.61,46709.0,0.0,5.0,,1.0,1.0,12000.0,40000.0,,158.0,1
60.0,660.0,0.2,,4.92,,,,,,,12000.0,60000.0,,,0
36.0,700.0,0.2261904761904762,2.0,10.07,9512.0,13200.0,22.0,5.0,0.0,3.0,19000.0,84000.0,82.0,152.0,0
60.0,725.0,0.3411764705882353,2.0,27.84,5738.0,13800.0,8.0,2.0,0.0,7.0,29000.0,85000.0,33.0,97.0,0
36.0,685.0,0.4495192307692308,4.0,26.17,7872.0,18200.0,10.0,13.0,0.0,4.0,18700.0,41600.0,10.0,249.0,0
60.0,675.0,0.204,3.0,7.92,15648.0,28300.0,5.0,7.0,3.0,3.0,10200.0,50000.0,27.0,214.0,1
36.0,675.0,0.1125,3.0,3.57,471.0,39400.0,2.0,,0.0,8.0,9000.0,80000.0,2.0,382.0,0
36.0,665.0,0.24,8.0,12.16,2391.0,13500.0,2.0,2.0,0.0,3.0,7200.0,30000.0,2.0,119.0,0
36.0,675.0,0.07627118644067797,7.0,5.73,3640.0,6600.0,2.0,8.0,0.0,9.0,9000.0,118000.0,21.0,205.0,0
60.0,660.0,0.42,5.0,34.69,3311.0,4000.0,6.0,20.0,0.0,2.0,10500.0,25000.0,38.0,51.0,1
36.0,665.0,0.2490566037735849,4.0,15.65,2165.0,23100.0,0.0,0.0,0.0,8.0,13200.0,53000.0,0.0,161.0,1
36.0,685.0,0.15873015873015872,1.0,10.0,3951.0,15000.0,11.0,,0.0,4.0,10000.0,63000.0,11.0,149.0,0
60.0,715.0,0.19811320754716982,4.0,24.34,31136.0,21800.0,4.0,,3.0,4.0,21000.0,106000.0,56.0,209.0,1
36.0,680.0,0.4452702702702703,0.0,30.94,6711.0,42500.0,77.0,,3.0,5.0,16475.0,37000.0,77.0,290.0,1
36.0,680.0,0.05714285714285714,6.0,16.83,13614.0,42300.0,5.0,3.0,4.0,12.0,6000.0,105000.0,7.0,180.0,1
36.0,685.0,0.2,3.0,26.5,33566.0,5000.0,5.0,1.0,1.0,2.0,9600.0,48000.0,5.0,121.0,1
60.0,730.0,0.2805263157894737,9.0,7.93,17134.0,39000.0,2.0,1.0,3.0,6.0,26650.0,95000.0,2.0,206.0,0
36.0,735.0,0.1411764705882353,4.0,19.43,26871.0,27900.0,5.0,9.0,1.0,5.0,12000.0,85000.0,5.0,149.0,0
36.0,665.0,0.2631578947368421,5.0,9.98,949.0,13800.0,7.0,2.0,0.0,6.0,10000.0,38000.0,7.0,114.0,0
36.0,665.0,0.3975,2.0,14.72,2243.0,6400.0,2.0,3.0,6.0,8.0,23850.0,60000.0,2.0,427.0,0
36.0,725.0,0.21428571428571427,4.0,9.07,1412.0,23800.0,6.0,16.0,0.0,4.0,15000.0,70000.0,16.0,174.0,1
36.0,760.0,0.19230769230769232,11.0,13.71,12490.0,89900.0,1.0,12.0,5.0,11.0,15000.0,78000.0,1.0,436.0,1
60.0,660.0,0.2857142857142857,5.0,23.21,2999.0,12300.0,4.0,16.0,0.0,4.0,10000.0,35000.0,31.0,91.0,0
36.0,665.0,0.4703488372093023,7.0,16.75,25998.0,5000.0,1.0,2.0,4.0,2.0,20225.0,43000.0,21.0,129.0,1
36.0,705.0,0.10526315789473684,2.0,21.57,23286.0,20500.0,5.0,5.0,1.0,5.0,6000.0,57000.0,67.0,73.0,1
36.0,725.0,0.23684210526315788,4.0,19.8,9173.0,4500.0,7.0,13.0,0.0,3.0,9000.0,38000.0,7.0,153.0,1
36.0,720.0,0.06944444444444445,7.0,6.62,1033.0,17600.0,2.0,2.0,0.0,8.0,5000.0,72000.0,2.0,62.0,0
36.0,750.0,0.11666666666666667,7.0,12.61,39619.0,100800.0,1.0,6.0,6.0,8.0,21000.0,180000.0,1.0,243.0,1
36.0,665.0,0.10416666666666667,2.0,19.69,3171.0,9100.0,5.0,6.0,0.0,7.0,6000.0,57600.0,8.0,104.0,0
36.0,735.0,0.16842105263157894,7.0,20.17,16163.0,27500.0,4.0,14.0,9.0,8.0,16000.0,95000.0,10.0,213.0,1
36.0,670.0,0.25925925925925924,1.0,19.97,3722.0,9900.0,1.0,10.0,5.0,3.0,21000.0,81000.0,108.0,180.0,0
36.0,665.0,0.06179775280898876,10.0,9.31,3644.0,7600.0,1.0,1.0,0.0,7.0,5500.0,89000.0,1.0,86.0,0
36.0,725.0,0.2,3.0,3.12,854.0,5700.0,13.0,18.0,0.0,2.0,6000.0,30000.0,13.0,65.0,0
60.0,685.0,0.26261904761904764,8.0,16.59,3994.0,23100.0,7.0,7.0,2.0,8.0,27575.0,105000.0,18.0,194.0,0
36.0,720.0,0.2,3.0,6.31,3107.0,29500.0,21.0,6.0,0.0,3.0,10000.0,50000.0,21.0,143.0,0
36.0,735.0,0.05144694533762058,4.0,3.14,28814.0,31000.0,2.0,2.0,5.0,2.0,16000.0,311000.0,2.0,175.0,1
36.0,710.0,0.3888888888888889,7.0,30.96,6664.0,73800.0,7.0,2.0,0.0,17.0,35000.0,90000.0,7.0,240.0,1
36.0,710.0,0.375,4.0,19.53,2192.0,25900.0,8.0,1.0,0.0,8.0,15000.0,40000.0,8.0,222.0,0
36.0,710.0,0.056179775280898875,4.0,14.24,28253.0,23800.0,10.0,16.0,6.0,7.0,5000.0,89000.0,17.0,326.0,0
36.0,695.0,0.14705882352941177,7.0,20.52,3351.0,11900.0,2.0,12.0,2.0,4.0,8000.0,54400.0,2.0,133.0,0
60.0,695.0,0.2,8.0,15.78,26533.0,18000.0,2.0,3.0,1.0,6.0,16000.0,80000.0,4.0,194.0,1
36.0,700.0,0.13333333333333333,1.0,16.24,2839.0,7600.0,18.0,,0.0,3.0,6000.0,45000.0,18.0,73.0,0
36.0,670.0,0.25,9.0,10.18,34544.0,13800.0,4.0,6.0,4.0,4.0,15000.0,60000.0,16.0,94.0,1
36.0,680.0,0.30612244897959184,5.0,20.08,3898.0,16600.0,16.0,16.0,0.0,4.0,15000.0,49000.0,39.0,200.0,0
60.0,660.0,0.39215686274509803,2.0,33.15,11069.0,16600.0,15.0,14.0,1.0,3.0,20000.0,51000.0,31.0,170.0,0
36.0,670.0,0.14516129032258066,12.0,31.67,12813.0,6900.0,2.0,2.0,3.0,7.0,9000.0,62000.0,2.0,201.0,1
36.0,720.0,0.053763440860215055,1.0,28.3,28746.0,59400.0,13.0,0.0,3.0,4.0,5000.0,93000.0,131.0,316.0,0
60.0,725.0,0.2979310344827586,13.0,19.81,12242.0,39600.0,2.0,4.0,6.0,4.0,21600.0,72500.0,3.0,203.0,1
36.0,685.0,0.07692307692307693,12.0,18.74,21106.0,3800.0,5.0,1.0,1.0,3.0,5000.0,65000.0,8.0,39.0,1
60.0,790.0,0.25833333333333336,0.0,0.5,,15835.0,,,0.0,,9300.0,36000.0,28.0,,0
36.0,715.0,0.135,3.0,10.88,40081.0,43600.0,16.0,16.0,4.0,6.0,27000.0,200000.0,16.0,234.0,1
36.0,740.0,0.08333333333333333,2.0,12.42,36549.0,26000.0,6.0,0.0,2.0,2.0,5000.0,60000.0,6.0,176.0,0
36.0,660.0,0.29411764705882354,2.0,5.65,39998.0,20300.0,14.0,0.0,4.0,2.0,15000.0,51000.0,38.0,271.0,1
36.0,700.0,0.12,2.0,19.6,5797.0,8700.0,3.0,7.0,0.0,3.0,3600.0,30000.0,3.0,107.0,0
36.0,710.0,0.14545454545454545,6.0,15.93,7624.0,23800.0,6.0,2.0,2.0,8.0,16000.0,110000.0,12.0,300.0,0
36.0,660.0,0.36,0.0,32.0,4511.0,17100.0,28.0,2.0,5.0,5.0,18000.0,50000.0,99.0,250.0,0
36.0,660.0,0.36,2.0,17.28,11783.0,20200.0,12.0,5.0,2.0,8.0,18900.0,52500.0,12.0,176.0,1
36.0,740.0,0.08545965083628372,1.0,18.06,80087.0,11800.0,18.0,23.0,3.0,3.0,8400.0,98292.0,43.0,237.0,0
36.0,675.0,0.12903225806451613,9.0,16.32,12364.0,22600.0,8.0,8.0,2.0,11.0,12000.0,93000.0,8.0,166.0,1
36.0,710.0,0.23255813953488372,0.0,15.03,5643.0,10600.0,31.0,,3.0,3.0,20000.0,86000.0,77.0,166.0,1
36.0,660.0,0.05434782608695652,11.0,27.41,17160.0,9900.0,1.0,0.0,3.0,13.0,7000.0,128800.0,3.0,226.0,1
60.0,720.0,0.11538461538461539,6.0,25.85,14502.0,24800.0,4.0,5.0,3.0,7.0,12000.0,104000.0,47.0,114.0,1
60.0,660.0,0.3157894736842105,5.0,15.77,2885.0,9800.0,8.0,11.0,0.0,8.0,24000.0,76000.0,12.0,55.0,0
36.0,785.0,0.11,1.0,0.89,97364.0,46800.0,7.0,7.0,2.0,2.0,16500.0,150000.0,27.0,219.0,1
36.0,685.0,0.2777777777777778,3.0,10.76,1268.0,15400.0,4.0,0.0,0.0,5.0,5000.0,18000.0,4.0,57.0,0
60.0,735.0,0.36065573770491804,,20.83,,,,,,,22000.0,61000.0,,,1
36.0,675.0,0.15384615384615385,11.0,31.84,1705.0,5500.0,5.0,14.0,0.0,9.0,7000.0,45500.0,14.0,333.0,0
36.0,660.0,0.041666666666666664,7.0,27.88,9677.0,5400.0,8.0,1.0,2.0,11.0,3000.0,72000.0,16.0,197.0,1
36.0,775.0,0.06922650913789921,,1.68,,,,,,,9000.0,130008.0,,,1
60.0,690.0,0.36,2.0,17.28,4643.0,15900.0,5.0,2.0,0.0,4.0,23400.0,65000.0,87.0,237.0,0
36.0,725.0,0.041666666666666664,,20.73,,,,,,,2250.0,54000.0,,,1
60.0,675.0,0.11789473684210526,8.0,15.49,2851.0,16500.0,1.0,1.0,1.0,10.0,11200.0,95000.0,3.0,310.0,1
36.0,705.0,0.25925925925925924,4.0,11.86,28081.0,42400.0,2.0,0.0,5.0,6.0,35000.0,135000.0,3.0,143.0,1
36.0,660.0,0.35714285714285715,3.0,9.26,2610.0,17300.0,7.0,8.0,0.0,4.0,15000.0,42000.0,7.0,99.0,0
60.0,660.0,0.3784722222222222,8.0,23.63,24839.0,15600.0,3.0,2.0,3.0,13.0,27250.0,72000.0,8.0,172.0,1
36.0,785.0,0.26666666666666666,3.0,1.33,44.0,20500.0,9.0,9.0,0.0,2.0,12000.0,45000.0,9.0,140.0,0
36.0,705.0,0.16,0.0,12.85,2561.0,11800.0,39.0,18.0,0.0,2.0,12000.0,75000.0,39.0,243.0,0
60.0,695.0,0.2692307692307692,0.0,21.39,34216.0,18800.0,39.0,22.0,6.0,6.0,35000.0,130000.0,49.0,138.0,1
36.0,685.0,0.13793103448275862,3.0,11.94,27560.0,9500.0,11.0,2.0,6.0,4.0,8000.0,58000.0,19.0,113.0,1
36.0,685.0,0.15914351851851852,1.0,6.88,1109.0,4100.0,24.0,,0.0,5.0,5500.0,34560.0,24.0,125.0,0
60.0,690.0,0.45454545454545453,6.0,13.8,1290.0,28700.0,3.0,16.0,0.0,4.0,10000.0,22000.0,3.0,209.0,0
36.0,695.0,0.31746031746031744,7.0,15.96,10532.0,32900.0,2.0,5.0,3.0,11.0,20000.0,63000.0,14.0,320.0,1
36.0,670.0,0.23076923076923078,2.0,20.08,10882.0,14600.0,5.0,10.0,1.0,5.0,15000.0,65000.0,22.0,125.0,1
36.0,665.0,0.11009174311926606,4.0,8.35,53496.0,14500.0,4.0,6.0,2.0,6.0,12000.0,109000.0,4.0,502.0,1
36.0,720.0,0.1608108108108108,2.0,10.02,7136.0,1000.0,12.0,14.0,0.0,1.0,5950.0,37000.0,12.0,73.0,0
60.0,690.0,0.31666666666666665,1.0,6.3,2234.0,7900.0,22.0,,0.0,4.0,19000.0,60000.0,22.0,79.0,0
36.0,670.0,0.1736111111111111,3.0,7.33,911.0,7000.0,6.0,14.0,0.0,2.0,5000.0,28800.0,14.0,122.0,0
36.0,735.0,0.038461538461538464,6.0,21.68,5270.0,49500.0,7.0,7.0,0.0,6.0,2500.0,65000.0,10.0,254.0,1
36.0,720.0,0.45929457962274733,0.0,37.67,6882.0,24300.0,55.0,,0.0,3.0,13100.0,28522.0,104.0,183.0,0
36.0,750.0,0.09333333333333334,2.0,14.41,50585.0,21000.0,5.0,,3.0,3.0,28000.0,300000.0,48.0,292.0,1
36.0,675.0,0.23961661341853036,2.0,13.54,6826.0,25000.0,8.0,8.0,0.0,3.0,15000.0,62600.0,8.0,75.0,0
36.0,675.0,0.11363636363636363,5.0,18.34,3675.0,10500.0,3.0,3.0,3.0,7.0,10000.0,88000.0,3.0,202.0,0
36.0,680.0,0.28776978417266186,3.0,25.05,5350.0,22500.0,1.0,0.0,0.0,7.0,28000.0,97300.0,1.0,90.0,1
36.0,725.0,0.17161764705882354,3.0,14.49,9265.0,14000.0,8.0,4.0,2.0,12.0,29175.0,170000.0,13.0,158.0,1
60.0,675.0,0.2127659574468085,5.0,17.38,21949.0,9100.0,13.0,13.0,2.0,6.0,20000.0,94000.0,70.0,147.0,1
60.0,700.0,0.20833333333333334,7.0,14.61,42568.0,22800.0,4.0,0.0,6.0,5.0,25000.0,120000.0,10.0,172.0,1
36.0,710.0,0.25,4.0,19.55,1376.0,9000.0,2.0,4.0,0.0,1.0,6000.0,24000.0,2.0,41.0,0
36.0,755.0,0.17857142857142858,5.0,12.64,55023.0,58600.0,3.0,14.0,4.0,5.0,25000.0,140000.0,3.0,114.0,0
36.0,690.0,0.36,4.0,13.83,17711.0,6800.0,13.0,0.0,0.0,5.0,14400.0,40000.0,13.0,128.0,0
36.0,735.0,0.21818181818181817,4.0,5.83,858.0,21600.0,6.0,0.0,0.0,4.0,12000.0,55000.0,6.0,95.0,0
36.0,725.0,0.19047619047619047,4.0,11.04,36519.0,41100.0,1.0,0.0,4.0,6.0,20000.0,105000.0,99.0,140.0,1
36.0,685.0,0.20481927710843373,2.0,7.71,35963.0,26194.0,8.0,8.0,3.0,6.0,17000.0,83000.0,77.0,228.0,1
36.0,680.0,0.06666666666666667,9.0,4.88,403.0,8000.0,3.0,3.0,0.0,10.0,5000.0,75000.0,3.0,256.0,0
36.0,660.0,0.2916666666666667,6.0,21.69,34538.0,20000.0,10.0,0.0,5.0,3.0,35000.0,120000.0,26.0,161.0,1
36.0,710.0,0.13,6.0,11.52,1761.0,9600.0,3.0,4.0,0.0,3.0,6500.0,50000.0,3.0,105.0,0
36.0,710.0,0.16363636363636364,3.0,18.78,6540.0,4000.0,4.0,6.0,0.0,6.0,18000.0,110000.0,105.0,138.0,0
36.0,690.0,0.168,5.0,8.74,1077.0,5500.0,10.0,10.0,0.0,3.0,8400.0,50000.0,10.0,121.0,0
36.0,675.0,0.4235294117647059,3.0,30.49,3444.0,21000.0,0.0,,0.0,3.0,18000.0,42500.0,18.0,58.0,0
60.0,700.0,0.11320754716981132,15.0,26.92,19101.0,28400.0,5.0,9.0,2.0,5.0,12000.0,106000.0,5.0,162.0,1
36.0,695.0,0.1509433962264151,2.0,6.16,1966.0,4800.0,5.0,18.0,3.0,5.0,4000.0,26500.0,5.0,129.0,0
36.0,660.0,0.252,11.0,21.32,9983.0,28900.0,3.0,3.0,1.0,9.0,12600.0,50000.0,4.0,188.0,1
36.0,690.0,0.1225114854517611,4.0,13.38,2875.0,3900.0,8.0,6.0,0.0,5.0,8000.0,65300.0,11.0,302.0,0
36.0,790.0,0.3333333333333333,7.0,33.18,5854.0,103500.0,3.0,3.0,5.0,16.0,16000.0,48000.0,5.0,507.0,1
36.0,680.0,0.21390374331550802,0.0,5.13,1835.0,5300.0,29.0,8.0,0.0,3.0,8000.0,37400.0,35.0,81.0,0
60.0,665.0,0.39891304347826084,1.0,31.1,10586.0,26200.0,23.0,10.0,1.0,3.0,18350.0,46000.0,70.0,179.0,1
36.0,665.0,0.135,4.0,7.5,26726.0,16000.0,5.0,5.0,1.0,3.0,13500.0,100000.0,29.0,143.0,1
36.0,715.0,0.19,0.0,29.7,10829.0,41500.0,28.0,,0.0,6.0,28500.0,150000.0,28.0,222.0,0
36.0,710.0,0.08163265306122448,4.0,19.57,13868.0,6400.0,17.0,18.0,5.0,5.0,8000.0,98000.0,54.0,158.0,1
60.0,690.0,0.3424657534246575,9.0,19.03,2491.0,66600.0,6.0,21.0,1.0,7.0,20000.0,58400.0,8.0,113.0,1
60.0,670.0,0.26,5.0,19.92,3761.0,7000.0,10.0,12.0,0.0,4.0,13000.0,50000.0,12.0,170.0,0
36.0,675.0,0.2247191011235955,5.0,12.68,1789.0,32200.0,3.0,12.0,0.0,15.0,20000.0,89000.0,3.0,301.0,0
36.0,670.0,0.21782178217821782,4.0,7.97,1234.0,34500.0,1.0,2.0,0.0,10.0,22000.0,101000.0,1.0,144.0,0
36.0,660.0,0.18,5.0,14.0,2519.0,4450.0,4.0,1.0,4.0,5.0,10800.0,60000.0,8.0,372.0,1
36.0,765.0,0.08849557522123894,4.0,20.87,8269.0,30700.0,2.0,2.0,1.0,5.0,10000.0,113000.0,26.0,104.0,1
36.0,675.0,0.39473684210526316,9.0,16.8,17334.0,6600.0,5.0,1.0,6.0,6.0,15000.0,38000.0,16.0,186.0,1
36.0,705.0,0.12121212121212122,2.0,23.38,12386.0,60400.0,19.0,4.0,4.0,6.0,11200.0,92400.0,36.0,209.0,1
36.0,680.0,0.3,5.0,21.42,5517.0,14100.0,2.0,1.0,0.0,3.0,12000.0,40000.0,8.0,102.0,0
60.0,785.0,0.175,,4.79,,,,,,,21000.0,120000.0,,,0
36.0,680.0,0.34375,1.0,17.67,711.0,11400.0,8.0,,1.0,4.0,11000.0,32000.0,8.0,131.0,0
36.0,725.0,0.2708333333333333,8.0,6.5,168.0,4400.0,8.0,18.0,0.0,5.0,6500.0,24000.0,8.0,63.0,0
60.0,725.0,0.2,,23.9,,,,,,,12000.0,60000.0,,,1
36.0,740.0,0.15666666666666668,0.0,11.56,11546.0,21800.0,29.0,5.0,5.0,2.0,9400.0,60000.0,29.0,215.0,0
36.0,665.0,0.2905982905982906,4.0,27.38,2956.0,14900.0,11.0,0.0,0.0,9.0,17000.0,58500.0,11.0,82.0,0
36.0,680.0,0.16393442622950818,2.0,19.6,5056.0,19500.0,14.0,4.0,1.0,6.0,20000.0,122000.0,14.0,260.0,0
36.0,675.0,0.041666666666666664,3.0,13.12,2920.0,2000.0,3.0,3.0,0.0,5.0,2500.0,60000.0,73.0,95.0,0
36.0,680.0,0.45454545454545453,5.0,39.85,2483.0,23200.0,10.0,10.0,0.0,9.0,10000.0,22000.0,10.0,94.0,0
36.0,680.0,0.2,1.0,14.96,86683.0,29100.0,15.0,19.0,7.0,6.0,30000.0,150000.0,62.0,361.0,1
36.0,695.0,0.1875,8.0,15.79,14020.0,31800.0,5.0,3.0,2.0,6.0,12000.0,64000.0,5.0,83.0,0
36.0,720.0,0.23076923076923078,2.0,18.21,26144.0,16800.0,2.0,20.0,1.0,4.0,12000.0,52000.0,24.0,159.0,1
36.0,670.0,0.1643835616438356,5.0,22.2,3007.0,4500.0,3.0,,0.0,5.0,6000.0,36500.0,12.0,47.0,0
36.0,720.0,0.2952194804137145,5.0,21.21,12184.0,17500.0,13.0,1.0,2.0,5.0,14500.0,49116.0,23.0,253.0,1
36.0,705.0,0.057462686567164176,3.0,13.51,20779.0,5000.0,7.0,,1.0,4.0,3850.0,67000.0,127.0,401.0,1
36.0,680.0,0.09387755102040816,3.0,33.51,3014.0,300.0,7.0,2.0,0.0,3.0,2300.0,24500.0,8.0,91.0,0
36.0,710.0,0.22413793103448276,3.0,22.33,4091.0,14100.0,3.0,19.0,0.0,7.0,13000.0,58000.0,26.0,130.0,0
36.0,665.0,0.4,4.0,22.6,2366.0,11700.0,2.0,2.0,0.0,2.0,12000.0,30000.0,4.0,172.0,0
36.0,680.0,0.2191780821917808,4.0,11.0,23406.0,16400.0,5.0,12.0,4.0,6.0,16000.0,73000.0,17.0,151.0,1
60.0,755.0,0.36253776435045315,3.0,22.38,5606.0,63000.0,2.0,4.0,0.0,4.0,30000.0,82750.0,15.0,110.0,0
36.0,665.0,0.12828947368421054,6.0,22.22,13829.0,0.0,2.0,0.0,5.0,8.0,9750.0,76000.0,,253.0,1
36.0,670.0,0.03864734299516908,0.0,32.01,3313.0,2900.0,25.0,24.0,0.0,5.0,1200.0,31050.0,68.0,192.0,0
60.0,660.0,0.27450980392156865,5.0,26.64,9216.0,7800.0,3.0,3.0,0.0,9.0,14000.0,51000.0,14.0,113.0,0
36.0,680.0,0.17777777777777778,1.0,34.59,16681.0,21300.0,12.0,6.0,0.0,2.0,8000.0,45000.0,12.0,143.0,0
36.0,725.0,0.07368421052631578,8.0,25.09,60256.0,25000.0,7.0,0.0,7.0,4.0,14000.0,190000.0,23.0,232.0,0
60.0,720.0,0.1896551724137931,2.0,10.42,58815.0,2500.0,14.0,8.0,2.0,3.0,16500.0,87000.0,93.0,173.0,0
36.0,660.0,0.2246671597633136,6.0,35.03,5270.0,22100.0,3.0,,2.0,8.0,6075.0,27040.0,3.0,137.0,1
60.0,715.0,0.3333333333333333,1.0,16.14,34380.0,28000.0,8.0,8.0,4.0,3.0,35000.0,105000.0,31.0,293.0,0
60.0,740.0,0.3081584961865386,3.0,22.34,9821.0,11500.0,14.0,1.0,1.0,4.0,24000.0,77882.0,15.0,200.0,1
36.0,685.0,0.36363636363636365,3.0,20.15,2867.0,6300.0,6.0,8.0,0.0,5.0,12000.0,33000.0,91.0,107.0,0
36.0,680.0,0.45,3.0,20.29,6144.0,0.0,8.0,8.0,1.0,3.0,9450.0,21000.0,,172.0,1
36.0,680.0,0.1,4.0,20.1,3950.0,36700.0,11.0,11.0,0.0,10.0,8000.0,80000.0,11.0,217.0,0
36.0,755.0,0.23809523809523808,,0.0,,,,,,,4000.0,16800.0,,,0
36.0,760.0,0.04348771472059143,8.0,17.16,32133.0,13300.0,2.0,10.0,4.0,5.0,8000.0,183960.0,2.0,245.0,1
36.0,675.0,0.07272727272727272,4.0,19.02,6458.0,45000.0,3.0,,0.0,6.0,8000.0,110000.0,5.0,277.0,0
36.0,660.0,0.17142857142857143,8.0,16.06,3338.0,9000.0,6.0,6.0,0.0,10.0,12000.0,70000.0,7.0,78.0,0
36.0,675.0,0.18518518518518517,4.0,23.42,2737.0,8800.0,3.0,0.0,1.0,8.0,10000.0,54000.0,3.0,101.0,0
60.0,665.0,0.17,3.0,12.63,3088.0,16600.0,10.0,8.0,0.0,4.0,10200.0,60000.0,10.0,156.0,0
60.0,710.0,0.20689655172413793,8.0,18.83,30231.0,58700.0,7.0,7.0,4.0,5.0,30000.0,145000.0,13.0,265.0,1
36.0,685.0,0.11764705882352941,5.0,6.41,4088.0,5500.0,4.0,2.0,1.0,1.0,10000.0,85000.0,8.0,28.0,0
36.0,705.0,0.2222222222222222,,0.0,,,,,,,10000.0,45000.0,,,1
36.0,680.0,0.07741935483870968,3.0,19.83,4558.0,3500.0,3.0,2.0,0.0,2.0,4800.0,62000.0,31.0,213.0,0
60.0,665.0,0.47619047619047616,8.0,32.38,4183.0,13500.0,4.0,14.0,0.0,9.0,20000.0,42000.0,4.0,94.0,0
36.0,680.0,0.11068702290076336,2.0,28.12,22273.0,9500.0,5.0,21.0,7.0,9.0,14500.0,131000.0,5.0,297.0,1
36.0,715.0,0.33620689655172414,4.0,24.99,,9100.0,,,0.0,,9750.0,29000.0,10.0,,0
36.0,710.0,0.135,1.0,9.62,5330.0,25100.0,12.0,12.0,0.0,3.0,13500.0,100000.0,38.0,97.0,0
36.0,730.0,0.15,3.0,2.31,1934.0,30500.0,11.0,1.0,0.0,2.0,6000.0,40000.0,13.0,112.0,0
36.0,680.0,0.05714285714285714,3.0,10.09,15540.0,7500.0,9.0,18.0,1.0,1.0,6000.0,105000.0,18.0,163.0,1
60.0,725.0,0.14925373134328357,9.0,18.79,15568.0,13600.0,3.0,3.0,3.0,7.0,10000.0,67000.0,3.0,252.0,0
36.0,730.0,0.2777777777777778,1.0,15.19,6891.0,44500.0,17.0,,0.0,7.0,25000.0,90000.0,62.0,105.0,0
36.0,735.0,0.2153846153846154,7.0,19.39,32405.0,28900.0,1.0,9.0,5.0,13.0,28000.0,130000.0,37.0,435.0,1
36.0,660.0,0.15384615384615385,4.0,27.86,24076.0,15600.0,8.0,9.0,5.0,7.0,10000.0,65000.0,13.0,163.0,1
36.0,695.0,0.28125,2.0,29.86,6764.0,30600.0,15.0,0.0,1.0,9.0,18000.0,64000.0,15.0,250.0,1
36.0,710.0,0.08247422680412371,5.0,8.18,1403.0,15000.0,6.0,6.0,3.0,6.0,8000.0,97000.0,13.0,230.0,0
36.0,800.0,0.18888888888888888,0.0,11.83,43185.0,50000.0,29.0,,1.0,2.0,17000.0,90000.0,84.0,187.0,1
36.0,700.0,0.15454545454545454,12.0,27.06,2357.0,52500.0,2.0,1.0,0.0,11.0,8500.0,55000.0,5.0,116.0,1
36.0,685.0,0.3064516129032258,4.0,17.02,11490.0,7600.0,7.0,1.0,0.0,4.0,19000.0,62000.0,7.0,144.0,0
36.0,670.0,0.15151515151515152,4.0,19.13,32997.0,9000.0,5.0,4.0,1.0,7.0,15000.0,99000.0,19.0,102.0,1
36.0,720.0,0.2923076923076923,4.0,25.12,30886.0,27000.0,7.0,0.0,3.0,2.0,34200.0,117000.0,37.0,143.0,1
36.0,670.0,0.20833333333333334,5.0,25.84,1117.0,12000.0,1.0,1.0,0.0,14.0,6250.0,30000.0,1.0,116.0,0
36.0,675.0,0.22857142857142856,1.0,26.65,2713.0,3300.0,13.0,11.0,0.0,3.0,8000.0,35000.0,41.0,74.0,0
36.0,725.0,0.2,,26.29,,,,,,,12000.0,60000.0,,,0
36.0,665.0,0.1371535159303809,8.0,18.8,7593.0,3300.0,5.0,5.0,0.0,5.0,10000.0,72911.0,18.0,100.0,0
36.0,700.0,0.1417910447761194,2.0,13.68,4774.0,19400.0,8.0,10.0,0.0,3.0,9500.0,67000.0,24.0,147.0,0
36.0,665.0,0.04285714285714286,5.0,12.22,13719.0,14000.0,9.0,9.0,2.0,6.0,3000.0,70000.0,9.0,132.0,1
36.0,700.0,0.20833333333333334,10.0,26.6,12615.0,45200.0,2.0,22.0,2.0,7.0,20000.0,96000.0,2.0,119.0,1
36.0,685.0,0.17777777777777778,5.0,19.69,3366.0,31100.0,5.0,0.0,1.0,14.0,16000.0,90000.0,5.0,207.0,1
36.0,700.0,0.0967741935483871,8.0,15.12,2310.0,13700.0,3.0,5.0,0.0,5.0,6000.0,62000.0,8.0,44.0,0
36.0,670.0,0.11428571428571428,4.0,18.07,3003.0,13000.0,2.0,6.0,0.0,5.0,8000.0,70000.0,2.0,79.0,0
60.0,680.0,0.3047619047619048,11.0,29.81,13092.0,40700.0,3.0,14.0,2.0,14.0,32000.0,105000.0,3.0,123.0,1
36.0,680.0,0.06666666666666667,4.0,15.59,4148.0,1200.0,1.0,1.0,0.0,3.0,3000.0,45000.0,24.0,131.0,0
36.0,670.0,0.23076923076923078,0.0,24.53,7208.0,18100.0,36.0,2.0,6.0,3.0,15000.0,65000.0,47.0,184.0,1
60.0,720.0,0.32051282051282054,,17.04,,,,,,,10000.0,31200.0,,,0
36.0,670.0,0.013043478260869565,4.0,8.38,1564.0,11700.0,3.0,12.0,1.0,9.0,1500.0,115000.0,3.0,148.0,1
36.0,725.0,0.27450980392156865,4.0,31.43,7019.0,54400.0,6.0,13.0,5.0,9.0,28000.0,102000.0,6.0,411.0,0
36.0,660.0,0.23076923076923078,5.0,28.27,22095.0,21200.0,4.0,4.0,1.0,4.0,15000.0,65000.0,20.0,116.0,1
36.0,755.0,0.13425925925925927,2.0,9.66,32102.0,19800.0,11.0,12.0,2.0,2.0,14500.0,108000.0,65.0,245.0,1
36.0,670.0,0.3191176470588235,1.0,21.47,5169.0,1900.0,4.0,,0.0,2.0,5425.0,17000.0,39.0,39.0,0
60.0,680.0,0.2777777777777778,,20.5,,,,,,,10000.0,36000.0,,,1
36.0,685.0,0.25210084033613445,4.0,6.96,1719.0,9200.0,2.0,4.0,0.0,4.0,9000.0,35700.0,22.0,71.0,0
36.0,695.0,0.38461538461538464,2.0,28.03,14148.0,16500.0,6.0,6.0,2.0,5.0,30000.0,78000.0,28.0,178.0,1
36.0,700.0,0.17142857142857143,0.0,13.92,25710.0,5000.0,25.0,15.0,4.0,3.0,12000.0,70000.0,30.0,147.0,1
36.0,665.0,0.13986013986013987,4.0,27.86,39123.0,5000.0,1.0,1.0,3.0,2.0,8000.0,57200.0,1.0,193.0,1
36.0,660.0,0.15527950310559005,5.0,31.19,16155.0,500.0,4.0,1.0,3.0,4.0,8000.0,51520.0,50.0,104.0,1
36.0,660.0,0.036585365853658534,7.0,22.04,19218.0,17600.0,8.0,9.0,3.0,10.0,4500.0,123000.0,9.0,111.0,1
36.0,670.0,0.2724748749483732,2.0,24.3,1793.0,2500.0,10.0,2.0,0.0,6.0,4750.0,17432.8,10.0,426.0,0
36.0,685.0,0.15555555555555556,3.0,18.03,4377.0,3800.0,3.0,5.0,0.0,4.0,5600.0,36000.0,58.0,58.0,0
36.0,660.0,0.05333333333333334,8.0,10.74,71811.0,29600.0,2.0,2.0,6.0,2.0,5600.0,105000.0,107.0,192.0,1
36.0,710.0,0.20833333333333334,6.0,12.85,1504.0,3600.0,6.0,1.0,0.0,3.0,10000.0,48000.0,11.0,142.0,0
36.0,775.0,0.35984848484848486,4.0,29.64,450.0,16500.0,3.0,,0.0,3.0,4750.0,13200.0,3.0,80.0,0
60.0,745.0,0.175,,10.5,,,,,,,8400.0,48000.0,,,1
36.0,680.0,0.10666666666666667,4.0,23.58,5881.0,19000.0,2.0,9.0,2.0,12.0,8000.0,75000.0,2.0,154.0,1
60.0,795.0,0.3,6.0,13.66,3274.0,54900.0,3.0,0.0,0.0,3.0,18000.0,60000.0,3.0,184.0,0
36.0,710.0,0.23076923076923078,0.0,23.38,3849.0,17100.0,30.0,,0.0,6.0,15000.0,65000.0,30.0,380.0,0
36.0,710.0,0.18048780487804877,1.0,32.38,3199.0,15000.0,19.0,3.0,0.0,3.0,7400.0,41000.0,29.0,179.0,0
36.0,665.0,0.03779527559055118,6.0,31.3,23219.0,11000.0,1.0,1.0,0.0,7.0,2400.0,63500.0,22.0,148.0,0
36.0,665.0,0.32941176470588235,3.0,22.66,3597.0,12500.0,3.0,8.0,0.0,10.0,28000.0,85000.0,3.0,184.0,0
36.0,685.0,0.33807829181494664,3.0,23.15,7584.0,17300.0,5.0,7.0,3.0,5.0,19000.0,56200.0,84.0,196.0,1
36.0,675.0,0.34,1.0,12.2,1645.0,6400.0,24.0,15.0,0.0,4.0,10200.0,30000.0,24.0,86.0,0
36.0,685.0,0.3595890410958904,3.0,32.74,1660.0,19100.0,8.0,20.0,0.0,12.0,11550.0,32120.0,8.0,179.0,0
60.0,665.0,0.18125,1.0,16.7,24799.0,15800.0,8.0,6.0,4.0,7.0,14500.0,80000.0,34.0,225.0,1
36.0,670.0,0.05947368421052632,6.0,17.38,17878.0,5100.0,2.0,1.0,1.0,5.0,5650.0,95000.0,21.0,46.0,1
36.0,785.0,0.15384615384615385,3.0,17.46,3485.0,32000.0,14.0,,0.0,2.0,12000.0,78000.0,15.0,190.0,0
60.0,660.0,0.11880165289256199,2.0,13.01,53111.0,1000.0,13.0,0.0,4.0,3.0,11500.0,96800.0,13.0,157.0,1
36.0,660.0,0.32727272727272727,2.0,14.31,1761.0,20700.0,1.0,16.0,0.0,11.0,18000.0,55000.0,1.0,171.0,0
60.0,695.0,0.12531328320802004,5.0,12.63,3557.0,22200.0,6.0,2.0,2.0,5.0,10000.0,79800.0,6.0,163.0,0
36.0,775.0,0.44,1.0,16.5,11634.0,20000.0,7.0,1.0,0.0,0.0,17600.0,40000.0,92.0,144.0,0
36.0,720.0,0.23333333333333334,2.0,13.08,7112.0,52700.0,5.0,12.0,2.0,4.0,35000.0,150000.0,37.0,326.0,0
36.0,715.0,0.043257297578196935,3.0,19.26,3549.0,10800.0,7.0,9.0,5.0,4.0,3000.0,69352.46,38.0,207.0,1
36.0,660.0,0.15305555555555556,15.0,11.88,13139.0,4800.0,1.0,1.0,3.0,6.0,13775.0,90000.0,7.0,139.0,1
36.0,700.0,0.22692307692307692,4.0,17.21,33049.0,15100.0,9.0,2.0,5.0,5.0,14750.0,65000.0,9.0,144.0,1
60.0,670.0,0.1890909090909091,4.0,22.21,5085.0,600.0,7.0,18.0,0.0,4.0,10400.0,55000.0,58.0,133.0,0
36.0,700.0,0.13953488372093023,7.0,15.69,10832.0,20500.0,7.0,7.0,1.0,1.0,6000.0,43000.0,24.0,255.0,1
60.0,705.0,0.28169014084507044,3.0,26.34,17077.0,19600.0,5.0,5.0,1.0,5.0,10000.0,35500.0,5.0,239.0,1
36.0,760.0,0.06,7.0,27.96,44026.0,115900.0,6.0,13.0,4.0,13.0,9000.0,150000.0,6.0,344.0,1
36.0,705.0,0.2805962670675185,1.0,4.36,40391.0,4500.0,6.0,8.0,1.0,2.0,11200.0,39915.0,51.0,116.0,1
60.0,660.0,0.24,5.0,12.63,2350.0,8900.0,8.0,8.0,0.0,6.0,12000.0,50000.0,19.0,82.0,0
60.0,680.0,0.225,3.0,16.89,21860.0,17700.0,7.0,7.0,1.0,5.0,18000.0,80000.0,10.0,68.0,1
60.0,725.0,0.15001500150015,,21.99,,,,,,,6000.0,39996.0,,,1
36.0,680.0,0.060925925925925925,3.0,8.36,4566.0,25700.0,2.0,2.0,0.0,6.0,8225.0,135000.0,37.0,194.0,0
36.0,675.0,0.2857142857142857,2.0,16.31,1129.0,7600.0,18.0,,0.0,4.0,10000.0,35000.0,34.0,49.0,0
36.0,695.0,0.2613480055020633,6.0,34.53,19640.0,7000.0,8.0,3.0,2.0,6.0,19000.0,72700.0,8.0,141.0,1
36.0,685.0,0.12121212121212122,2.0,25.96,8912.0,22000.0,4.0,11.0,0.0,3.0,8000.0,66000.0,4.0,117.0,0
36.0,660.0,0.1693548387096774,2.0,16.52,873.0,7100.0,1.0,0.0,0.0,10.0,4725.0,27900.0,21.0,322.0,0
60.0,760.0,0.16923076923076924,6.0,22.64,37389.0,4000.0,1.0,4.0,13.0,3.0,11000.0,65000.0,1.0,252.0,1
36.0,805.0,0.07692307692307693,5.0,17.32,5130.0,45900.0,7.0,14.0,1.0,8.0,10000.0,130000.0,7.0,231.0,0
36.0,720.0,0.2153846153846154,3.0,4.24,28394.0,35400.0,3.0,10.0,4.0,3.0,28000.0,130000.0,3.0,407.0,1
60.0,670.0,0.4838235294117647,12.0,25.59,,14900.0,,1.0,2.0,,16450.0,34000.0,3.0,,1
60.0,690.0,0.07111111111111111,3.0,14.48,56291.0,36500.0,3.0,5.0,6.0,4.0,16000.0,225000.0,50.0,259.0,1
36.0,715.0,0.05333333333333334,3.0,13.79,22775.0,24100.0,6.0,15.0,3.0,4.0,4000.0,75000.0,6.0,116.0,1
36.0,665.0,0.24870466321243523,11.0,22.36,14242.0,7400.0,4.0,17.0,2.0,5.0,9600.0,38600.0,13.0,137.0,1
36.0,665.0,0.125540271525673,3.0,11.99,2539.0,6300.0,3.0,,0.0,3.0,7000.0,55759.0,3.0,136.0,0
36.0,665.0,0.10541666666666667,4.0,13.9,3672.0,2200.0,2.0,15.0,3.0,3.0,6325.0,60000.0,2.0,265.0,0
36.0,670.0,0.19672131147540983,5.0,22.45,16931.0,13500.0,4.0,13.0,7.0,4.0,12000.0,61000.0,16.0,171.0,1
36.0,690.0,0.32432432432432434,6.0,25.95,3353.0,4500.0,2.0,2.0,0.0,6.0,12000.0,37000.0,2.0,94.0,1
36.0,695.0,0.19230769230769232,3.0,4.42,,17800.0,,9.0,3.0,,25000.0,130000.0,18.0,,1
36.0,710.0,0.1875,5.0,33.61,2904.0,14700.0,1.0,1.0,0.0,7.0,6000.0,32000.0,1.0,67.0,0
36.0,705.0,0.22722779813991326,8.0,24.17,11460.0,29600.0,4.0,4.0,3.0,11.0,8000.0,35206.96,4.0,224.0,1
36.0,700.0,0.23529411764705882,7.0,18.62,10013.0,4300.0,1.0,1.0,3.0,6.0,20000.0,85000.0,8.0,183.0,1
36.0,670.0,0.4388888888888889,5.0,24.91,4136.0,6800.0,1.0,5.0,0.0,6.0,19750.0,45000.0,2.0,129.0,0
60.0,690.0,0.16170436399652335,2.0,17.39,4229.0,91600.0,3.0,1.0,3.0,17.0,24000.0,148419.0,28.0,360.0,1
36.0,695.0,0.43787878787878787,6.0,14.73,1894.0,13900.0,2.0,2.0,0.0,1.0,14450.0,33000.0,2.0,151.0,0
60.0,665.0,0.4381977671451356,4.0,33.05,10779.0,36900.0,3.0,4.0,4.0,5.0,27475.0,62700.0,47.0,188.0,0
60.0,710.0,0.11347517730496454,2.0,12.38,57126.0,13000.0,6.0,16.0,1.0,1.0,11200.0,98700.0,36.0,134.0,1
36.0,660.0,0.050253807106598984,3.0,6.62,894.0,1900.0,7.0,1.0,2.0,1.0,4950.0,98500.0,42.0,446.0,0
36.0,720.0,0.09523809523809523,7.0,15.84,4615.0,26300.0,2.0,9.0,0.0,4.0,8000.0,84000.0,2.0,131.0,1
36.0,685.0,0.23333333333333334,6.0,21.79,,11300.0,,1.0,4.0,,28000.0,120000.0,62.0,,1
36.0,665.0,0.168,0.0,8.26,3564.0,11000.0,25.0,,4.0,3.0,8400.0,50000.0,25.0,143.0,0
36.0,710.0,0.26632653061224487,1.0,16.36,6101.0,45500.0,14.0,14.0,0.0,6.0,26100.0,98000.0,26.0,157.0,0
36.0,685.0,0.3333333333333333,2.0,13.33,30123.0,13200.0,10.0,3.0,2.0,5.0,16000.0,48000.0,16.0,233.0,1
36.0,705.0,0.07865168539325842,,8.87,,,,,,,21000.0,267000.0,,,1
36.0,695.0,0.14619883040935672,8.0,18.92,12651.0,25000.0,1.0,2.0,7.0,12.0,25000.0,171000.0,1.0,258.0,1
36.0,660.0,0.240625626629236,3.0,7.67,28254.0,12700.0,4.0,12.0,4.0,4.0,25200.0,104727.0,36.0,156.0,1
36.0,670.0,0.16806722689075632,4.0,10.97,40849.0,25100.0,5.0,1.0,5.0,5.0,20000.0,119000.0,32.0,377.0,1
36.0,720.0,0.3,10.0,17.96,19393.0,31700.0,1.0,3.0,4.0,7.0,30000.0,100000.0,1.0,219.0,1
36.0,700.0,0.2222222222222222,1.0,28.75,5910.0,13600.0,23.0,,0.0,4.0,10000.0,45000.0,23.0,108.0,0
60.0,685.0,0.416,0.0,14.05,7296.0,15600.0,25.0,,5.0,4.0,10400.0,25000.0,25.0,190.0,0
36.0,685.0,0.28348688873139616,4.0,24.85,2260.0,800.0,13.0,14.0,0.0,4.0,3600.0,12699.0,35.0,86.0,0
36.0,670.0,0.16,0.0,14.56,5403.0,22100.0,43.0,8.0,0.0,7.0,28000.0,175000.0,84.0,403.0,1
36.0,675.0,0.017857142857142856,4.0,25.76,5808.0,16000.0,5.0,5.0,0.0,3.0,1000.0,56000.0,5.0,133.0,0
60.0,715.0,0.3340102607952116,5.0,19.26,3553.0,30000.0,1.0,1.0,2.0,11.0,25000.0,74848.0,70.0,228.0,1
36.0,670.0,0.13333333333333333,6.0,14.47,22894.0,9200.0,3.0,4.0,2.0,6.0,12000.0,90000.0,50.0,271.0,1
60.0,685.0,0.23958333333333334,2.0,20.93,3757.0,10700.0,15.0,13.0,1.0,9.0,11500.0,48000.0,21.0,80.0,1
36.0,715.0,0.21153846153846154,3.0,25.16,1138.0,16900.0,6.0,,0.0,5.0,5500.0,26000.0,6.0,182.0,1
36.0,705.0,0.15,1.0,26.37,11892.0,31800.0,11.0,,4.0,10.0,12000.0,80000.0,11.0,380.0,1
36.0,755.0,0.21818181818181817,8.0,8.42,1803.0,87300.0,6.0,1.0,1.0,5.0,24000.0,110000.0,6.0,171.0,0
36.0,725.0,0.4,3.0,13.79,34626.0,76400.0,3.0,0.0,2.0,5.0,30000.0,75000.0,3.0,238.0,1
36.0,695.0,0.15,1.0,15.16,3929.0,4300.0,22.0,0.0,0.0,5.0,9000.0,60000.0,32.0,158.0,0
36.0,690.0,0.10687022900763359,,8.96,,,,,,,8400.0,78600.0,,,0
60.0,660.0,0.22988505747126436,4.0,17.27,2120.0,13000.0,2.0,1.0,0.0,16.0,20000.0,87000.0,2.0,123.0,1
60.0,750.0,0.25,2.0,22.56,3935.0,59200.0,12.0,18.0,1.0,2.0,15000.0,60000.0,12.0,122.0,0
36.0,755.0,0.08125,2.0,24.47,9105.0,32300.0,10.0,10.0,0.0,3.0,10400.0,128000.0,46.0,141.0,0
36.0,660.0,0.42105263157894735,4.0,11.78,1505.0,20800.0,11.0,16.0,0.0,7.0,16000.0,38000.0,22.0,193.0,0
36.0,675.0,0.2,6.0,16.91,438.0,3750.0,2.0,7.0,1.0,10.0,7000.0,35000.0,5.0,252.0,0
60.0,735.0,0.20224719101123595,2.0,6.58,2644.0,76600.0,10.0,,4.0,5.0,18000.0,89000.0,10.0,458.0,0
36.0,690.0,0.21428571428571427,9.0,24.05,2151.0,9500.0,3.0,5.0,0.0,4.0,6000.0,28000.0,3.0,128.0,0
60.0,755.0,0.44,1.0,10.3,3011.0,16800.0,18.0,,0.0,3.0,22000.0,50000.0,29.0,76.0,0
36.0,705.0,0.13953488372093023,3.0,12.64,12685.0,18500.0,5.0,5.0,1.0,3.0,12000.0,86000.0,5.0,89.0,0
60.0,690.0,0.3976190476190476,1.0,25.06,5063.0,29200.0,5.0,7.0,0.0,3.0,16700.0,42000.0,25.0,163.0,0
36.0,785.0,0.17142857142857143,7.0,13.63,1173.0,80065.0,7.0,3.0,1.0,5.0,7200.0,42000.0,7.0,290.0,0
60.0,705.0,0.375,0.0,27.18,22088.0,20100.0,32.0,4.0,3.0,7.0,30000.0,80000.0,39.0,140.0,1
36.0,675.0,0.04029850746268657,8.0,13.34,2588.0,10300.0,5.0,0.0,2.0,4.0,2700.0,67000.0,24.0,161.0,0
36.0,695.0,0.15625,2.0,10.04,2238.0,9000.0,1.0,13.0,3.0,5.0,15000.0,96000.0,1.0,152.0,1
36.0,700.0,0.3333333333333333,2.0,20.04,5060.0,21700.0,3.0,4.0,0.0,4.0,10000.0,30000.0,3.0,230.0,0
36.0,660.0,0.24,4.0,18.34,910.0,5300.0,4.0,19.0,0.0,3.0,12000.0,50000.0,19.0,186.0,0
36.0,675.0,0.2,8.0,21.38,14160.0,19300.0,2.0,4.0,1.0,5.0,17000.0,85000.0,4.0,132.0,1
36.0,670.0,0.08888888888888889,6.0,5.25,961.0,3000.0,7.0,0.0,0.0,5.0,6400.0,72000.0,11.0,132.0,0
36.0,695.0,0.21541666666666667,1.0,27.79,7850.0,10200.0,21.0,,0.0,3.0,12925.0,60000.0,34.0,179.0,0
36.0,675.0,0.1,7.0,20.72,3394.0,11400.0,4.0,3.0,2.0,7.0,4500.0,45000.0,4.0,118.0,1
60.0,775.0,0.13333333333333333,5.0,20.9,31247.0,49800.0,3.0,3.0,2.0,5.0,16000.0,120000.0,63.0,493.0,0
36.0,720.0,0.2631578947368421,7.0,10.86,10697.0,25900.0,3.0,14.0,5.0,11.0,20000.0,76000.0,9.0,270.0,1
60.0,700.0,0.17142857142857143,5.0,14.86,21720.0,25100.0,5.0,5.0,4.0,5.0,24000.0,140000.0,12.0,190.0,1
36.0,670.0,0.19047619047619047,6.0,8.97,523.0,6500.0,4.0,4.0,1.0,4.0,4000.0,21000.0,15.0,188.0,1
36.0,710.0,0.1891891891891892,2.0,16.39,55621.0,60800.0,4.0,,3.0,3.0,35000.0,185000.0,4.0,433.0,0
36.0,715.0,0.25357142857142856,3.0,25.51,5919.0,20700.0,8.0,17.0,0.0,4.0,17750.0,70000.0,23.0,83.0,0
36.0,670.0,0.17995321216483715,2.0,6.34,24002.0,6800.0,18.0,16.0,1.0,3.0,6000.0,33342.0,26.0,114.0,1
36.0,700.0,0.5,5.0,17.86,4413.0,8500.0,10.0,10.0,2.0,4.0,35000.0,70000.0,10.0,371.0,0
60.0,680.0,0.14124293785310735,7.0,35.82,16439.0,12000.0,3.0,5.0,0.0,5.0,10000.0,70800.0,3.0,240.0,0
60.0,665.0,0.0980952380952381,4.0,8.45,6268.0,4500.0,11.0,2.0,0.0,5.0,10300.0,105000.0,20.0,143.0,1
36.0,665.0,0.13513513513513514,2.0,11.17,23044.0,11300.0,9.0,4.0,4.0,6.0,15000.0,111000.0,19.0,204.0,1
36.0,705.0,0.10526315789473684,4.0,19.18,7072.0,17400.0,3.0,1.0,1.0,7.0,6000.0,57000.0,3.0,113.0,1
36.0,785.0,0.25,5.0,18.28,1831.0,35700.0,4.0,4.0,0.0,2.0,15000.0,60000.0,12.0,119.0,0
36.0,750.0,0.1,2.0,3.58,706.0,9600.0,15.0,0.0,0.0,3.0,5000.0,50000.0,28.0,111.0,1
36.0,705.0,0.168,7.0,15.6,471.0,21300.0,3.0,3.0,0.0,8.0,4200.0,25000.0,3.0,155.0,0
36.0,690.0,0.33636363636363636,0.0,28.76,13147.0,24800.0,64.0,,1.0,6.0,11100.0,33000.0,96.0,176.0,1
60.0,670.0,0.4125,4.0,30.13,8877.0,19100.0,10.0,4.0,2.0,5.0,16500.0,40000.0,10.0,187.0,1
36.0,695.0,0.2696629213483146,2.0,22.75,2533.0,31851.0,18.0,9.0,2.0,7.0,24000.0,89000.0,23.0,309.0,1
60.0,705.0,0.4359567901234568,,20.3,,,,,,,14125.0,32400.0,,,0
36.0,700.0,0.24193548387096775,5.0,19.28,2579.0,15700.0,2.0,11.0,0.0,6.0,7500.0,31000.0,2.0,89.0,0
36.0,700.0,0.23214285714285715,5.0,14.87,30601.0,8700.0,1.0,,5.0,2.0,6500.0,28000.0,1.0,123.0,1
36.0,805.0,0.13533834586466165,2.0,17.31,34498.0,19100.0,5.0,19.0,9.0,2.0,18000.0,133000.0,5.0,166.0,1
36.0,670.0,0.3,1.0,24.76,1724.0,8900.0,2.0,,2.0,7.0,10500.0,35000.0,2.0,127.0,0
36.0,680.0,0.243,17.0,25.08,2674.0,7100.0,9.0,9.0,0.0,15.0,12150.0,50000.0,9.0,165.0,1
36.0,660.0,0.4032258064516129,7.0,29.29,10276.0,22500.0,5.0,3.0,1.0,14.0,25000.0,62000.0,12.0,114.0,0
36.0,660.0,0.1276595744680851,4.0,6.24,23062.0,1000.0,15.0,4.0,1.0,4.0,12000.0,94000.0,100.0,199.0,1
36.0,665.0,0.2857142857142857,4.0,29.56,4934.0,4700.0,5.0,8.0,0.0,4.0,10000.0,35000.0,38.0,46.0,0
36.0,705.0,0.35714285714285715,8.0,15.16,7962.0,18500.0,10.0,0.0,0.0,8.0,25000.0,70000.0,18.0,165.0,0
36.0,670.0,0.11764705882352941,2.0,23.34,5519.0,6600.0,9.0,,0.0,3.0,6000.0,51000.0,35.0,190.0,0
60.0,665.0,0.4117647058823529,4.0,26.47,9425.0,9600.0,3.0,3.0,1.0,12.0,35000.0,85000.0,3.0,227.0,1
36.0,705.0,0.14769274395395138,0.0,22.54,6985.0,20800.0,53.0,,0.0,4.0,12000.0,81249.76,96.0,220.0,0
36.0,730.0,0.09259259259259259,5.0,10.86,70708.0,10500.0,4.0,6.0,3.0,3.0,10000.0,108000.0,15.0,101.0,1
36.0,695.0,0.125,,1.69,,,,,,,15000.0,120000.0,,,0
36.0,675.0,0.15555555555555556,4.0,10.42,23427.0,16500.0,1.0,1.0,2.0,3.0,7000.0,45000.0,3.0,184.0,1
36.0,730.0,0.14666666666666667,3.0,16.43,5062.0,24700.0,3.0,3.0,1.0,6.0,22000.0,150000.0,29.0,294.0,1
60.0,660.0,0.2613861386138614,11.0,24.58,13066.0,24200.0,6.0,6.0,3.0,15.0,26400.0,101000.0,6.0,181.0,1
36.0,665.0,0.15384615384615385,,20.77,,,,,,,10000.0,65000.0,,,0
36.0,665.0,0.3575,5.0,14.64,2010.0,3300.0,4.0,1.0,0.0,3.0,10725.0,30000.0,32.0,96.0,0
36.0,675.0,0.06097560975609756,5.0,16.35,,10700.0,,20.0,0.0,,4000.0,65600.0,37.0,,0
36.0,780.0,0.39374435202773733,1.0,1.44,423.0,36300.0,23.0,,0.0,3.0,21350.0,54223.0,23.0,123.0,0
36.0,735.0,0.437,1.0,20.33,3262.0,48304.0,14.0,15.0,1.0,6.0,21850.0,50000.0,27.0,485.0,0
36.0,715.0,0.45972163644032055,1.0,29.32,9889.0,18200.0,24.0,21.0,1.0,4.0,10900.0,23710.0,24.0,140.0,1
36.0,680.0,0.3453038674033149,7.0,24.07,3478.0,16700.0,8.0,13.0,0.0,6.0,25000.0,72400.0,8.0,128.0,1
36.0,680.0,0.28125,6.0,32.67,1957.0,25700.0,1.0,0.0,0.0,7.0,9000.0,32000.0,13.0,202.0,0
60.0,690.0,0.4206730769230769,8.0,39.9,11310.0,51100.0,4.0,4.0,3.0,12.0,21875.0,52000.0,7.0,244.0,1
36.0,710.0,0.35714285714285715,3.0,21.4,2534.0,16700.0,10.0,1.0,2.0,4.0,15000.0,42000.0,11.0,255.0,0
36.0,675.0,0.10833333333333334,14.0,18.8,1633.0,12400.0,1.0,10.0,0.0,11.0,6500.0,60000.0,1.0,142.0,0
36.0,760.0,0.08163265306122448,3.0,11.46,16723.0,32000.0,9.0,,0.0,5.0,8000.0,98000.0,9.0,253.0,0
60.0,690.0,0.2604166666666667,1.0,6.47,1577.0,3100.0,23.0,,0.0,4.0,10000.0,38400.0,31.0,52.0,0
36.0,665.0,0.21428571428571427,4.0,22.26,3019.0,7200.0,3.0,17.0,0.0,5.0,9000.0,42000.0,3.0,127.0,0
36.0,675.0,0.21460280087312683,0.0,22.1,49257.0,77600.0,35.0,,4.0,11.0,35000.0,163092.0,191.0,465.0,1
36.0,665.0,0.08,5.0,21.07,16880.0,5800.0,10.0,3.0,2.0,8.0,4000.0,50000.0,34.0,290.0,1
36.0,735.0,0.3829787234042553,3.0,19.46,1182.0,29100.0,2.0,,0.0,9.0,18000.0,47000.0,2.0,210.0,0
36.0,680.0,0.3,6.0,11.17,1339.0,42700.0,5.0,15.0,0.0,8.0,18000.0,60000.0,5.0,149.0,0
36.0,670.0,0.21,8.0,17.49,6037.0,10800.0,8.0,8.0,0.0,4.0,7350.0,35000.0,8.0,49.0,0
36.0,660.0,0.20618556701030927,8.0,14.8,1500.0,17950.0,3.0,3.0,0.0,14.0,20000.0,97000.0,3.0,280.0,0
60.0,665.0,0.3266999331898637,6.0,25.79,10660.0,8000.0,13.0,13.0,3.0,9.0,18000.0,55096.43,16.0,180.0,1
36.0,670.0,0.2909090909090909,1.0,2.2,87331.0,8500.0,19.0,3.0,10.0,2.0,16000.0,55000.0,19.0,156.0,0
60.0,720.0,0.35888888888888887,5.0,26.83,1410.0,7200.0,0.0,0.0,0.0,5.0,16150.0,45000.0,0.0,157.0,1
60.0,675.0,0.3137254901960784,5.0,11.98,38141.0,19300.0,4.0,0.0,2.0,5.0,24000.0,76500.0,23.0,195.0,1
60.0,725.0,0.34285714285714286,1.0,9.84,25927.0,51400.0,17.0,9.0,2.0,5.0,24000.0,70000.0,17.0,207.0,1
36.0,690.0,0.35714285714285715,8.0,22.64,7803.0,46400.0,1.0,0.0,2.0,16.0,35000.0,98000.0,1.0,335.0,0
36.0,730.0,0.19230769230769232,1.0,19.2,8209.0,8300.0,24.0,7.0,0.0,1.0,10000.0,52000.0,141.0,153.0,0
36.0,705.0,0.14150943396226415,3.0,18.76,3446.0,38600.0,1.0,,0.0,4.0,7500.0,53000.0,1.0,96.0,0
36.0,710.0,0.38461538461538464,6.0,20.24,2789.0,23500.0,12.0,12.0,0.0,6.0,20000.0,52000.0,12.0,142.0,0
36.0,675.0,0.12376237623762376,3.0,9.25,,18400.0,,21.0,0.0,,10000.0,80800.0,3.0,,0
36.0,755.0,0.1,4.0,9.74,2695.0,14000.0,4.0,5.0,0.0,1.0,8000.0,80000.0,5.0,95.0,0
36.0,735.0,0.22630194336793868,4.0,13.05,15958.0,19500.0,11.0,12.0,4.0,3.0,16000.0,70702.0,11.0,201.0,1
36.0,690.0,0.16470588235294117,4.0,9.3,38076.0,63100.0,10.0,,5.0,3.0,14000.0,85000.0,75.0,309.0,1
36.0,685.0,0.3516522159584171,10.0,30.86,20295.0,8500.0,9.0,3.0,5.0,5.0,32000.0,90999.0,100.0,440.0,1
36.0,660.0,0.36,1.0,16.41,1519.0,6800.0,19.0,,0.0,5.0,12600.0,35000.0,34.0,123.0,0
60.0,690.0,0.3459090909090909,4.0,30.18,13081.0,5300.0,2.0,0.0,2.0,7.0,19025.0,55000.0,119.0,171.0,1
36.0,705.0,0.375,10.0,26.92,14012.0,13400.0,1.0,13.0,2.0,10.0,30000.0,80000.0,5.0,219.0,1
36.0,665.0,0.09433962264150944,6.0,31.04,12339.0,52800.0,2.0,2.0,4.0,13.0,10000.0,106000.0,2.0,242.0,1
36.0,685.0,0.17006802721088435,8.0,11.28,28082.0,24500.0,1.0,1.0,1.0,8.0,25000.0,147000.0,8.0,153.0,1
36.0,715.0,0.08333333333333333,1.0,18.2,12881.0,31600.0,12.0,,2.0,8.0,6500.0,78000.0,60.0,338.0,1
36.0,700.0,0.13846153846153847,4.0,14.16,51831.0,8100.0,4.0,4.0,2.0,3.0,9000.0,65000.0,66.0,88.0,1
36.0,675.0,0.22727272727272727,,19.04,,,,,,,10000.0,44000.0,,,0
60.0,675.0,0.3796875,6.0,22.88,2399.0,14300.0,7.0,7.0,0.0,4.0,18225.0,48000.0,7.0,90.0,0
36.0,660.0,0.112,4.0,16.59,13603.0,10300.0,5.0,9.0,5.0,9.0,8400.0,75000.0,17.0,257.0,1
36.0,710.0,0.08875739644970414,2.0,21.38,3208.0,13800.0,11.0,5.0,0.0,3.0,3000.0,33800.0,11.0,113.0,1
60.0,735.0,0.24875621890547264,4.0,30.97,18959.0,62300.0,9.0,8.0,0.0,4.0,25000.0,100500.0,9.0,133.0,0
36.0,680.0,0.22086980306345733,4.0,26.0,14489.0,4400.0,5.0,6.0,1.0,6.0,8075.0,36560.0,27.0,132.0,1
60.0,755.0,0.22857142857142856,4.0,17.35,,45900.0,,9.0,3.0,,32000.0,140000.0,6.0,,1
36.0,790.0,0.09803921568627451,8.0,24.96,11144.0,33500.0,9.0,15.0,2.0,7.0,5000.0,51000.0,10.0,178.0,1
36.0,665.0,0.17647058823529413,4.0,23.32,34130.0,14500.0,8.0,1.0,2.0,5.0,12000.0,68000.0,8.0,153.0,1
36.0,740.0,0.23391812865497075,0.0,7.19,2183.0,118100.0,29.0,6.0,0.0,5.0,16000.0,68400.0,29.0,228.0,0
36.0,670.0,0.10294117647058823,3.0,15.87,4543.0,9300.0,3.0,6.0,1.0,6.0,7000.0,68000.0,26.0,228.0,1
36.0,720.0,0.11386639676113361,0.0,10.36,2549.0,0.0,33.0,15.0,0.0,4.0,4500.0,39520.0,,119.0,0
36.0,675.0,0.14,5.0,14.16,13336.0,2600.0,2.0,13.0,0.0,2.0,7000.0,50000.0,13.0,74.0,0
60.0,715.0,0.44080882352941175,1.0,12.37,29058.0,8000.0,9.0,,3.0,4.0,29975.0,68000.0,97.0,106.0,1
60.0,710.0,0.3185344827586207,7.0,24.75,34685.0,11000.0,3.0,3.0,5.0,3.0,18475.0,58000.0,97.0,195.0,1
60.0,730.0,0.18556701030927836,3.0,18.19,4280.0,22400.0,4.0,11.0,0.0,4.0,18000.0,97000.0,11.0,301.0,0
36.0,685.0,0.3333333333333333,6.0,12.92,2521.0,12800.0,1.0,0.0,0.0,4.0,20000.0,60000.0,1.0,63.0,0
60.0,720.0,0.4795833333333333,5.0,23.13,9915.0,38100.0,10.0,1.0,0.0,4.0,28775.0,60000.0,11.0,171.0,1
36.0,660.0,0.03428571428571429,3.0,15.5,4540.0,3500.0,7.0,0.0,0.0,2.0,1200.0,35000.0,7.0,89.0,0
60.0,670.0,0.20987654320987653,3.0,32.84,19388.0,35800.0,6.0,0.0,3.0,12.0,17000.0,81000.0,13.0,372.0,1
36.0,710.0,0.175,1.0,12.27,88878.0,66000.0,10.0,,3.0,3.0,35000.0,200000.0,124.0,222.0,0
36.0,720.0,0.2926829268292683,3.0,25.94,4216.0,4500.0,17.0,20.0,0.0,2.0,12000.0,41000.0,105.0,145.0,0
60.0,680.0,0.14705882352941177,7.0,27.94,14319.0,4000.0,2.0,2.0,5.0,5.0,10000.0,68000.0,33.0,231.0,1
36.0,765.0,0.08493589743589744,1.0,12.27,,4600.0,,3.0,0.0,,2650.0,31200.0,93.0,,0
36.0,715.0,0.21428571428571427,6.0,22.15,2395.0,21400.0,3.0,3.0,0.0,4.0,15000.0,70000.0,13.0,95.0,0
60.0,710.0,0.3333333333333333,7.0,17.25,,9000.0,,2.0,0.0,,15000.0,45000.0,2.0,,1
36.0,690.0,0.08333333333333333,7.0,27.95,4588.0,5400.0,14.0,14.0,0.0,6.0,2500.0,30000.0,16.0,131.0,1
60.0,685.0,0.42857142857142855,10.0,19.48,8191.0,1300.0,9.0,9.0,1.0,3.0,24000.0,56000.0,11.0,181.0,1
60.0,690.0,0.23578947368421052,0.0,13.35,22619.0,25000.0,27.0,2.0,5.0,4.0,22400.0,95000.0,54.0,342.0,1
36.0,665.0,0.11022727272727273,,9.52,,,,,,,9700.0,88000.0,,,0
36.0,705.0,0.17647058823529413,4.0,7.08,,10000.0,,13.0,0.0,,15000.0,85000.0,20.0,,0
60.0,665.0,0.08888888888888889,7.0,5.97,26333.0,11000.0,2.0,6.0,4.0,7.0,12000.0,135000.0,2.0,245.0,1
36.0,660.0,0.221875,3.0,14.64,1493.0,7400.0,16.0,3.0,0.0,7.0,8875.0,40000.0,20.0,156.0,0
60.0,765.0,0.4403225806451613,7.0,19.86,18190.0,22500.0,2.0,7.0,3.0,6.0,27300.0,62000.0,24.0,260.0,1
36.0,670.0,0.15737704918032788,11.0,20.97,2917.0,13200.0,1.0,0.0,5.0,9.0,9600.0,61000.0,5.0,205.0,1
36.0,775.0,0.09375,7.0,24.27,10979.0,31000.0,4.0,4.0,4.0,3.0,6000.0,64000.0,20.0,128.0,1
60.0,690.0,0.1958762886597938,11.0,23.17,18861.0,60700.0,1.0,3.0,2.0,6.0,19000.0,97000.0,2.0,350.0,1
60.0,675.0,0.4,3.0,22.12,8597.0,1000.0,3.0,7.0,0.0,2.0,14000.0,35000.0,3.0,211.0,0
36.0,670.0,0.19736842105263158,2.0,19.9,2936.0,500.0,2.0,1.0,2.0,4.0,15000.0,76000.0,64.0,126.0,1
60.0,665.0,0.4339622641509434,9.0,34.31,2901.0,6000.0,7.0,17.0,1.0,4.0,23000.0,53000.0,11.0,138.0,1
36.0,685.0,0.21666666666666667,1.0,12.44,2373.0,6500.0,8.0,8.0,0.0,5.0,13000.0,60000.0,60.0,77.0,0
60.0,710.0,0.3,9.0,17.62,5590.0,41300.0,1.0,1.0,1.0,9.0,18000.0,60000.0,9.0,111.0,1
36.0,670.0,0.12121212121212122,,0.0,,,,,,,6000.0,49500.0,,,0
36.0,675.0,0.32727272727272727,6.0,16.78,1756.0,28700.0,1.0,7.0,2.0,12.0,18000.0,55000.0,1.0,89.0,0
36.0,730.0,0.11574074074074074,2.0,20.38,3178.0,20700.0,9.0,,0.0,5.0,12500.0,108000.0,23.0,106.0,0
36.0,705.0,0.08,3.0,20.61,29603.0,40300.0,2.0,2.0,3.0,6.0,8000.0,100000.0,2.0,327.0,1
36.0,665.0,0.03333333333333333,7.0,18.69,3240.0,31300.0,4.0,3.0,0.0,15.0,4000.0,120000.0,4.0,133.0,0
36.0,745.0,0.075,3.0,0.85,1021.0,40400.0,2.0,1.0,0.0,5.0,15000.0,200000.0,7.0,70.0,0
36.0,675.0,0.16666666666666666,5.0,24.71,32932.0,25700.0,6.0,0.0,6.0,8.0,21000.0,126000.0,6.0,179.0,1
36.0,700.0,0.08092485549132948,2.0,22.68,15389.0,11100.0,7.0,10.0,5.0,2.0,2800.0,34600.0,10.0,185.0,1
36.0,720.0,0.3076923076923077,7.0,23.01,2950.0,40100.0,5.0,8.0,0.0,9.0,20000.0,65000.0,8.0,280.0,0
36.0,660.0,0.07954545454545454,3.0,13.56,30654.0,3000.0,7.0,,4.0,2.0,3500.0,44000.0,11.0,285.0,1
36.0,695.0,0.016666666666666666,4.0,14.46,3163.0,11600.0,9.0,18.0,7.0,6.0,1500.0,90000.0,20.0,187.0,0
60.0,685.0,0.4102541358052069,6.0,16.69,6647.0,27100.0,7.0,8.0,1.0,14.0,18500.0,45094.0,7.0,169.0,1
36.0,670.0,0.19694639306748696,11.0,19.02,3281.0,6400.0,1.0,5.0,0.0,8.0,10500.0,53314.0,1.0,318.0,0
36.0,660.0,0.144,3.0,9.67,2141.0,9300.0,4.0,0.0,0.0,6.0,10800.0,75000.0,16.0,62.0,0
36.0,695.0,0.14285714285714285,12.0,8.71,611.0,19500.0,3.0,8.0,0.0,6.0,5000.0,35000.0,7.0,127.0,0
36.0,670.0,0.1935483870967742,11.0,19.88,1177.0,6000.0,6.0,12.0,1.0,7.0,12000.0,62000.0,19.0,144.0,0
36.0,685.0,0.05714285714285714,5.0,17.94,4724.0,4000.0,9.0,10.0,1.0,3.0,3600.0,63000.0,11.0,308.0,1
60.0,660.0,0.4322317328949606,13.0,24.84,5823.0,14300.0,13.0,10.0,3.0,15.0,30500.0,70564.0,14.0,169.0,1
36.0,695.0,0.1261904761904762,7.0,33.84,5471.0,43000.0,3.0,14.0,0.0,8.0,9275.0,73500.0,15.0,134.0,1
36.0,690.0,0.03333333333333333,3.0,9.51,33471.0,3100.0,7.0,17.0,2.0,2.0,3500.0,105000.0,90.0,172.0,1
36.0,660.0,0.12857142857142856,3.0,8.86,1422.0,9500.0,5.0,20.0,0.0,6.0,9000.0,70000.0,7.0,203.0,0
36.0,665.0,0.06,2.0,14.34,10755.0,15000.0,13.0,0.0,0.0,2.0,4800.0,80000.0,18.0,152.0,0
36.0,665.0,0.29791666666666666,3.0,11.88,1074.0,6300.0,10.0,10.0,0.0,1.0,14300.0,48000.0,12.0,154.0,0
36.0,680.0,0.23529411764705882,9.0,23.85,3140.0,12900.0,3.0,4.0,0.0,9.0,20000.0,85000.0,3.0,109.0,0
60.0,665.0,0.058333333333333334,3.0,8.07,118777.0,26000.0,8.0,8.0,1.0,4.0,35000.0,600000.0,22.0,91.0,1
36.0,720.0,0.3333333333333333,2.0,33.7,2192.0,9100.0,10.0,,0.0,3.0,8000.0,24000.0,10.0,229.0,0
36.0,690.0,0.1377952755905512,9.0,19.39,16845.0,20600.0,3.0,0.0,0.0,2.0,17500.0,127000.0,9.0,50.0,0
60.0,660.0,0.14177215189873418,2.0,22.65,4489.0,22000.0,2.0,2.0,3.0,6.0,11200.0,79000.0,34.0,108.0,0
36.0,660.0,0.140625,2.0,7.46,30096.0,800.0,7.0,7.0,2.0,3.0,9000.0,64000.0,55.0,130.0,1
36.0,665.0,0.1111111111111111,2.0,6.12,980.0,16900.0,3.0,3.0,0.0,8.0,10000.0,90000.0,15.0,265.0,0
36.0,785.0,0.3125,8.0,24.79,765.0,25300.0,4.0,4.0,0.0,11.0,10000.0,32000.0,4.0,453.0,0
60.0,705.0,0.1976470588235294,7.0,32.24,4872.0,17300.0,5.0,,2.0,5.0,16800.0,85000.0,125.0,317.0,0
36.0,675.0,0.16805555555555557,0.0,24.6,3941.0,11600.0,26.0,,2.0,2.0,3025.0,18000.0,35.0,182.0,0
60.0,700.0,0.45454545454545453,3.0,15.3,8169.0,88200.0,3.0,6.0,3.0,9.0,25000.0,55000.0,6.0,260.0,1
36.0,660.0,0.41973039215686275,2.0,10.32,10364.0,13200.0,16.0,16.0,0.0,5.0,17125.0,40800.0,16.0,129.0,0
36.0,665.0,0.4396753166892141,1.0,20.49,4143.0,11000.0,5.0,,0.0,4.0,21450.0,48786.0,5.0,158.0,0
36.0,700.0,0.039473684210526314,14.0,15.16,20410.0,6500.0,2.0,0.0,4.0,3.0,3000.0,76000.0,2.0,131.0,0
36.0,775.0,0.0110062893081761,3.0,0.18,429.0,30100.0,3.0,7.0,0.0,3.0,7000.0,636000.0,3.0,105.0,0
60.0,705.0,0.16,4.0,11.09,21078.0,50600.0,10.0,16.0,2.0,6.0,12000.0,75000.0,10.0,231.0,1
60.0,700.0,0.38095238095238093,4.0,27.97,4592.0,15300.0,4.0,5.0,0.0,3.0,16000.0,42000.0,12.0,86.0,0
36.0,680.0,0.11764705882352941,3.0,12.89,31448.0,20500.0,11.0,23.0,4.0,3.0,10000.0,85000.0,23.0,192.0,1
36.0,690.0,0.3573529411764706,3.0,16.95,752.0,3400.0,7.0,18.0,0.0,8.0,6075.0,17000.0,7.0,116.0,0
36.0,670.0,0.09230769230769231,7.0,9.99,12919.0,11400.0,7.0,8.0,3.0,4.0,6000.0,65000.0,7.0,204.0,1
36.0,750.0,0.6736111111111112,,12.8,,,,,,,24250.0,36000.0,,,0
36.0,665.0,0.26666666666666666,5.0,18.71,,2800.0,,8.0,0.0,,12000.0,45000.0,45.0,,0
36.0,660.0,0.06666666666666667,3.0,28.5,7395.0,10200.0,6.0,1.0,1.0,5.0,4000.0,60000.0,6.0,128.0,0
36.0,685.0,0.13333333333333333,6.0,17.29,11397.0,13300.0,4.0,2.0,2.0,7.0,16000.0,120000.0,4.0,340.0,1
36.0,690.0,0.34102278317367446,3.0,17.72,2734.0,12200.0,11.0,,0.0,6.0,21525.0,63118.95,27.0,203.0,0
36.0,705.0,0.44,2.0,24.48,5412.0,5400.0,18.0,18.0,1.0,3.0,11000.0,25000.0,50.0,111.0,0
36.0,705.0,0.25225225225225223,2.0,16.9,4986.0,8900.0,19.0,12.0,1.0,6.0,28000.0,111000.0,54.0,234.0,0
60.0,660.0,0.213125,7.0,13.35,,11100.0,,1.0,0.0,,17050.0,80000.0,3.0,,0
36.0,730.0,0.3076923076923077,1.0,25.94,49615.0,76300.0,23.0,2.0,3.0,5.0,20000.0,65000.0,71.0,300.0,1
36.0,670.0,0.0847457627118644,25.0,16.45,3843.0,0.0,6.0,3.0,0.0,1.0,5000.0,59000.0,,154.0,0
36.0,665.0,0.08333333333333333,1.0,1.0,2274.0,6800.0,13.0,1.0,2.0,2.0,10000.0,120000.0,13.0,176.0,0
36.0,695.0,0.22,5.0,3.12,4523.0,6000.0,4.0,2.0,0.0,3.0,11000.0,50000.0,24.0,208.0,0
36.0,710.0,0.2222222222222222,2.0,8.28,5065.0,111800.0,2.0,,1.0,8.0,30000.0,135000.0,2.0,165.0,0
36.0,665.0,0.07142857142857142,6.0,21.57,25832.0,6900.0,5.0,5.0,2.0,5.0,5000.0,70000.0,9.0,176.0,1
36.0,665.0,0.371875,1.0,19.52,2161.0,13400.0,10.0,,0.0,5.0,11900.0,32000.0,10.0,137.0,0
36.0,670.0,0.21212121212121213,4.0,16.61,8930.0,27000.0,3.0,4.0,1.0,3.0,35000.0,165000.0,3.0,104.0,0
60.0,695.0,0.3585701598579041,5.0,19.66,5677.0,18000.0,0.0,3.0,0.0,3.0,24225.0,67560.0,0.0,96.0,0
60.0,710.0,0.4,3.0,23.77,29790.0,27800.0,3.0,1.0,1.0,5.0,28000.0,70000.0,3.0,129.0,1
36.0,715.0,0.2782608695652174,4.0,9.34,3043.0,0.0,17.0,,0.0,1.0,12800.0,46000.0,98.0,176.0,0
36.0,670.0,0.16666666666666666,8.0,21.36,2821.0,10700.0,2.0,3.0,0.0,7.0,5000.0,30000.0,2.0,131.0,0
36.0,735.0,0.17142857142857143,3.0,23.32,8869.0,31400.0,5.0,5.0,4.0,4.0,6000.0,35000.0,21.0,302.0,1
36.0,670.0,0.23333333333333334,2.0,23.72,19791.0,4000.0,6.0,1.0,1.0,6.0,7000.0,30000.0,72.0,107.0,1
36.0,660.0,0.21631390159086553,4.0,20.77,1890.0,5100.0,7.0,11.0,0.0,5.0,7900.0,36521.0,7.0,352.0,0
36.0,705.0,0.18181818181818182,2.0,20.69,4243.0,18300.0,2.0,2.0,0.0,3.0,10000.0,55000.0,31.0,152.0,0
36.0,660.0,0.03,2.0,11.99,4725.0,1900.0,7.0,10.0,0.0,2.0,3000.0,100000.0,52.0,130.0,1
60.0,700.0,0.17142857142857143,11.0,26.97,14672.0,39500.0,7.0,6.0,7.0,6.0,12000.0,70000.0,7.0,209.0,1
60.0,660.0,0.31384615384615383,8.0,18.56,4153.0,15100.0,1.0,2.0,0.0,9.0,20400.0,65000.0,12.0,291.0,0
36.0,670.0,0.24,5.0,8.1,1210.0,12200.0,0.0,0.0,0.0,8.0,14400.0,60000.0,7.0,90.0,1
36.0,750.0,0.10666666666666667,7.0,14.01,17826.0,14848.0,2.0,1.0,3.0,3.0,8000.0,75000.0,13.0,128.0,1
36.0,700.0,0.2698412698412698,2.0,15.94,1719.0,39800.0,6.0,,0.0,9.0,17000.0,63000.0,6.0,141.0,0
36.0,660.0,0.2631578947368421,11.0,24.95,9796.0,10200.0,1.0,4.0,1.0,12.0,10000.0,38000.0,2.0,144.0,1
36.0,670.0,0.41944444444444445,4.0,28.6,2983.0,9300.0,3.0,3.0,0.0,9.0,15100.0,36000.0,3.0,356.0,0
36.0,675.0,0.225,3.0,8.96,24241.0,7800.0,11.0,12.0,1.0,4.0,18000.0,80000.0,56.0,288.0,0
60.0,685.0,0.17647058823529413,2.0,10.7,4924.0,32200.0,11.0,11.0,0.0,7.0,15000.0,85000.0,11.0,46.0,0
36.0,665.0,0.2916666666666667,12.0,20.46,25207.0,7000.0,4.0,9.0,1.0,8.0,35000.0,120000.0,18.0,79.0,1
36.0,705.0,0.11818181818181818,3.0,10.32,4784.0,25500.0,4.0,17.0,0.0,4.0,13000.0,110000.0,4.0,256.0,0
36.0,710.0,0.2727272727272727,7.0,16.45,29404.0,22800.0,3.0,1.0,2.0,4.0,15000.0,55000.0,3.0,402.0,1
36.0,660.0,0.09375,,19.94,,,,,,,15000.0,160000.0,,,1
36.0,695.0,0.2,4.0,33.19,,22900.0,,6.0,0.0,,7000.0,35000.0,11.0,,0
36.0,675.0,0.21739130434782608,10.0,5.15,1829.0,3600.0,1.0,1.0,0.0,2.0,20000.0,92000.0,9.0,291.0,0
36.0,680.0,0.24324324324324326,3.0,27.69,3950.0,12600.0,21.0,,0.0,5.0,9000.0,37000.0,50.0,96.0,0
36.0,785.0,0.17391304347826086,2.0,10.02,2485.0,500.0,20.0,,1.0,1.0,8000.0,46000.0,20.0,364.0,0
36.0,730.0,0.06315789473684211,1.0,0.12,318.0,17000.0,10.0,11.0,0.0,2.0,24000.0,380000.0,28.0,321.0,0
36.0,710.0,0.16666666666666666,1.0,26.46,15028.0,28900.0,11.0,12.0,5.0,5.0,10000.0,60000.0,41.0,208.0,1
36.0,685.0,0.3333333333333333,2.0,12.32,1128.0,5100.0,9.0,,0.0,6.0,10000.0,30000.0,75.0,134.0,0
36.0,685.0,0.04666666666666667,6.0,6.74,603.0,2500.0,7.0,0.0,0.0,3.0,2800.0,60000.0,7.0,110.0,0
60.0,725.0,0.4888888888888889,11.0,34.0,1881.0,36000.0,3.0,8.0,0.0,10.0,22000.0,45000.0,10.0,142.0,0
36.0,660.0,0.07769230769230769,4.0,16.78,3569.0,9300.0,4.0,1.0,0.0,4.0,5050.0,65000.0,4.0,258.0,0
60.0,730.0,0.2435,3.0,8.21,4054.0,1900.0,14.0,7.0,0.0,2.0,12175.0,50000.0,62.0,62.0,0
60.0,685.0,0.23333333333333334,1.0,17.99,12019.0,20400.0,10.0,2.0,0.0,3.0,35000.0,150000.0,25.0,258.0,0
36.0,725.0,0.1,0.0,5.83,15340.0,10500.0,36.0,,0.0,1.0,15000.0,150000.0,93.0,180.0,0
36.0,710.0,0.36594255477814025,5.0,21.74,20251.0,19900.0,5.0,16.0,1.0,3.0,26175.0,71527.62,5.0,113.0,1
36.0,700.0,0.20833333333333334,5.0,20.5,31667.0,74300.0,10.0,19.0,7.0,4.0,25000.0,120000.0,33.0,159.0,1
36.0,675.0,0.175,6.0,17.43,3415.0,7900.0,2.0,3.0,1.0,9.0,14000.0,80000.0,9.0,110.0,1
36.0,695.0,0.07608695652173914,8.0,21.99,12793.0,6000.0,5.0,2.0,2.0,2.0,7000.0,92000.0,25.0,223.0,0
36.0,810.0,0.3111111111111111,5.0,14.48,,78200.0,,1.0,5.0,,28000.0,90000.0,9.0,,1
60.0,670.0,0.46,6.0,24.54,2597.0,17900.0,6.0,5.0,0.0,6.0,27600.0,60000.0,6.0,187.0,0
36.0,665.0,0.08450704225352113,3.0,12.98,6313.0,1300.0,5.0,5.0,1.0,2.0,6000.0,71000.0,18.0,142.0,0
36.0,675.0,0.24,2.0,11.92,888.0,9400.0,5.0,12.0,0.0,8.0,7200.0,30000.0,5.0,88.0,1
36.0,755.0,0.16215339711366952,,9.65,,,,,,,12000.0,74004.0,,,1
36.0,695.0,0.11722222222222223,6.0,20.98,23094.0,25200.0,6.0,5.0,7.0,8.0,10550.0,90000.0,6.0,146.0,1
36.0,675.0,0.05555555555555555,2.0,21.67,14273.0,3750.0,10.0,0.0,3.0,3.0,5000.0,90000.0,32.0,247.0,0
36.0,660.0,0.3,0.0,20.7,3989.0,10800.0,27.0,,0.0,7.0,12000.0,40000.0,27.0,75.0,0
36.0,670.0,0.061907838070628766,,2.26,,,,,,,2300.0,37152.0,,,0
36.0,820.0,0.10666666666666667,6.0,11.7,14350.0,57900.0,2.0,2.0,2.0,3.0,16000.0,150000.0,20.0,169.0,0
36.0,680.0,0.14814814814814814,5.0,11.73,14278.0,9500.0,6.0,6.0,1.0,6.0,8000.0,54000.0,6.0,44.0,1
36.0,705.0,0.05,3.0,10.38,2658.0,4500.0,4.0,5.0,0.0,4.0,3000.0,60000.0,4.0,55.0,0
60.0,700.0,0.16666666666666666,2.0,5.28,63801.0,23000.0,8.0,0.0,2.0,3.0,15000.0,90000.0,26.0,194.0,1
36.0,730.0,0.3333333333333333,3.0,19.45,536.0,23700.0,4.0,4.0,0.0,5.0,8000.0,24000.0,4.0,123.0,0
36.0,675.0,0.07153846153846154,5.0,10.32,1477.0,3500.0,9.0,2.0,0.0,7.0,4650.0,65000.0,9.0,146.0,0
36.0,685.0,0.22857142857142856,2.0,34.55,8334.0,15150.0,10.0,10.0,4.0,9.0,6400.0,28000.0,10.0,382.0,1
36.0,690.0,0.4,1.0,17.4,33579.0,25000.0,16.0,16.0,1.0,2.0,20000.0,50000.0,147.0,285.0,1
36.0,685.0,0.06666666666666667,8.0,22.43,34641.0,1800.0,12.0,12.0,2.0,6.0,6000.0,90000.0,18.0,80.0,1
36.0,675.0,0.1875,3.0,19.65,4371.0,5500.0,8.0,12.0,0.0,3.0,6000.0,32000.0,19.0,116.0,0
36.0,675.0,0.4,6.0,14.03,3632.0,8500.0,5.0,5.0,0.0,3.0,15600.0,39000.0,5.0,165.0,0
36.0,710.0,0.2517985611510791,1.0,11.84,5604.0,20300.0,20.0,3.0,2.0,5.0,35000.0,139000.0,20.0,360.0,1
36.0,670.0,0.07894736842105263,9.0,34.78,11931.0,2500.0,8.0,7.0,1.0,3.0,3000.0,38000.0,8.0,149.0,0
60.0,690.0,0.4714285714285714,5.0,21.21,6254.0,87800.0,10.0,7.0,0.0,7.0,33000.0,70000.0,12.0,311.0,0
60.0,700.0,0.2904761904761905,5.0,20.45,15271.0,11500.0,6.0,0.0,1.0,6.0,30500.0,105000.0,13.0,174.0,1
60.0,680.0,0.29411764705882354,4.0,19.1,2760.0,12600.0,5.0,1.0,0.0,4.0,10000.0,34000.0,14.0,157.0,0
36.0,700.0,0.15397775876817793,6.0,22.92,3740.0,37300.0,5.0,4.0,0.0,6.0,9000.0,58450.0,19.0,201.0,0
36.0,675.0,0.18604651162790697,8.0,22.97,19718.0,8500.0,2.0,5.0,1.0,3.0,8000.0,43000.0,23.0,105.0,1
60.0,690.0,0.19230769230769232,4.0,10.43,37626.0,14700.0,8.0,18.0,5.0,2.0,15000.0,78000.0,19.0,261.0,1
36.0,705.0,0.14,4.0,9.77,7510.0,12200.0,5.0,2.0,2.0,3.0,7000.0,50000.0,5.0,195.0,1
36.0,660.0,0.18461538461538463,5.0,16.95,37933.0,11700.0,6.0,1.0,4.0,5.0,12000.0,65000.0,11.0,201.0,1
60.0,735.0,0.125,12.0,22.18,11157.0,161500.0,1.0,1.0,6.0,15.0,15000.0,120000.0,4.0,181.0,1
36.0,660.0,0.09230769230769231,1.0,17.31,3755.0,6700.0,10.0,,2.0,6.0,4800.0,52000.0,10.0,257.0,0
36.0,715.0,0.39811320754716983,3.0,18.82,20072.0,24500.0,5.0,22.0,2.0,7.0,21100.0,53000.0,5.0,249.0,1
36.0,780.0,0.23148148148148148,,13.39,,,,,,,10000.0,43200.0,,,0
36.0,780.0,0.047619047619047616,11.0,10.43,15518.0,32400.0,6.0,2.0,2.0,1.0,6000.0,126000.0,6.0,149.0,1
36.0,700.0,0.3300039600475206,4.0,14.66,22907.0,14900.0,4.0,4.0,1.0,4.0,15000.0,45454.0,6.0,129.0,1
36.0,675.0,0.1469017094017094,2.0,18.4,2805.0,10300.0,11.0,11.0,0.0,4.0,5500.0,37440.0,11.0,212.0,0
60.0,665.0,0.15555555555555556,3.0,15.4,128117.0,49800.0,1.0,1.0,9.0,7.0,35000.0,225000.0,1.0,243.0,1
36.0,700.0,0.3448275862068966,1.0,20.54,22825.0,83500.0,1.0,11.0,6.0,6.0,30000.0,87000.0,1.0,215.0,0
36.0,685.0,0.21875,,23.44,,,,,,,17500.0,80000.0,,,0
36.0,720.0,0.13333333333333333,3.0,18.72,8581.0,11500.0,1.0,1.0,0.0,4.0,8000.0,60000.0,8.0,153.0,0
36.0,750.0,0.4,2.0,35.29,21202.0,46500.0,4.0,4.0,1.0,3.0,20000.0,50000.0,4.0,231.0,0
36.0,670.0,0.21,5.0,26.28,1503.0,18900.0,6.0,6.0,0.0,13.0,8400.0,40000.0,6.0,375.0,0
36.0,815.0,0.44939024390243903,4.0,2.1,29557.0,25200.0,12.0,22.0,4.0,4.0,18425.0,41000.0,12.0,195.0,1
36.0,680.0,0.32857142857142857,2.0,10.71,15351.0,10400.0,3.0,1.0,4.0,5.0,23000.0,70000.0,5.0,210.0,1
36.0,690.0,0.22727272727272727,2.0,17.49,15977.0,8000.0,6.0,18.0,1.0,4.0,7500.0,33000.0,26.0,179.0,1
60.0,685.0,0.06,6.0,7.83,63733.0,2500.0,3.0,3.0,3.0,2.0,14400.0,240000.0,146.0,185.0,1
60.0,670.0,0.08888888888888889,,10.31,,,,,,,12000.0,135000.0,,,1
36.0,670.0,0.14411764705882352,3.0,30.12,37205.0,23600.0,3.0,3.0,6.0,5.0,17150.0,119000.0,73.0,112.0,1
36.0,690.0,0.5,3.0,28.01,4926.0,36500.0,6.0,22.0,0.0,7.0,32500.0,65000.0,41.0,197.0,0
60.0,685.0,0.44761904761904764,4.0,29.96,9313.0,35503.0,11.0,21.0,0.0,5.0,28200.0,63000.0,21.0,151.0,0
36.0,695.0,0.08333333333333333,7.0,15.4,9436.0,21900.0,1.0,6.0,1.0,6.0,5000.0,60000.0,16.0,48.0,1
36.0,705.0,0.3333333333333333,4.0,28.61,5656.0,13000.0,4.0,13.0,1.0,3.0,15000.0,45000.0,4.0,147.0,1
36.0,735.0,0.13333333333333333,4.0,15.06,21536.0,43000.0,3.0,18.0,2.0,6.0,8000.0,60000.0,5.0,187.0,0
36.0,685.0,0.2822698135198135,6.0,1.16,45451.0,13700.0,5.0,5.0,5.0,3.0,27125.0,96096.0,6.0,304.0,1
36.0,670.0,0.12,6.0,28.22,,2500.0,,1.0,0.0,,6000.0,50000.0,54.0,,0
36.0,665.0,0.04941860465116279,3.0,4.41,1451.0,2700.0,4.0,4.0,0.0,3.0,2125.0,43000.0,4.0,124.0,0
36.0,685.0,0.1,6.0,23.0,49799.0,41000.0,1.0,1.0,4.0,6.0,20000.0,200000.0,3.0,187.0,1
36.0,660.0,0.21621621621621623,5.0,22.35,2479.0,13100.0,2.0,0.0,3.0,9.0,16000.0,74000.0,2.0,146.0,0
36.0,665.0,0.15,6.0,24.26,7609.0,14500.0,3.0,0.0,3.0,7.0,15000.0,100000.0,3.0,168.0,0
36.0,710.0,0.09523809523809523,1.0,19.66,4313.0,4600.0,15.0,13.0,0.0,2.0,2000.0,21000.0,41.0,93.0,0
60.0,715.0,0.25157232704402516,4.0,21.82,5178.0,51300.0,3.0,3.0,0.0,7.0,20000.0,79500.0,19.0,252.0,0
36.0,685.0,0.29239766081871343,2.0,26.36,13438.0,10000.0,14.0,14.0,2.0,4.0,25000.0,85500.0,42.0,231.0,1
36.0,725.0,0.14285714285714285,4.0,14.2,,48200.0,,2.0,4.0,,20000.0,140000.0,8.0,,1
36.0,660.0,0.1,6.0,17.38,20561.0,7800.0,11.0,24.0,10.0,5.0,10000.0,100000.0,35.0,148.0,1
36.0,675.0,0.28696268304204064,4.0,32.17,5302.0,25200.0,7.0,7.0,3.0,8.0,12150.0,42340.0,20.0,118.0,1
36.0,660.0,0.2968197879858657,4.0,22.69,1686.0,9100.0,4.0,1.0,1.0,5.0,8400.0,28300.0,40.0,146.0,0
60.0,710.0,0.17391304347826086,6.0,13.01,6474.0,78500.0,0.0,0.0,0.0,7.0,20000.0,115000.0,0.0,116.0,0
36.0,730.0,0.252,4.0,19.64,12660.0,7800.0,9.0,5.0,2.0,3.0,12600.0,50000.0,83.0,201.0,0
36.0,665.0,0.18181818181818182,3.0,17.41,4710.0,12900.0,10.0,10.0,0.0,6.0,10000.0,55000.0,10.0,35.0,0
60.0,680.0,0.3333333333333333,4.0,19.44,4985.0,4000.0,1.0,1.0,0.0,2.0,15000.0,45000.0,18.0,102.0,0
60.0,695.0,0.3794444444444444,6.0,29.89,6082.0,22100.0,13.0,14.0,0.0,4.0,17075.0,45000.0,13.0,98.0,0
36.0,710.0,0.15291396677944072,4.0,12.25,3003.0,19400.0,3.0,15.0,2.0,5.0,8000.0,52317.0,3.0,243.0,1
36.0,670.0,0.2125,3.0,26.59,5246.0,5600.0,9.0,16.0,0.0,2.0,6800.0,32000.0,15.0,204.0,0
60.0,675.0,0.4375,5.0,15.33,33698.0,8000.0,11.0,19.0,2.0,5.0,35000.0,80000.0,19.0,69.0,1
36.0,665.0,0.16,1.0,5.68,18860.0,2200.0,18.0,4.0,1.0,5.0,12000.0,75000.0,52.0,76.0,1
60.0,665.0,0.16393442622950818,4.0,7.0,6841.0,1000.0,6.0,6.0,0.0,3.0,10000.0,61000.0,20.0,20.0,0
36.0,680.0,0.09824561403508772,5.0,22.86,4819.0,21000.0,2.0,2.0,2.0,5.0,5600.0,57000.0,3.0,79.0,0
60.0,720.0,0.37333333333333335,10.0,14.49,11494.0,27500.0,2.0,13.0,2.0,8.0,28000.0,75000.0,14.0,117.0,0
36.0,675.0,0.10655436175205815,10.0,14.35,800.0,15500.0,1.0,13.0,0.0,10.0,8400.0,78833.0,5.0,282.0,0
36.0,670.0,0.13043478260869565,3.0,3.81,1416.0,6400.0,5.0,,0.0,4.0,15000.0,115000.0,83.0,131.0,0
36.0,670.0,0.3,8.0,22.51,2538.0,14600.0,1.0,1.0,0.0,7.0,14700.0,49000.0,1.0,141.0,0
36.0,685.0,0.36067073170731706,6.0,29.58,21222.0,32000.0,2.0,1.0,3.0,4.0,29575.0,82000.0,2.0,399.0,0
36.0,680.0,0.26,10.0,12.75,631.0,11600.0,4.0,10.0,0.0,10.0,10400.0,40000.0,4.0,189.0,0
60.0,660.0,0.21875,8.0,13.6,68454.0,13500.0,2.0,4.0,4.0,2.0,35000.0,160000.0,14.0,158.0,1
36.0,675.0,0.3333333333333333,1.0,3.3,39632.0,3000.0,3.0,3.0,1.0,2.0,25000.0,75000.0,3.0,216.0,0
36.0,660.0,0.018142235123367198,3.0,9.06,9061.0,4300.0,2.0,2.0,0.0,1.0,1000.0,55120.0,42.0,85.0,0
36.0,735.0,0.07,7.0,21.82,10483.0,26500.0,5.0,11.0,1.0,8.0,7000.0,100000.0,8.0,147.0,0
60.0,680.0,0.1595744680851064,4.0,18.81,10983.0,3100.0,11.0,5.0,1.0,3.0,15000.0,94000.0,37.0,127.0,1
60.0,675.0,0.13333333333333333,6.0,30.79,71102.0,55100.0,3.0,0.0,9.0,7.0,30000.0,225000.0,8.0,280.0,0
36.0,730.0,0.12121212121212122,3.0,9.33,24665.0,66100.0,7.0,7.0,4.0,6.0,24000.0,198000.0,7.0,313.0,1
60.0,670.0,0.37037037037037035,11.0,37.01,2507.0,46900.0,7.0,9.0,0.0,12.0,15000.0,40500.0,7.0,75.0,0
60.0,695.0,0.18947368421052632,6.0,11.74,4258.0,700.0,2.0,2.0,0.0,2.0,18000.0,95000.0,77.0,203.0,0
60.0,710.0,0.2912621359223301,4.0,26.52,11028.0,35500.0,0.0,0.0,4.0,11.0,24000.0,82400.0,0.0,334.0,1
36.0,720.0,0.2857142857142857,6.0,17.9,4044.0,32000.0,7.0,8.0,0.0,4.0,20000.0,70000.0,8.0,130.0,0
60.0,685.0,0.19310344827586207,0.0,4.75,80304.0,22300.0,46.0,2.0,4.0,5.0,28000.0,145000.0,68.0,149.0,1
36.0,705.0,0.19047619047619047,3.0,7.22,11423.0,21200.0,3.0,5.0,1.0,6.0,12000.0,63000.0,3.0,117.0,1
36.0,715.0,0.2222222222222222,5.0,17.32,29365.0,14800.0,2.0,3.0,4.0,6.0,20000.0,90000.0,2.0,387.0,1
36.0,700.0,0.07222222222222222,7.0,24.21,7567.0,0.0,1.0,16.0,0.0,1.0,3250.0,45000.0,,189.0,1
60.0,715.0,0.13333333333333333,6.0,27.4,25808.0,51400.0,10.0,10.0,3.0,11.0,24000.0,180000.0,16.0,242.0,1
36.0,675.0,0.18,8.0,14.71,42205.0,5000.0,3.0,3.0,1.0,4.0,9000.0,50000.0,9.0,31.0,1
36.0,665.0,0.1694915254237288,9.0,17.53,3694.0,12500.0,8.0,8.0,0.0,12.0,20000.0,118000.0,11.0,316.0,0
36.0,665.0,0.21666666666666667,3.0,31.4,1904.0,9300.0,3.0,,0.0,6.0,5200.0,24000.0,11.0,65.0,0
36.0,700.0,0.09,4.0,32.19,31391.0,43800.0,5.0,5.0,6.0,4.0,9000.0,100000.0,8.0,252.0,1
36.0,685.0,0.45,3.0,27.6,1882.0,4500.0,10.0,19.0,3.0,7.0,13500.0,30000.0,10.0,163.0,0
36.0,665.0,0.03272727272727273,0.0,1.91,68240.0,0.0,31.0,,4.0,2.0,3600.0,110000.0,,165.0,1
36.0,685.0,0.05384615384615385,15.0,17.21,,2200.0,,3.0,3.0,,3500.0,65000.0,5.0,,1
36.0,685.0,0.5,5.0,28.83,9330.0,11400.0,3.0,3.0,3.0,9.0,21000.0,42000.0,3.0,144.0,1
36.0,695.0,0.10283020360380314,,7.97,,,,,,,6500.0,63211.0,,,0
36.0,700.0,0.10041683519841804,9.0,7.58,23461.0,3300.0,5.0,4.0,2.0,2.0,17875.0,178008.0,10.0,194.0,1
36.0,675.0,0.13157894736842105,5.0,5.47,9876.0,15300.0,1.0,3.0,0.0,4.0,7500.0,57000.0,1.0,24.0,1
60.0,680.0,0.3,5.0,15.3,4690.0,5800.0,4.0,4.0,0.0,4.0,18000.0,60000.0,13.0,80.0,0
60.0,685.0,0.02247191011235955,7.0,6.52,,48300.0,,8.0,5.0,,2400.0,106800.0,7.0,,1
36.0,670.0,0.125,5.0,19.37,6702.0,5000.0,6.0,13.0,0.0,4.0,10000.0,80000.0,6.0,162.0,0
36.0,670.0,0.2916666666666667,2.0,15.48,10479.0,25000.0,19.0,1.0,5.0,3.0,35000.0,120000.0,21.0,184.0,0
60.0,660.0,0.4114285714285714,5.0,13.38,2540.0,11800.0,5.0,3.0,0.0,8.0,14400.0,35000.0,5.0,103.0,0
36.0,740.0,0.19390243902439025,4.0,27.49,1747.0,6600.0,4.0,4.0,0.0,5.0,7950.0,41000.0,39.0,437.0,0
36.0,695.0,0.19583333333333333,3.0,14.15,4602.0,19900.0,11.0,13.0,0.0,4.0,23500.0,120000.0,11.0,146.0,0
36.0,670.0,0.16,14.0,32.23,8323.0,1500.0,1.0,0.0,1.0,4.0,4800.0,30000.0,5.0,128.0,1
36.0,730.0,0.13333333333333333,7.0,4.23,1279.0,49400.0,6.0,4.0,1.0,5.0,12000.0,90000.0,6.0,169.0,1
60.0,670.0,0.3105590062111801,1.0,13.69,6281.0,0.0,12.0,,4.0,1.0,15000.0,48300.0,,147.0,0
36.0,710.0,0.1780821917808219,3.0,8.68,,16300.0,,3.0,0.0,,13000.0,73000.0,50.0,,1
36.0,670.0,0.5,2.0,28.24,3988.0,1500.0,20.0,,0.0,3.0,15000.0,30000.0,134.0,199.0,0
60.0,680.0,0.30612244897959184,6.0,21.99,19819.0,7300.0,2.0,0.0,2.0,7.0,15000.0,49000.0,2.0,93.0,1
36.0,665.0,0.18369690011481057,9.0,5.62,1657.0,26500.0,4.0,17.0,3.0,7.0,16000.0,87100.0,4.0,181.0,0
36.0,675.0,0.3194341452284525,11.0,35.71,8040.0,20800.0,13.0,2.0,0.0,11.0,28000.0,87655.0,16.0,163.0,0
36.0,670.0,0.3333333333333333,10.0,35.8,2584.0,22800.0,2.0,12.0,1.0,11.0,20000.0,60000.0,14.0,398.0,0
36.0,685.0,0.346875,7.0,32.4,2896.0,1300.0,6.0,6.0,0.0,5.0,8325.0,24000.0,17.0,29.0,1
36.0,725.0,0.08936170212765958,8.0,37.0,5119.0,20300.0,3.0,3.0,0.0,5.0,4200.0,47000.0,3.0,95.0,1
36.0,670.0,0.05184248180328889,4.0,27.87,4291.0,18800.0,5.0,21.0,0.0,14.0,5000.0,96446.0,5.0,126.0,0
36.0,695.0,0.20378411910669975,6.0,39.28,24592.0,79400.0,5.0,5.0,6.0,10.0,16425.0,80600.0,19.0,226.0,1
36.0,685.0,0.09259259259259259,8.0,21.11,1905.0,9200.0,1.0,1.0,0.0,7.0,5000.0,54000.0,11.0,156.0,1
60.0,685.0,0.42,8.0,18.4,993.0,16000.0,1.0,3.0,0.0,11.0,14700.0,35000.0,3.0,159.0,0
36.0,715.0,0.16666666666666666,1.0,39.26,52250.0,69500.0,3.0,9.0,5.0,8.0,20000.0,120000.0,51.0,341.0,1
60.0,700.0,0.31341463414634146,2.0,16.83,21996.0,26500.0,9.0,11.0,1.0,3.0,12850.0,41000.0,13.0,100.0,1
36.0,680.0,0.30303030303030304,7.0,10.62,1023.0,10100.0,6.0,5.0,0.0,6.0,10000.0,33000.0,13.0,140.0,0
36.0,700.0,0.22727272727272727,0.0,12.19,13238.0,14000.0,32.0,1.0,1.0,3.0,10000.0,44000.0,32.0,88.0,1
60.0,680.0,0.11428571428571428,8.0,16.5,12488.0,8500.0,4.0,4.0,5.0,8.0,12000.0,105000.0,4.0,235.0,1
36.0,695.0,0.06896551724137931,3.0,22.06,4780.0,6000.0,8.0,6.0,0.0,8.0,4000.0,58000.0,19.0,112.0,0
36.0,670.0,0.15290032809862072,3.0,24.77,1377.0,7200.0,13.0,17.0,0.0,6.0,4800.0,31393.0,47.0,116.0,0
36.0,720.0,0.038461538461538464,,18.6,,,,,,,2400.0,62400.0,,,1
36.0,680.0,0.144375,4.0,10.76,48484.0,5000.0,0.0,7.0,3.0,3.0,11550.0,80000.0,0.0,457.0,1
60.0,675.0,0.3096774193548387,3.0,26.05,4683.0,7800.0,10.0,2.0,1.0,3.0,9600.0,31000.0,66.0,309.0,0
36.0,760.0,0.14563106796116504,2.0,11.25,71631.0,98100.0,9.0,0.0,6.0,7.0,30000.0,206000.0,54.0,400.0,0
60.0,715.0,0.3027027027027027,2.0,24.94,8635.0,5000.0,2.0,1.0,1.0,3.0,11200.0,37000.0,35.0,225.0,1
36.0,695.0,0.16129032258064516,5.0,25.37,43714.0,13000.0,14.0,11.0,1.0,5.0,15000.0,93000.0,15.0,91.0,1
36.0,795.0,0.1488095238095238,4.0,3.07,20831.0,66000.0,3.0,3.0,7.0,6.0,25000.0,168000.0,9.0,181.0,1
36.0,685.0,0.08602150537634409,5.0,12.06,5280.0,14600.0,3.0,16.0,0.0,3.0,8000.0,93000.0,3.0,41.0,0
36.0,685.0,0.47357095229435653,6.0,22.26,14418.0,24300.0,1.0,9.0,1.0,6.0,25000.0,52790.4,1.0,129.0,1
36.0,670.0,0.06578947368421052,4.0,14.04,18219.0,0.0,2.0,1.0,1.0,3.0,5000.0,76000.0,,96.0,1
36.0,675.0,0.21621621621621623,5.0,15.79,6499.0,11300.0,7.0,7.0,0.0,4.0,8000.0,37000.0,7.0,61.0,0
60.0,720.0,0.16666666666666666,5.0,26.97,59295.0,17000.0,0.0,0.0,1.0,3.0,25000.0,150000.0,0.0,288.0,1
36.0,670.0,0.07795333263576436,12.0,14.15,36201.0,2100.0,9.0,3.0,4.0,6.0,7450.0,95570.0,14.0,152.0,1
36.0,750.0,0.18478260869565216,4.0,36.29,1745.0,112400.0,2.0,23.0,0.0,14.0,8500.0,46000.0,23.0,200.0,0
36.0,755.0,0.3232758620689655,9.0,21.29,4413.0,6000.0,6.0,4.0,0.0,1.0,18750.0,58000.0,20.0,255.0,0
60.0,670.0,0.2824858757062147,7.0,26.71,5218.0,17800.0,5.0,5.0,0.0,12.0,20000.0,70800.0,5.0,139.0,0
36.0,780.0,0.10416666666666667,2.0,8.83,21591.0,6300.0,17.0,2.0,2.0,1.0,5000.0,48000.0,24.0,80.0,0
36.0,695.0,0.16304347826086957,1.0,7.89,4032.0,11100.0,15.0,1.0,0.0,4.0,15000.0,92000.0,15.0,67.0,0
36.0,735.0,0.06097560975609756,,8.34,,,,,,,5000.0,82000.0,,,0
60.0,680.0,0.3125,16.0,35.8,2665.0,6000.0,2.0,0.0,0.0,6.0,15000.0,48000.0,17.0,153.0,0
36.0,695.0,0.08611111111111111,5.0,12.49,4337.0,2500.0,2.0,2.0,2.0,3.0,4650.0,54000.0,27.0,160.0,0
36.0,685.0,0.14285714285714285,1.0,8.74,2122.0,11800.0,9.0,9.0,0.0,4.0,10000.0,70000.0,9.0,45.0,0
36.0,680.0,0.11691176470588235,2.0,27.05,22431.0,58000.0,11.0,9.0,0.0,4.0,15900.0,136000.0,11.0,204.0,0
36.0,680.0,0.1,1.0,20.71,2321.0,1500.0,17.0,,0.0,1.0,2000.0,20000.0,78.0,103.0,0
60.0,675.0,0.21176470588235294,12.0,32.19,3367.0,35700.0,5.0,4.0,0.0,18.0,14400.0,68000.0,5.0,203.0,0
36.0,780.0,0.12727272727272726,,14.17,,,,,,,14000.0,110000.0,,,1
36.0,680.0,0.25,2.0,13.35,6832.0,29600.0,13.0,13.0,2.0,5.0,25000.0,100000.0,37.0,265.0,1
36.0,720.0,0.02319277108433735,2.0,22.77,24678.0,53925.0,3.0,4.0,8.0,7.0,1925.0,83000.0,3.0,206.0,1
36.0,675.0,0.16932752781809385,1.0,8.04,804.0,10700.0,5.0,,0.0,8.0,7000.0,41340.0,29.0,222.0,0
36.0,660.0,0.16666666666666666,6.0,24.97,5856.0,46400.0,2.0,6.0,1.0,13.0,10000.0,60000.0,4.0,157.0,1
36.0,685.0,0.29545454545454547,7.0,37.42,2349.0,5800.0,4.0,4.0,0.0,5.0,6500.0,22000.0,13.0,55.0,0
36.0,695.0,0.21818181818181817,3.0,13.47,29769.0,18700.0,2.0,2.0,3.0,7.0,24000.0,110000.0,2.0,135.0,0
36.0,685.0,0.1586021505376344,6.0,26.67,35193.0,10200.0,10.0,10.0,1.0,3.0,14750.0,93000.0,62.0,202.0,1
36.0,660.0,0.05714285714285714,1.0,21.01,8401.0,8500.0,9.0,9.0,2.0,2.0,10000.0,175000.0,32.0,323.0,0
36.0,725.0,0.20905923344947736,6.0,20.81,3481.0,40200.0,11.0,11.0,0.0,9.0,15000.0,71750.0,11.0,49.0,0
36.0,670.0,0.21428571428571427,4.0,21.36,,10000.0,,7.0,0.0,,12000.0,56000.0,24.0,,0
36.0,675.0,0.28735632183908044,5.0,16.62,1151.0,14000.0,2.0,8.0,1.0,4.0,5000.0,17400.0,2.0,177.0,0
36.0,740.0,0.23391812865497075,1.0,22.13,1839.0,3000.0,16.0,,1.0,2.0,20000.0,85500.0,16.0,312.0,0
60.0,690.0,0.28233699744014457,2.0,8.13,41545.0,6600.0,13.0,15.0,1.0,4.0,15000.0,53128.0,27.0,175.0,1
36.0,715.0,0.24,0.0,29.11,5336.0,27500.0,50.0,,0.0,4.0,12000.0,50000.0,65.0,157.0,0
36.0,675.0,0.17541666666666667,5.0,2.42,732.0,4500.0,4.0,16.0,2.0,5.0,10525.0,60000.0,10.0,18.0,1
36.0,660.0,0.2916666666666667,13.0,25.53,3949.0,57500.0,9.0,12.0,0.0,12.0,35000.0,120000.0,10.0,118.0,0
36.0,660.0,0.16203703703703703,5.0,28.53,526.0,8400.0,2.0,2.0,0.0,8.0,7000.0,43200.0,2.0,118.0,0
36.0,660.0,0.13157894736842105,6.0,27.66,20788.0,10400.0,3.0,3.0,2.0,9.0,10000.0,76000.0,6.0,131.0,1
36.0,700.0,0.23,9.0,29.74,12460.0,1400.0,10.0,1.0,2.0,3.0,11500.0,50000.0,75.0,163.0,1
60.0,675.0,0.3541666666666667,4.0,15.48,1320.0,24500.0,4.0,14.0,0.0,11.0,17000.0,48000.0,4.0,119.0,0
60.0,685.0,0.275,0.0,12.26,8016.0,12000.0,30.0,1.0,5.0,1.0,33000.0,120000.0,33.0,127.0,0
36.0,745.0,0.07777777777777778,7.0,15.95,2714.0,37400.0,3.0,3.0,2.0,19.0,7000.0,90000.0,3.0,467.0,0
36.0,705.0,0.21739130434782608,4.0,22.02,11309.0,15100.0,10.0,10.0,1.0,4.0,10000.0,46000.0,19.0,127.0,1
60.0,660.0,0.3611111111111111,3.0,22.79,2007.0,7900.0,14.0,,0.0,5.0,13000.0,36000.0,25.0,108.0,0
36.0,715.0,0.375,4.0,27.18,10586.0,33800.0,4.0,11.0,5.0,7.0,15000.0,40000.0,4.0,355.0,1
36.0,700.0,0.09523809523809523,4.0,17.37,1860.0,3300.0,3.0,,0.0,4.0,4000.0,42000.0,3.0,131.0,0
36.0,730.0,0.25,5.0,22.44,2100.0,12500.0,2.0,4.0,1.0,4.0,10000.0,40000.0,2.0,126.0,0
36.0,660.0,0.26,1.0,17.09,,13400.0,,,0.0,,13000.0,50000.0,20.0,,0
60.0,690.0,0.21739130434782608,6.0,13.84,8886.0,18100.0,1.0,1.0,0.0,4.0,25000.0,115000.0,7.0,224.0,0
36.0,685.0,0.028409090909090908,6.0,16.23,36200.0,2000.0,2.0,0.0,6.0,2.0,5000.0,176000.0,8.0,181.0,1
36.0,680.0,0.48,4.0,21.51,10481.0,15300.0,15.0,15.0,3.0,5.0,19200.0,40000.0,21.0,152.0,0
60.0,665.0,0.2564102564102564,5.0,10.5,16906.0,4300.0,4.0,8.0,5.0,6.0,30000.0,117000.0,23.0,277.0,1
60.0,675.0,0.18681318681318682,3.0,19.7,71870.0,13100.0,11.0,6.0,3.0,2.0,17000.0,91000.0,11.0,123.0,1
36.0,700.0,0.007352941176470588,1.0,14.9,14457.0,32600.0,22.0,9.0,2.0,9.0,1000.0,136000.0,68.0,350.0,1
36.0,690.0,0.375,3.0,19.06,2788.0,7500.0,3.0,2.0,0.0,4.0,15000.0,40000.0,3.0,146.0,0
36.0,695.0,0.016,5.0,15.0,5278.0,37000.0,9.0,11.0,0.0,3.0,1600.0,100000.0,19.0,113.0,0
36.0,660.0,0.17647058823529413,4.0,21.11,16146.0,7500.0,2.0,3.0,1.0,3.0,6000.0,34000.0,10.0,91.0,1
60.0,695.0,0.17371403361228682,8.0,22.41,14354.0,8300.0,1.0,0.0,6.0,7.0,12600.0,72533.0,4.0,133.0,1
36.0,690.0,0.2482758620689655,4.0,7.57,8264.0,15300.0,8.0,10.0,1.0,9.0,14400.0,58000.0,8.0,247.0,1
36.0,670.0,0.0955223880597015,3.0,11.64,28245.0,6300.0,12.0,4.0,1.0,5.0,6400.0,67000.0,19.0,212.0,1
36.0,735.0,0.3939285714285714,6.0,16.38,2776.0,58100.0,5.0,13.0,0.0,9.0,27575.0,70000.0,15.0,89.0,0
36.0,675.0,0.2463768115942029,8.0,23.2,15417.0,20700.0,2.0,2.0,2.0,4.0,17000.0,69000.0,2.0,168.0,1
36.0,725.0,0.10256410256410256,5.0,10.76,4274.0,15000.0,2.0,,0.0,2.0,6000.0,58500.0,11.0,51.0,0
36.0,680.0,0.14,3.0,21.36,2436.0,19900.0,10.0,10.0,1.0,4.0,8400.0,60000.0,19.0,179.0,0
36.0,755.0,0.1111111111111111,1.0,6.17,3927.0,69300.0,10.0,18.0,0.0,6.0,20000.0,180000.0,10.0,315.0,0
36.0,660.0,0.11818181818181818,8.0,22.05,2301.0,6700.0,7.0,0.0,1.0,7.0,15600.0,132000.0,14.0,593.0,0
36.0,665.0,0.18181818181818182,1.0,32.57,3687.0,4000.0,11.0,11.0,0.0,2.0,4000.0,22000.0,29.0,43.0,0
60.0,665.0,0.2608695652173913,7.0,17.38,6412.0,24800.0,6.0,8.0,2.0,5.0,12000.0,46000.0,6.0,154.0,1
36.0,680.0,0.2,12.0,25.44,3336.0,24700.0,2.0,2.0,0.0,7.0,12000.0,60000.0,9.0,87.0,0
36.0,745.0,0.22208121827411167,3.0,24.58,8450.0,41200.0,8.0,10.0,2.0,10.0,17500.0,78800.0,32.0,235.0,1
36.0,690.0,0.20833333333333334,9.0,13.03,839.0,23400.0,10.0,5.0,0.0,12.0,10000.0,48000.0,10.0,48.0,0
36.0,665.0,0.10975609756097561,4.0,7.96,3987.0,6500.0,4.0,1.0,0.0,3.0,9000.0,82000.0,4.0,152.0,0
36.0,680.0,0.2857142857142857,8.0,32.54,2351.0,11000.0,1.0,1.0,0.0,7.0,8000.0,28000.0,1.0,172.0,1
60.0,675.0,0.37504219224662777,7.0,21.02,,20000.0,,0.0,0.0,,30000.0,79991.0,3.0,,0
36.0,675.0,0.35808823529411765,3.0,34.56,3365.0,9600.0,7.0,5.0,0.0,6.0,12175.0,34000.0,7.0,186.0,0
36.0,670.0,0.18181818181818182,7.0,19.94,880.0,4500.0,1.0,0.0,0.0,9.0,10000.0,55000.0,3.0,88.0,0
36.0,695.0,0.10964912280701754,2.0,15.42,4020.0,800.0,4.0,4.0,0.0,3.0,2500.0,22800.0,121.0,121.0,0
36.0,690.0,0.22857142857142856,7.0,14.54,13719.0,8600.0,5.0,0.0,1.0,2.0,8000.0,35000.0,5.0,112.0,0
36.0,660.0,0.36,5.0,21.3,983.0,15400.0,2.0,2.0,0.0,9.0,12600.0,35000.0,2.0,191.0,0
36.0,715.0,0.06140350877192982,7.0,8.56,3302.0,10700.0,3.0,4.0,0.0,3.0,3500.0,57000.0,8.0,168.0,0
60.0,705.0,0.3538324420677362,3.0,29.54,17358.0,53300.0,2.0,3.0,6.0,4.0,19850.0,56100.0,3.0,343.0,0
36.0,680.0,0.3287671232876712,4.0,21.7,4051.0,3700.0,19.0,19.0,0.0,6.0,12000.0,36500.0,19.0,101.0,0
36.0,705.0,0.094140625,7.0,24.36,31967.0,1000.0,2.0,2.0,2.0,7.0,6025.0,64000.0,2.0,141.0,1
36.0,660.0,0.17875,22.0,7.96,2821.0,12700.0,5.0,0.0,3.0,10.0,21450.0,120000.0,5.0,109.0,0
36.0,680.0,0.35333333333333333,3.0,16.46,4004.0,9100.0,5.0,,0.0,5.0,21200.0,60000.0,5.0,112.0,0
36.0,675.0,0.09,8.0,10.8,24481.0,0.0,3.0,5.0,2.0,3.0,5400.0,60000.0,,189.0,0
60.0,720.0,0.25,7.0,12.84,34024.0,15300.0,12.0,1.0,2.0,3.0,30000.0,120000.0,35.0,243.0,1
36.0,700.0,0.1109375,3.0,25.2,28826.0,10100.0,4.0,4.0,2.0,5.0,8875.0,80000.0,9.0,174.0,1
60.0,670.0,0.4616477272727273,6.0,31.29,11858.0,7300.0,3.0,3.0,2.0,5.0,21125.0,45760.0,9.0,49.0,1
36.0,725.0,0.23333333333333334,4.0,27.64,2238.0,5500.0,5.0,11.0,0.0,1.0,7000.0,30000.0,43.0,61.0,0
60.0,695.0,0.353087552030761,4.0,25.57,4904.0,16400.0,2.0,1.0,0.0,4.0,24000.0,67971.81,28.0,438.0,1
36.0,690.0,0.19672131147540983,6.0,12.87,2733.0,12000.0,4.0,4.0,1.0,4.0,12000.0,61000.0,4.0,109.0,0
36.0,815.0,0.2692307692307692,1.0,2.21,23446.0,23000.0,7.0,,5.0,2.0,35000.0,130000.0,108.0,314.0,1
36.0,680.0,0.1,7.0,25.83,24129.0,36700.0,3.0,4.0,2.0,7.0,12800.0,128000.0,37.0,319.0,1
36.0,665.0,0.14211538461538462,4.0,7.69,64642.0,7500.0,8.0,13.0,2.0,2.0,18475.0,130000.0,18.0,138.0,1
36.0,685.0,0.29980013324450366,0.0,31.03,2141.0,12700.0,26.0,,2.0,3.0,10800.0,36024.0,26.0,319.0,0
36.0,700.0,0.20191531094957887,10.0,7.2,23062.0,7000.0,2.0,1.0,5.0,2.0,7000.0,34668.0,4.0,351.0,1
36.0,685.0,0.5,7.0,11.55,2860.0,7300.0,8.0,8.0,2.0,5.0,35000.0,70000.0,11.0,304.0,1
36.0,745.0,0.12857142857142856,4.0,9.09,16924.0,43000.0,3.0,3.0,3.0,4.0,9000.0,70000.0,4.0,210.0,1
36.0,715.0,0.3541666666666667,1.0,17.65,1736.0,6700.0,3.0,,0.0,3.0,7225.0,20400.0,3.0,123.0,0
36.0,700.0,0.1346153846153846,,18.16,,,,,,,7000.0,52000.0,,,0
36.0,715.0,0.24,5.0,27.72,7163.0,58771.0,8.0,2.0,1.0,4.0,30000.0,125000.0,18.0,142.0,0
36.0,710.0,0.3183673469387755,7.0,28.14,16141.0,14800.0,8.0,8.0,3.0,3.0,15600.0,49000.0,24.0,158.0,1
36.0,680.0,0.11428571428571428,3.0,11.07,,5400.0,,12.0,0.0,,8000.0,70000.0,1.0,,0
60.0,670.0,0.33962264150943394,6.0,22.33,6314.0,5500.0,8.0,8.0,2.0,5.0,18000.0,53000.0,10.0,287.0,0
36.0,690.0,0.20285714285714285,1.0,9.53,838.0,6400.0,17.0,,0.0,8.0,7100.0,35000.0,31.0,88.0,0
36.0,700.0,0.1568627450980392,1.0,11.88,15539.0,12500.0,1.0,3.0,1.0,2.0,8000.0,51000.0,87.0,314.0,0
36.0,675.0,0.15741090542752803,1.0,9.72,4087.0,5600.0,20.0,12.0,0.0,3.0,10000.0,63528.0,59.0,360.0,1
60.0,690.0,0.21739130434782608,5.0,25.11,12139.0,20400.0,4.0,2.0,3.0,9.0,15000.0,69000.0,4.0,249.0,1
36.0,675.0,0.12428477628740268,9.0,19.0,9231.0,1500.0,2.0,3.0,1.0,6.0,6625.0,53305.0,25.0,61.0,1
60.0,715.0,0.1724137931034483,1.0,16.22,5990.0,63300.0,21.0,,0.0,6.0,25000.0,145000.0,34.0,131.0,0
60.0,675.0,0.299375,5.0,23.1,17431.0,10400.0,5.0,6.0,3.0,5.0,11975.0,40000.0,13.0,212.0,1
36.0,680.0,0.11956521739130435,4.0,26.96,31565.0,44300.0,1.0,6.0,2.0,7.0,8250.0,69000.0,24.0,235.0,1
36.0,670.0,0.04861111111111111,5.0,17.7,4504.0,7500.0,1.0,20.0,0.0,3.0,3500.0,72000.0,180.0,230.0,1
36.0,710.0,0.015217391304347827,6.0,10.13,10499.0,53100.0,1.0,7.0,6.0,6.0,1400.0,92000.0,1.0,359.0,1
36.0,740.0,0.0547945205479452,1.0,8.17,73150.0,22000.0,16.0,3.0,2.0,2.0,8000.0,146000.0,110.0,288.0,0
36.0,790.0,0.18604651162790697,0.0,5.49,85308.0,14200.0,41.0,,2.0,3.0,24000.0,129000.0,118.0,188.0,1
36.0,715.0,0.2336448598130841,4.0,15.42,23421.0,67700.0,5.0,6.0,4.0,7.0,25000.0,107000.0,57.0,178.0,1
36.0,680.0,0.12142857142857143,4.0,13.46,3175.0,1800.0,4.0,4.0,0.0,5.0,5100.0,42000.0,9.0,40.0,0
60.0,710.0,0.21428571428571427,7.0,29.74,7157.0,46100.0,2.0,2.0,5.0,9.0,30000.0,140000.0,2.0,193.0,1
36.0,680.0,0.4692265582231954,0.0,20.32,3489.0,18000.0,29.0,,2.0,1.0,24000.0,51148.0,81.0,384.0,0
60.0,665.0,0.4377286895243258,1.0,14.18,1138.0,13000.0,17.0,,0.0,6.0,16150.0,36895.0,17.0,446.0,0
36.0,770.0,0.11076923076923077,2.0,27.62,11710.0,16100.0,9.0,9.0,1.0,3.0,7200.0,65000.0,28.0,104.0,1
60.0,675.0,0.3541666666666667,2.0,28.55,3064.0,7000.0,5.0,0.0,0.0,6.0,17000.0,48000.0,83.0,133.0,0
60.0,685.0,0.38147112880992495,13.0,92.88,11570.0,9700.0,2.0,1.0,0.0,7.0,19925.0,52232.0,85.0,222.0,1
36.0,660.0,0.083,2.0,16.78,14456.0,1300.0,5.0,5.0,2.0,1.0,8300.0,100000.0,49.0,220.0,1
36.0,675.0,0.20689655172413793,6.0,26.81,43017.0,150200.0,6.0,6.0,1.0,7.0,30000.0,145000.0,6.0,103.0,1
36.0,745.0,0.10526315789473684,4.0,11.8,2261.0,135800.0,1.0,1.0,0.0,11.0,10000.0,95000.0,8.0,248.0,0
36.0,690.0,0.11864406779661017,1.0,0.44,1025.0,8400.0,24.0,,0.0,3.0,35000.0,295000.0,31.0,81.0,1
36.0,690.0,0.07928571428571428,2.0,11.85,16291.0,15700.0,3.0,11.0,2.0,4.0,5550.0,70000.0,65.0,236.0,1
36.0,755.0,0.06666666666666667,2.0,14.05,14223.0,12000.0,7.0,2.0,0.0,2.0,6000.0,90000.0,148.0,148.0,1
60.0,685.0,0.23970588235294119,8.0,15.43,,13500.0,,0.0,3.0,,20375.0,85000.0,4.0,,0
36.0,745.0,0.125,5.0,18.75,69836.0,9500.0,6.0,6.0,5.0,1.0,6000.0,48000.0,16.0,144.0,1
36.0,715.0,0.2,3.0,18.08,2208.0,31200.0,3.0,3.0,0.0,2.0,6000.0,30000.0,89.0,548.0,1
36.0,710.0,0.4796875,3.0,1.88,19208.0,1000.0,6.0,3.0,0.0,3.0,23025.0,48000.0,12.0,32.0,1
36.0,670.0,0.1595959595959596,5.0,17.7,4898.0,8100.0,2.0,22.0,6.0,10.0,7900.0,49500.0,12.0,134.0,1
36.0,680.0,0.34285714285714286,3.0,23.44,23148.0,26300.0,22.0,,1.0,9.0,24000.0,70000.0,22.0,216.0,1
36.0,685.0,0.13953488372093023,4.0,11.26,4884.0,13800.0,13.0,6.0,4.0,5.0,19200.0,137600.0,13.0,350.0,1
36.0,680.0,0.07175925925925926,6.0,14.76,13049.0,8600.0,4.0,4.0,4.0,6.0,3875.0,54000.0,18.0,104.0,1
36.0,690.0,0.084,,6.08,,,,,,,6300.0,75000.0,,,0
36.0,660.0,0.1111111111111111,2.0,21.92,6242.0,27100.0,7.0,2.0,1.0,8.0,10000.0,90000.0,7.0,287.0,0
36.0,665.0,0.1784776902887139,1.0,28.16,19728.0,63400.0,6.0,6.0,0.0,4.0,13600.0,76200.0,28.0,181.0,0
60.0,675.0,0.23708751793400287,4.0,24.47,21108.0,8500.0,4.0,4.0,3.0,4.0,16525.0,69700.0,5.0,319.0,1
60.0,710.0,0.40049661580359647,0.0,21.37,27318.0,49100.0,38.0,,4.0,5.0,30000.0,74907.0,39.0,144.0,0
36.0,700.0,0.4,6.0,20.84,23599.0,19300.0,8.0,,6.0,4.0,20000.0,50000.0,8.0,195.0,1
36.0,745.0,0.19555555555555557,2.0,16.57,64426.0,49900.0,5.0,,1.0,3.0,17600.0,90000.0,189.0,233.0,1
36.0,675.0,0.12,,10.11,,,,,,,9000.0,75000.0,,,0
36.0,665.0,0.26229508196721313,11.0,25.14,2316.0,24800.0,5.0,1.0,2.0,12.0,16000.0,61000.0,14.0,215.0,0
36.0,675.0,0.1875,7.0,20.4,1133.0,13500.0,2.0,5.0,0.0,7.0,4500.0,24000.0,2.0,74.0,0
36.0,680.0,0.1631321370309951,3.0,16.15,758.0,2500.0,3.0,,0.0,7.0,4800.0,29424.0,35.0,64.0,0
36.0,675.0,0.28701923076923075,9.0,14.66,2739.0,16900.0,1.0,1.0,0.0,12.0,29850.0,104000.0,9.0,306.0,0
36.0,720.0,0.26666666666666666,7.0,19.15,1675.0,41500.0,4.0,12.0,0.0,7.0,12000.0,45000.0,4.0,201.0,0
36.0,675.0,0.16666666666666666,,19.35,,,,,,,5500.0,33000.0,,,0
60.0,715.0,0.23076923076923078,3.0,18.13,10241.0,30800.0,13.0,13.0,2.0,5.0,30000.0,130000.0,48.0,505.0,0
36.0,715.0,0.10869565217391304,9.0,31.28,36132.0,0.0,1.0,3.0,1.0,4.0,5000.0,46000.0,,61.0,1
36.0,670.0,0.09,9.0,21.28,16852.0,24900.0,1.0,13.0,1.0,17.0,7200.0,80000.0,5.0,161.0,1
36.0,660.0,0.13953488372093023,14.0,16.19,1817.0,6500.0,1.0,6.0,0.0,8.0,6000.0,43000.0,16.0,251.0,0
36.0,675.0,0.4,2.0,27.44,3387.0,15800.0,10.0,6.0,0.0,6.0,12000.0,30000.0,24.0,52.0,0
36.0,700.0,0.045454545454545456,8.0,32.26,10886.0,75200.0,15.0,1.0,5.0,11.0,10000.0,220000.0,22.0,317.0,0
36.0,660.0,0.25,6.0,11.64,966.0,5300.0,1.0,1.0,0.0,11.0,11500.0,46000.0,1.0,105.0,0
36.0,670.0,0.22340425531914893,8.0,22.0,7238.0,26300.0,7.0,4.0,2.0,12.0,21000.0,94000.0,7.0,326.0,1
36.0,665.0,0.0641025641025641,7.0,22.79,6032.0,8000.0,2.0,0.0,3.0,7.0,3000.0,46800.0,42.0,221.0,0
36.0,660.0,0.1388888888888889,1.0,9.98,1466.0,11400.0,14.0,22.0,0.0,5.0,15000.0,108000.0,61.0,262.0,0
36.0,710.0,0.12444444444444444,3.0,10.26,6132.0,23700.0,14.0,2.0,4.0,4.0,28000.0,225000.0,175.0,432.0,0
36.0,660.0,0.5,7.0,43.4,1985.0,28600.0,4.0,3.0,0.0,8.0,25000.0,50000.0,9.0,324.0,0
36.0,730.0,0.1891891891891892,7.0,35.23,4545.0,2000.0,4.0,11.0,1.0,4.0,7000.0,37000.0,4.0,253.0,1
36.0,740.0,0.09090909090909091,,20.68,,,,,,,4000.0,44000.0,,,1
60.0,770.0,0.165625,3.0,16.33,2140.0,34000.0,12.0,16.0,0.0,1.0,11925.0,72000.0,19.0,275.0,0
36.0,680.0,0.4,2.0,16.35,2322.0,20000.0,14.0,3.0,0.0,5.0,14000.0,35000.0,14.0,39.0,0
36.0,735.0,0.4383620689655172,3.0,26.55,51446.0,4000.0,12.0,17.0,4.0,1.0,25425.0,58000.0,24.0,157.0,1
36.0,680.0,0.09523809523809523,5.0,21.87,35933.0,12100.0,8.0,4.0,1.0,7.0,8000.0,84000.0,16.0,280.0,1
36.0,705.0,0.013333333333333334,1.0,2.09,1439.0,9500.0,13.0,1.0,0.0,9.0,4000.0,300000.0,13.0,136.0,1
36.0,800.0,0.3333333333333333,,5.81,,,,,,,28000.0,84000.0,,,1
36.0,660.0,0.3333333333333333,10.0,11.63,764.0,1400.0,5.0,5.0,0.0,5.0,16000.0,48000.0,34.0,58.0,0
36.0,750.0,0.072,6.0,20.33,17760.0,14300.0,3.0,6.0,1.0,4.0,3600.0,50000.0,3.0,63.0,1
60.0,670.0,0.22,1.0,20.69,22959.0,10500.0,23.0,,2.0,4.0,11000.0,50000.0,23.0,229.0,1
36.0,700.0,0.4,2.0,17.88,3546.0,2400.0,5.0,3.0,2.0,4.0,20000.0,50000.0,6.0,221.0,1
60.0,665.0,0.23988276858840532,9.0,30.45,1873.0,10400.0,3.0,3.0,0.0,8.0,11950.0,49816.0,27.0,215.0,0
36.0,665.0,0.02727272727272727,7.0,18.0,15150.0,3600.0,3.0,3.0,4.0,4.0,1200.0,44000.0,37.0,119.0,1
60.0,680.0,0.24509803921568626,5.0,25.61,4372.0,36300.0,7.0,14.0,0.0,10.0,25000.0,102000.0,16.0,197.0,1
36.0,665.0,0.0925,5.0,16.4,1917.0,5600.0,1.0,2.0,6.0,5.0,8325.0,90000.0,1.0,281.0,1
36.0,660.0,0.05217391304347826,9.0,26.79,10713.0,16700.0,5.0,5.0,2.0,4.0,2400.0,46000.0,8.0,180.0,1
36.0,785.0,0.061785714285714284,5.0,16.82,14569.0,23700.0,5.0,8.0,1.0,3.0,4325.0,70000.0,16.0,106.0,1
60.0,670.0,0.3027027027027027,9.0,25.75,12587.0,14000.0,4.0,4.0,1.0,5.0,11200.0,37000.0,11.0,39.0,1
36.0,675.0,0.4,2.0,29.88,5807.0,9100.0,2.0,2.0,0.0,5.0,15200.0,38000.0,138.0,138.0,0
36.0,665.0,0.1724137931034483,0.0,11.72,10092.0,35900.0,92.0,0.0,0.0,5.0,15000.0,87000.0,93.0,171.0,1
36.0,675.0,0.3541666666666667,13.0,13.65,613.0,12000.0,4.0,6.0,2.0,5.0,17000.0,48000.0,4.0,210.0,1
36.0,675.0,0.10909090909090909,4.0,10.76,6461.0,10500.0,4.0,,0.0,4.0,6000.0,55000.0,17.0,96.0,0
36.0,705.0,0.15070921985815602,1.0,31.15,11749.0,30900.0,4.0,4.0,0.0,4.0,8500.0,56400.0,25.0,167.0,0
36.0,690.0,0.34,4.0,22.88,3465.0,13500.0,7.0,9.0,0.0,6.0,10200.0,30000.0,8.0,82.0,0
60.0,700.0,0.24615384615384617,2.0,22.53,3665.0,31700.0,2.0,0.0,0.0,7.0,16000.0,65000.0,2.0,141.0,0
36.0,710.0,0.0375,11.0,13.24,20400.0,47800.0,3.0,2.0,4.0,3.0,3000.0,80000.0,9.0,309.0,1
36.0,680.0,0.14925373134328357,1.0,18.52,23806.0,13000.0,18.0,,1.0,2.0,10000.0,67000.0,55.0,230.0,0
36.0,685.0,0.12,6.0,22.2,60661.0,46500.0,4.0,1.0,4.0,11.0,21000.0,175000.0,4.0,303.0,1
36.0,675.0,0.041666666666666664,8.0,22.7,34012.0,19800.0,4.0,1.0,1.0,7.0,5000.0,120000.0,23.0,125.0,1
36.0,725.0,0.15028901734104047,2.0,19.26,28121.0,5000.0,1.0,16.0,3.0,4.0,7800.0,51900.0,1.0,211.0,1
60.0,700.0,0.12,3.0,15.02,43486.0,74700.0,16.0,4.0,2.0,13.0,15000.0,125000.0,16.0,162.0,1
36.0,730.0,0.25,4.0,4.86,8079.0,12000.0,2.0,,1.0,7.0,15000.0,60000.0,22.0,473.0,0
60.0,740.0,0.2608695652173913,,12.07,,,,,,,30000.0,115000.0,,,1
36.0,695.0,0.2829654782116582,4.0,28.69,3230.0,3500.0,15.0,15.0,0.0,5.0,8000.0,28272.0,24.0,49.0,0
36.0,665.0,0.19444444444444445,4.0,10.31,4784.0,18300.0,2.0,7.0,0.0,9.0,35000.0,180000.0,29.0,228.0,0
36.0,680.0,0.26851851851851855,5.0,26.1,16228.0,43000.0,6.0,5.0,4.0,3.0,29000.0,108000.0,15.0,125.0,0
60.0,710.0,0.44,1.0,18.0,2259.0,14800.0,3.0,4.0,7.0,2.0,24200.0,55000.0,63.0,266.0,0
36.0,690.0,0.17857142857142858,6.0,9.9,6268.0,9000.0,1.0,,5.0,6.0,5000.0,28000.0,13.0,254.0,1
36.0,665.0,0.3111111111111111,5.0,15.44,4300.0,3000.0,1.0,,5.0,3.0,14000.0,45000.0,17.0,298.0,1
60.0,685.0,0.16940789473684212,1.0,22.27,66118.0,42700.0,3.0,,1.0,5.0,12875.0,76000.0,29.0,149.0,1
60.0,690.0,0.09803921568627451,3.0,18.22,8887.0,8400.0,7.0,7.0,0.0,3.0,10000.0,102000.0,17.0,193.0,0
36.0,685.0,0.125,6.0,7.7,1781.0,10000.0,4.0,5.0,0.0,4.0,10000.0,80000.0,4.0,42.0,0
36.0,700.0,0.16666666666666666,4.0,9.17,13043.0,7000.0,7.0,1.0,4.0,6.0,6000.0,36000.0,22.0,349.0,1
36.0,685.0,0.09090909090909091,2.0,26.11,21132.0,89900.0,10.0,16.0,5.0,14.0,10000.0,110000.0,39.0,340.0,1
36.0,660.0,0.26301369863013696,5.0,22.74,3276.0,19400.0,5.0,5.0,0.0,11.0,19200.0,73000.0,25.0,169.0,0
60.0,690.0,0.3801829268292683,3.0,21.24,19867.0,7300.0,15.0,4.0,2.0,8.0,31175.0,82000.0,18.0,177.0,1
36.0,745.0,0.11666666666666667,,11.11,,,,,,,14000.0,120000.0,,,1
36.0,715.0,0.10256410256410256,0.0,0.49,179.0,3000.0,30.0,1.0,1.0,1.0,6000.0,58500.0,30.0,138.0,0
36.0,725.0,0.12,7.0,17.42,14276.0,45000.0,7.0,2.0,3.0,7.0,15000.0,125000.0,9.0,253.0,1
36.0,670.0,0.16666666666666666,5.0,31.84,3115.0,9600.0,9.0,9.0,0.0,9.0,5000.0,30000.0,9.0,33.0,1
36.0,690.0,0.22893772893772893,3.0,15.8,2145.0,18500.0,7.0,18.0,0.0,5.0,10000.0,43680.0,7.0,84.0,0
60.0,695.0,0.39751552795031053,4.0,23.53,19761.0,17600.0,11.0,13.0,2.0,3.0,19200.0,48300.0,25.0,135.0,1
36.0,670.0,0.18518518518518517,3.0,19.51,3890.0,0.0,4.0,1.0,0.0,3.0,5000.0,27000.0,,111.0,1
36.0,665.0,0.3672612801678909,2.0,17.42,2688.0,14300.0,15.0,15.0,0.0,5.0,8400.0,22872.0,37.0,123.0,0
36.0,725.0,0.21097560975609755,9.0,22.02,27018.0,17500.0,5.0,11.0,6.0,5.0,34600.0,164000.0,16.0,191.0,1
36.0,700.0,0.0763888888888889,3.0,23.12,29106.0,11100.0,3.0,3.0,3.0,4.0,5500.0,72000.0,70.0,86.0,1
60.0,670.0,0.24,2.0,17.51,15018.0,2500.0,4.0,1.0,3.0,4.0,24000.0,100000.0,4.0,131.0,1
36.0,675.0,0.14285714285714285,3.0,13.99,6560.0,4300.0,7.0,8.0,0.0,2.0,10000.0,70000.0,43.0,175.0,0
60.0,705.0,0.1430137769938504,2.0,13.03,26129.0,57800.0,5.0,5.0,5.0,9.0,18000.0,125862.0,5.0,224.0,1
60.0,715.0,0.45454545454545453,3.0,19.75,2368.0,5300.0,3.0,1.0,0.0,4.0,25000.0,55000.0,44.0,184.0,0
60.0,700.0,0.3125,7.0,5.89,677.0,9400.0,8.0,6.0,0.0,4.0,10000.0,32000.0,8.0,44.0,1
36.0,675.0,0.06956521739130435,5.0,17.32,3542.0,7300.0,2.0,4.0,1.0,4.0,3200.0,46000.0,18.0,186.0,1
36.0,670.0,0.3,5.0,7.0,1589.0,9800.0,2.0,12.0,0.0,5.0,15000.0,50000.0,2.0,62.0,0
60.0,710.0,0.09523809523809523,5.0,8.65,13373.0,22400.0,8.0,17.0,1.0,5.0,10000.0,105000.0,13.0,443.0,1
60.0,720.0,0.36923076923076925,3.0,21.58,3380.0,25500.0,7.0,0.0,0.0,4.0,19200.0,52000.0,7.0,118.0,0
36.0,720.0,0.07,8.0,29.5,,29200.0,,1.0,0.0,,2800.0,40000.0,17.0,,0
36.0,670.0,0.25882352941176473,6.0,17.14,16743.0,41000.0,8.0,9.0,3.0,8.0,22000.0,85000.0,10.0,202.0,1
36.0,680.0,0.13333333333333333,2.0,10.68,1467.0,7300.0,15.0,3.0,0.0,4.0,8000.0,60000.0,33.0,109.0,1
36.0,675.0,0.32,7.0,30.13,2000.0,8300.0,2.0,20.0,0.0,7.0,6400.0,20000.0,26.0,113.0,0
60.0,680.0,0.375,4.0,22.83,4969.0,20300.0,4.0,4.0,4.0,13.0,15000.0,40000.0,17.0,153.0,1
36.0,735.0,0.3804347826086957,4.0,33.49,23388.0,10300.0,12.0,0.0,6.0,4.0,35000.0,92000.0,186.0,252.0,1
36.0,725.0,0.21428571428571427,6.0,9.38,16704.0,11900.0,4.0,7.0,1.0,1.0,15000.0,70000.0,25.0,118.0,1
36.0,720.0,0.23809523809523808,2.0,9.95,14551.0,12100.0,12.0,1.0,2.0,4.0,10000.0,42000.0,12.0,93.0,1
60.0,685.0,0.20869565217391303,8.0,16.68,26700.0,26300.0,1.0,2.0,1.0,5.0,19200.0,92000.0,1.0,228.0,1
36.0,700.0,0.10105263157894737,4.0,15.46,8125.0,9600.0,3.0,2.0,3.0,6.0,9600.0,95000.0,48.0,159.0,1
36.0,705.0,0.16666666666666666,5.0,36.84,19241.0,2700.0,3.0,0.0,4.0,1.0,5000.0,30000.0,3.0,337.0,1
36.0,700.0,0.26359649122807016,4.0,12.25,1795.0,24600.0,8.0,,0.0,4.0,15025.0,57000.0,10.0,110.0,0
36.0,695.0,0.375,,17.46,,,,,,,15000.0,40000.0,,,0
60.0,665.0,0.495,2.0,17.33,,24900.0,,1.0,0.0,,29700.0,60000.0,13.0,,0
60.0,695.0,0.3655263157894737,7.0,14.96,52488.0,13100.0,1.0,2.0,5.0,2.0,34725.0,95000.0,2.0,151.0,1
36.0,675.0,0.13953488372093023,0.0,10.8,3577.0,8500.0,71.0,,0.0,3.0,6000.0,43000.0,76.0,87.0,0
36.0,680.0,0.15645371577574968,6.0,21.55,10653.0,14000.0,9.0,8.0,9.0,7.0,12000.0,76700.0,15.0,261.0,1
36.0,660.0,0.1875,5.0,29.1,15327.0,20400.0,3.0,4.0,2.0,3.0,15000.0,80000.0,11.0,282.0,1
60.0,690.0,0.375,3.0,25.8,6593.0,25400.0,4.0,4.0,2.0,4.0,15000.0,40000.0,4.0,164.0,1
36.0,690.0,0.2169811320754717,4.0,19.01,36150.0,21000.0,4.0,6.0,1.0,6.0,23000.0,106000.0,10.0,261.0,1
36.0,700.0,0.2222222222222222,,16.75,,,,,,,20000.0,90000.0,,,0
36.0,715.0,0.16166666666666665,2.0,8.76,6848.0,12500.0,1.0,,1.0,3.0,24250.0,150000.0,1.0,168.0,1
36.0,675.0,0.3236842105263158,5.0,22.36,1770.0,11400.0,5.0,18.0,0.0,7.0,12300.0,38000.0,5.0,345.0,0
36.0,700.0,0.08012820512820513,4.0,20.38,3395.0,3100.0,8.0,3.0,0.0,2.0,2500.0,31200.0,43.0,53.0,0
60.0,685.0,0.4364424605171116,4.0,26.07,11230.0,10500.0,7.0,8.0,3.0,3.0,21600.0,49491.06,21.0,232.0,0
36.0,670.0,0.22863636363636364,4.0,14.03,1940.0,8500.0,10.0,15.0,0.0,7.0,12575.0,55000.0,10.0,173.0,0
60.0,710.0,0.35149253731343283,2.0,20.62,4127.0,18700.0,13.0,,1.0,9.0,23550.0,67000.0,42.0,236.0,1
36.0,715.0,0.20689655172413793,1.0,17.66,5981.0,15200.0,19.0,,0.0,3.0,18000.0,87000.0,19.0,74.0,0
36.0,695.0,0.16129032258064516,3.0,5.07,7761.0,4900.0,10.0,12.0,3.0,4.0,10000.0,62000.0,10.0,172.0,1
36.0,680.0,0.16666666666666666,3.0,15.48,19000.0,13300.0,12.0,1.0,1.0,9.0,10000.0,60000.0,12.0,182.0,1
36.0,675.0,0.043478260869565216,1.0,1.47,557.0,2500.0,21.0,6.0,3.0,3.0,4000.0,92000.0,29.0,79.0,0
36.0,705.0,0.14736842105263157,4.0,12.74,4627.0,2800.0,8.0,21.0,0.0,7.0,11200.0,76000.0,81.0,111.0,1
36.0,675.0,0.2,2.0,33.89,5844.0,11500.0,5.0,5.0,0.0,3.0,6000.0,30000.0,5.0,44.0,0
36.0,660.0,0.29970893214480626,4.0,23.58,4186.0,5500.0,6.0,3.0,0.0,6.0,16475.0,54970.0,26.0,285.0,0
36.0,660.0,0.3076923076923077,0.0,27.8,11349.0,3000.0,34.0,,0.0,1.0,12000.0,39000.0,40.0,166.0,0
36.0,690.0,0.25,10.0,20.44,1409.0,3400.0,1.0,1.0,1.0,5.0,15000.0,60000.0,16.0,180.0,0
36.0,720.0,0.3611111111111111,1.0,15.04,2445.0,60400.0,8.0,17.0,0.0,7.0,13000.0,36000.0,8.0,577.0,0
36.0,710.0,0.15625,2.0,10.22,23895.0,6800.0,9.0,10.0,1.0,2.0,10000.0,64000.0,9.0,132.0,0
36.0,770.0,0.11,5.0,14.69,,11200.0,,1.0,2.0,,11000.0,100000.0,6.0,,1
36.0,675.0,0.05,,10.92,,,,,,,4500.0,90000.0,,,0
36.0,715.0,0.2608695652173913,3.0,18.05,18854.0,41200.0,8.0,18.0,7.0,7.0,24000.0,92000.0,8.0,260.0,1
36.0,660.0,0.0545,4.0,11.5,5517.0,1700.0,1.0,1.0,1.0,4.0,2725.0,50000.0,3.0,242.0,0
36.0,695.0,0.03988095238095238,1.0,25.37,34550.0,16100.0,2.0,3.0,3.0,4.0,3350.0,84000.0,43.0,178.0,1
36.0,665.0,0.35978260869565215,6.0,20.56,2492.0,21300.0,6.0,2.0,0.0,8.0,16550.0,46000.0,12.0,184.0,0
36.0,685.0,0.24,3.0,18.83,2590.0,10900.0,2.0,2.0,0.0,5.0,12000.0,50000.0,8.0,78.0,1
36.0,780.0,0.20833333333333334,2.0,8.79,23162.0,56400.0,9.0,1.0,2.0,6.0,20000.0,96000.0,9.0,241.0,1
36.0,665.0,0.1,7.0,11.73,3018.0,25700.0,8.0,3.0,2.0,7.0,7000.0,70000.0,9.0,207.0,0
60.0,710.0,0.4375,6.0,19.61,1766.0,27300.0,5.0,10.0,0.0,9.0,35000.0,80000.0,27.0,184.0,0
60.0,760.0,0.17142857142857143,3.0,15.41,36161.0,20000.0,4.0,17.0,2.0,2.0,19200.0,112000.0,4.0,67.0,1
36.0,680.0,0.09090909090909091,4.0,33.08,4969.0,38100.0,7.0,2.0,1.0,10.0,10000.0,110000.0,18.0,167.0,0
36.0,750.0,0.0234375,3.0,13.43,3101.0,11800.0,7.0,5.0,0.0,3.0,1500.0,64000.0,7.0,70.0,1
36.0,690.0,0.17142857142857143,7.0,4.92,1116.0,21800.0,1.0,1.0,5.0,7.0,12000.0,70000.0,1.0,247.0,0
36.0,665.0,0.1685,31.0,29.36,1208.0,49300.0,2.0,3.0,0.0,29.0,8425.0,50000.0,3.0,334.0,0
36.0,665.0,0.11076923076923077,5.0,20.49,6016.0,6500.0,5.0,,0.0,5.0,7200.0,65000.0,5.0,151.0,0
36.0,680.0,0.08743169398907104,,9.32,,,,,,,8000.0,91500.0,,,1
60.0,675.0,0.3472222222222222,4.0,14.13,27816.0,3000.0,2.0,4.0,1.0,4.0,12000.0,34560.0,19.0,53.0,1
36.0,675.0,0.35784313725490197,5.0,25.53,582.0,3800.0,5.0,3.0,0.0,6.0,3650.0,10200.0,5.0,131.0,0
36.0,685.0,0.17647058823529413,2.0,10.46,5280.0,27300.0,6.0,7.0,0.0,1.0,15000.0,85000.0,112.0,467.0,0
36.0,660.0,0.061224489795918366,6.0,17.78,3435.0,7400.0,7.0,,0.0,3.0,3000.0,49000.0,7.0,214.0,0
36.0,755.0,0.224,0.0,19.22,50870.0,80600.0,28.0,3.0,10.0,6.0,28000.0,125000.0,81.0,212.0,1
36.0,700.0,0.310625,7.0,24.47,4358.0,15000.0,1.0,4.0,1.0,3.0,24850.0,80000.0,17.0,278.0,0
36.0,695.0,0.2631578947368421,3.0,16.65,14185.0,9500.0,10.0,5.0,0.0,1.0,10000.0,38000.0,50.0,101.0,0
36.0,685.0,0.11020408163265306,3.0,18.12,6709.0,7000.0,4.0,5.0,0.0,3.0,5400.0,49000.0,5.0,44.0,0
60.0,690.0,0.1893939393939394,7.0,22.72,33793.0,3500.0,1.0,1.0,4.0,4.0,25000.0,132000.0,1.0,172.0,1
36.0,695.0,0.2625,0.0,8.79,8014.0,22600.0,31.0,,0.0,3.0,21000.0,80000.0,53.0,113.0,0
36.0,665.0,0.20833333333333334,4.0,18.38,4207.0,8400.0,11.0,11.0,0.0,6.0,9000.0,43200.0,21.0,278.0,0
36.0,705.0,0.086328125,11.0,16.47,9761.0,5400.0,5.0,5.0,2.0,10.0,5525.0,64000.0,13.0,58.0,1
36.0,690.0,0.08,12.0,15.87,4371.0,15300.0,1.0,1.0,0.0,7.0,6000.0,75000.0,9.0,61.0,0
60.0,685.0,0.1643243243243243,6.0,29.26,31460.0,4000.0,11.0,11.0,4.0,3.0,15200.0,92500.0,11.0,184.0,1
36.0,715.0,0.08571428571428572,2.0,32.17,13115.0,11700.0,8.0,8.0,2.0,6.0,3000.0,35000.0,20.0,158.0,1
36.0,660.0,0.1111111111111111,4.0,9.48,4888.0,7700.0,7.0,19.0,1.0,2.0,10000.0,90000.0,26.0,213.0,0
36.0,820.0,0.09448818897637795,0.0,1.55,54812.0,10000.0,33.0,,3.0,3.0,6000.0,63500.0,43.0,256.0,1
36.0,665.0,0.06666666666666667,4.0,3.6,5701.0,6400.0,6.0,6.0,4.0,0.0,9000.0,135000.0,27.0,261.0,0
36.0,675.0,0.18181818181818182,3.0,17.54,1093.0,10600.0,13.0,13.0,0.0,16.0,10000.0,55000.0,13.0,97.0,0
36.0,730.0,0.36,2.0,4.34,1768.0,11200.0,7.0,,0.0,4.0,23400.0,65000.0,7.0,101.0,0
60.0,680.0,0.3729752770673487,3.0,7.57,19542.0,13300.0,11.0,0.0,2.0,5.0,35000.0,93840.0,11.0,352.0,1
36.0,680.0,0.175,1.0,14.7,3364.0,8500.0,7.0,21.0,4.0,4.0,7000.0,40000.0,34.0,291.0,0
36.0,660.0,0.35555555555555557,7.0,27.42,989.0,8300.0,8.0,4.0,0.0,14.0,9600.0,27000.0,20.0,385.0,0
36.0,720.0,0.1773049645390071,4.0,6.09,49522.0,37500.0,12.0,18.0,7.0,5.0,25000.0,141000.0,18.0,195.0,1
36.0,675.0,0.2153846153846154,3.0,16.53,5606.0,5600.0,6.0,4.0,0.0,4.0,14000.0,65000.0,6.0,109.0,0
60.0,675.0,0.28,4.0,24.1,2163.0,3800.0,5.0,23.0,0.0,9.0,14000.0,50000.0,32.0,162.0,0
60.0,690.0,0.18181818181818182,6.0,18.07,2674.0,17900.0,0.0,0.0,0.0,9.0,10000.0,55000.0,38.0,121.0,0
36.0,710.0,0.20270270270270271,1.0,16.55,20434.0,41600.0,20.0,,2.0,15.0,30000.0,148000.0,33.0,159.0,0
36.0,705.0,0.061224489795918366,4.0,14.99,62501.0,48900.0,2.0,8.0,4.0,6.0,12000.0,196000.0,33.0,207.0,1
36.0,685.0,0.159375,4.0,17.49,20370.0,26600.0,9.0,9.0,4.0,6.0,10200.0,64000.0,26.0,194.0,1
60.0,690.0,0.2727272727272727,9.0,12.26,12704.0,37000.0,2.0,0.0,5.0,7.0,30000.0,110000.0,2.0,304.0,1
36.0,660.0,0.10909090909090909,3.0,27.56,17717.0,12000.0,5.0,4.0,4.0,4.0,6000.0,55000.0,5.0,144.0,1
60.0,760.0,0.12222222222222222,3.0,1.67,303.0,85100.0,10.0,16.0,0.0,2.0,11000.0,90000.0,14.0,263.0,0
60.0,675.0,0.25,2.0,28.98,1529.0,4800.0,1.0,4.0,0.0,10.0,10000.0,40000.0,1.0,88.0,0
60.0,695.0,0.3225806451612903,6.0,31.03,10498.0,17200.0,14.0,2.0,2.0,9.0,24000.0,74400.0,14.0,331.0,1
36.0,725.0,0.38095238095238093,,19.47,,,,,,,12000.0,31500.0,,,0
60.0,670.0,0.15694444444444444,2.0,10.04,905.0,6500.0,14.0,14.0,5.0,8.0,14125.0,90000.0,22.0,167.0,0
60.0,705.0,0.22574257425742575,5.0,14.16,31125.0,32000.0,11.0,22.0,4.0,4.0,22800.0,101000.0,11.0,134.0,1
36.0,790.0,0.27472527472527475,6.0,19.25,19700.0,51800.0,5.0,8.0,2.0,5.0,25000.0,91000.0,8.0,101.0,0
36.0,685.0,0.14444444444444443,7.0,22.85,9420.0,11100.0,5.0,6.0,2.0,5.0,13000.0,90000.0,7.0,134.0,1
36.0,735.0,0.21383703835701875,2.0,9.05,,16900.0,,1.0,4.0,,9600.0,44894.0,25.0,,1
36.0,670.0,0.02857142857142857,5.0,8.94,18917.0,800.0,12.0,8.0,1.0,7.0,1600.0,56000.0,12.0,35.0,1
36.0,675.0,0.06315789473684211,,9.54,,,,,,,2400.0,38000.0,,,1
36.0,675.0,0.29745808545159547,9.0,15.0,482.0,10900.0,7.0,7.0,0.0,9.0,5500.0,18490.0,7.0,135.0,0
60.0,710.0,0.3283582089552239,8.0,14.6,15037.0,8000.0,3.0,8.0,5.0,3.0,22000.0,67000.0,11.0,124.0,1
36.0,810.0,0.25,14.0,17.97,11486.0,93500.0,1.0,3.0,2.0,1.0,20000.0,80000.0,2.0,153.0,1
36.0,660.0,0.04786324786324787,5.0,3.01,23078.0,4000.0,6.0,2.0,1.0,3.0,5600.0,117000.0,9.0,27.0,0
36.0,675.0,0.13333333333333333,7.0,8.48,605.0,6700.0,3.0,3.0,0.0,6.0,6000.0,45000.0,12.0,40.0,0
36.0,665.0,0.3125,0.0,15.3,3214.0,21100.0,25.0,0.0,0.0,6.0,15000.0,48000.0,25.0,117.0,0
36.0,675.0,0.12571428571428572,8.0,13.2,1449.0,5000.0,4.0,9.0,0.0,1.0,4400.0,35000.0,6.0,144.0,0
60.0,660.0,0.22857142857142856,4.0,24.0,6773.0,8600.0,2.0,5.0,4.0,3.0,11200.0,49000.0,2.0,204.0,0
36.0,695.0,0.2727272727272727,1.0,28.97,5758.0,13900.0,13.0,3.0,0.0,3.0,24000.0,88000.0,106.0,182.0,0
36.0,710.0,0.08,2.0,14.95,4068.0,52500.0,10.0,,2.0,7.0,8000.0,100000.0,10.0,351.0,0
60.0,670.0,0.36363636363636365,2.0,19.3,7866.0,14000.0,7.0,3.0,0.0,5.0,20000.0,55000.0,31.0,63.0,0
36.0,685.0,0.5,5.0,20.62,4114.0,34300.0,5.0,1.0,1.0,12.0,26500.0,53000.0,16.0,247.0,1
36.0,715.0,0.1076923076923077,7.0,13.4,27343.0,11800.0,3.0,3.0,2.0,4.0,7000.0,65000.0,6.0,211.0,0
36.0,665.0,0.05714285714285714,4.0,3.87,907.0,400.0,3.0,1.0,1.0,2.0,3600.0,63000.0,19.0,25.0,0
36.0,730.0,0.3076923076923077,4.0,29.57,10113.0,105100.0,3.0,4.0,1.0,14.0,20000.0,65000.0,3.0,207.0,1
36.0,735.0,0.26666666666666666,7.0,13.96,2599.0,3000.0,2.0,1.0,0.0,3.0,8000.0,30000.0,4.0,67.0,0
60.0,685.0,0.2171875,5.0,17.25,914.0,42300.0,3.0,4.0,2.0,10.0,10425.0,48000.0,3.0,187.0,0
36.0,700.0,0.25,1.0,8.8,16824.0,12600.0,4.0,,2.0,5.0,12000.0,48000.0,39.0,119.0,1
36.0,670.0,0.2,3.0,23.88,9249.0,9800.0,8.0,7.0,0.0,7.0,19000.0,95000.0,19.0,107.0,0
60.0,695.0,0.4425,1.0,31.15,8141.0,10100.0,12.0,9.0,2.0,7.0,22125.0,50000.0,29.0,108.0,1
36.0,760.0,0.3,3.0,13.26,22055.0,39600.0,9.0,1.0,7.0,2.0,18000.0,60000.0,9.0,368.0,1
36.0,685.0,0.0631768953068592,5.0,20.41,4935.0,5700.0,1.0,1.0,1.0,3.0,3500.0,55400.0,121.0,138.0,0
36.0,670.0,0.04363636363636364,5.0,15.99,22963.0,39400.0,7.0,,5.0,11.0,9600.0,220000.0,7.0,222.0,1
60.0,670.0,0.264,5.0,20.39,28060.0,28000.0,5.0,6.0,2.0,11.0,33000.0,125000.0,19.0,98.0,1
60.0,695.0,0.24390243902439024,17.0,14.29,683.0,40300.0,3.0,11.0,0.0,16.0,10000.0,41000.0,3.0,23.0,0
60.0,725.0,0.375,3.0,16.56,1672.0,29600.0,13.0,15.0,0.0,6.0,15000.0,40000.0,23.0,231.0,0
36.0,665.0,0.31409139640846956,9.0,24.48,4017.0,1500.0,2.0,0.0,0.0,2.0,15000.0,47756.8,5.0,125.0,1
36.0,735.0,0.18461538461538463,3.0,15.12,43127.0,11700.0,14.0,14.0,1.0,3.0,12000.0,65000.0,14.0,134.0,1
36.0,725.0,0.15151515151515152,3.0,11.01,27742.0,92700.0,4.0,5.0,7.0,6.0,25000.0,165000.0,18.0,322.0,1
36.0,665.0,0.09090909090909091,2.0,16.22,27497.0,5800.0,13.0,13.0,3.0,3.0,3000.0,33000.0,13.0,218.0,1
36.0,670.0,0.15384615384615385,3.0,12.33,7232.0,8600.0,13.0,0.0,0.0,4.0,10000.0,65000.0,30.0,94.0,0
36.0,660.0,0.02,9.0,19.62,3839.0,8600.0,3.0,0.0,2.0,12.0,3000.0,150000.0,3.0,129.0,0
36.0,660.0,0.07133333333333333,4.0,34.98,23603.0,5400.0,1.0,7.0,0.0,5.0,5350.0,75000.0,28.0,143.0,0
36.0,720.0,0.1411764705882353,5.0,22.87,9275.0,15600.0,1.0,1.0,4.0,6.0,12000.0,85000.0,1.0,134.0,1
36.0,720.0,0.2717391304347826,11.0,34.33,1355.0,16800.0,4.0,1.0,0.0,5.0,3600.0,13248.0,4.0,316.0,0
36.0,680.0,0.038636363636363635,,18.42,,,,,,,2550.0,66000.0,,,0
36.0,695.0,0.234375,4.0,11.94,6113.0,53500.0,6.0,,0.0,4.0,15000.0,64000.0,11.0,124.0,0
36.0,680.0,0.25735294117647056,1.0,13.69,7689.0,17600.0,12.0,12.0,0.0,4.0,35000.0,136000.0,188.0,239.0,0
36.0,780.0,0.14285714285714285,1.0,9.33,20269.0,31000.0,6.0,6.0,0.0,1.0,10000.0,70000.0,46.0,115.0,0
36.0,700.0,0.19310344827586207,3.0,10.73,7181.0,13100.0,0.0,0.0,1.0,10.0,28000.0,145000.0,0.0,172.0,1
36.0,690.0,0.16,0.0,31.97,30096.0,36900.0,37.0,13.0,3.0,3.0,8000.0,50000.0,57.0,271.0,0
60.0,725.0,0.2670940170940171,4.0,22.15,27352.0,15600.0,1.0,2.0,1.0,3.0,10000.0,37440.0,15.0,94.0,0
60.0,665.0,0.28846153846153844,4.0,27.43,46263.0,26100.0,14.0,5.0,3.0,4.0,30000.0,104000.0,52.0,256.0,1
36.0,720.0,0.148,3.0,12.1,34524.0,36900.0,13.0,2.0,1.0,6.0,22200.0,150000.0,15.0,170.0,1
36.0,660.0,0.21739130434782608,3.0,24.19,16731.0,9100.0,12.0,9.0,4.0,5.0,15000.0,69000.0,12.0,556.0,1
36.0,695.0,0.17391304347826086,1.0,15.05,6071.0,47300.0,13.0,15.0,0.0,5.0,14000.0,80500.0,13.0,478.0,0
36.0,720.0,0.3125,7.0,22.46,8508.0,40600.0,3.0,11.0,4.0,8.0,25000.0,80000.0,11.0,208.0,1
36.0,695.0,0.15953806672369547,6.0,14.93,3837.0,7500.0,3.0,7.0,1.0,6.0,9325.0,58450.0,3.0,133.0,0
36.0,690.0,0.1076923076923077,16.0,8.66,371.0,3800.0,3.0,3.0,0.0,16.0,7000.0,65000.0,3.0,248.0,1
36.0,665.0,0.2777777777777778,2.0,9.62,2691.0,21800.0,4.0,,0.0,6.0,20000.0,72000.0,4.0,108.0,0
36.0,670.0,0.15384615384615385,3.0,28.03,19192.0,1100.0,1.0,1.0,3.0,7.0,10000.0,65000.0,22.0,196.0,1
36.0,675.0,0.08589294303580018,10.0,26.51,6827.0,0.0,4.0,0.0,0.0,2.0,5000.0,58212.0,108.0,216.0,0
36.0,715.0,0.07142857142857142,6.0,13.74,10526.0,18000.0,2.0,4.0,4.0,4.0,9000.0,126000.0,4.0,268.0,1
36.0,705.0,0.07894736842105263,7.0,26.15,17235.0,17800.0,6.0,10.0,1.0,4.0,4500.0,57000.0,124.0,248.0,1
36.0,745.0,0.2,3.0,17.45,20330.0,76700.0,19.0,2.0,6.0,7.0,20000.0,100000.0,19.0,199.0,1
60.0,695.0,0.18932038834951456,1.0,11.8,26033.0,8400.0,14.0,,4.0,2.0,15600.0,82400.0,72.0,123.0,1
36.0,675.0,0.19047619047619047,5.0,13.15,27544.0,11900.0,6.0,16.0,3.0,9.0,20000.0,105000.0,22.0,154.0,1
36.0,670.0,0.11267605633802817,7.0,26.15,3435.0,24500.0,2.0,7.0,0.0,8.0,8000.0,71000.0,8.0,254.0,0
36.0,675.0,0.3594128329297821,3.0,19.14,3335.0,20500.0,2.0,2.0,0.0,4.0,7125.0,19824.0,2.0,34.0,0
60.0,660.0,0.29473684210526313,3.0,29.04,29716.0,17600.0,5.0,5.0,2.0,6.0,28000.0,95000.0,92.0,197.0,1
36.0,685.0,0.1782608695652174,3.0,19.31,8794.0,2100.0,5.0,1.0,2.0,9.0,4100.0,23000.0,26.0,198.0,0
36.0,755.0,0.1346153846153846,5.0,27.12,17091.0,9700.0,12.0,5.0,3.0,1.0,7000.0,52000.0,12.0,113.0,1
60.0,725.0,0.43333333333333335,1.0,24.94,37960.0,7000.0,11.0,17.0,5.0,2.0,26000.0,60000.0,30.0,219.0,1
36.0,680.0,0.23055555555555557,1.0,18.58,2786.0,1800.0,18.0,5.0,0.0,2.0,6225.0,27000.0,28.0,45.0,0
36.0,755.0,0.3333333333333333,2.0,19.07,50339.0,39500.0,5.0,20.0,6.0,3.0,18000.0,54000.0,5.0,176.0,1
36.0,690.0,0.32608695652173914,4.0,11.74,21956.0,5100.0,5.0,4.0,1.0,3.0,15000.0,46000.0,6.0,134.0,1
36.0,710.0,0.16216216216216217,9.0,24.97,2012.0,50500.0,3.0,7.0,0.0,13.0,12000.0,74000.0,9.0,201.0,0
36.0,660.0,0.24,4.0,23.14,3104.0,8200.0,9.0,13.0,0.0,6.0,12000.0,50000.0,9.0,230.0,0
36.0,660.0,0.3399736931432451,1.0,16.17,12768.0,6800.0,5.0,5.0,1.0,6.0,16025.0,47136.0,84.0,126.0,1
36.0,675.0,0.1187648456057007,,21.04,,,,,,,5000.0,42100.0,,,0
36.0,725.0,0.19480519480519481,9.0,24.52,8235.0,1500.0,6.0,11.0,0.0,4.0,15000.0,77000.0,12.0,197.0,0
36.0,675.0,0.22058823529411764,,13.81,,,,,,,12000.0,54400.0,,,0
36.0,660.0,0.16323953823953824,2.0,10.74,445.0,2800.0,5.0,5.0,1.0,6.0,4525.0,27720.0,41.0,320.0,0
60.0,705.0,0.1,8.0,13.24,28537.0,70200.0,2.0,2.0,3.0,10.0,22000.0,220000.0,5.0,214.0,1
36.0,690.0,0.07777777777777778,,23.12,,,,,,,3500.0,45000.0,,,0
60.0,670.0,0.23600809170600134,6.0,18.19,30397.0,39250.0,2.0,2.0,8.0,8.0,35000.0,148300.0,10.0,330.0,1
36.0,715.0,0.25,3.0,23.9,8736.0,19100.0,6.0,6.0,0.0,4.0,15000.0,60000.0,50.0,190.0,0
36.0,670.0,0.05,3.0,10.56,4257.0,17400.0,3.0,3.0,5.0,5.0,5000.0,100000.0,3.0,165.0,1
36.0,690.0,0.25,7.0,9.36,1224.0,21100.0,8.0,1.0,0.0,5.0,10000.0,40000.0,8.0,39.0,0
36.0,690.0,0.2,8.0,15.06,14427.0,19600.0,4.0,4.0,4.0,8.0,20000.0,100000.0,4.0,101.0,1
60.0,665.0,0.2823529411764706,8.0,9.52,28934.0,5800.0,4.0,1.0,2.0,3.0,24000.0,85000.0,6.0,167.0,1
36.0,755.0,0.4,6.0,15.07,2475.0,45400.0,3.0,3.0,0.0,4.0,30000.0,75000.0,9.0,177.0,0
36.0,700.0,0.11764705882352941,2.0,15.53,10242.0,24300.0,18.0,2.0,1.0,4.0,10000.0,85000.0,18.0,104.0,1
36.0,695.0,0.16842105263157894,8.0,6.51,393.0,11000.0,1.0,0.0,0.0,6.0,6400.0,38000.0,1.0,186.0,1
36.0,815.0,0.25,1.0,17.71,3818.0,39800.0,12.0,23.0,0.0,2.0,20000.0,80000.0,35.0,168.0,1
36.0,710.0,0.11290322580645161,,18.29,,,,,,,7000.0,62000.0,,,0
36.0,665.0,0.2,2.0,20.99,25415.0,17700.0,17.0,,3.0,5.0,15000.0,75000.0,22.0,94.0,1
36.0,785.0,0.2222222222222222,4.0,18.6,19435.0,158100.0,12.0,7.0,13.0,7.0,20000.0,90000.0,12.0,238.0,1
60.0,660.0,0.3695945945945946,2.0,16.25,2638.0,9500.0,5.0,5.0,2.0,5.0,13675.0,37000.0,39.0,158.0,0
60.0,690.0,0.25806451612903225,9.0,17.92,8269.0,22800.0,8.0,8.0,3.0,6.0,16000.0,62000.0,15.0,225.0,1
36.0,665.0,0.27972027972027974,2.0,8.53,1100.0,34950.0,4.0,10.0,0.0,18.0,20000.0,71500.0,4.0,193.0,0
36.0,685.0,0.25,2.0,13.77,3131.0,9500.0,10.0,,0.0,2.0,10000.0,40000.0,11.0,99.0,0
36.0,675.0,0.15789473684210525,8.0,22.26,22482.0,7800.0,9.0,0.0,3.0,5.0,15000.0,95000.0,13.0,129.0,1
36.0,690.0,0.17291666666666666,3.0,24.8,2456.0,2300.0,3.0,17.0,0.0,5.0,4150.0,24000.0,21.0,55.0,0
36.0,680.0,0.2135,7.0,9.53,3683.0,3700.0,5.0,5.0,2.0,4.0,21350.0,100000.0,5.0,158.0,0
60.0,670.0,0.06333333333333334,6.0,2.67,555.0,2400.0,11.0,11.0,0.0,6.0,5700.0,90000.0,11.0,98.0,0
36.0,700.0,0.11607142857142858,7.0,9.39,15231.0,2600.0,2.0,11.0,1.0,3.0,9750.0,84000.0,146.0,194.0,1
36.0,685.0,0.3157894736842105,0.0,36.0,6570.0,48600.0,79.0,10.0,0.0,4.0,12000.0,38000.0,79.0,149.0,0
36.0,700.0,0.25925925925925924,6.0,32.4,4785.0,9800.0,2.0,4.0,0.0,3.0,7000.0,27000.0,2.0,23.0,1
36.0,695.0,0.35978260869565215,6.0,36.55,16588.0,4900.0,0.0,16.0,2.0,10.0,16550.0,46000.0,0.0,106.0,1
36.0,695.0,0.27121212121212124,2.0,15.42,1856.0,5500.0,6.0,22.0,0.0,3.0,8950.0,33000.0,27.0,68.0,0
36.0,670.0,0.12323529411764705,9.0,20.91,2746.0,2200.0,3.0,3.0,1.0,8.0,10475.0,85000.0,3.0,290.0,0
36.0,690.0,0.38461538461538464,3.0,31.78,3016.0,32600.0,7.0,1.0,4.0,11.0,15000.0,39000.0,19.0,286.0,0
36.0,725.0,0.10285714285714286,2.0,27.52,9962.0,7000.0,6.0,17.0,1.0,2.0,7200.0,70000.0,25.0,182.0,0
36.0,665.0,0.2222222222222222,6.0,11.57,6270.0,20500.0,3.0,1.0,0.0,3.0,8000.0,36000.0,3.0,339.0,0
60.0,715.0,0.2916666666666667,0.0,9.95,76773.0,47600.0,55.0,,3.0,5.0,35000.0,120000.0,55.0,219.0,1
36.0,755.0,0.125,5.0,14.88,14572.0,36700.0,8.0,12.0,2.0,3.0,10000.0,80000.0,15.0,153.0,1
36.0,695.0,0.1625,1.0,14.49,11683.0,18100.0,24.0,,0.0,3.0,13000.0,80000.0,24.0,79.0,0
36.0,690.0,0.19480519480519481,4.0,15.51,1577.0,13400.0,12.0,13.0,0.0,13.0,15000.0,77000.0,17.0,208.0,0
36.0,785.0,0.1111111111111111,,22.83,,,,,,,4000.0,36000.0,,,1
36.0,700.0,0.26666666666666666,3.0,15.54,40355.0,46100.0,7.0,8.0,2.0,3.0,28000.0,105000.0,8.0,187.0,1
36.0,705.0,0.24324324324324326,3.0,19.82,3904.0,4800.0,9.0,9.0,0.0,2.0,9000.0,37000.0,9.0,185.0,0
36.0,660.0,0.3594827586206897,4.0,30.22,3276.0,9600.0,9.0,9.0,0.0,7.0,10425.0,29000.0,17.0,219.0,0
60.0,675.0,0.3,3.0,19.86,2556.0,3000.0,4.0,4.0,0.0,3.0,12000.0,40000.0,33.0,109.0,0
36.0,685.0,0.11538461538461539,3.0,23.88,3529.0,2400.0,13.0,6.0,0.0,4.0,6000.0,52000.0,13.0,280.0,0
60.0,665.0,0.16806722689075632,8.0,19.8,27942.0,11100.0,3.0,1.0,7.0,6.0,20000.0,119000.0,17.0,79.0,1
36.0,665.0,0.2222222222222222,7.0,11.43,776.0,7000.0,3.0,13.0,0.0,7.0,8000.0,36000.0,11.0,51.0,0
60.0,700.0,0.42857142857142855,5.0,33.67,8604.0,16900.0,14.0,10.0,2.0,9.0,30000.0,70000.0,37.0,130.0,1
36.0,675.0,0.2980769230769231,3.0,32.74,2639.0,11900.0,1.0,1.0,0.0,4.0,7750.0,26000.0,6.0,227.0,1
36.0,760.0,0.2403846153846154,1.0,6.15,,13000.0,,,5.0,,10000.0,41600.0,9.0,,1
36.0,780.0,0.2,3.0,12.01,5217.0,12500.0,12.0,1.0,0.0,2.0,14000.0,70000.0,99.0,226.0,0
36.0,695.0,0.11428571428571428,22.0,13.97,16851.0,16600.0,2.0,2.0,1.0,10.0,8000.0,70000.0,2.0,124.0,0
60.0,720.0,0.2564102564102564,2.0,14.58,6954.0,8000.0,22.0,,1.0,4.0,10000.0,39000.0,22.0,160.0,1
36.0,715.0,0.24,4.0,23.25,30311.0,500.0,7.0,21.0,1.0,3.0,12000.0,50000.0,21.0,258.0,1
36.0,670.0,0.0625,2.0,13.84,5150.0,17300.0,18.0,13.0,1.0,3.0,6000.0,96000.0,18.0,102.0,0
36.0,670.0,0.17708333333333334,6.0,19.14,3451.0,9500.0,2.0,1.0,0.0,3.0,10625.0,60000.0,2.0,165.0,0
36.0,665.0,0.11020408163265306,4.0,18.44,3058.0,13100.0,1.0,6.0,1.0,5.0,5400.0,49000.0,1.0,135.0,0
36.0,710.0,0.10909090909090909,1.0,5.21,619.0,5700.0,14.0,7.0,0.0,8.0,6000.0,55000.0,25.0,196.0,0
36.0,660.0,0.21705426356589147,3.0,11.36,5917.0,39300.0,4.0,4.0,3.0,8.0,28000.0,129000.0,14.0,328.0,1
60.0,670.0,0.33958333333333335,2.0,17.65,16083.0,18200.0,8.0,8.0,4.0,8.0,24450.0,72000.0,8.0,429.0,1
60.0,710.0,0.5301020408163265,,19.3,,,,,,,25975.0,49000.0,,,1
36.0,710.0,0.10980392156862745,6.0,21.05,22403.0,59270.0,9.0,10.0,10.0,15.0,28000.0,255000.0,22.0,357.0,0
36.0,690.0,0.08461538461538462,7.0,22.31,1344.0,12000.0,6.0,5.0,0.0,7.0,3300.0,39000.0,13.0,195.0,0
36.0,660.0,0.35714285714285715,2.0,23.98,8428.0,3300.0,2.0,2.0,1.0,4.0,25000.0,70000.0,88.0,232.0,0
36.0,705.0,0.31961538461538463,2.0,22.34,15807.0,35300.0,8.0,8.0,1.0,4.0,20775.0,65000.0,8.0,178.0,1
60.0,680.0,0.3230769230769231,3.0,28.9,3891.0,18900.0,6.0,8.0,3.0,6.0,21000.0,65000.0,15.0,180.0,0
36.0,670.0,0.12,,22.22,,,,,,,7200.0,60000.0,,,1
36.0,665.0,0.2,10.0,27.44,1789.0,14350.0,2.0,2.0,0.0,17.0,10000.0,50000.0,5.0,252.0,0
36.0,720.0,0.13333333333333333,7.0,21.66,9132.0,2600.0,2.0,2.0,1.0,5.0,8000.0,60000.0,45.0,112.0,1
60.0,725.0,0.1724137931034483,,28.88,,,,,,,25000.0,145000.0,,,1
36.0,690.0,0.08294930875576037,3.0,4.16,4893.0,30500.0,13.0,,0.0,5.0,18000.0,217000.0,13.0,141.0,0
36.0,670.0,0.24509803921568626,,11.16,,,,,,,15000.0,61200.0,,,0
36.0,680.0,0.1875,5.0,19.48,12451.0,29400.0,12.0,13.0,2.0,5.0,9000.0,48000.0,29.0,89.0,0
60.0,715.0,0.13675213675213677,4.0,9.87,145102.0,2800.0,10.0,9.0,1.0,3.0,16000.0,117000.0,19.0,163.0,1
36.0,670.0,0.16666666666666666,1.0,4.4,23857.0,7650.0,11.0,,2.0,5.0,10000.0,60000.0,46.0,112.0,1
60.0,660.0,0.36,5.0,11.06,12882.0,10500.0,5.0,5.0,0.0,3.0,19800.0,55000.0,5.0,90.0,0
36.0,660.0,0.1775,6.0,20.58,10530.0,4300.0,2.0,2.0,3.0,7.0,7100.0,40000.0,39.0,184.0,1
60.0,705.0,0.18461538461538463,3.0,18.67,16036.0,16100.0,6.0,0.0,3.0,6.0,12000.0,65000.0,6.0,117.0,1
36.0,680.0,0.42,0.0,4.66,21414.0,200.0,31.0,,1.0,2.0,25200.0,60000.0,53.0,53.0,1
36.0,740.0,0.10775862068965517,5.0,23.0,20963.0,27300.0,5.0,5.0,4.0,7.0,25000.0,232000.0,27.0,447.0,1
36.0,675.0,0.24,8.0,15.14,13767.0,4200.0,1.0,12.0,1.0,4.0,18000.0,75000.0,15.0,38.0,1
36.0,700.0,0.10465116279069768,5.0,26.07,1522.0,2000.0,1.0,1.0,1.0,7.0,4500.0,43000.0,1.0,117.0,0
60.0,705.0,0.4,10.0,11.84,5102.0,33000.0,3.0,2.0,0.0,5.0,30000.0,75000.0,9.0,175.0,0
60.0,675.0,0.3125,9.0,22.4,10092.0,7400.0,1.0,4.0,1.0,8.0,15000.0,48000.0,17.0,132.0,0
36.0,700.0,0.15,5.0,35.48,5242.0,14700.0,2.0,1.0,0.0,6.0,6000.0,40000.0,6.0,69.0,1
36.0,710.0,0.24,2.0,16.54,19382.0,14400.0,4.0,11.0,1.0,10.0,12000.0,50000.0,4.0,132.0,1
60.0,690.0,0.15555555555555556,7.0,12.4,3345.0,26700.0,9.0,0.0,0.0,3.0,14000.0,90000.0,9.0,42.0,0
36.0,710.0,0.31484375,2.0,23.46,14579.0,11800.0,1.0,1.0,1.0,6.0,10075.0,32000.0,18.0,300.0,1
60.0,680.0,0.15555555555555556,2.0,16.37,4356.0,14100.0,9.0,9.0,1.0,11.0,14000.0,90000.0,32.0,281.0,0
36.0,680.0,0.1891891891891892,7.0,23.66,,37300.0,,11.0,1.0,,14000.0,74000.0,8.0,,1
60.0,680.0,0.3246753246753247,11.0,27.42,3233.0,22100.0,4.0,4.0,0.0,8.0,25000.0,77000.0,4.0,152.0,0
36.0,660.0,0.19230769230769232,2.0,7.05,1576.0,3600.0,18.0,17.0,1.0,4.0,15000.0,78000.0,88.0,186.0,0
36.0,670.0,0.13333333333333333,11.0,16.31,23478.0,12500.0,12.0,6.0,9.0,8.0,16000.0,120000.0,14.0,239.0,1
36.0,670.0,0.0743801652892562,7.0,8.13,3010.0,5100.0,0.0,0.0,3.0,5.0,9000.0,121000.0,11.0,223.0,0
36.0,705.0,0.28793109010549406,6.0,27.86,7802.0,12400.0,1.0,1.0,2.0,4.0,17850.0,61994.0,6.0,124.0,1
60.0,695.0,0.2222222222222222,6.0,34.23,22558.0,64500.0,4.0,11.0,1.0,10.0,30000.0,135000.0,14.0,171.0,1
36.0,700.0,0.25,3.0,25.41,21007.0,13700.0,3.0,20.0,2.0,5.0,10000.0,40000.0,3.0,129.0,1
60.0,715.0,0.44571428571428573,3.0,14.95,19542.0,39500.0,10.0,10.0,4.0,4.0,31200.0,70000.0,18.0,212.0,1
36.0,680.0,0.43958868894601544,3.0,38.54,4072.0,21000.0,7.0,18.0,0.0,7.0,17100.0,38900.0,7.0,113.0,0
36.0,730.0,0.2909090909090909,2.0,25.47,5459.0,30300.0,14.0,1.0,0.0,2.0,16000.0,55000.0,14.0,266.0,0
60.0,665.0,0.4,0.0,14.28,,10600.0,,,0.0,,16000.0,40000.0,41.0,,0
36.0,700.0,0.12941176470588237,6.0,18.25,17432.0,52100.0,3.0,0.0,1.0,5.0,11000.0,85000.0,18.0,362.0,1
36.0,705.0,0.112,2.0,9.91,78189.0,41100.0,11.0,9.0,5.0,3.0,28000.0,250000.0,97.0,152.0,1
36.0,680.0,0.25263157894736843,2.0,7.33,4104.0,13200.0,21.0,19.0,0.0,5.0,12000.0,47500.0,40.0,74.0,0
60.0,720.0,0.3804347826086957,7.0,32.38,7253.0,155700.0,2.0,4.0,0.0,11.0,35000.0,92000.0,5.0,286.0,0
36.0,675.0,0.16666666666666666,7.0,6.9,15322.0,13100.0,2.0,14.0,2.0,6.0,20000.0,120000.0,14.0,121.0,1
36.0,760.0,0.12421875,10.0,12.68,1382.0,8400.0,3.0,1.0,0.0,3.0,3975.0,32000.0,3.0,160.0,0
36.0,675.0,0.125,2.0,4.47,4164.0,20850.0,7.0,1.0,0.0,5.0,20000.0,160000.0,7.0,79.0,0
36.0,805.0,0.13333333333333333,10.0,31.67,8400.0,81200.0,9.0,9.0,0.0,3.0,10000.0,75000.0,14.0,207.0,1
60.0,670.0,0.2702702702702703,3.0,16.74,3115.0,3300.0,11.0,4.0,0.0,5.0,10000.0,37000.0,11.0,95.0,0
36.0,705.0,0.1306122448979592,3.0,22.41,7019.0,1000.0,9.0,16.0,1.0,7.0,6400.0,49000.0,18.0,237.0,0
36.0,660.0,0.2,2.0,25.45,29057.0,51900.0,21.0,1.0,1.0,17.0,28000.0,140000.0,38.0,229.0,1
60.0,670.0,0.37857142857142856,4.0,20.4,5660.0,9800.0,3.0,3.0,0.0,6.0,26500.0,70000.0,30.0,108.0,1
36.0,675.0,0.08679245283018867,6.0,9.15,4742.0,1700.0,11.0,11.0,1.0,4.0,4600.0,53000.0,20.0,355.0,0
36.0,680.0,0.1,5.0,16.37,26666.0,11000.0,3.0,20.0,4.0,2.0,8000.0,80000.0,15.0,32.0,1
36.0,670.0,0.17647058823529413,2.0,15.2,3911.0,10500.0,12.0,2.0,2.0,5.0,15000.0,85000.0,12.0,157.0,0
36.0,680.0,0.24010416666666667,8.0,26.43,2964.0,9000.0,2.0,11.0,0.0,6.0,11525.0,48000.0,2.0,144.0,0
36.0,680.0,0.10526315789473684,1.0,13.66,10458.0,0.0,8.0,0.0,0.0,2.0,10000.0,95000.0,,91.0,0
36.0,675.0,0.3566666666666667,7.0,23.24,2172.0,4300.0,15.0,3.0,0.0,3.0,10700.0,30000.0,23.0,80.0,0
36.0,735.0,0.2,1.0,15.63,93621.0,69400.0,11.0,11.0,2.0,3.0,28000.0,140000.0,113.0,247.0,1
36.0,705.0,0.3032608695652174,4.0,31.65,22746.0,14700.0,7.0,1.0,3.0,4.0,13950.0,46000.0,31.0,110.0,1
36.0,665.0,0.16666666666666666,6.0,26.52,811.0,1750.0,2.0,1.0,0.0,10.0,5000.0,30000.0,22.0,166.0,0
60.0,660.0,0.2382142857142857,10.0,10.05,1307.0,10000.0,2.0,4.0,1.0,6.0,16675.0,70000.0,8.0,222.0,0
36.0,735.0,0.16666666666666666,6.0,25.83,4661.0,20600.0,7.0,7.0,0.0,3.0,7500.0,45000.0,8.0,160.0,0
36.0,670.0,0.0875,4.0,14.52,3613.0,0.0,1.0,1.0,3.0,3.0,2800.0,32000.0,,244.0,0
36.0,670.0,0.17647058823529413,3.0,22.09,2172.0,6900.0,6.0,18.0,0.0,5.0,6000.0,34000.0,6.0,136.0,0
36.0,815.0,0.37777777777777777,4.0,12.13,2760.0,34500.0,1.0,,0.0,3.0,17000.0,45000.0,1.0,351.0,0
36.0,665.0,0.37142857142857144,2.0,13.99,1156.0,6500.0,12.0,20.0,0.0,5.0,6500.0,17500.0,12.0,157.0,0
36.0,765.0,0.19377162629757785,2.0,10.13,10325.0,154600.0,6.0,2.0,1.0,8.0,28000.0,144500.0,6.0,205.0,1
36.0,705.0,0.3076923076923077,0.0,28.15,5104.0,66200.0,25.0,,0.0,6.0,16000.0,52000.0,41.0,208.0,0
36.0,680.0,0.1,3.0,19.4,3493.0,2400.0,2.0,,0.0,2.0,5000.0,50000.0,53.0,79.0,0
36.0,690.0,0.06,8.0,21.74,12703.0,17100.0,0.0,0.0,2.0,12.0,6000.0,100000.0,1.0,109.0,1
36.0,755.0,0.3333333333333333,7.0,31.44,2279.0,30600.0,3.0,8.0,0.0,3.0,5000.0,15000.0,3.0,414.0,0
60.0,675.0,0.2222222222222222,4.0,11.94,12005.0,35100.0,3.0,14.0,1.0,5.0,20000.0,90000.0,3.0,104.0,1
60.0,710.0,0.14,3.0,13.27,4306.0,42200.0,16.0,23.0,0.0,7.0,21000.0,150000.0,16.0,101.0,0
60.0,685.0,0.43478260869565216,3.0,28.33,6221.0,15700.0,18.0,21.0,0.0,9.0,20000.0,46000.0,18.0,142.0,0
36.0,665.0,0.12134146341463414,6.0,5.85,37882.0,3800.0,5.0,11.0,5.0,4.0,9950.0,82000.0,5.0,35.0,1
36.0,725.0,0.14457831325301204,3.0,15.27,2933.0,13500.0,15.0,15.0,0.0,4.0,12000.0,83000.0,15.0,172.0,0
36.0,690.0,0.29107094944229367,3.0,24.37,31252.0,4500.0,2.0,0.0,1.0,2.0,30375.0,104356.0,50.0,199.0,0
36.0,660.0,0.10980392156862745,7.0,39.08,2992.0,16900.0,3.0,7.0,0.0,12.0,5600.0,51000.0,3.0,176.0,0
36.0,740.0,0.0875,3.0,24.83,555925.0,24000.0,6.0,,3.0,5.0,35000.0,400000.0,6.0,200.0,0
60.0,670.0,0.14545454545454545,9.0,11.33,57063.0,24943.0,3.0,5.0,5.0,9.0,24000.0,165000.0,14.0,298.0,1
36.0,695.0,0.39325842696629215,2.0,22.35,6581.0,15000.0,4.0,4.0,0.0,5.0,35000.0,89000.0,13.0,205.0,0
60.0,690.0,0.35,2.0,14.16,26786.0,30200.0,14.0,23.0,4.0,5.0,35000.0,100000.0,41.0,274.0,1
60.0,730.0,0.47619047619047616,5.0,20.23,15221.0,52800.0,7.0,7.0,3.0,7.0,20000.0,42000.0,7.0,372.0,1
36.0,700.0,0.4,,6.8,,,,,,,10800.0,27000.0,,,0
60.0,660.0,0.32,7.0,22.81,8424.0,14200.0,3.0,3.0,1.0,12.0,17600.0,55000.0,22.0,361.0,1
60.0,670.0,0.10855614973262032,5.0,29.21,7453.0,22100.0,7.0,1.0,4.0,8.0,10150.0,93500.0,12.0,180.0,1
36.0,665.0,0.35714285714285715,10.0,24.09,5237.0,23200.0,6.0,6.0,0.0,10.0,25000.0,70000.0,11.0,109.0,1
36.0,775.0,0.15295698924731183,2.0,13.43,94262.0,21000.0,7.0,20.0,2.0,2.0,14225.0,93000.0,308.0,308.0,1
36.0,660.0,0.225,6.0,18.6,1099.0,4400.0,5.0,12.0,0.0,4.0,5400.0,24000.0,5.0,69.0,0
60.0,700.0,0.18584070796460178,6.0,21.71,17783.0,23500.0,1.0,0.0,5.0,6.0,21000.0,113000.0,1.0,173.0,0
36.0,690.0,0.3210550362421743,1.0,12.91,15080.0,0.0,13.0,15.0,0.0,1.0,26000.0,80983.0,,171.0,0
36.0,705.0,0.08130081300813008,4.0,20.2,5290.0,55200.0,6.0,10.0,0.0,2.0,5000.0,61500.0,27.0,256.0,0
36.0,700.0,0.43837753510140404,9.0,29.02,6044.0,17000.0,5.0,6.0,0.0,6.0,28100.0,64100.0,22.0,186.0,0
60.0,690.0,0.2692307692307692,4.0,9.79,6662.0,4300.0,8.0,6.0,0.0,3.0,35000.0,130000.0,30.0,236.0,0
36.0,675.0,0.11923076923076924,2.0,7.85,34263.0,1400.0,22.0,23.0,4.0,3.0,6200.0,52000.0,100.0,279.0,1
36.0,710.0,0.0584,8.0,20.91,27010.0,35300.0,3.0,11.0,7.0,4.0,7300.0,125000.0,14.0,266.0,1
36.0,700.0,0.23809523809523808,5.0,32.79,4369.0,28600.0,2.0,3.0,0.0,8.0,15000.0,63000.0,2.0,227.0,0
36.0,710.0,0.23681818181818182,5.0,21.31,30967.0,90400.0,6.0,2.0,4.0,14.0,26050.0,110000.0,6.0,232.0,1
36.0,665.0,0.3333333333333333,8.0,12.03,1707.0,18100.0,3.0,12.0,1.0,12.0,15000.0,45000.0,3.0,103.0,1
36.0,710.0,0.06818181818181818,9.0,18.49,35340.0,9100.0,1.0,1.0,9.0,7.0,15000.0,220000.0,2.0,139.0,1
36.0,715.0,0.06,0.0,17.12,9159.0,44500.0,32.0,0.0,2.0,12.0,9600.0,160000.0,44.0,180.0,1
60.0,725.0,0.4266666666666667,10.0,35.04,8730.0,17000.0,8.0,17.0,0.0,6.0,32000.0,75000.0,16.0,344.0,0
36.0,665.0,0.24,3.0,10.12,16457.0,9800.0,0.0,0.0,3.0,9.0,12000.0,50000.0,28.0,183.0,1
36.0,690.0,0.1111111111111111,6.0,4.81,28723.0,15100.0,8.0,8.0,3.0,8.0,10000.0,90000.0,9.0,142.0,1
36.0,685.0,0.235,3.0,12.89,1631.0,16300.0,13.0,5.0,2.0,3.0,11750.0,50000.0,32.0,278.0,0
36.0,715.0,0.1304054054054054,5.0,18.83,10779.0,50800.0,6.0,3.0,2.0,5.0,9650.0,74000.0,6.0,154.0,0
36.0,670.0,0.21951219512195122,1.0,4.66,7979.0,13500.0,10.0,10.0,0.0,2.0,18000.0,82000.0,10.0,336.0,0
36.0,670.0,0.15,,9.9,,,,,,,12000.0,80000.0,,,0
60.0,710.0,0.4444444444444444,9.0,18.43,1715.0,30000.0,1.0,3.0,0.0,4.0,20000.0,45000.0,1.0,137.0,0
36.0,700.0,0.2,0.0,11.9,29750.0,38700.0,28.0,,6.0,3.0,14000.0,70000.0,28.0,246.0,0
60.0,670.0,0.3111111111111111,4.0,19.69,4953.0,27900.0,9.0,4.0,2.0,7.0,28000.0,90000.0,28.0,178.0,1
60.0,670.0,0.38461538461538464,17.0,24.48,1237.0,10000.0,2.0,2.0,0.0,18.0,25000.0,65000.0,6.0,241.0,0
36.0,715.0,0.370849452922887,0.0,15.93,3694.0,12900.0,31.0,10.0,0.0,5.0,25000.0,67412.8,31.0,151.0,0
36.0,665.0,0.21868787276341947,2.0,11.28,1828.0,8800.0,19.0,19.0,0.0,4.0,11000.0,50300.0,19.0,107.0,0
36.0,695.0,0.1,4.0,19.46,41566.0,0.0,2.0,6.0,4.0,7.0,10000.0,100000.0,,206.0,1
60.0,695.0,0.3581196581196581,8.0,31.32,5741.0,8600.0,5.0,5.0,2.0,3.0,20950.0,58500.0,124.0,258.0,0
36.0,725.0,0.30303030303030304,2.0,17.11,35245.0,56000.0,10.0,,3.0,3.0,25000.0,82500.0,75.0,158.0,1
36.0,680.0,0.4392857142857143,9.0,25.38,1345.0,20500.0,5.0,5.0,0.0,10.0,12300.0,28000.0,10.0,199.0,0
36.0,755.0,0.2,10.0,30.04,15783.0,44600.0,10.0,13.0,4.0,3.0,20000.0,100000.0,18.0,139.0,1
36.0,755.0,0.25384615384615383,7.0,10.27,26056.0,33500.0,3.0,1.0,3.0,3.0,16500.0,65000.0,9.0,186.0,0
36.0,705.0,0.4104127579737336,7.0,17.13,21330.0,34300.0,5.0,12.0,3.0,8.0,35000.0,85280.0,5.0,97.0,1
60.0,680.0,0.2587962962962963,3.0,17.93,11578.0,18000.0,7.0,1.0,1.0,5.0,13975.0,54000.0,26.0,130.0,1
60.0,715.0,0.37644932992019275,1.0,9.37,27960.0,9000.0,3.0,4.0,1.0,4.0,20000.0,53128.0,55.0,164.0,1
36.0,730.0,0.18548387096774194,4.0,31.36,26479.0,16300.0,12.0,23.0,2.0,6.0,11500.0,62000.0,12.0,164.0,1
60.0,705.0,0.3466666666666667,3.0,26.53,15507.0,2800.0,4.0,,4.0,4.0,13000.0,37500.0,101.0,230.0,1
36.0,660.0,0.15151515151515152,1.0,37.09,5907.0,3800.0,17.0,1.0,0.0,3.0,5000.0,33000.0,31.0,98.0,0
60.0,680.0,0.14,3.0,32.04,24456.0,23200.0,5.0,5.0,0.0,3.0,35000.0,250000.0,39.0,139.0,1
36.0,720.0,0.3791224970553592,1.0,16.34,1261.0,14400.0,2.0,2.0,0.0,5.0,5150.0,13584.0,44.0,401.0,0
36.0,675.0,0.03,1.0,10.38,78095.0,100400.0,5.0,0.0,5.0,6.0,6000.0,200000.0,45.0,258.0,1
36.0,680.0,0.22329545454545455,5.0,14.08,1391.0,13700.0,9.0,0.0,0.0,6.0,9825.0,44000.0,9.0,59.0,1
36.0,795.0,0.15384615384615385,1.0,17.41,18690.0,50100.0,16.0,,1.0,3.0,10000.0,65000.0,16.0,174.0,1
60.0,675.0,0.3333333333333333,9.0,20.86,3203.0,11300.0,4.0,1.0,0.0,5.0,20000.0,60000.0,9.0,125.0,0
36.0,675.0,0.3383333333333333,7.0,28.13,10741.0,11000.0,3.0,3.0,2.0,5.0,15225.0,45000.0,3.0,314.0,0
36.0,700.0,0.08571428571428572,6.0,23.16,32088.0,11600.0,4.0,1.0,5.0,3.0,12000.0,140000.0,12.0,200.0,0
36.0,725.0,0.37315954894163506,3.0,33.48,8484.0,40200.0,12.0,13.0,4.0,11.0,17225.0,46159.88,32.0,192.0,1
60.0,735.0,0.15217391304347827,2.0,10.46,11278.0,6000.0,4.0,12.0,4.0,2.0,35000.0,230000.0,24.0,222.0,1
36.0,705.0,0.140625,3.0,14.21,19061.0,8700.0,15.0,,2.0,6.0,9000.0,64000.0,20.0,139.0,1
36.0,675.0,0.12903225806451613,9.0,17.43,10963.0,10200.0,3.0,3.0,1.0,8.0,12000.0,93000.0,3.0,133.0,1
36.0,665.0,0.07508856600092417,11.0,6.48,31236.0,20300.0,4.0,4.0,4.0,5.0,5850.0,77908.0,9.0,244.0,1
60.0,685.0,0.2,0.0,9.59,3914.0,15600.0,27.0,0.0,0.0,5.0,20000.0,100000.0,27.0,109.0,0
36.0,705.0,0.13333333333333333,13.0,25.19,13522.0,60600.0,2.0,5.0,2.0,6.0,24000.0,180000.0,4.0,185.0,1
36.0,665.0,0.35587188612099646,9.0,24.63,7654.0,24200.0,0.0,4.0,2.0,6.0,20000.0,56200.0,6.0,253.0,0
60.0,740.0,0.3333333333333333,2.0,10.68,13863.0,16300.0,17.0,18.0,2.0,5.0,10000.0,30000.0,55.0,105.0,1
60.0,675.0,0.24742268041237114,3.0,19.56,46955.0,14300.0,11.0,9.0,5.0,5.0,24000.0,97000.0,18.0,113.0,1
60.0,740.0,0.4216996095656418,7.0,25.16,14071.0,14300.0,5.0,8.0,2.0,4.0,13825.0,32784.0,5.0,95.0,1
36.0,660.0,0.18461538461538463,4.0,21.1,22652.0,9000.0,1.0,1.0,1.0,6.0,12000.0,65000.0,6.0,193.0,1
36.0,685.0,0.1016638376283279,4.0,14.8,11740.0,12300.0,9.0,9.0,0.0,3.0,11200.0,110167.0,26.0,134.0,0
36.0,670.0,0.10810810810810811,2.0,7.43,596.0,2300.0,9.0,9.0,0.0,6.0,4000.0,37000.0,32.0,101.0,0
36.0,665.0,0.22988505747126436,1.0,11.28,2788.0,11500.0,6.0,6.0,0.0,4.0,20000.0,87000.0,6.0,147.0,0
36.0,670.0,0.10235294117647059,12.0,21.49,6068.0,4500.0,3.0,7.0,3.0,5.0,8700.0,85000.0,7.0,141.0,1
60.0,685.0,0.34285714285714286,4.0,23.33,3839.0,18500.0,8.0,13.0,0.0,4.0,24000.0,70000.0,13.0,150.0,0
36.0,670.0,0.32558139534883723,5.0,25.62,3582.0,34600.0,8.0,8.0,0.0,10.0,28000.0,86000.0,33.0,172.0,0
36.0,675.0,0.22857142857142856,3.0,13.6,5317.0,4400.0,17.0,17.0,3.0,10.0,12000.0,52500.0,70.0,392.0,1
60.0,700.0,0.2269145918688938,4.0,15.71,4698.0,24100.0,10.0,10.0,0.0,6.0,14400.0,63460.0,10.0,289.0,0
36.0,660.0,0.1547695523767727,5.0,24.87,,14100.0,,2.0,8.0,,14600.0,94333.8,22.0,,1
60.0,720.0,0.4807692307692308,4.0,20.52,39113.0,8300.0,8.0,,2.0,2.0,25000.0,52000.0,45.0,152.0,1
36.0,695.0,0.23076923076923078,0.0,48.28,6244.0,98100.0,28.0,,0.0,12.0,21000.0,91000.0,37.0,286.0,0
36.0,665.0,0.17066666666666666,12.0,30.69,1640.0,17300.0,4.0,4.0,0.0,14.0,12800.0,75000.0,10.0,96.0,0
36.0,690.0,0.22123893805309736,7.0,9.57,27104.0,18500.0,1.0,1.0,1.0,8.0,25000.0,113000.0,10.0,95.0,0
36.0,755.0,0.3,3.0,24.58,922.0,13800.0,2.0,2.0,0.0,5.0,7500.0,25000.0,2.0,382.0,0
36.0,670.0,0.022222222222222223,7.0,21.21,7435.0,8500.0,5.0,7.0,0.0,7.0,4000.0,180000.0,15.0,272.0,0
36.0,680.0,0.2,1.0,11.78,5966.0,10500.0,13.0,13.0,0.0,4.0,12000.0,60000.0,68.0,186.0,0
36.0,675.0,0.175,9.0,15.73,11583.0,47700.0,7.0,7.0,3.0,16.0,21000.0,120000.0,10.0,157.0,1
36.0,660.0,0.15,4.0,15.79,3526.0,9500.0,11.0,1.0,0.0,3.0,7500.0,50000.0,11.0,114.0,1
36.0,670.0,0.18,3.0,16.46,863.0,3300.0,4.0,4.0,0.0,11.0,7650.0,42500.0,5.0,261.0,0
36.0,775.0,0.15789473684210525,2.0,13.93,25156.0,56200.0,9.0,2.0,3.0,3.0,12000.0,76000.0,9.0,166.0,1
36.0,660.0,0.0919871794871795,6.0,7.2,28304.0,3000.0,6.0,6.0,1.0,6.0,7175.0,78000.0,6.0,307.0,0
60.0,665.0,0.27876344086021504,4.0,29.14,37076.0,28300.0,4.0,,7.0,3.0,25925.0,93000.0,20.0,187.0,1
36.0,710.0,0.24,6.0,14.43,6447.0,7100.0,4.0,,1.0,3.0,12000.0,50000.0,5.0,109.0,0
60.0,700.0,0.45,8.0,22.85,13770.0,6000.0,9.0,5.0,1.0,4.0,31500.0,70000.0,17.0,115.0,1
36.0,665.0,0.32100667693888035,2.0,12.46,1032.0,5300.0,3.0,2.0,0.0,4.0,15000.0,46728.0,43.0,100.0,0
36.0,660.0,0.29423076923076924,12.0,15.0,2815.0,19800.0,2.0,1.0,0.0,5.0,15300.0,52000.0,2.0,74.0,1
60.0,675.0,0.38650543868367293,4.0,13.28,30597.0,20500.0,6.0,13.0,2.0,3.0,35000.0,90555.0,6.0,249.0,0
36.0,735.0,0.24,5.0,22.59,20354.0,52800.0,5.0,12.0,2.0,6.0,12000.0,50000.0,5.0,260.0,1
36.0,680.0,0.32,3.0,27.8,12087.0,1500.0,7.0,1.0,1.0,3.0,8000.0,25000.0,11.0,254.0,1
60.0,720.0,0.4425,2.0,32.4,18733.0,30300.0,3.0,6.0,3.0,5.0,22125.0,50000.0,3.0,211.0,0
60.0,705.0,0.2358490566037736,3.0,25.65,2450.0,28300.0,12.0,0.0,0.0,8.0,10000.0,42400.0,12.0,173.0,0
60.0,735.0,0.13953488372093023,3.0,23.03,3822.0,19900.0,5.0,,0.0,4.0,12000.0,86000.0,5.0,119.0,0
36.0,675.0,0.08,4.0,6.84,1615.0,5000.0,2.0,1.0,0.0,4.0,4000.0,50000.0,2.0,113.0,0
36.0,660.0,0.1111111111111111,7.0,16.45,22075.0,14500.0,2.0,9.0,5.0,6.0,5000.0,45000.0,2.0,384.0,1
36.0,670.0,0.08571428571428572,3.0,5.93,4048.0,4500.0,2.0,2.0,0.0,3.0,6000.0,70000.0,25.0,70.0,0
36.0,675.0,0.4,1.0,21.03,1938.0,2700.0,12.0,12.0,2.0,6.0,14400.0,36000.0,58.0,173.0,0
36.0,690.0,0.2966101694915254,1.0,8.04,22447.0,16600.0,3.0,4.0,2.0,1.0,35000.0,118000.0,195.0,205.0,0
60.0,660.0,0.24444444444444444,3.0,10.37,3176.0,17000.0,5.0,5.0,0.0,8.0,22000.0,90000.0,27.0,164.0,0
60.0,695.0,0.11811023622047244,6.0,20.06,8569.0,8800.0,1.0,2.0,1.0,4.0,15000.0,127000.0,21.0,234.0,1
36.0,710.0,0.24462832884114177,1.0,11.96,22078.0,14900.0,8.0,9.0,5.0,4.0,15000.0,61317.51,181.0,189.0,1
36.0,675.0,0.25222222222222224,3.0,36.19,23041.0,50300.0,10.0,8.0,1.0,5.0,11350.0,45000.0,10.0,459.0,1
60.0,715.0,0.18,1.0,13.79,7468.0,7800.0,14.0,6.0,2.0,2.0,21600.0,120000.0,57.0,86.0,0
36.0,660.0,0.18352941176470589,4.0,17.86,6356.0,13200.0,3.0,0.0,4.0,5.0,15600.0,85000.0,6.0,178.0,0
60.0,660.0,0.13262599469496023,2.0,17.51,34856.0,16800.0,5.0,5.0,2.0,4.0,12000.0,90480.0,5.0,140.0,1
36.0,670.0,0.278,,18.0,,,,,,,6950.0,25000.0,,,0
36.0,685.0,0.08666666666666667,1.0,20.68,31528.0,10700.0,22.0,13.0,3.0,8.0,5200.0,60000.0,63.0,244.0,0
36.0,660.0,0.036,2.0,15.73,2033.0,13800.0,3.0,,0.0,7.0,1800.0,50000.0,33.0,135.0,0
36.0,725.0,0.4598250595739216,5.0,20.12,34506.0,2500.0,11.0,8.0,2.0,2.0,32225.0,70081.0,40.0,193.0,1
36.0,665.0,0.16470588235294117,5.0,5.19,28910.0,12800.0,6.0,8.0,6.0,5.0,14000.0,85000.0,7.0,347.0,1
36.0,705.0,0.11428571428571428,1.0,9.65,5531.0,18000.0,24.0,7.0,0.0,5.0,12000.0,105000.0,74.0,203.0,0
36.0,675.0,0.13,1.0,22.35,3810.0,7100.0,3.0,2.0,0.0,6.0,5850.0,45000.0,59.0,105.0,1
60.0,690.0,0.19230769230769232,3.0,26.02,25621.0,13000.0,13.0,14.0,1.0,4.0,15000.0,78000.0,33.0,157.0,1
36.0,755.0,0.26666666666666666,5.0,26.5,7844.0,51900.0,7.0,11.0,0.0,4.0,24000.0,90000.0,12.0,297.0,1
36.0,660.0,0.2894736842105263,3.0,17.0,2483.0,2800.0,1.0,1.0,0.0,4.0,11000.0,38000.0,33.0,52.0,0
60.0,780.0,0.23333333333333334,7.0,10.94,66093.0,2600.0,4.0,1.0,2.0,1.0,35000.0,150000.0,112.0,152.0,1
36.0,660.0,0.2628,3.0,13.86,3814.0,34400.0,12.0,3.0,3.0,5.0,32850.0,125000.0,12.0,90.0,1
36.0,675.0,0.12413793103448276,11.0,27.41,11882.0,32580.0,10.0,1.0,1.0,18.0,18000.0,145000.0,12.0,236.0,1
36.0,660.0,0.3375,4.0,14.53,897.0,6100.0,4.0,3.0,0.0,8.0,9450.0,28000.0,13.0,91.0,0
36.0,705.0,0.036057692307692304,3.0,14.34,6231.0,6000.0,8.0,5.0,0.0,2.0,1500.0,41600.0,8.0,95.0,0
36.0,695.0,0.14655172413793102,8.0,28.08,3054.0,7700.0,2.0,4.0,0.0,8.0,8500.0,58000.0,13.0,187.0,0
36.0,675.0,0.1125,4.0,5.7,593.0,6300.0,2.0,1.0,0.0,5.0,4500.0,40000.0,14.0,143.0,0
36.0,690.0,0.30927835051546393,11.0,9.42,9338.0,8300.0,3.0,8.0,2.0,12.0,30000.0,97000.0,7.0,93.0,1
60.0,660.0,0.34807534807534807,2.0,29.41,13641.0,4300.0,12.0,4.0,2.0,4.0,17000.0,48840.0,44.0,50.0,1
36.0,660.0,0.20972222222222223,3.0,11.18,831.0,16600.0,4.0,7.0,0.0,18.0,15100.0,72000.0,4.0,112.0,0
36.0,735.0,0.07017543859649122,9.0,7.16,1871.0,8500.0,10.0,2.0,0.0,5.0,4000.0,57000.0,34.0,257.0,0
36.0,770.0,0.125,3.0,5.26,80.0,5000.0,12.0,1.0,0.0,1.0,1000.0,8000.0,17.0,20.0,0
60.0,690.0,0.1465625,5.0,25.31,44724.0,5000.0,6.0,12.0,4.0,1.0,11725.0,80000.0,49.0,131.0,1
60.0,695.0,0.2962962962962963,3.0,35.64,4200.0,19600.0,5.0,0.0,2.0,7.0,24000.0,81000.0,27.0,257.0,1
60.0,680.0,0.2909090909090909,7.0,25.05,3581.0,26100.0,3.0,1.0,0.0,8.0,16000.0,55000.0,21.0,226.0,0
36.0,670.0,0.375,3.0,24.15,4458.0,2000.0,5.0,1.0,1.0,8.0,15000.0,40000.0,27.0,130.0,0
60.0,695.0,0.23529411764705882,11.0,13.24,13335.0,36600.0,3.0,10.0,1.0,12.0,20000.0,85000.0,3.0,125.0,1
60.0,725.0,0.30973451327433627,7.0,14.45,24362.0,46100.0,4.0,1.0,5.0,2.0,35000.0,113000.0,64.0,148.0,1
36.0,730.0,0.31931754614954316,3.0,25.0,3354.0,31500.0,4.0,1.0,1.0,7.0,10275.0,32178.0,4.0,205.0,0
36.0,715.0,0.07849293563579278,1.0,2.8,11673.0,8200.0,0.0,2.0,2.0,4.0,4000.0,50960.0,27.0,66.0,0
36.0,660.0,0.18489583333333334,7.0,12.93,6047.0,6600.0,3.0,1.0,0.0,6.0,8875.0,48000.0,3.0,19.0,0
60.0,700.0,0.45,7.0,26.37,8070.0,14000.0,6.0,7.0,3.0,6.0,18000.0,40000.0,14.0,159.0,1
36.0,660.0,0.15789473684210525,3.0,38.25,13578.0,10800.0,10.0,4.0,1.0,8.0,6000.0,38000.0,10.0,106.0,1
36.0,660.0,0.3076923076923077,7.0,22.53,410.0,2600.0,6.0,6.0,0.0,7.0,4000.0,13000.0,6.0,159.0,1
36.0,745.0,0.19,7.0,12.45,5381.0,13700.0,3.0,3.0,2.0,3.0,22800.0,120000.0,3.0,143.0,1
36.0,765.0,0.3591666666666667,2.0,22.84,7795.0,48800.0,12.0,12.0,1.0,6.0,10775.0,30000.0,12.0,139.0,1
36.0,730.0,0.08181818181818182,7.0,16.11,4062.0,0.0,11.0,9.0,0.0,2.0,5400.0,66000.0,,116.0,0
36.0,660.0,0.2361111111111111,2.0,17.52,3815.0,9200.0,6.0,9.0,0.0,8.0,17000.0,72000.0,39.0,245.0,0
36.0,800.0,0.21818181818181817,5.0,25.46,16920.0,8100.0,6.0,11.0,5.0,4.0,12000.0,55000.0,33.0,232.0,1
60.0,660.0,0.26666666666666666,3.0,12.56,5951.0,6500.0,5.0,5.0,0.0,2.0,12000.0,45000.0,35.0,117.0,0
36.0,720.0,0.085,8.0,14.05,2599.0,4300.0,2.0,1.0,0.0,3.0,1700.0,20000.0,6.0,47.0,0
36.0,660.0,0.16666666666666666,2.0,10.0,877.0,3100.0,7.0,7.0,0.0,6.0,4000.0,24000.0,13.0,155.0,0
36.0,710.0,0.104,5.0,30.92,12397.0,27000.0,2.0,22.0,1.0,2.0,10400.0,100000.0,22.0,142.0,0
36.0,685.0,0.020689655172413793,4.0,15.39,2252.0,18500.0,2.0,18.0,0.0,19.0,3000.0,145000.0,29.0,133.0,0
36.0,695.0,0.18285714285714286,1.0,16.05,5296.0,7400.0,16.0,16.0,0.0,3.0,6400.0,35000.0,41.0,96.0,0
60.0,665.0,0.12972972972972974,9.0,11.97,3291.0,10700.0,7.0,4.0,1.0,10.0,24000.0,185000.0,11.0,172.0,0
36.0,660.0,0.304,10.0,18.51,3184.0,22936.0,9.0,5.0,0.0,8.0,22800.0,75000.0,13.0,75.0,0
36.0,660.0,0.06153846153846154,7.0,16.97,3559.0,4800.0,3.0,1.0,0.0,5.0,4000.0,65000.0,17.0,52.0,0
36.0,660.0,0.09574468085106383,1.0,4.88,848.0,4200.0,19.0,19.0,0.0,4.0,4500.0,47000.0,19.0,54.0,0
36.0,700.0,0.21333333333333335,1.0,26.21,4797.0,30800.0,18.0,16.0,0.0,7.0,16000.0,75000.0,25.0,139.0,0
36.0,710.0,0.3614457831325301,4.0,13.84,2807.0,28800.0,16.0,16.0,0.0,4.0,30000.0,83000.0,16.0,74.0,0
36.0,700.0,0.1509433962264151,9.0,8.49,45878.0,13100.0,5.0,2.0,2.0,5.0,16000.0,106000.0,5.0,137.0,1
36.0,755.0,0.4,7.0,19.92,4536.0,33000.0,15.0,22.0,0.0,6.0,20000.0,50000.0,15.0,146.0,0
60.0,705.0,0.3,1.0,20.09,49278.0,91019.0,13.0,3.0,6.0,4.0,30000.0,100000.0,53.0,307.0,0
36.0,685.0,0.2641509433962264,2.0,16.98,5558.0,28300.0,4.0,18.0,1.0,7.0,28000.0,106000.0,72.0,133.0,0
36.0,705.0,0.10618279569892473,1.0,19.13,3864.0,4500.0,21.0,,0.0,2.0,7900.0,74400.0,21.0,206.0,0
36.0,725.0,0.2656675749318801,4.0,22.95,29560.0,17900.0,9.0,11.0,1.0,3.0,19500.0,73400.0,30.0,137.0,1
36.0,670.0,0.12,,12.72,,,,,,,6000.0,50000.0,,,0
36.0,705.0,0.2,4.0,22.46,9557.0,20400.0,3.0,3.0,2.0,6.0,12000.0,60000.0,4.0,145.0,1
60.0,780.0,0.14084507042253522,10.0,17.58,20654.0,106700.0,8.0,0.0,2.0,9.0,20000.0,142000.0,13.0,173.0,1
36.0,660.0,0.38776595744680853,1.0,16.39,2612.0,32800.0,15.0,14.0,0.0,6.0,18225.0,47000.0,15.0,106.0,1
60.0,670.0,0.24,6.0,19.95,8142.0,800.0,3.0,8.0,0.0,2.0,12000.0,50000.0,47.0,47.0,1
60.0,670.0,0.26,3.0,16.35,4442.0,12400.0,2.0,17.0,0.0,3.0,11700.0,45000.0,22.0,144.0,0
60.0,685.0,0.16,9.0,12.96,12526.0,15400.0,2.0,0.0,3.0,6.0,12000.0,75000.0,9.0,94.0,1
36.0,665.0,0.32,5.0,16.52,2592.0,11200.0,6.0,6.0,2.0,3.0,19200.0,60000.0,6.0,236.0,1
36.0,720.0,0.21052631578947367,5.0,21.01,36847.0,72800.0,11.0,8.0,11.0,6.0,20000.0,95000.0,14.0,357.0,1
36.0,665.0,0.17777777777777778,10.0,20.12,3032.0,4500.0,1.0,5.0,0.0,14.0,16000.0,90000.0,34.0,185.0,1
36.0,765.0,0.05384615384615385,0.0,16.48,2066.0,0.0,44.0,1.0,0.0,1.0,1400.0,26000.0,,69.0,0
36.0,685.0,0.1375,6.0,15.89,6292.0,6500.0,2.0,2.0,0.0,4.0,11000.0,80000.0,8.0,230.0,0
60.0,660.0,0.23333333333333334,6.0,10.3,9074.0,10800.0,1.0,0.0,2.0,7.0,11200.0,48000.0,1.0,233.0,1
36.0,680.0,0.17142857142857143,9.0,29.49,3544.0,9000.0,2.0,4.0,0.0,7.0,6000.0,35000.0,15.0,200.0,0
60.0,735.0,0.24271844660194175,9.0,11.37,13755.0,47700.0,6.0,0.0,2.0,10.0,25000.0,103000.0,6.0,262.0,1
36.0,755.0,0.08333333333333333,5.0,15.98,9165.0,14600.0,8.0,10.0,1.0,3.0,5000.0,60000.0,33.0,145.0,1
36.0,695.0,0.36764705882352944,5.0,16.78,10971.0,60200.0,3.0,8.0,4.0,13.0,25000.0,68000.0,3.0,306.0,1
36.0,715.0,0.3684210526315789,8.0,24.68,3185.0,84127.0,6.0,7.0,0.0,19.0,35000.0,95000.0,9.0,127.0,1
60.0,710.0,0.2153846153846154,17.0,13.95,3262.0,112300.0,3.0,6.0,4.0,8.0,28000.0,130000.0,3.0,181.0,1
36.0,705.0,0.3,2.0,19.87,7261.0,38700.0,10.0,10.0,0.0,6.0,24000.0,80000.0,10.0,173.0,0
36.0,690.0,0.196,4.0,22.71,10111.0,14100.0,6.0,3.0,0.0,3.0,4900.0,25000.0,6.0,44.0,0
60.0,675.0,0.15,1.0,11.12,6498.0,6000.0,6.0,8.0,1.0,4.0,12000.0,80000.0,79.0,192.0,1
60.0,695.0,0.325,8.0,21.82,16376.0,9300.0,12.0,17.0,2.0,8.0,17875.0,55000.0,18.0,72.0,1
36.0,660.0,0.14789253142716294,11.0,9.53,376.0,30400.0,8.0,0.0,0.0,12.0,6000.0,40570.0,8.0,61.0,0
36.0,705.0,0.2840909090909091,7.0,22.61,9481.0,37700.0,4.0,21.0,2.0,7.0,25000.0,88000.0,4.0,129.0,1
36.0,660.0,0.02459016393442623,5.0,15.04,6975.0,9000.0,2.0,13.0,2.0,7.0,3000.0,122000.0,2.0,249.0,0
36.0,700.0,0.2222222222222222,7.0,28.03,1486.0,9600.0,3.0,11.0,0.0,9.0,10000.0,45000.0,3.0,239.0,0
36.0,685.0,0.15,4.0,9.94,4071.0,32400.0,3.0,7.0,1.0,6.0,15000.0,100000.0,6.0,84.0,0
36.0,715.0,0.23478260869565218,4.0,15.3,53149.0,53000.0,6.0,8.0,4.0,5.0,27000.0,115000.0,18.0,182.0,1
36.0,675.0,0.05333333333333334,10.0,14.92,10059.0,8000.0,3.0,3.0,0.0,4.0,8000.0,150000.0,3.0,19.0,0
60.0,675.0,0.36038461538461536,4.0,27.66,28973.0,8400.0,3.0,5.0,3.0,4.0,23425.0,65000.0,53.0,135.0,1
36.0,740.0,0.13194444444444445,,19.93,,,,,,,9500.0,72000.0,,,0
36.0,670.0,0.2236842105263158,1.0,23.66,4162.0,20200.0,1.0,9.0,0.0,6.0,8500.0,38000.0,58.0,118.0,0
36.0,705.0,0.043478260869565216,5.0,3.91,222.0,2000.0,4.0,9.0,0.0,3.0,1000.0,23000.0,4.0,193.0,0
60.0,660.0,0.4596153846153846,2.0,15.0,26014.0,9400.0,11.0,11.0,7.0,3.0,23900.0,52000.0,11.0,389.0,1
36.0,720.0,0.1935483870967742,2.0,37.0,13720.0,30200.0,3.0,1.0,2.0,3.0,12000.0,62000.0,47.0,407.0,1
36.0,670.0,0.21428571428571427,3.0,21.36,739.0,500.0,2.0,2.0,1.0,4.0,3000.0,14000.0,57.0,106.0,0
36.0,740.0,0.1941747572815534,4.0,27.73,13630.0,19800.0,7.0,5.0,2.0,3.0,8000.0,41200.0,50.0,104.0,1
60.0,690.0,0.4195833333333333,2.0,21.19,4468.0,27700.0,12.0,5.0,1.0,4.0,25175.0,60000.0,31.0,234.0,0
36.0,665.0,0.2,10.0,21.03,3827.0,11000.0,5.0,5.0,0.0,9.0,5000.0,25000.0,5.0,130.0,0
36.0,690.0,0.1783046735480103,10.0,29.92,26643.0,34700.0,2.0,5.0,2.0,7.0,15875.0,89033.0,2.0,126.0,1
60.0,675.0,0.10416666666666667,,3.4,,,,,,,5000.0,48000.0,,,0
60.0,710.0,0.4192982456140351,0.0,8.65,3498.0,6400.0,33.0,3.0,0.0,5.0,23900.0,57000.0,33.0,205.0,0
36.0,775.0,0.5,7.0,2.24,173.0,20300.0,3.0,16.0,0.0,3.0,32500.0,65000.0,3.0,115.0,0
36.0,705.0,0.18181818181818182,0.0,16.6,3288.0,23600.0,26.0,,1.0,7.0,10000.0,55000.0,26.0,157.0,0
36.0,695.0,0.35916591412856086,2.0,24.42,11990.0,44500.0,5.0,,4.0,4.0,35000.0,97448.0,55.0,323.0,1
36.0,665.0,0.24752475247524752,6.0,32.56,18274.0,16000.0,5.0,5.0,6.0,13.0,20000.0,80800.0,9.0,146.0,1
36.0,685.0,0.14419814521601448,,10.01,,,,,,,5100.0,35368.0,,,0
36.0,695.0,0.05474452554744526,1.0,10.9,17046.0,800.0,19.0,4.0,4.0,2.0,7500.0,137000.0,40.0,171.0,1
36.0,675.0,0.19090909090909092,3.0,9.75,33720.0,12500.0,18.0,,8.0,4.0,21000.0,110000.0,19.0,264.0,0
36.0,665.0,0.38461538461538464,0.0,21.18,3775.0,16700.0,37.0,,2.0,4.0,25000.0,65000.0,63.0,156.0,0
60.0,685.0,0.35833333333333334,9.0,28.4,2921.0,20500.0,12.0,10.0,1.0,8.0,10750.0,30000.0,15.0,153.0,0
36.0,675.0,0.23333333333333334,12.0,4.64,396.0,5300.0,8.0,8.0,0.0,2.0,7000.0,30000.0,8.0,68.0,0
60.0,670.0,0.15,2.0,23.06,11936.0,25800.0,1.0,1.0,0.0,6.0,12000.0,80000.0,1.0,182.0,0
60.0,750.0,0.13395833333333335,2.0,5.74,883.0,5800.0,6.0,6.0,1.0,5.0,16075.0,120000.0,44.0,329.0,0
36.0,690.0,0.29994234201885794,3.0,18.93,22006.0,300.0,9.0,12.0,3.0,2.0,13900.0,46342.24,12.0,35.0,1
36.0,660.0,0.2,10.0,17.36,1535.0,3700.0,1.0,1.0,0.0,8.0,6000.0,30000.0,7.0,188.0,0
36.0,695.0,0.2571428571428571,3.0,19.85,8096.0,35400.0,6.0,,0.0,5.0,18000.0,70000.0,19.0,302.0,1
60.0,735.0,0.08571428571428572,,19.69,,,,,,,6000.0,70000.0,,,1
36.0,685.0,0.22857142857142856,2.0,5.93,1311.0,4100.0,8.0,12.0,0.0,4.0,8000.0,35000.0,8.0,322.0,0
36.0,670.0,0.15384615384615385,8.0,25.62,20162.0,0.0,6.0,4.0,1.0,4.0,12000.0,78000.0,,91.0,1
60.0,665.0,0.08571428571428572,11.0,18.96,,9500.0,,6.0,1.0,,7200.0,84000.0,7.0,,1
36.0,675.0,0.11090909090909092,0.0,12.18,2359.0,5300.0,25.0,1.0,1.0,4.0,6100.0,55000.0,31.0,320.0,0
60.0,695.0,0.26811594202898553,8.0,34.72,9676.0,18500.0,2.0,2.0,1.0,13.0,18500.0,69000.0,15.0,200.0,1
36.0,730.0,0.4387820512820513,1.0,21.17,8455.0,19100.0,14.0,1.0,0.0,2.0,34225.0,78000.0,34.0,182.0,0
36.0,665.0,0.2109704641350211,4.0,21.77,860.0,3300.0,2.0,13.0,0.0,6.0,2000.0,9480.0,5.0,133.0,0
36.0,660.0,0.33142776978921895,5.0,26.01,2533.0,11000.0,4.0,4.0,0.0,6.0,9450.0,28513.0,13.0,162.0,0
60.0,690.0,0.08,2.0,5.48,68856.0,40200.0,11.0,12.0,4.0,3.0,10000.0,125000.0,149.0,247.0,1
60.0,735.0,0.35,1.0,23.18,16203.0,82500.0,6.0,3.0,3.0,10.0,24500.0,70000.0,43.0,267.0,0
36.0,675.0,0.08333333333333333,3.0,11.45,2083.0,10300.0,1.0,10.0,0.0,9.0,10000.0,120000.0,1.0,107.0,0
36.0,675.0,0.2156194747509595,1.0,5.38,20493.0,5300.0,10.0,0.0,1.0,4.0,5000.0,23189.0,10.0,37.0,1
36.0,680.0,0.19622641509433963,4.0,11.59,51863.0,3000.0,10.0,11.0,2.0,1.0,10400.0,53000.0,57.0,197.0,1
60.0,660.0,0.43969186394174964,2.0,14.61,2391.0,9700.0,14.0,16.0,0.0,2.0,12500.0,28429.0,14.0,66.0,1
36.0,680.0,0.13095238095238096,3.0,16.43,11068.0,5100.0,1.0,21.0,2.0,5.0,5500.0,42000.0,1.0,65.0,1
36.0,715.0,0.06896551724137931,2.0,13.49,,55300.0,,12.0,5.0,,6000.0,87000.0,59.0,,1
36.0,700.0,0.2865384615384615,4.0,11.87,775.0,5350.0,1.0,1.0,0.0,5.0,7450.0,26000.0,1.0,157.0,0
36.0,695.0,0.37209302325581395,6.0,30.7,1950.0,1500.0,1.0,1.0,0.0,3.0,16000.0,43000.0,8.0,179.0,0
36.0,735.0,0.3163793103448276,4.0,23.8,15138.0,10000.0,8.0,15.0,1.0,1.0,9175.0,29000.0,8.0,31.0,1
36.0,740.0,0.12594582361680984,0.0,3.53,28364.0,10100.0,26.0,14.0,3.0,2.0,12800.0,101631.0,156.0,267.0,0
36.0,725.0,0.32608695652173914,,14.46,,,,,,,24000.0,73600.0,,,1
36.0,720.0,0.1643835616438356,0.0,3.01,,44300.0,,16.0,0.0,,12000.0,73000.0,55.0,,0
36.0,675.0,0.2857142857142857,4.0,6.04,1265.0,800.0,2.0,7.0,0.0,4.0,10000.0,35000.0,17.0,109.0,0
60.0,705.0,0.33590487174032313,4.0,11.49,36077.0,5600.0,1.0,10.0,1.0,4.0,30000.0,89311.0,15.0,226.0,1
36.0,660.0,0.09642857142857143,3.0,9.83,806.0,3700.0,7.0,7.0,1.0,4.0,4050.0,42000.0,7.0,129.0,0
36.0,660.0,0.4,4.0,19.49,1260.0,10100.0,12.0,14.0,0.0,6.0,8000.0,20000.0,12.0,213.0,0
36.0,710.0,0.08333333333333333,5.0,15.54,30102.0,2300.0,2.0,3.0,1.0,4.0,10000.0,120000.0,15.0,155.0,0
36.0,720.0,0.25,6.0,25.06,16043.0,17811.0,1.0,0.0,1.0,6.0,15000.0,60000.0,8.0,254.0,1
60.0,720.0,0.2727272727272727,3.0,20.46,3393.0,7000.0,3.0,15.0,0.0,3.0,12000.0,44000.0,22.0,190.0,0
60.0,670.0,0.3473684210526316,3.0,33.83,7709.0,7700.0,4.0,19.0,1.0,4.0,13200.0,38000.0,10.0,151.0,1
36.0,705.0,0.14,4.0,34.78,2460.0,18300.0,11.0,6.0,0.0,7.0,7000.0,50000.0,11.0,175.0,0
36.0,680.0,0.09722222222222222,2.0,8.63,3916.0,13800.0,3.0,,2.0,4.0,7000.0,72000.0,93.0,154.0,0
36.0,705.0,0.25477707006369427,,20.96,,,,,,,16000.0,62800.0,,,0
36.0,685.0,0.22355163727959698,8.0,22.7,20752.0,28400.0,1.0,0.0,5.0,9.0,8875.0,39700.0,10.0,356.0,1
36.0,680.0,0.1111111111111111,7.0,18.19,5248.0,13400.0,11.0,10.0,2.0,5.0,10000.0,90000.0,20.0,131.0,0
60.0,675.0,0.18024193548387096,8.0,12.5,2093.0,5400.0,1.0,1.0,0.0,3.0,11175.0,62000.0,8.0,80.0,0
36.0,670.0,0.24277456647398843,4.0,29.23,16831.0,90200.0,3.0,3.0,5.0,13.0,21000.0,86500.0,3.0,171.0,1
36.0,705.0,0.06666666666666667,,22.58,,,,,,,3000.0,45000.0,,,1
36.0,695.0,0.35555555555555557,1.0,24.4,7522.0,46300.0,20.0,20.0,3.0,4.0,16000.0,45000.0,52.0,209.0,0
36.0,740.0,0.3076923076923077,2.0,12.18,20145.0,36700.0,13.0,14.0,2.0,8.0,12000.0,39000.0,23.0,214.0,1
36.0,685.0,0.15841584158415842,0.0,6.35,7229.0,8000.0,27.0,11.0,0.0,1.0,16000.0,101000.0,198.0,215.0,0
60.0,710.0,0.2364066193853428,6.0,30.53,5906.0,16000.0,3.0,3.0,0.0,1.0,13000.0,54990.0,31.0,174.0,0
36.0,690.0,0.2,5.0,17.66,6583.0,1200.0,5.0,9.0,2.0,3.0,14000.0,70000.0,5.0,242.0,0
60.0,690.0,0.15428571428571428,2.0,7.28,2891.0,27900.0,13.0,13.0,0.0,5.0,21600.0,140000.0,13.0,245.0,0
60.0,665.0,0.3880597014925373,6.0,22.85,30945.0,27800.0,5.0,14.0,2.0,5.0,26000.0,67000.0,14.0,104.0,1
60.0,715.0,0.15555555555555556,2.0,8.18,85481.0,25000.0,1.0,13.0,2.0,2.0,35000.0,225000.0,1.0,207.0,1
36.0,730.0,0.11976047904191617,2.0,18.53,40432.0,87900.0,1.0,,5.0,5.0,20000.0,167000.0,1.0,294.0,1
60.0,730.0,0.2980769230769231,6.0,12.9,11941.0,1500.0,6.0,6.0,2.0,2.0,15500.0,52000.0,107.0,156.0,1
60.0,675.0,0.41203703703703703,1.0,27.93,6230.0,17500.0,13.0,7.0,2.0,8.0,22250.0,54000.0,71.0,130.0,0
36.0,675.0,0.36585365853658536,0.0,8.61,53809.0,13200.0,30.0,22.0,2.0,4.0,30000.0,82000.0,30.0,176.0,1
36.0,670.0,0.24144144144144145,6.0,13.66,9769.0,16100.0,8.0,7.0,3.0,6.0,26800.0,111000.0,20.0,136.0,0
36.0,665.0,0.39325842696629215,1.0,31.03,8040.0,71600.0,10.0,0.0,5.0,15.0,35000.0,89000.0,10.0,356.0,1
36.0,660.0,0.04375,4.0,5.51,2489.0,3500.0,3.0,8.0,2.0,3.0,4375.0,100000.0,3.0,145.0,1
60.0,680.0,0.21739130434782608,2.0,25.11,32516.0,71200.0,17.0,18.0,4.0,9.0,15000.0,69000.0,75.0,241.0,1
36.0,695.0,0.09230769230769231,8.0,1.88,16700.0,11800.0,2.0,2.0,2.0,5.0,6000.0,65000.0,3.0,108.0,1
36.0,705.0,0.18,3.0,20.0,4461.0,8300.0,8.0,17.0,1.0,2.0,9000.0,50000.0,17.0,195.0,0
36.0,710.0,0.14740131481972818,7.0,26.11,36575.0,44700.0,7.0,9.0,3.0,5.0,10000.0,67842.0,7.0,210.0,1
36.0,660.0,0.18704616693181284,3.0,3.6,217.0,1000.0,0.0,0.0,0.0,4.0,6175.0,33013.24,95.0,156.0,1
60.0,665.0,0.3581753524189628,4.0,17.5,6343.0,53200.0,8.0,2.0,2.0,6.0,28000.0,78174.0,8.0,169.0,1
36.0,690.0,0.36363636363636365,12.0,5.83,5097.0,58300.0,4.0,4.0,2.0,6.0,20000.0,55000.0,4.0,260.0,1
36.0,785.0,0.10526315789473684,7.0,26.18,7649.0,63700.0,2.0,7.0,5.0,8.0,12000.0,114000.0,2.0,151.0,1
36.0,730.0,0.2206857435012542,6.0,26.64,3755.0,16300.0,5.0,6.0,0.0,9.0,16575.0,75106.8,5.0,498.0,1
36.0,680.0,0.168,0.0,14.57,6187.0,7000.0,36.0,0.0,1.0,2.0,10500.0,62500.0,64.0,64.0,0
60.0,675.0,0.4190320494394941,8.0,12.46,17474.0,39000.0,3.0,7.0,0.0,8.0,23325.0,55664.0,3.0,279.0,0
36.0,715.0,0.12857142857142856,5.0,22.92,3076.0,9000.0,5.0,5.0,0.0,4.0,9000.0,70000.0,5.0,87.0,0
60.0,700.0,0.23148148148148148,9.0,16.4,3807.0,18400.0,3.0,5.0,0.0,5.0,25000.0,108000.0,3.0,217.0,0
36.0,690.0,0.0658,5.0,4.2,2081.0,5300.0,4.0,14.0,0.0,5.0,8225.0,125000.0,4.0,73.0,0
36.0,665.0,0.25,2.0,30.12,5963.0,10000.0,3.0,1.0,0.0,10.0,10000.0,40000.0,51.0,200.0,0
36.0,675.0,0.20224719101123595,6.0,11.54,24910.0,18700.0,7.0,9.0,2.0,5.0,18000.0,89000.0,9.0,130.0,1
36.0,670.0,0.3464285714285714,0.0,2.91,2000.0,6500.0,26.0,,4.0,2.0,24250.0,70000.0,74.0,238.0,0
36.0,675.0,0.19090909090909092,0.0,9.71,,26700.0,,10.0,5.0,,21000.0,110000.0,42.0,,1
60.0,700.0,0.18181818181818182,9.0,24.02,2721.0,5500.0,1.0,21.0,0.0,6.0,10000.0,55000.0,16.0,184.0,0
60.0,680.0,0.23529411764705882,4.0,23.37,16838.0,12100.0,6.0,21.0,4.0,4.0,20000.0,85000.0,25.0,303.0,0
60.0,705.0,0.43478260869565216,3.0,32.22,15622.0,10800.0,6.0,6.0,0.0,2.0,20000.0,46000.0,21.0,198.0,0
36.0,695.0,0.2522704339051463,4.0,10.48,1385.0,18500.0,4.0,7.0,0.0,5.0,10000.0,39640.0,4.0,126.0,0
36.0,705.0,0.23809523809523808,3.0,13.71,14513.0,8300.0,2.0,9.0,3.0,7.0,10000.0,42000.0,2.0,279.0,1
60.0,665.0,0.4,1.0,24.25,5322.0,1000.0,22.0,,1.0,3.0,14000.0,35000.0,22.0,160.0,0
36.0,680.0,0.20318223443223443,3.0,20.66,6481.0,7000.0,5.0,5.0,0.0,8.0,8875.0,43680.0,5.0,381.0,0
60.0,760.0,0.38823529411764707,2.0,15.81,20594.0,63800.0,16.0,12.0,1.0,3.0,33000.0,85000.0,25.0,205.0,1
60.0,695.0,0.19047619047619047,5.0,20.69,11068.0,25500.0,3.0,,2.0,3.0,16000.0,84000.0,3.0,231.0,1
60.0,660.0,0.1708984375,1.0,11.27,46830.0,35500.0,18.0,13.0,4.0,3.0,35000.0,204800.0,92.0,194.0,0
36.0,685.0,0.08823529411764706,3.0,16.04,22762.0,10900.0,3.0,4.0,2.0,2.0,6000.0,68000.0,21.0,175.0,1
60.0,710.0,0.46,4.0,23.45,7925.0,9900.0,3.0,2.0,0.0,2.0,29900.0,65000.0,22.0,109.0,0
36.0,660.0,0.21555555555555556,5.0,20.56,2060.0,13900.0,6.0,6.0,0.0,9.0,9700.0,45000.0,6.0,36.0,1
36.0,705.0,0.36,4.0,24.0,1332.0,2800.0,12.0,2.0,0.0,5.0,10800.0,30000.0,12.0,77.0,0
36.0,660.0,0.2523076923076923,9.0,16.71,18439.0,11400.0,6.0,9.0,5.0,13.0,16400.0,65000.0,19.0,331.0,1
36.0,695.0,0.052647058823529415,6.0,28.76,21343.0,28200.0,4.0,9.0,3.0,6.0,4475.0,85000.0,106.0,237.0,1
36.0,690.0,0.15928571428571428,2.0,15.67,35077.0,13300.0,16.0,,2.0,5.0,11150.0,70000.0,27.0,56.0,1
36.0,690.0,0.058823529411764705,3.0,10.22,34329.0,7500.0,3.0,3.0,1.0,5.0,5000.0,85000.0,28.0,86.0,1
36.0,710.0,0.0988235294117647,12.0,8.1,24305.0,26100.0,2.0,2.0,3.0,4.0,8400.0,85000.0,2.0,132.0,1
60.0,665.0,0.16695652173913045,13.0,9.98,3171.0,9800.0,2.0,3.0,0.0,6.0,19200.0,115000.0,3.0,355.0,0
60.0,715.0,0.4395833333333333,3.0,19.02,2699.0,20100.0,3.0,10.0,0.0,7.0,26375.0,60000.0,3.0,381.0,0
36.0,665.0,0.06153846153846154,2.0,4.27,1320.0,3600.0,4.0,0.0,0.0,4.0,4000.0,65000.0,7.0,171.0,1
36.0,660.0,0.06,3.0,12.76,18603.0,10700.0,12.0,,0.0,3.0,4200.0,70000.0,12.0,127.0,0
36.0,700.0,0.17391304347826086,5.0,27.18,10990.0,23600.0,3.0,16.0,4.0,10.0,12000.0,69000.0,7.0,185.0,0
60.0,670.0,0.2784090909090909,3.0,23.63,9987.0,39300.0,7.0,22.0,0.0,4.0,24500.0,88000.0,22.0,115.0,0
36.0,685.0,0.2375,2.0,9.22,10269.0,18000.0,9.0,0.0,1.0,8.0,9500.0,40000.0,9.0,193.0,1
36.0,710.0,0.125,2.0,18.79,4810.0,2500.0,14.0,20.0,0.0,3.0,4000.0,32000.0,14.0,58.0,0
36.0,685.0,0.23076923076923078,3.0,18.81,32141.0,18200.0,1.0,0.0,6.0,5.0,24000.0,104000.0,10.0,349.0,1
36.0,815.0,0.2916666666666667,2.0,15.63,11418.0,46500.0,14.0,2.0,2.0,2.0,21000.0,72000.0,35.0,157.0,1
36.0,670.0,0.0547945205479452,6.0,18.71,9906.0,1700.0,3.0,7.0,0.0,2.0,4000.0,73000.0,7.0,113.0,1
60.0,665.0,0.17142857142857143,2.0,7.11,22690.0,6700.0,1.0,1.0,2.0,5.0,24000.0,140000.0,18.0,335.0,1
60.0,780.0,0.18045112781954886,5.0,6.15,38095.0,17900.0,11.0,1.0,2.0,2.0,12000.0,66500.0,30.0,102.0,1
36.0,680.0,0.17523809523809525,1.0,6.87,6112.0,15800.0,10.0,2.0,0.0,5.0,18400.0,105000.0,10.0,193.0,0
36.0,680.0,0.10421686746987951,2.0,12.98,58144.0,3200.0,15.0,15.0,3.0,3.0,8650.0,83000.0,59.0,178.0,1
36.0,710.0,0.25,3.0,22.94,34329.0,96000.0,1.0,1.0,6.0,4.0,35000.0,140000.0,65.0,234.0,1
60.0,710.0,0.256,2.0,21.47,17525.0,13100.0,11.0,20.0,2.0,6.0,19200.0,75000.0,57.0,294.0,1
36.0,700.0,0.20588235294117646,1.0,11.21,27181.0,31200.0,9.0,9.0,1.0,8.0,35000.0,170000.0,97.0,230.0,1
60.0,680.0,0.4,11.0,38.55,21478.0,57300.0,1.0,4.0,3.0,11.0,32000.0,80000.0,10.0,167.0,1
60.0,670.0,0.4,4.0,11.95,1383.0,20900.0,6.0,13.0,0.0,6.0,14000.0,35000.0,6.0,136.0,1
60.0,660.0,0.16,3.0,9.12,1656.0,3700.0,12.0,1.0,0.0,4.0,12800.0,80000.0,57.0,162.0,0
36.0,805.0,0.15384615384615385,9.0,30.35,11592.0,99700.0,2.0,0.0,1.0,6.0,10000.0,65000.0,5.0,139.0,1
36.0,665.0,0.31746031746031744,6.0,6.97,15857.0,13500.0,2.0,2.0,2.0,6.0,20000.0,63000.0,43.0,245.0,1
36.0,690.0,0.2909090909090909,3.0,19.7,20381.0,10900.0,13.0,21.0,4.0,3.0,16000.0,55000.0,118.0,132.0,1
60.0,690.0,0.26366666666666666,4.0,26.2,7435.0,23200.0,1.0,2.0,5.0,3.0,19775.0,75000.0,74.0,360.0,1
36.0,700.0,0.291970802919708,2.0,13.45,48651.0,21500.0,14.0,15.0,7.0,2.0,20000.0,68500.0,48.0,163.0,1
36.0,660.0,0.2,3.0,33.22,2585.0,1000.0,1.0,1.0,0.0,2.0,5000.0,25000.0,35.0,181.0,0
60.0,705.0,0.24,7.0,17.79,17499.0,13500.0,3.0,1.0,1.0,6.0,18000.0,75000.0,11.0,296.0,1
36.0,680.0,0.05,6.0,23.92,5041.0,8900.0,3.0,14.0,0.0,7.0,3000.0,60000.0,3.0,119.0,0
36.0,710.0,0.15076923076923077,8.0,11.12,11971.0,5500.0,2.0,1.0,4.0,6.0,9800.0,65000.0,11.0,219.0,1
36.0,660.0,0.036,2.0,19.37,60424.0,34500.0,4.0,4.0,0.0,6.0,7200.0,200000.0,6.0,278.0,0
36.0,660.0,0.064,0.0,10.56,2027.0,6000.0,53.0,,0.0,3.0,1600.0,25000.0,53.0,104.0,0
36.0,670.0,0.045454545454545456,6.0,13.34,1340.0,8200.0,2.0,19.0,0.0,3.0,1000.0,22000.0,3.0,23.0,0
60.0,690.0,0.34146341463414637,14.0,22.1,2449.0,26300.0,1.0,6.0,6.0,7.0,28000.0,82000.0,1.0,148.0,0
36.0,670.0,0.05162122923052105,4.0,17.93,,1800.0,,0.0,0.0,,1600.0,30995.0,5.0,,1
36.0,715.0,0.38636363636363635,4.0,18.64,14406.0,3500.0,3.0,8.0,1.0,5.0,19125.0,49500.0,8.0,117.0,1
36.0,690.0,0.13157894736842105,5.0,21.42,11136.0,26500.0,3.0,9.0,7.0,11.0,5000.0,38000.0,6.0,115.0,1
60.0,680.0,0.282,9.0,13.62,29851.0,2100.0,3.0,7.0,2.0,3.0,21150.0,75000.0,5.0,61.0,1
60.0,675.0,0.18389012702141908,10.0,30.49,6961.0,29250.0,6.0,0.0,0.0,7.0,16750.0,91087.0,6.0,82.0,0
36.0,680.0,0.16857142857142857,4.0,16.44,22251.0,16600.0,4.0,1.0,2.0,7.0,23600.0,140000.0,22.0,116.0,1
60.0,725.0,0.2692307692307692,1.0,24.55,5975.0,50200.0,12.0,,0.0,6.0,17500.0,65000.0,12.0,471.0,0
36.0,665.0,0.1305,3.0,23.6,11748.0,1500.0,7.0,3.0,1.0,2.0,6525.0,50000.0,48.0,103.0,1
60.0,670.0,0.29989711934156377,8.0,23.05,2077.0,13900.0,1.0,7.0,0.0,10.0,14575.0,48600.0,9.0,37.0,0
36.0,660.0,0.054549421776129176,,3.62,,,,,,,3000.0,54996.0,,,1
36.0,675.0,0.29411764705882354,6.0,27.13,13728.0,19700.0,4.0,4.0,2.0,5.0,15000.0,51000.0,4.0,219.0,1
36.0,735.0,0.09843759843759844,,26.79,,,,,,,5000.0,50793.6,,,0
60.0,690.0,0.42,5.0,17.34,2156.0,5400.0,6.0,17.0,0.0,5.0,16800.0,40000.0,17.0,361.0,0
60.0,770.0,0.3333333333333333,2.0,13.52,22964.0,6000.0,3.0,1.0,1.0,2.0,10000.0,30000.0,50.0,145.0,1
36.0,755.0,0.2,6.0,13.73,43494.0,37000.0,6.0,16.0,2.0,3.0,35000.0,175000.0,28.0,157.0,1
36.0,730.0,0.12727272727272726,2.0,3.1,16501.0,6600.0,7.0,18.0,1.0,2.0,7000.0,55000.0,74.0,154.0,0
60.0,665.0,0.22727272727272727,7.0,19.61,3262.0,16000.0,1.0,1.0,0.0,6.0,10000.0,44000.0,13.0,104.0,0
36.0,690.0,0.06837606837606838,4.0,22.99,21079.0,34900.0,7.0,0.0,2.0,11.0,8000.0,117000.0,7.0,222.0,1
60.0,675.0,0.16666666666666666,6.0,17.8,5353.0,6400.0,3.0,7.0,0.0,7.0,10000.0,60000.0,22.0,110.0,0
36.0,720.0,0.4266666666666667,3.0,38.5,6787.0,24300.0,1.0,1.0,0.0,5.0,16000.0,37500.0,61.0,174.0,1
36.0,680.0,0.20779652564209125,0.0,14.51,15633.0,6800.0,39.0,,1.0,5.0,10000.0,48124.0,241.0,241.0,1
36.0,715.0,0.13411764705882354,8.0,18.24,24910.0,6000.0,3.0,16.0,3.0,3.0,11400.0,85000.0,3.0,212.0,1
60.0,675.0,0.1268018018018018,3.0,7.66,20562.0,11700.0,4.0,4.0,8.0,6.0,14075.0,111000.0,4.0,230.0,1
36.0,785.0,0.18181818181818182,2.0,6.92,598.0,31600.0,1.0,15.0,1.0,5.0,8000.0,44000.0,27.0,248.0,1
36.0,660.0,0.128,5.0,29.35,19900.0,2700.0,3.0,1.0,3.0,8.0,9600.0,75000.0,3.0,152.0,1
60.0,670.0,0.2857142857142857,7.0,28.29,3119.0,26900.0,3.0,16.0,0.0,7.0,12000.0,42000.0,6.0,149.0,0
36.0,715.0,0.1,6.0,8.11,4095.0,36200.0,2.0,8.0,0.0,8.0,20000.0,200000.0,2.0,153.0,0
36.0,675.0,0.05380710659898477,18.0,18.45,14088.0,13600.0,2.0,1.0,3.0,15.0,5300.0,98500.0,2.0,179.0,1
36.0,665.0,0.3055555555555556,4.0,20.3,3752.0,8800.0,12.0,0.0,0.0,4.0,11000.0,36000.0,12.0,116.0,0
36.0,780.0,0.105,4.0,3.9,13392.0,20000.0,7.0,,4.0,3.0,2100.0,20000.0,47.0,392.0,1
36.0,705.0,0.05714285714285714,4.0,5.04,521.0,0.0,9.0,9.0,0.0,4.0,2000.0,35000.0,,131.0,0
36.0,715.0,0.19444444444444445,3.0,22.27,3629.0,22000.0,3.0,3.0,0.0,7.0,7000.0,36000.0,3.0,81.0,0
36.0,710.0,0.43902439024390244,5.0,4.95,28884.0,27000.0,3.0,2.0,1.0,4.0,18000.0,41000.0,7.0,91.0,1
36.0,670.0,0.15555555555555556,5.0,26.16,22502.0,19900.0,2.0,2.0,2.0,2.0,7000.0,45000.0,6.0,215.0,1
60.0,730.0,0.47992957746478876,2.0,10.23,12247.0,52300.0,18.0,1.0,5.0,7.0,34075.0,71000.0,20.0,179.0,0
60.0,690.0,0.125,2.0,23.98,6736.0,31400.0,9.0,16.0,0.0,6.0,12000.0,96000.0,45.0,178.0,0
36.0,660.0,0.2475,3.0,22.63,3605.0,12400.0,2.0,4.0,0.0,11.0,12375.0,50000.0,2.0,248.0,0
36.0,670.0,0.08181818181818182,9.0,15.68,2344.0,22900.0,1.0,7.0,0.0,18.0,9000.0,110000.0,6.0,273.0,1
36.0,675.0,0.29059841478564735,1.0,27.55,2277.0,7300.0,13.0,7.0,0.0,5.0,8000.0,27529.4,13.0,72.0,0
36.0,670.0,0.41909090909090907,3.0,27.99,1794.0,43800.0,7.0,6.0,1.0,10.0,23050.0,55000.0,26.0,297.0,1
36.0,700.0,0.21621621621621623,3.0,16.7,7702.0,13600.0,13.0,13.0,1.0,9.0,8000.0,37000.0,13.0,120.0,1
36.0,680.0,0.24,3.0,32.33,11851.0,17200.0,12.0,20.0,3.0,6.0,12000.0,50000.0,120.0,243.0,1
36.0,660.0,0.10909090909090909,2.0,17.68,831.0,7000.0,5.0,5.0,2.0,5.0,4800.0,44000.0,42.0,293.0,1
36.0,710.0,0.445,1.0,17.33,20292.0,27600.0,8.0,8.0,1.0,6.0,22250.0,50000.0,55.0,149.0,1
36.0,675.0,0.390625,4.0,18.9,1144.0,2100.0,8.0,4.0,1.0,5.0,15625.0,40000.0,61.0,109.0,0
60.0,675.0,0.4185064935064935,1.0,13.47,32560.0,5000.0,3.0,5.0,2.0,7.0,32225.0,77000.0,80.0,229.0,1
36.0,700.0,0.09090909090909091,,15.12,,,,,,,8000.0,88000.0,,,1
36.0,665.0,0.050625,8.0,11.0,3265.0,8100.0,4.0,5.0,7.0,5.0,6075.0,120000.0,4.0,170.0,0
36.0,680.0,0.25,12.0,14.49,1837.0,38500.0,4.0,4.0,0.0,8.0,25000.0,100000.0,9.0,140.0,0
36.0,720.0,0.22737608003638018,8.0,19.92,7853.0,20100.0,3.0,4.0,2.0,2.0,7000.0,30786.0,8.0,170.0,1
36.0,700.0,0.3103448275862069,0.0,13.78,1187.0,6300.0,30.0,,0.0,6.0,9000.0,29000.0,37.0,95.0,0
36.0,680.0,0.22950819672131148,3.0,14.38,17373.0,17200.0,2.0,5.0,0.0,3.0,14000.0,61000.0,2.0,112.0,0
36.0,665.0,0.2222222222222222,4.0,21.39,3879.0,8700.0,3.0,4.0,6.0,5.0,10000.0,45000.0,11.0,182.0,0
36.0,685.0,0.2,8.0,16.46,9714.0,21100.0,7.0,1.0,0.0,13.0,20000.0,100000.0,7.0,195.0,0
36.0,660.0,0.0707070707070707,24.0,30.06,3424.0,12800.0,2.0,1.0,0.0,17.0,3500.0,49500.0,2.0,122.0,0
60.0,690.0,0.165,4.0,23.37,34287.0,5300.0,5.0,5.0,4.0,8.0,13200.0,80000.0,5.0,232.0,1
36.0,695.0,0.07608695652173914,11.0,5.88,19724.0,15000.0,2.0,2.0,7.0,4.0,7000.0,92000.0,6.0,88.0,1
36.0,715.0,0.09562841530054644,0.0,1.54,2964.0,16800.0,109.0,7.0,1.0,3.0,35000.0,366000.0,109.0,306.0,1
36.0,720.0,0.13071895424836602,5.0,34.07,7067.0,8100.0,6.0,8.0,0.0,2.0,10000.0,76500.0,84.0,211.0,0
36.0,720.0,0.2261904761904762,1.0,19.39,3859.0,18800.0,18.0,,1.0,3.0,9500.0,42000.0,53.0,309.0,1
36.0,660.0,0.06986818202990358,4.0,8.62,52655.0,9400.0,4.0,4.0,5.0,3.0,6000.0,85876.0,4.0,163.0,1
36.0,675.0,0.25,11.0,33.6,8756.0,11500.0,8.0,11.0,5.0,17.0,20000.0,80000.0,9.0,276.0,1
60.0,665.0,0.29411764705882354,0.0,23.28,6983.0,52100.0,45.0,,0.0,3.0,20000.0,68000.0,178.0,350.0,0
36.0,710.0,0.15384615384615385,7.0,20.74,25746.0,19000.0,10.0,1.0,5.0,5.0,20000.0,130000.0,10.0,131.0,1
36.0,665.0,0.22325581395348837,2.0,12.75,3088.0,28000.0,7.0,0.0,4.0,4.0,19200.0,86000.0,19.0,293.0,1
36.0,695.0,0.1488095238095238,8.0,23.68,3361.0,11000.0,2.0,2.0,0.0,8.0,5000.0,33600.0,7.0,38.0,0
36.0,700.0,0.2631578947368421,3.0,23.57,11694.0,5400.0,5.0,8.0,1.0,4.0,10000.0,38000.0,40.0,141.0,1
36.0,735.0,0.24,12.0,22.13,9536.0,40100.0,6.0,6.0,3.0,9.0,21600.0,90000.0,6.0,100.0,1
36.0,695.0,0.17857142857142858,5.0,21.0,13337.0,18100.0,3.0,3.0,0.0,5.0,35000.0,196000.0,17.0,120.0,0
36.0,685.0,0.3596153846153846,13.0,20.3,14281.0,19600.0,4.0,7.0,0.0,4.0,18700.0,52000.0,4.0,229.0,0
36.0,695.0,0.17614316916789968,0.0,21.86,36525.0,32000.0,30.0,,2.0,6.0,20000.0,113544.0,37.0,82.0,1
36.0,700.0,0.16129032258064516,4.0,38.21,1896.0,8400.0,11.0,9.0,1.0,6.0,5000.0,31000.0,11.0,227.0,0
36.0,685.0,0.18285714285714286,2.0,22.36,3096.0,6800.0,6.0,4.0,0.0,5.0,6400.0,35000.0,50.0,129.0,0
36.0,680.0,0.3333333333333333,6.0,25.71,1244.0,14300.0,3.0,12.0,0.0,5.0,15000.0,45000.0,13.0,78.0,0
36.0,660.0,0.28846153846153844,3.0,22.48,4677.0,30100.0,4.0,4.0,0.0,5.0,15000.0,52000.0,4.0,110.0,0
36.0,700.0,0.4,1.0,9.63,3173.0,13700.0,23.0,0.0,0.0,3.0,20000.0,50000.0,23.0,178.0,0
60.0,715.0,0.2803738317757009,7.0,12.84,23976.0,87000.0,2.0,2.0,5.0,10.0,30000.0,107000.0,2.0,253.0,1
36.0,680.0,0.1723404255319149,3.0,20.81,26392.0,36600.0,17.0,6.0,1.0,7.0,16200.0,94000.0,17.0,116.0,0
36.0,700.0,0.1,4.0,4.19,26138.0,9300.0,2.0,0.0,3.0,3.0,10000.0,100000.0,22.0,267.0,1
36.0,710.0,0.14895833333333333,2.0,14.28,5187.0,7500.0,14.0,1.0,0.0,1.0,7150.0,48000.0,61.0,80.0,0
60.0,685.0,0.4796875,6.0,5.46,33000.0,9200.0,6.0,8.0,11.0,3.0,30700.0,64000.0,36.0,186.0,1
60.0,670.0,0.25,6.0,18.87,5964.0,4500.0,6.0,3.0,0.0,3.0,15000.0,60000.0,15.0,94.0,0
60.0,690.0,0.43103448275862066,6.0,23.54,16794.0,26755.0,6.0,0.0,1.0,5.0,25000.0,58000.0,6.0,136.0,1
36.0,665.0,0.23708333333333334,7.0,24.36,12640.0,4400.0,2.0,1.0,2.0,10.0,14225.0,60000.0,16.0,234.0,1
60.0,730.0,0.19893617021276597,3.0,15.68,48838.0,21000.0,8.0,8.0,1.0,5.0,18700.0,94000.0,13.0,167.0,1
60.0,665.0,0.09090909090909091,4.0,10.0,11019.0,19400.0,10.0,8.0,3.0,4.0,20000.0,220000.0,18.0,229.0,0
60.0,670.0,0.24615384615384617,5.0,25.91,1930.0,46700.0,2.0,5.0,0.0,9.0,16000.0,65000.0,2.0,42.0,0
36.0,780.0,0.2222222222222222,1.0,20.64,13895.0,19300.0,10.0,,2.0,2.0,10000.0,45000.0,298.0,339.0,1
60.0,735.0,0.2,5.0,17.63,14851.0,21000.0,14.0,1.0,2.0,4.0,14400.0,72000.0,14.0,128.0,1
60.0,665.0,0.1875,7.0,20.15,26215.0,11000.0,6.0,6.0,1.0,4.0,15000.0,80000.0,15.0,98.0,1
36.0,685.0,0.3546612623045744,6.0,34.45,2552.0,7000.0,10.0,0.0,0.0,5.0,7350.0,20724.0,23.0,82.0,0
36.0,675.0,0.2857142857142857,1.0,24.21,596.0,0.0,12.0,,0.0,5.0,5000.0,17500.0,,215.0,0
60.0,685.0,0.24457831325301205,5.0,16.53,5292.0,16000.0,1.0,0.0,1.0,5.0,20300.0,83000.0,10.0,100.0,0
36.0,685.0,0.02823529411764706,7.0,24.62,,13500.0,,3.0,8.0,,2400.0,85000.0,4.0,,1
36.0,685.0,0.41254125412541254,4.0,18.71,8243.0,8100.0,9.0,13.0,1.0,5.0,25000.0,60600.0,9.0,165.0,1
36.0,670.0,0.391304347826087,2.0,15.6,4060.0,18000.0,22.0,22.0,0.0,7.0,18000.0,46000.0,65.0,267.0,0
60.0,665.0,0.43243243243243246,4.0,18.21,1128.0,11600.0,1.0,1.0,0.0,14.0,16000.0,37000.0,3.0,100.0,0
36.0,695.0,0.04875195007800312,2.0,10.12,17242.0,5300.0,13.0,13.0,1.0,3.0,4000.0,82048.0,24.0,305.0,1
36.0,695.0,0.4,5.0,18.53,4371.0,2800.0,6.0,12.0,0.0,3.0,20000.0,50000.0,62.0,62.0,0
36.0,710.0,0.112,4.0,14.51,4624.0,18000.0,10.0,1.0,0.0,4.0,11200.0,100000.0,30.0,53.0,0
60.0,670.0,0.4789855072463768,7.0,16.1,1521.0,22000.0,8.0,5.0,4.0,5.0,16525.0,34500.0,8.0,209.0,1
36.0,660.0,0.1934321530920065,11.0,25.21,8853.0,6000.0,2.0,,1.0,3.0,15000.0,77546.57,27.0,41.0,1
60.0,700.0,0.1919846412287017,4.0,27.38,36721.0,2300.0,7.0,7.0,6.0,2.0,11200.0,58338.0,35.0,238.0,1
36.0,750.0,0.36363636363636365,1.0,22.34,3796.0,33600.0,13.0,,0.0,4.0,20000.0,55000.0,51.0,156.0,0
36.0,660.0,0.12345679012345678,3.0,18.77,13430.0,6700.0,17.0,,3.0,13.0,12000.0,97200.0,19.0,264.0,1
36.0,845.0,0.32396158741177833,1.0,12.03,39945.0,81000.0,21.0,13.0,2.0,4.0,28000.0,86430.0,138.0,423.0,1
36.0,660.0,0.28253376278465275,7.0,21.14,3467.0,16900.0,1.0,4.0,2.0,13.0,20000.0,70788.0,1.0,276.0,0
60.0,675.0,0.241,2.0,10.27,1799.0,4650.0,4.0,4.0,2.0,4.0,12050.0,50000.0,41.0,217.0,0
36.0,735.0,0.2857142857142857,2.0,23.8,16283.0,23600.0,14.0,15.0,1.0,4.0,12000.0,42000.0,14.0,203.0,1
36.0,665.0,0.2798076923076923,6.0,6.42,9255.0,8100.0,1.0,0.0,1.0,5.0,14550.0,52000.0,1.0,67.0,0
36.0,695.0,0.15833333333333333,2.0,12.53,11813.0,19700.0,12.0,6.0,3.0,9.0,9500.0,60000.0,33.0,464.0,1
36.0,705.0,0.21875,1.0,19.95,15744.0,5300.0,21.0,23.0,2.0,4.0,7000.0,32000.0,69.0,141.0,1
36.0,675.0,0.03333333333333333,4.0,31.79,4086.0,14200.0,6.0,6.0,0.0,5.0,1500.0,45000.0,6.0,131.0,0
60.0,690.0,0.2472943722943723,7.0,28.34,2246.0,22200.0,5.0,3.0,3.0,6.0,11425.0,46200.0,9.0,222.0,1
60.0,695.0,0.15384615384615385,5.0,11.76,1843.0,15100.0,11.0,16.0,0.0,6.0,10000.0,65000.0,60.0,119.0,0
36.0,705.0,0.28273809523809523,5.0,21.69,10713.0,1800.0,9.0,9.0,1.0,2.0,11875.0,42000.0,40.0,119.0,1
60.0,720.0,0.23076923076923078,11.0,17.89,17736.0,31200.0,1.0,3.0,1.0,7.0,15000.0,65000.0,1.0,286.0,1
36.0,685.0,0.175,1.0,13.16,106045.0,39800.0,8.0,8.0,5.0,5.0,35000.0,200000.0,83.0,125.0,1
36.0,670.0,0.2604166666666667,3.0,27.95,18913.0,8200.0,5.0,5.0,0.0,6.0,6250.0,24000.0,15.0,264.0,0
36.0,690.0,0.12987012987012986,5.0,14.7,7690.0,12700.0,1.0,0.0,2.0,11.0,10000.0,77000.0,70.0,191.0,1
60.0,805.0,0.375,4.0,2.53,281.0,28400.0,13.0,17.0,0.0,4.0,15000.0,40000.0,17.0,269.0,0
36.0,750.0,0.2222222222222222,3.0,24.53,14290.0,17000.0,2.0,11.0,2.0,3.0,12000.0,54000.0,47.0,130.0,1
36.0,660.0,0.21710526315789475,4.0,16.05,984.0,5400.0,6.0,0.0,1.0,6.0,8250.0,38000.0,27.0,184.0,0
36.0,670.0,0.10666666666666667,5.0,16.32,3239.0,36250.0,6.0,2.0,0.0,9.0,8000.0,75000.0,7.0,149.0,0
60.0,665.0,0.21,6.0,6.04,2143.0,18700.0,12.0,1.0,0.0,4.0,21000.0,100000.0,46.0,148.0,0
36.0,685.0,0.12,3.0,22.9,20654.0,67400.0,5.0,6.0,4.0,5.0,14400.0,120000.0,5.0,173.0,1
36.0,680.0,0.13433333333333333,4.0,22.64,8878.0,5700.0,7.0,1.0,0.0,4.0,10075.0,75000.0,7.0,46.0,0
60.0,700.0,0.2736842105263158,9.0,26.36,9751.0,71500.0,1.0,5.0,2.0,15.0,31200.0,114000.0,5.0,264.0,1
36.0,750.0,0.09302325581395349,7.0,5.24,60620.0,152352.0,4.0,2.0,1.0,6.0,20000.0,215000.0,4.0,202.0,1
36.0,695.0,0.2127659574468085,3.0,5.67,5789.0,3300.0,3.0,3.0,1.0,6.0,10000.0,47000.0,79.0,107.0,1
36.0,730.0,0.20104166666666667,6.0,34.63,18834.0,61800.0,2.0,10.0,5.0,14.0,14475.0,72000.0,13.0,361.0,1
36.0,690.0,0.12162162162162163,,19.09,,,,,,,9000.0,74000.0,,,0
60.0,690.0,0.4225352112676056,6.0,20.55,5085.0,33100.0,5.0,9.0,3.0,6.0,30000.0,71000.0,21.0,206.0,1
36.0,660.0,0.12549019607843137,13.0,17.41,2128.0,13200.0,3.0,1.0,2.0,10.0,9600.0,76500.0,4.0,232.0,0
36.0,660.0,0.18181818181818182,7.0,23.19,1351.0,6300.0,2.0,2.0,0.0,5.0,4000.0,22000.0,18.0,103.0,0
36.0,700.0,0.17647889312438234,,4.04,,,,,,,15000.0,84996.0,,,1
36.0,660.0,0.35863636363636364,5.0,27.86,3881.0,1100.0,2.0,2.0,0.0,4.0,19725.0,55000.0,43.0,252.0,0
36.0,695.0,0.07462686567164178,10.0,32.32,4628.0,33300.0,5.0,8.0,2.0,13.0,5000.0,67000.0,5.0,390.0,1
36.0,680.0,0.25,9.0,27.09,8123.0,37700.0,2.0,2.0,3.0,14.0,25000.0,100000.0,7.0,123.0,1
60.0,710.0,0.401192337763878,9.0,39.1,9517.0,19100.0,2.0,10.0,1.0,9.0,20525.0,51160.0,13.0,145.0,1
36.0,675.0,0.04411764705882353,4.0,19.51,2641.0,6100.0,3.0,,0.0,6.0,4500.0,102000.0,30.0,235.0,0
60.0,715.0,0.14285714285714285,3.0,9.01,5944.0,22100.0,6.0,2.0,1.0,3.0,20000.0,140000.0,6.0,131.0,1
36.0,710.0,0.24,6.0,11.24,2162.0,85100.0,2.0,1.0,0.0,11.0,36000.0,150000.0,13.0,305.0,0
36.0,670.0,0.38771712158808935,1.0,22.29,5628.0,9500.0,10.0,2.0,0.0,9.0,10000.0,25792.0,59.0,293.0,0
36.0,660.0,0.10701754385964912,6.0,17.71,4425.0,10400.0,6.0,3.0,0.0,10.0,6100.0,57000.0,15.0,115.0,0
60.0,695.0,0.21404109589041095,5.0,22.78,4450.0,14900.0,4.0,1.0,0.0,5.0,12500.0,58400.0,4.0,121.0,0
36.0,695.0,0.047619047619047616,6.0,18.6,4024.0,0.0,4.0,8.0,0.0,3.0,2000.0,42000.0,,489.0,0
36.0,675.0,0.13333333333333333,8.0,23.09,3442.0,15300.0,3.0,1.0,4.0,14.0,18000.0,135000.0,21.0,164.0,1
36.0,665.0,0.26196391919628387,6.0,26.22,2196.0,11600.0,10.0,5.0,2.0,6.0,9700.0,37028.0,14.0,132.0,0
36.0,660.0,0.10666666666666667,1.0,19.12,3245.0,6700.0,4.0,1.0,0.0,3.0,3200.0,30000.0,4.0,186.0,0
36.0,740.0,0.10179640718562874,8.0,13.58,12229.0,159000.0,3.0,2.0,7.0,6.0,17000.0,167000.0,11.0,308.0,1
36.0,675.0,0.09444444444444444,4.0,7.73,49644.0,7800.0,3.0,8.0,1.0,3.0,8500.0,90000.0,9.0,113.0,1
36.0,675.0,0.3157894736842105,6.0,27.69,7732.0,23870.0,3.0,4.0,0.0,9.0,30000.0,95000.0,12.0,94.0,0
36.0,680.0,0.16666666666666666,5.0,18.84,15343.0,13500.0,6.0,3.0,6.0,13.0,20000.0,120000.0,21.0,328.0,0
36.0,720.0,0.3488372093023256,4.0,27.57,3583.0,7300.0,8.0,8.0,0.0,5.0,15000.0,43000.0,17.0,103.0,0
60.0,675.0,0.3870967741935484,7.0,23.62,4891.0,5950.0,2.0,5.0,1.0,9.0,24000.0,62000.0,2.0,142.0,0
36.0,710.0,0.24,7.0,11.23,5215.0,44000.0,2.0,0.0,0.0,4.0,12000.0,50000.0,2.0,104.0,0
60.0,670.0,0.06666666666666667,,14.75,,,,,,,5000.0,75000.0,,,1
36.0,705.0,0.175,4.0,12.38,4797.0,2800.0,10.0,10.0,0.0,4.0,14000.0,80000.0,17.0,63.0,0
36.0,690.0,0.25357142857142856,11.0,33.58,4282.0,14550.0,2.0,15.0,0.0,10.0,17750.0,70000.0,2.0,270.0,0
60.0,670.0,0.16666666666666666,5.0,19.26,13346.0,9000.0,2.0,9.0,1.0,9.0,10000.0,60000.0,9.0,189.0,1
36.0,715.0,0.11162790697674418,10.0,22.77,1871.0,13500.0,5.0,0.0,0.0,7.0,4800.0,43000.0,17.0,255.0,0
36.0,695.0,0.14705882352941177,6.0,20.02,3086.0,11000.0,5.0,4.0,0.0,8.0,10000.0,68000.0,7.0,193.0,0
36.0,720.0,0.09615384615384616,4.0,12.27,1513.0,10500.0,2.0,1.0,0.0,5.0,5000.0,52000.0,2.0,101.0,0
36.0,675.0,0.2631578947368421,5.0,15.67,14546.0,23300.0,2.0,17.0,4.0,10.0,25000.0,95000.0,12.0,164.0,1
36.0,675.0,0.15,2.0,17.72,23543.0,23900.0,4.0,,0.0,4.0,9000.0,60000.0,10.0,139.0,0
36.0,665.0,0.2978723404255319,2.0,14.3,1400.0,13600.0,4.0,10.0,0.0,9.0,14000.0,47000.0,4.0,117.0,0
60.0,705.0,0.225,0.0,24.68,2349.0,11700.0,27.0,,0.0,3.0,18000.0,80000.0,27.0,160.0,0
36.0,665.0,0.24166666666666667,6.0,26.54,1260.0,7100.0,7.0,9.0,0.0,3.0,7250.0,30000.0,9.0,137.0,0
36.0,720.0,0.235,4.0,19.32,2692.0,9500.0,1.0,,0.0,5.0,9400.0,40000.0,1.0,209.0,0
36.0,670.0,0.3125,6.0,18.6,2735.0,11700.0,9.0,9.0,0.0,5.0,15000.0,48000.0,9.0,91.0,0
36.0,715.0,0.03308823529411765,6.0,6.01,19584.0,41500.0,7.0,7.0,1.0,5.0,5625.0,170000.0,7.0,117.0,1
36.0,670.0,0.17142857142857143,2.0,8.59,28229.0,9600.0,14.0,5.0,5.0,4.0,12000.0,70000.0,14.0,325.0,1
36.0,785.0,0.14342105263157895,3.0,22.58,9388.0,24600.0,6.0,0.0,2.0,3.0,5450.0,38000.0,19.0,224.0,1
36.0,750.0,0.3015625,3.0,18.72,30194.0,20000.0,13.0,13.0,2.0,3.0,9650.0,32000.0,13.0,133.0,1
36.0,660.0,0.29508196721311475,5.0,16.6,2147.0,2300.0,7.0,,0.0,7.0,18000.0,61000.0,8.0,272.0,0
36.0,660.0,0.18490696868138218,6.0,19.6,2384.0,3600.0,9.0,9.0,2.0,5.0,4800.0,25959.0,9.0,121.0,0
60.0,680.0,0.26881720430107525,8.0,21.26,4192.0,49400.0,5.0,4.0,0.0,10.0,25000.0,93000.0,5.0,212.0,0
36.0,700.0,0.35714285714285715,1.0,13.37,13782.0,21000.0,8.0,,1.0,3.0,25000.0,70000.0,78.0,145.0,1
36.0,750.0,0.17857142857142858,,14.16,,,,,,,10000.0,56000.0,,,1
60.0,685.0,0.3,3.0,3.43,41075.0,6000.0,3.0,1.0,3.0,1.0,12300.0,41000.0,3.0,175.0,1
36.0,670.0,0.04941176470588235,11.0,15.5,5302.0,10800.0,3.0,2.0,0.0,10.0,4200.0,85000.0,15.0,21.0,0
36.0,690.0,0.25625,3.0,38.07,3515.0,6700.0,5.0,5.0,0.0,7.0,10250.0,40000.0,20.0,121.0,0
36.0,735.0,0.17916666666666667,,20.96,,,,,,,10750.0,60000.0,,,1
36.0,720.0,0.17647058823529413,4.0,26.26,15983.0,55000.0,3.0,14.0,1.0,7.0,15000.0,85000.0,3.0,339.0,1
36.0,680.0,0.25,0.0,9.71,75956.0,34000.0,67.0,5.0,3.0,3.0,22000.0,88000.0,76.0,191.0,1
36.0,690.0,0.14084507042253522,9.0,23.07,4775.0,12800.0,4.0,4.0,3.0,17.0,10000.0,71000.0,21.0,143.0,1
60.0,670.0,0.2151639344262295,5.0,20.0,3430.0,11900.0,2.0,2.0,2.0,3.0,10500.0,48800.0,8.0,164.0,0
36.0,730.0,0.34146341463414637,3.0,30.41,26556.0,18700.0,6.0,,3.0,3.0,28000.0,82000.0,6.0,100.0,1
60.0,685.0,0.20664928292046936,1.0,5.59,75923.0,20000.0,20.0,8.0,4.0,2.0,15850.0,76700.0,20.0,310.0,1
60.0,735.0,0.12962962962962962,,6.78,,,,,,,35000.0,270000.0,,,1
36.0,680.0,0.2,3.0,9.07,12173.0,10800.0,4.0,,0.0,3.0,8000.0,40000.0,20.0,111.0,0
60.0,665.0,0.3191489361702128,11.0,27.94,2848.0,10500.0,3.0,4.0,0.0,4.0,15000.0,47000.0,4.0,175.0,0
36.0,660.0,0.2847200253084467,6.0,17.37,11408.0,17500.0,8.0,5.0,1.0,11.0,18000.0,63220.0,8.0,131.0,1
36.0,660.0,0.15223880597014924,5.0,34.03,6096.0,5600.0,9.0,9.0,2.0,8.0,10200.0,67000.0,51.0,141.0,0
36.0,675.0,0.2983490566037736,7.0,21.09,6702.0,8100.0,1.0,1.0,0.0,7.0,31625.0,106000.0,1.0,190.0,0
36.0,660.0,0.0625,1.0,1.05,31048.0,4000.0,22.0,3.0,3.0,3.0,6000.0,96000.0,28.0,259.0,1
36.0,675.0,0.2702702702702703,3.0,25.33,2706.0,10900.0,3.0,3.0,0.0,4.0,10000.0,37000.0,3.0,49.0,1
36.0,810.0,0.08,4.0,25.26,30980.0,43000.0,3.0,14.0,5.0,4.0,4000.0,50000.0,3.0,402.0,1
36.0,660.0,0.10416666666666667,11.0,13.9,4239.0,1500.0,1.0,2.0,0.0,4.0,5000.0,48000.0,1.0,13.0,0
36.0,710.0,0.12413793103448276,8.0,29.35,3204.0,5500.0,11.0,11.0,0.0,1.0,3600.0,29000.0,21.0,144.0,0
60.0,695.0,0.27,2.0,21.71,2302.0,30600.0,0.0,6.0,0.0,15.0,21600.0,80000.0,0.0,222.0,0
36.0,670.0,0.1111111111111111,4.0,7.31,1639.0,15000.0,1.0,,0.0,6.0,10000.0,90000.0,1.0,125.0,1
60.0,720.0,0.39800995024875624,1.0,33.91,7910.0,5600.0,21.0,10.0,1.0,5.0,16000.0,40200.0,32.0,108.0,1
36.0,670.0,0.14602803738317757,5.0,33.53,33404.0,55300.0,4.0,2.0,3.0,8.0,15625.0,107000.0,27.0,219.0,1
36.0,675.0,0.09488372093023256,8.0,11.04,2678.0,4100.0,1.0,7.0,4.0,4.0,10200.0,107500.0,18.0,162.0,0
36.0,760.0,0.2266949152542373,,20.6,,,,,,,13375.0,59000.0,,,1
36.0,710.0,0.12444444444444444,8.0,21.32,34294.0,52300.0,1.0,2.0,1.0,9.0,28000.0,225000.0,2.0,305.0,1
36.0,710.0,0.25,3.0,3.57,777.0,14200.0,8.0,20.0,0.0,3.0,10000.0,40000.0,8.0,38.0,0
60.0,685.0,0.12,4.0,25.58,17831.0,46800.0,18.0,23.0,4.0,10.0,12000.0,100000.0,37.0,160.0,1
36.0,680.0,0.39176470588235296,7.0,34.28,6263.0,21200.0,7.0,9.0,0.0,6.0,33300.0,85000.0,9.0,110.0,0
36.0,665.0,0.025714285714285714,,16.15,,,,,,,1800.0,70000.0,,,1
36.0,700.0,0.17283783783783785,11.0,13.4,26776.0,25100.0,5.0,5.0,1.0,5.0,31975.0,185000.0,5.0,196.0,1
60.0,690.0,0.15625,8.0,9.05,3443.0,20500.0,10.0,3.0,2.0,5.0,25000.0,160000.0,15.0,96.0,1
60.0,675.0,0.2898550724637681,,14.33,,,,,,,20000.0,69000.0,,,0
36.0,700.0,0.03125,13.0,15.81,19801.0,58300.0,5.0,3.0,3.0,7.0,5000.0,160000.0,12.0,212.0,1
36.0,660.0,0.15,,8.49,,,,,,,6000.0,40000.0,,,1
60.0,670.0,0.41971153846153847,15.0,26.13,1951.0,17100.0,3.0,10.0,1.0,13.0,21825.0,52000.0,7.0,182.0,0
36.0,685.0,0.08333333333333333,2.0,2.41,973.0,9200.0,3.0,3.0,0.0,3.0,8000.0,96000.0,58.0,99.0,0
60.0,755.0,0.12,4.0,3.56,3564.0,27500.0,10.0,0.0,0.0,2.0,12000.0,100000.0,41.0,170.0,0
36.0,675.0,0.044904612544322646,6.0,1.12,152.0,8800.0,2.0,2.0,0.0,3.0,3125.0,69591.96,2.0,103.0,0
60.0,705.0,0.2631578947368421,11.0,15.69,15313.0,17900.0,3.0,3.0,1.0,3.0,15000.0,57000.0,12.0,235.0,1
36.0,700.0,0.26666666666666666,,22.67,,,,,,,12000.0,45000.0,,,0
36.0,675.0,0.21739130434782608,4.0,16.41,11824.0,35900.0,4.0,16.0,2.0,5.0,20000.0,92000.0,14.0,153.0,1
60.0,670.0,0.375,4.0,15.42,22039.0,28400.0,7.0,3.0,2.0,3.0,15000.0,40000.0,7.0,576.0,0
36.0,690.0,0.13333333333333333,2.0,3.92,46757.0,3900.0,4.0,0.0,6.0,5.0,18000.0,135000.0,4.0,153.0,1
36.0,675.0,0.1890909090909091,1.0,17.21,11443.0,11100.0,15.0,15.0,1.0,5.0,10400.0,55000.0,76.0,137.0,0
60.0,670.0,0.28846153846153844,3.0,15.3,1510.0,6100.0,1.0,1.0,0.0,9.0,15000.0,52000.0,1.0,180.0,0
36.0,720.0,0.109375,3.0,20.97,20290.0,15000.0,11.0,12.0,1.0,2.0,3500.0,32000.0,11.0,176.0,1
36.0,695.0,0.05,3.0,18.48,1753.0,9700.0,7.0,17.0,0.0,8.0,3000.0,60000.0,7.0,174.0,1
36.0,670.0,0.15384615384615385,15.0,25.39,5273.0,6900.0,7.0,3.0,1.0,3.0,10000.0,65000.0,7.0,191.0,1
36.0,760.0,0.136,4.0,11.64,68955.0,26000.0,14.0,8.0,6.0,1.0,34000.0,250000.0,102.0,249.0,1
36.0,680.0,0.23897309845691656,6.0,25.7,12565.0,0.0,7.0,6.0,2.0,5.0,21000.0,87876.0,,317.0,1
36.0,660.0,0.27403846153846156,2.0,11.03,1130.0,8400.0,12.0,6.0,0.0,5.0,7125.0,26000.0,12.0,77.0,0
36.0,665.0,0.08935643564356435,6.0,19.72,5134.0,7700.0,1.0,17.0,0.0,7.0,9025.0,101000.0,1.0,50.0,0
36.0,695.0,0.04285714285714286,0.0,33.53,37973.0,44100.0,34.0,,3.0,8.0,3000.0,70000.0,52.0,182.0,1
36.0,685.0,0.25,6.0,16.62,10249.0,32000.0,2.0,,3.0,8.0,15000.0,60000.0,2.0,115.0,1
60.0,665.0,0.2,15.0,30.84,3406.0,4000.0,4.0,4.0,1.0,12.0,10000.0,50000.0,21.0,234.0,0
36.0,660.0,0.3155339805825243,12.0,22.38,2802.0,8700.0,3.0,3.0,3.0,13.0,32500.0,103000.0,42.0,196.0,1
36.0,760.0,0.5,1.0,27.28,10789.0,35800.0,22.0,23.0,2.0,3.0,26000.0,52000.0,119.0,196.0,1
36.0,665.0,0.2,8.0,10.49,5135.0,9500.0,2.0,2.0,0.0,3.0,24000.0,120000.0,2.0,101.0,0
36.0,660.0,0.08629441624365482,4.0,17.03,14736.0,8800.0,13.0,13.0,4.0,6.0,8500.0,98500.0,121.0,179.0,1
36.0,670.0,0.0375,2.0,23.87,9045.0,41400.0,9.0,6.0,4.0,7.0,1500.0,40000.0,29.0,217.0,0
60.0,745.0,0.09481481481481481,18.0,14.16,2691.0,86700.0,1.0,8.0,1.0,7.0,12800.0,135000.0,1.0,108.0,1
36.0,710.0,0.32727272727272727,5.0,35.3,11196.0,14600.0,6.0,11.0,6.0,6.0,18000.0,55000.0,6.0,152.0,0
36.0,715.0,0.225,3.0,20.34,1648.0,16800.0,11.0,11.0,0.0,7.0,9000.0,40000.0,11.0,165.0,0
36.0,675.0,0.2328,3.0,9.35,3352.0,24100.0,6.0,0.0,2.0,7.0,29100.0,125000.0,7.0,284.0,1
36.0,665.0,0.27,4.0,17.94,4275.0,2500.0,2.0,2.0,0.0,4.0,10800.0,40000.0,16.0,120.0,0
60.0,675.0,0.15,8.0,19.96,9012.0,7400.0,5.0,16.0,0.0,7.0,15600.0,104000.0,5.0,223.0,1
36.0,810.0,0.4,4.0,11.84,181.0,89800.0,1.0,3.0,1.0,11.0,10000.0,25000.0,1.0,477.0,0
36.0,680.0,0.09090909090909091,2.0,7.02,6707.0,15400.0,1.0,1.0,0.0,3.0,10000.0,110000.0,3.0,48.0,0
36.0,730.0,0.3076923076923077,1.0,12.13,10444.0,36900.0,17.0,,2.0,9.0,24000.0,78000.0,17.0,309.0,1
60.0,730.0,0.1575,9.0,8.82,842.0,4200.0,3.0,0.0,4.0,4.0,9450.0,60000.0,3.0,300.0,0
60.0,700.0,0.16546762589928057,7.0,29.03,5601.0,15500.0,2.0,2.0,0.0,4.0,11500.0,69500.0,2.0,123.0,0
36.0,695.0,0.2631578947368421,1.0,18.3,3295.0,11800.0,24.0,,0.0,7.0,10000.0,38000.0,47.0,102.0,0
60.0,680.0,0.38911290322580644,11.0,13.61,1891.0,15700.0,2.0,9.0,0.0,13.0,24125.0,62000.0,11.0,188.0,0
36.0,685.0,0.16393442622950818,14.0,19.73,3790.0,22500.0,2.0,6.0,0.0,9.0,10000.0,61000.0,2.0,142.0,0
36.0,685.0,0.15,7.0,16.35,10471.0,59600.0,1.0,0.0,1.0,13.0,6000.0,40000.0,1.0,281.0,1
36.0,710.0,0.2564102564102564,4.0,5.56,1226.0,6300.0,4.0,6.0,0.0,1.0,7200.0,28080.0,4.0,58.0,0
36.0,685.0,0.18181818181818182,6.0,17.69,8820.0,600.0,6.0,1.0,2.0,4.0,10000.0,55000.0,7.0,134.0,1
36.0,770.0,0.22857142857142856,3.0,1.8,44794.0,33000.0,12.0,15.0,6.0,2.0,16000.0,70000.0,12.0,133.0,1
36.0,805.0,0.14792899408284024,3.0,28.01,5223.0,27500.0,0.0,0.0,3.0,3.0,4000.0,27040.0,62.0,230.0,0
36.0,685.0,0.35904282777153407,4.0,25.2,6865.0,6100.0,8.0,20.0,0.0,5.0,19475.0,54241.44,16.0,103.0,0
36.0,670.0,0.21141304347826087,17.0,15.76,588.0,22100.0,2.0,2.0,2.0,16.0,9725.0,46000.0,2.0,74.0,1
36.0,680.0,0.3125,9.0,21.91,8444.0,31900.0,9.0,1.0,3.0,12.0,20000.0,64000.0,19.0,105.0,1
36.0,680.0,0.17732558139534885,4.0,14.9,1832.0,25600.0,4.0,0.0,0.0,7.0,7625.0,43000.0,4.0,158.0,0
36.0,710.0,0.16007968410942336,4.0,9.12,2535.0,26600.0,14.0,16.0,0.0,6.0,18000.0,112444.0,56.0,161.0,0
36.0,690.0,0.14814814814814814,5.0,17.69,2532.0,6000.0,9.0,10.0,0.0,3.0,8000.0,54000.0,11.0,125.0,0
36.0,755.0,0.25,0.0,8.12,42831.0,4400.0,26.0,,1.0,2.0,30000.0,120000.0,90.0,90.0,1
60.0,690.0,0.4995833333333333,9.0,24.88,6716.0,21900.0,10.0,6.0,3.0,9.0,29975.0,60000.0,10.0,184.0,1
36.0,680.0,0.12110754674184246,7.0,30.0,4356.0,4100.0,4.0,7.0,3.0,8.0,7475.0,61722.0,8.0,166.0,0
60.0,665.0,0.27666666666666667,8.0,21.57,6054.0,17000.0,1.0,19.0,0.0,8.0,33200.0,120000.0,1.0,116.0,0
36.0,680.0,0.07291666666666667,8.0,19.18,1719.0,8100.0,0.0,0.0,0.0,14.0,3500.0,48000.0,4.0,152.0,0
60.0,720.0,0.3368421052631579,3.0,20.5,20578.0,57000.0,15.0,4.0,6.0,4.0,32000.0,95000.0,64.0,307.0,0
36.0,695.0,0.075,5.0,23.12,12759.0,9800.0,7.0,0.0,1.0,5.0,4500.0,60000.0,24.0,133.0,1
36.0,735.0,0.16666666666666666,2.0,21.46,19643.0,1800.0,16.0,6.0,5.0,2.0,16000.0,96000.0,53.0,382.0,1
36.0,770.0,0.09176470588235294,,0.78,,,,,,,7800.0,85000.0,,,0
36.0,755.0,0.24545454545454545,4.0,19.98,5619.0,22000.0,5.0,5.0,0.0,4.0,27000.0,110000.0,59.0,154.0,1
36.0,665.0,0.08181818181818182,12.0,7.31,6298.0,8400.0,5.0,11.0,1.0,12.0,18000.0,220000.0,7.0,64.0,1
36.0,685.0,0.1431578947368421,5.0,13.15,11884.0,24700.0,2.0,2.0,2.0,5.0,13600.0,95000.0,6.0,130.0,1
36.0,665.0,0.43478260869565216,4.0,19.78,1255.0,19800.0,7.0,7.0,0.0,4.0,10000.0,23000.0,282.0,282.0,0
36.0,685.0,0.29411764705882354,2.0,9.09,4828.0,14000.0,2.0,4.0,1.0,2.0,25000.0,85000.0,16.0,168.0,0
60.0,675.0,0.37916666666666665,7.0,25.14,4572.0,1500.0,3.0,8.0,0.0,4.0,22750.0,60000.0,29.0,111.0,0
36.0,675.0,0.12770304784607525,1.0,16.04,6528.0,750.0,10.0,2.0,0.0,1.0,4500.0,35238.0,42.0,153.0,0
36.0,705.0,0.16243654822335024,7.0,26.77,6396.0,19500.0,1.0,3.0,1.0,10.0,16000.0,98500.0,6.0,180.0,0
60.0,660.0,0.2,6.0,19.22,4468.0,21400.0,6.0,2.0,2.0,9.0,24000.0,120000.0,21.0,141.0,0
36.0,710.0,0.12332418347455941,6.0,8.36,13710.0,26100.0,6.0,7.0,3.0,6.0,15500.0,125685.0,9.0,220.0,1
36.0,670.0,0.2037735849056604,5.0,17.64,8250.0,12600.0,2.0,5.0,1.0,10.0,10800.0,53000.0,9.0,217.0,1
36.0,745.0,0.22857142857142856,2.0,22.11,60110.0,59300.0,15.0,15.0,4.0,5.0,24000.0,105000.0,78.0,376.0,1
36.0,710.0,0.18181818181818182,1.0,19.05,5131.0,4800.0,8.0,,0.0,2.0,6000.0,33000.0,118.0,242.0,0
36.0,680.0,0.21206939971105546,4.0,23.24,5478.0,10700.0,2.0,2.0,6.0,5.0,16000.0,75447.0,2.0,310.0,0
60.0,715.0,0.42168674698795183,7.0,10.65,29535.0,29000.0,8.0,1.0,1.0,3.0,35000.0,83000.0,14.0,239.0,1
36.0,660.0,0.0375,3.0,17.73,21658.0,9500.0,12.0,1.0,1.0,1.0,1500.0,40000.0,53.0,269.0,1
60.0,680.0,0.35,7.0,21.77,20074.0,22800.0,3.0,3.0,2.0,5.0,28000.0,80000.0,11.0,116.0,1
60.0,675.0,0.2542372881355932,3.0,21.0,18016.0,34200.0,21.0,8.0,4.0,10.0,15000.0,59000.0,21.0,373.0,1
36.0,690.0,0.1216,,0.0,,,,,,,15200.0,125000.0,,,1
60.0,665.0,0.38,12.0,25.36,5400.0,13800.0,1.0,9.0,3.0,14.0,28500.0,75000.0,4.0,170.0,0
36.0,685.0,0.3157894736842105,1.0,15.95,1297.0,10200.0,13.0,,0.0,5.0,12000.0,38000.0,27.0,73.0,1
36.0,660.0,0.13891509433962265,11.0,22.16,15384.0,800.0,8.0,12.0,2.0,7.0,14725.0,106000.0,24.0,140.0,1
36.0,705.0,0.20689655172413793,7.0,21.33,19794.0,33600.0,6.0,7.0,4.0,5.0,30000.0,145000.0,20.0,503.0,1
60.0,700.0,0.34719202504674523,9.0,22.96,26695.0,8000.0,2.0,9.0,1.0,3.0,25550.0,73590.4,26.0,157.0,1
36.0,710.0,0.17391304347826086,3.0,19.78,2308.0,9900.0,5.0,5.0,0.0,4.0,8000.0,46000.0,34.0,82.0,0
36.0,760.0,0.04666666666666667,2.0,9.92,203200.0,21000.0,14.0,4.0,3.0,2.0,21000.0,450000.0,200.0,405.0,0
60.0,665.0,0.36,5.0,22.67,6948.0,16300.0,8.0,9.0,0.0,5.0,18000.0,50000.0,16.0,92.0,0
36.0,695.0,0.08333333333333333,1.0,14.68,6472.0,50800.0,8.0,1.0,2.0,5.0,8000.0,96000.0,8.0,374.0,1
36.0,705.0,0.31333333333333335,2.0,33.4,3246.0,14400.0,5.0,5.0,0.0,6.0,9400.0,30000.0,5.0,61.0,0
60.0,665.0,0.44701954991078796,4.0,21.6,12359.0,15900.0,8.0,8.0,4.0,12.0,23300.0,52123.0,30.0,101.0,1
36.0,665.0,0.10266666666666667,,11.01,,,,,,,7700.0,75000.0,,,1
36.0,790.0,0.27152305036752583,2.0,31.35,16829.0,49000.0,12.0,12.0,1.0,4.0,14000.0,51561.0,12.0,321.0,1
36.0,760.0,0.11333333333333333,3.0,13.59,15238.0,41000.0,7.0,7.0,4.0,4.0,13600.0,120000.0,7.0,139.0,1
60.0,680.0,0.2713178294573643,8.0,32.71,7126.0,28700.0,2.0,5.0,1.0,8.0,35000.0,129000.0,37.0,192.0,1
36.0,665.0,0.15263157894736842,9.0,20.72,22619.0,7600.0,6.0,1.0,3.0,10.0,11600.0,76000.0,21.0,236.0,1
36.0,745.0,0.1,,7.2,,,,,,,5000.0,50000.0,,,0
36.0,670.0,0.21505376344086022,0.0,8.92,4960.0,30900.0,47.0,,0.0,6.0,20000.0,93000.0,47.0,102.0,0
36.0,740.0,0.10378827192527244,3.0,16.08,6227.0,19600.0,7.0,0.0,0.0,3.0,10000.0,96350.0,23.0,50.0,0
36.0,680.0,0.2121875,6.0,26.54,7246.0,15690.0,7.0,8.0,0.0,3.0,16975.0,80000.0,9.0,119.0,0
60.0,685.0,0.34463502858762146,5.0,26.44,15820.0,45900.0,6.0,0.0,3.0,14.0,20675.0,59991.0,7.0,167.0,1
36.0,725.0,0.05555555555555555,4.0,16.89,31495.0,38100.0,3.0,1.0,4.0,5.0,10000.0,180000.0,31.0,281.0,1
36.0,665.0,0.4,3.0,19.04,1456.0,4500.0,4.0,14.0,0.0,3.0,6000.0,15000.0,4.0,243.0,0
36.0,705.0,0.05714285714285714,9.0,9.81,31724.0,6000.0,2.0,2.0,5.0,2.0,4000.0,70000.0,7.0,213.0,1
36.0,700.0,0.06666666666666667,5.0,17.86,847.0,1000.0,6.0,7.0,5.0,0.0,8000.0,120000.0,75.0,368.0,1
36.0,670.0,0.12,5.0,11.26,30839.0,2400.0,4.0,4.0,0.0,4.0,6000.0,50000.0,21.0,101.0,0
36.0,680.0,0.27740384615384617,8.0,20.15,2766.0,13200.0,2.0,1.0,0.0,3.0,14425.0,52000.0,4.0,173.0,0
36.0,695.0,0.32634032634032634,7.0,28.64,10723.0,11500.0,4.0,1.0,1.0,7.0,14000.0,42900.0,10.0,116.0,1
36.0,780.0,0.288,5.0,10.69,2491.0,124200.0,1.0,7.0,0.0,4.0,36000.0,125000.0,4.0,392.0,0
36.0,730.0,0.2673333333333333,1.0,18.22,43586.0,45400.0,24.0,,7.0,5.0,20050.0,75000.0,25.0,380.0,1
36.0,670.0,0.14166666666666666,4.0,27.55,11994.0,3900.0,6.0,6.0,0.0,3.0,3400.0,24000.0,40.0,77.0,0
60.0,685.0,0.425,2.0,7.12,1558.0,14500.0,4.0,13.0,0.0,5.0,19125.0,45000.0,4.0,241.0,0
36.0,665.0,0.21929824561403508,2.0,12.74,2666.0,3500.0,2.0,1.0,0.0,3.0,5000.0,22800.0,23.0,36.0,0
60.0,725.0,0.25,3.0,34.82,20797.0,30600.0,14.0,14.0,3.0,7.0,15000.0,60000.0,25.0,258.0,0
36.0,670.0,0.014895729890764648,10.0,16.62,1726.0,18100.0,5.0,6.0,0.0,14.0,1500.0,100700.0,6.0,354.0,0
36.0,715.0,0.33157894736842103,4.0,15.62,2391.0,13200.0,19.0,19.0,0.0,4.0,9450.0,28500.0,24.0,228.0,0
36.0,690.0,0.08888888888888889,1.0,34.45,5731.0,19700.0,16.0,0.0,0.0,4.0,4000.0,45000.0,140.0,476.0,0
36.0,705.0,0.16666666666666666,6.0,39.44,12534.0,28300.0,9.0,3.0,4.0,7.0,10000.0,60000.0,23.0,437.0,1
36.0,675.0,0.2761029411764706,10.0,37.4,4453.0,48500.0,1.0,2.0,5.0,7.0,18775.0,68000.0,2.0,178.0,0
36.0,665.0,0.3557692307692308,4.0,27.93,2981.0,27300.0,2.0,0.0,2.0,4.0,9250.0,26000.0,7.0,121.0,1
60.0,690.0,0.21768707482993196,7.0,17.29,24577.0,40900.0,8.0,,4.0,9.0,32000.0,147000.0,15.0,183.0,1
60.0,670.0,0.32995532912467235,6.0,7.69,13034.0,8700.0,7.0,4.0,2.0,10.0,14300.0,43339.2,11.0,115.0,0
36.0,670.0,0.2857142857142857,4.0,0.31,100.0,12100.0,0.0,15.0,0.0,1.0,20000.0,70000.0,0.0,110.0,0
36.0,680.0,0.10357142857142858,9.0,16.37,13168.0,4100.0,0.0,0.0,1.0,8.0,7250.0,70000.0,3.0,137.0,1
60.0,685.0,0.2792307692307692,3.0,21.49,19516.0,48600.0,7.0,18.0,2.0,4.0,18150.0,65000.0,24.0,213.0,1
36.0,755.0,0.19444444444444445,4.0,29.03,972.0,47700.0,3.0,3.0,0.0,3.0,7000.0,36000.0,6.0,183.0,0
36.0,670.0,0.44903846153846155,9.0,25.57,2283.0,13550.0,3.0,0.0,5.0,10.0,23350.0,52000.0,3.0,241.0,1
36.0,720.0,0.09294871794871795,10.0,16.62,8760.0,21300.0,5.0,21.0,1.0,5.0,2900.0,31200.0,14.0,176.0,1
60.0,760.0,0.2857142857142857,1.0,13.75,10479.0,10000.0,11.0,7.0,2.0,2.0,10000.0,35000.0,45.0,77.0,1
36.0,695.0,0.3333333333333333,3.0,13.05,4203.0,11400.0,4.0,14.0,0.0,4.0,8000.0,24000.0,13.0,84.0,0
36.0,685.0,0.2222222222222222,1.0,11.75,7795.0,48400.0,7.0,17.0,0.0,5.0,30000.0,135000.0,7.0,214.0,0
36.0,660.0,0.046120689655172416,7.0,9.76,2468.0,5950.0,2.0,9.0,0.0,10.0,5350.0,116000.0,3.0,216.0,0
36.0,690.0,0.21291696238466998,4.0,12.09,25217.0,3000.0,14.0,14.0,10.0,5.0,24000.0,112720.0,29.0,168.0,1
36.0,740.0,0.25,4.0,27.42,7521.0,54200.0,13.0,13.0,1.0,13.0,10000.0,40000.0,13.0,84.0,1
36.0,725.0,0.11627906976744186,8.0,25.33,36592.0,10500.0,1.0,2.0,3.0,1.0,10000.0,86000.0,94.0,100.0,1
36.0,700.0,0.44027777777777777,4.0,13.47,8233.0,21000.0,5.0,,3.0,5.0,15850.0,36000.0,5.0,115.0,1
36.0,720.0,0.225,0.0,13.05,13645.0,13100.0,27.0,5.0,1.0,3.0,12375.0,55000.0,38.0,64.0,1
36.0,755.0,0.30985915492957744,4.0,10.99,11324.0,48100.0,7.0,7.0,1.0,5.0,22000.0,71000.0,7.0,210.0,1
36.0,695.0,0.3,8.0,30.71,8006.0,25800.0,8.0,1.0,4.0,4.0,24000.0,80000.0,38.0,137.0,0
36.0,715.0,0.041025641025641026,2.0,10.57,34013.0,8000.0,6.0,12.0,4.0,7.0,3200.0,78000.0,6.0,295.0,0
60.0,670.0,0.39903846153846156,3.0,9.51,952.0,8800.0,14.0,3.0,0.0,3.0,10375.0,26000.0,22.0,27.0,0
36.0,765.0,0.13333333333333333,2.0,12.31,1826.0,110300.0,13.0,1.0,0.0,10.0,12000.0,90000.0,14.0,297.0,0
36.0,740.0,0.22058823529411764,9.0,24.92,8048.0,31200.0,5.0,5.0,2.0,9.0,15000.0,68000.0,5.0,237.0,1
60.0,675.0,0.10734375,2.0,1.37,22355.0,9800.0,21.0,1.0,3.0,3.0,17175.0,160000.0,21.0,157.0,1
60.0,660.0,0.49955595026642985,2.0,16.4,2858.0,16600.0,5.0,0.0,0.0,5.0,10125.0,20268.0,5.0,360.0,0
36.0,685.0,0.1875,5.0,9.43,1094.0,10500.0,2.0,10.0,0.0,4.0,9000.0,48000.0,16.0,230.0,0
36.0,755.0,0.09803921568627451,1.0,19.15,2378.0,3500.0,8.0,2.0,0.0,1.0,7000.0,71400.0,94.0,140.0,0
36.0,675.0,0.10606060606060606,5.0,11.68,9144.0,7800.0,12.0,0.0,5.0,6.0,7000.0,66000.0,20.0,185.0,1
60.0,720.0,0.32051282051282054,4.0,22.09,13586.0,14500.0,10.0,10.0,1.0,4.0,25000.0,78000.0,21.0,306.0,0
36.0,670.0,0.2127659574468085,4.0,26.58,3767.0,7200.0,5.0,1.0,1.0,6.0,10000.0,47000.0,79.0,239.0,0
36.0,695.0,0.03816793893129771,4.0,29.13,2111.0,1500.0,14.0,16.0,0.0,3.0,1000.0,26200.0,32.0,111.0,0
36.0,705.0,0.13357142857142856,6.0,8.13,10152.0,2000.0,8.0,4.0,5.0,3.0,4675.0,35000.0,20.0,162.0,1
36.0,720.0,0.3888888888888889,2.0,20.83,24396.0,21200.0,6.0,7.0,3.0,4.0,35000.0,90000.0,80.0,241.0,1
36.0,725.0,0.04807692307692308,5.0,3.98,64610.0,20400.0,3.0,6.0,1.0,1.0,10000.0,208000.0,27.0,335.0,1
36.0,660.0,0.11627906976744186,3.0,6.95,3220.0,12800.0,5.0,0.0,0.0,4.0,5000.0,43000.0,5.0,183.0,0
36.0,785.0,0.09090909090909091,,10.04,,,,,,,9000.0,99000.0,,,1
36.0,675.0,0.28705882352941176,11.0,20.95,6893.0,11000.0,1.0,8.0,1.0,14.0,24400.0,85000.0,1.0,181.0,1
36.0,675.0,0.22727272727272727,3.0,10.61,3769.0,3000.0,8.0,2.0,7.0,6.0,25000.0,110000.0,50.0,164.0,1
36.0,800.0,0.4166666666666667,3.0,22.04,2450.0,51900.0,14.0,1.0,1.0,4.0,25000.0,60000.0,27.0,258.0,0
60.0,725.0,0.3333333333333333,6.0,23.22,13196.0,15500.0,3.0,13.0,1.0,3.0,20000.0,60000.0,7.0,143.0,1
36.0,705.0,0.20512820512820512,1.0,19.94,5352.0,27300.0,6.0,,0.0,6.0,16000.0,78000.0,68.0,327.0,0
36.0,690.0,0.32222222222222224,1.0,33.52,15957.0,12400.0,4.0,4.0,2.0,6.0,14500.0,45000.0,4.0,117.0,0
36.0,665.0,0.03125,4.0,14.06,45030.0,18700.0,3.0,3.0,2.0,3.0,10000.0,320000.0,3.0,275.0,1
36.0,720.0,0.15,2.0,16.38,3153.0,15700.0,8.0,9.0,0.0,3.0,6000.0,40000.0,35.0,70.0,0
36.0,665.0,0.17636363636363636,5.0,11.9,2895.0,35100.0,5.0,9.0,0.0,8.0,9700.0,55000.0,9.0,93.0,0
60.0,665.0,0.35875,8.0,32.31,1153.0,19600.0,0.0,0.0,2.0,13.0,14350.0,40000.0,0.0,163.0,0
36.0,755.0,0.16,2.0,10.03,3613.0,35400.0,12.0,,0.0,4.0,25600.0,160000.0,19.0,224.0,0
36.0,675.0,0.08275862068965517,6.0,22.68,19327.0,4750.0,4.0,6.0,1.0,5.0,12000.0,145000.0,14.0,193.0,1
36.0,700.0,0.18333333333333332,4.0,18.41,7673.0,10500.0,10.0,3.0,0.0,5.0,22000.0,120000.0,13.0,177.0,1
36.0,695.0,0.11494252873563218,8.0,21.17,2043.0,9800.0,5.0,1.0,0.0,10.0,10000.0,87000.0,31.0,196.0,1
36.0,755.0,0.23809523809523808,6.0,24.71,9925.0,48300.0,5.0,5.0,4.0,3.0,10000.0,42000.0,45.0,168.0,1
36.0,675.0,0.08333333333333333,8.0,35.3,3252.0,21200.0,2.0,0.0,1.0,12.0,6000.0,72000.0,10.0,157.0,1
36.0,685.0,0.2765957446808511,10.0,28.86,1596.0,7300.0,4.0,4.0,0.0,4.0,6500.0,23500.0,10.0,247.0,0
36.0,680.0,0.0975609756097561,6.0,24.72,1797.0,9700.0,3.0,3.0,0.0,17.0,2800.0,28700.0,3.0,152.0,0
60.0,685.0,0.4117647058823529,5.0,34.1,26672.0,21200.0,9.0,1.0,2.0,5.0,35000.0,85000.0,15.0,103.0,1
36.0,660.0,0.3403361344537815,7.0,11.91,29355.0,10000.0,6.0,3.0,1.0,5.0,20250.0,59500.0,9.0,100.0,1
36.0,680.0,0.17647058823529413,10.0,5.17,768.0,17400.0,3.0,3.0,6.0,8.0,15000.0,85000.0,3.0,152.0,0
36.0,685.0,0.2033898305084746,3.0,6.18,1305.0,6600.0,6.0,13.0,0.0,4.0,6000.0,29500.0,6.0,40.0,0
36.0,670.0,0.15,4.0,21.53,12508.0,9600.0,2.0,1.0,4.0,4.0,12000.0,80000.0,2.0,158.0,1
36.0,720.0,0.14285714285714285,5.0,15.4,2604.0,10100.0,9.0,5.0,0.0,5.0,10000.0,70000.0,18.0,205.0,1
60.0,660.0,0.18823529411764706,7.0,12.01,49532.0,8100.0,1.0,1.0,4.0,3.0,32000.0,170000.0,2.0,236.0,1
36.0,715.0,0.14285714285714285,1.0,36.76,2568.0,4500.0,11.0,,0.0,7.0,5000.0,35000.0,11.0,203.0,0
60.0,730.0,0.5130208333333334,,25.25,,,,,,,24625.0,48000.0,,,1
36.0,665.0,0.3598837209302326,11.0,15.66,592.0,18000.0,1.0,15.0,0.0,17.0,15475.0,43000.0,11.0,116.0,0
36.0,670.0,0.2222222222222222,6.0,31.04,,4700.0,,1.0,0.0,,10000.0,45000.0,63.0,,0
36.0,695.0,0.3244444444444444,3.0,16.11,,2100.0,,1.0,0.0,,14600.0,45000.0,13.0,,0
60.0,670.0,0.16666666666666666,4.0,28.92,8225.0,5500.0,6.0,1.0,0.0,2.0,10000.0,60000.0,15.0,91.0,0
60.0,685.0,0.25862068965517243,6.0,21.08,11467.0,2000.0,4.0,13.0,4.0,6.0,15000.0,58000.0,17.0,94.0,1
60.0,770.0,0.21666666666666667,4.0,26.58,14611.0,40900.0,3.0,6.0,1.0,4.0,13000.0,60000.0,3.0,185.0,1
60.0,675.0,0.4166666666666667,13.0,30.2,2683.0,13400.0,2.0,4.0,0.0,9.0,30000.0,72000.0,8.0,157.0,0
36.0,680.0,0.2818181818181818,9.0,20.29,5905.0,12300.0,4.0,4.0,0.0,5.0,15500.0,55000.0,18.0,76.0,0
36.0,710.0,0.14814814814814814,2.0,2.58,915.0,22100.0,12.0,15.0,1.0,5.0,16000.0,108000.0,29.0,142.0,1
36.0,670.0,0.23636363636363636,8.0,28.91,9229.0,6500.0,2.0,7.0,0.0,6.0,13000.0,55000.0,6.0,62.0,0
36.0,690.0,0.14285714285714285,6.0,6.51,1446.0,11800.0,1.0,1.0,0.0,6.0,10000.0,70000.0,1.0,37.0,0
60.0,690.0,0.2625,3.0,10.17,35956.0,2000.0,9.0,0.0,1.0,2.0,10500.0,40000.0,24.0,437.0,1
36.0,680.0,0.18181818181818182,5.0,13.88,12100.0,12300.0,8.0,8.0,2.0,7.0,10000.0,55000.0,11.0,96.0,1
36.0,670.0,0.14666666666666667,2.0,9.12,1425.0,4100.0,19.0,,0.0,4.0,4400.0,30000.0,19.0,62.0,0
36.0,685.0,0.22988505747126436,6.0,11.21,17299.0,10900.0,5.0,6.0,4.0,6.0,14000.0,60900.0,15.0,165.0,1
36.0,755.0,0.08,1.0,8.9,2424.0,18300.0,7.0,11.0,0.0,2.0,4800.0,60000.0,52.0,116.0,0
36.0,675.0,0.3333333333333333,3.0,10.11,17818.0,9600.0,1.0,1.0,2.0,9.0,25000.0,75000.0,83.0,354.0,1
36.0,675.0,0.15431569562086347,12.0,19.3,4278.0,20100.0,1.0,6.0,0.0,7.0,9000.0,58322.0,1.0,39.0,0
36.0,675.0,0.06561679790026247,1.0,9.17,9964.0,5000.0,4.0,6.0,0.0,3.0,3200.0,48768.0,4.0,80.0,0
36.0,705.0,0.16304347826086957,4.0,18.17,3951.0,19400.0,3.0,15.0,0.0,5.0,12375.0,75900.0,15.0,103.0,0
36.0,710.0,0.3333333333333333,3.0,21.32,28997.0,28500.0,6.0,11.0,3.0,4.0,30000.0,90000.0,74.0,120.0,1
36.0,770.0,0.12,5.0,19.0,3174.0,13400.0,13.0,13.0,0.0,4.0,6000.0,50000.0,14.0,97.0,0
60.0,690.0,0.22857142857142856,9.0,33.94,29534.0,11300.0,4.0,1.0,6.0,7.0,16000.0,70000.0,21.0,154.0,1
36.0,680.0,0.125,4.0,12.9,5987.0,1400.0,0.0,6.0,1.0,4.0,5000.0,40000.0,6.0,340.0,0
36.0,665.0,0.3020833333333333,,21.88,,,,,,,14500.0,48000.0,,,0
60.0,685.0,0.17779255319148937,3.0,10.53,21669.0,22600.0,3.0,2.0,3.0,10.0,33425.0,188000.0,5.0,422.0,1
36.0,665.0,0.07384615384615385,4.0,10.29,2452.0,31100.0,9.0,10.0,2.0,2.0,9600.0,130000.0,10.0,179.0,1
60.0,690.0,0.4222222222222222,4.0,34.78,3913.0,26000.0,4.0,0.0,0.0,3.0,19000.0,45000.0,36.0,172.0,0
36.0,680.0,0.1,1.0,9.12,847.0,3000.0,22.0,,5.0,4.0,1500.0,15000.0,37.0,172.0,0
36.0,665.0,0.3601190476190476,0.0,25.8,6730.0,17500.0,31.0,11.0,0.0,4.0,15125.0,42000.0,33.0,123.0,0
60.0,755.0,0.2222222222222222,4.0,25.49,20747.0,5800.0,1.0,1.0,3.0,4.0,10000.0,45000.0,1.0,271.0,1
36.0,670.0,0.17641129032258066,0.0,13.89,847.0,26600.0,26.0,8.0,0.0,4.0,4375.0,24800.0,30.0,334.0,0
36.0,695.0,0.12434210526315789,6.0,13.71,15513.0,11300.0,2.0,0.0,3.0,4.0,9450.0,76000.0,2.0,197.0,1
36.0,685.0,0.13637913399249915,8.0,14.55,1328.0,24900.0,0.0,0.0,3.0,10.0,10000.0,73325.0,0.0,284.0,0
60.0,705.0,0.35129310344827586,5.0,19.72,13855.0,17000.0,5.0,11.0,2.0,12.0,20375.0,58000.0,5.0,467.0,1
36.0,755.0,0.1,4.0,9.63,36359.0,78000.0,4.0,4.0,4.0,5.0,21000.0,210000.0,5.0,173.0,0
36.0,705.0,0.20253164556962025,5.0,21.01,3690.0,18800.0,7.0,7.0,0.0,6.0,16000.0,79000.0,9.0,70.0,0
36.0,775.0,0.043076923076923075,3.0,9.9,36218.0,32892.0,16.0,2.0,1.0,3.0,5600.0,130000.0,58.0,133.0,1
60.0,705.0,0.07835820895522388,6.0,11.52,84319.0,19500.0,3.0,0.0,9.0,2.0,21000.0,268000.0,22.0,140.0,1
36.0,685.0,0.2222222222222222,1.0,22.03,7283.0,17500.0,4.0,4.0,0.0,3.0,20000.0,90000.0,145.0,221.0,0
36.0,680.0,0.15306122448979592,4.0,11.56,3199.0,24400.0,20.0,20.0,1.0,3.0,15000.0,98000.0,20.0,292.0,0
36.0,780.0,0.2,8.0,7.84,21685.0,27100.0,6.0,19.0,2.0,2.0,12000.0,60000.0,6.0,159.0,1
36.0,785.0,0.17777777777777778,3.0,9.12,21755.0,16400.0,8.0,10.0,3.0,1.0,8000.0,45000.0,85.0,158.0,1
36.0,665.0,0.05333333333333334,5.0,23.22,2245.0,15900.0,2.0,16.0,0.0,13.0,4000.0,75000.0,2.0,262.0,0
60.0,720.0,0.4166666666666667,5.0,19.29,28634.0,39800.0,3.0,19.0,6.0,5.0,35000.0,84000.0,3.0,248.0,1
36.0,675.0,0.125,7.0,17.48,2676.0,20079.0,7.0,0.0,5.0,11.0,10000.0,80000.0,7.0,208.0,0
36.0,685.0,0.22857142857142856,3.0,34.81,6410.0,14900.0,17.0,5.0,1.0,3.0,8000.0,35000.0,17.0,194.0,0
36.0,730.0,0.10645833333333334,4.0,18.93,49042.0,22200.0,2.0,2.0,4.0,6.0,12775.0,120000.0,13.0,266.0,1
36.0,695.0,0.3775,6.0,30.64,2208.0,17700.0,4.0,0.0,0.0,5.0,11325.0,30000.0,4.0,114.0,0
60.0,685.0,0.12222222222222222,0.0,13.97,8560.0,9600.0,31.0,,5.0,3.0,11000.0,90000.0,44.0,123.0,0
60.0,705.0,0.2673333333333333,2.0,9.81,17127.0,20487.0,1.0,,2.0,5.0,20050.0,75000.0,35.0,224.0,1
36.0,660.0,0.13043478260869565,1.0,7.33,3488.0,4300.0,22.0,20.0,1.0,2.0,15000.0,115000.0,76.0,197.0,0
36.0,770.0,0.15169270833333334,3.0,13.84,4497.0,10800.0,2.0,15.0,0.0,2.0,5825.0,38400.0,2.0,96.0,0
36.0,710.0,0.09207043388191967,2.0,25.11,8807.0,20700.0,4.0,,5.0,6.0,4000.0,43445.0,4.0,511.0,1
36.0,670.0,0.3522222222222222,1.0,19.39,3278.0,25700.0,17.0,22.0,0.0,4.0,15850.0,45000.0,17.0,125.0,0
36.0,690.0,0.17647058823529413,0.0,13.29,14591.0,16000.0,45.0,0.0,0.0,4.0,15000.0,85000.0,62.0,163.0,0
36.0,680.0,0.3741935483870968,9.0,25.55,5357.0,12400.0,8.0,8.0,4.0,1.0,11600.0,31000.0,8.0,145.0,1
36.0,685.0,0.2811094452773613,2.0,21.09,12825.0,37400.0,24.0,0.0,3.0,8.0,19500.0,69368.0,24.0,210.0,0
60.0,705.0,0.3125,6.0,18.92,15541.0,20300.0,6.0,4.0,2.0,6.0,25000.0,80000.0,6.0,210.0,1
60.0,770.0,0.16666666666666666,14.0,28.06,13460.0,26300.0,2.0,4.0,1.0,1.0,10000.0,60000.0,12.0,71.0,1
36.0,680.0,0.27692307692307694,2.0,21.16,38406.0,15700.0,2.0,4.0,2.0,6.0,18000.0,65000.0,7.0,216.0,1
36.0,700.0,0.2810810810810811,3.0,20.66,4299.0,17300.0,12.0,5.0,0.0,4.0,10400.0,37000.0,12.0,93.0,0
60.0,670.0,0.16,5.0,21.08,19010.0,15900.0,2.0,4.0,4.0,8.0,16000.0,100000.0,21.0,120.0,1
36.0,685.0,0.25038461538461537,7.0,22.47,16437.0,60000.0,7.0,8.0,3.0,13.0,16275.0,65000.0,7.0,196.0,1
36.0,695.0,0.3405448717948718,3.0,14.97,1120.0,12600.0,14.0,7.0,0.0,7.0,10625.0,31200.0,14.0,80.0,0
60.0,675.0,0.31545741324921134,4.0,22.34,13148.0,7200.0,7.0,12.0,1.0,6.0,15000.0,47550.0,30.0,67.0,1
36.0,690.0,0.06,1.0,11.09,9495.0,1000.0,2.0,2.0,0.0,1.0,3000.0,50000.0,88.0,88.0,0
36.0,750.0,0.375,3.0,2.14,722.0,10000.0,3.0,9.0,0.0,0.0,15000.0,40000.0,15.0,15.0,0
36.0,660.0,0.123125,5.0,25.34,3554.0,6000.0,9.0,10.0,0.0,5.0,9850.0,80000.0,15.0,235.0,0
36.0,730.0,0.13333333333333333,1.0,19.11,12811.0,48300.0,21.0,4.0,2.0,6.0,8000.0,60000.0,67.0,224.0,1
36.0,770.0,0.15573179524152847,,7.68,,,,,,,10800.0,69350.0,,,0
36.0,715.0,0.08571428571428572,4.0,16.18,3993.0,46800.0,5.0,1.0,0.0,7.0,6000.0,70000.0,5.0,144.0,0
60.0,675.0,0.18604651162790697,8.0,36.39,24359.0,26500.0,2.0,0.0,7.0,9.0,16000.0,86000.0,2.0,154.0,1
60.0,670.0,0.42952251413844944,19.0,26.74,828.0,23100.0,3.0,8.0,0.0,16.0,18000.0,41907.0,8.0,101.0,0
36.0,665.0,0.234375,15.0,20.51,13002.0,27800.0,1.0,1.0,1.0,9.0,15000.0,64000.0,4.0,179.0,1
36.0,665.0,0.24193548387096775,2.0,3.39,1998.0,17100.0,6.0,6.0,2.0,3.0,15000.0,62000.0,6.0,358.0,0
60.0,700.0,0.2857142857142857,4.0,28.99,21302.0,17500.0,5.0,14.0,2.0,10.0,18000.0,63000.0,33.0,114.0,1
36.0,675.0,0.15789473684210525,4.0,7.75,11987.0,21700.0,9.0,9.0,1.0,6.0,12000.0,76000.0,18.0,327.0,1
36.0,680.0,0.21052631578947367,,24.66,,,,,,,8000.0,38000.0,,,0
36.0,660.0,0.17884615384615385,6.0,14.4,10661.0,8600.0,3.0,2.0,1.0,11.0,11625.0,65000.0,4.0,69.0,1
60.0,660.0,0.23809523809523808,8.0,32.08,5031.0,13100.0,5.0,5.0,0.0,6.0,10000.0,42000.0,6.0,189.0,0
36.0,730.0,0.03072075274621586,3.0,5.08,29160.0,26200.0,7.0,7.0,3.0,3.0,7000.0,227859.0,108.0,226.0,0
36.0,690.0,0.28,2.0,20.06,48374.0,39600.0,10.0,15.0,4.0,5.0,35000.0,125000.0,49.0,266.0,1
36.0,690.0,0.3507142857142857,3.0,18.02,16129.0,25500.0,10.0,21.0,3.0,5.0,24550.0,70000.0,37.0,108.0,1
36.0,705.0,0.4,5.0,19.57,2323.0,43800.0,3.0,18.0,0.0,7.0,20000.0,50000.0,11.0,151.0,0
36.0,660.0,0.14448529411764705,5.0,34.63,44279.0,2500.0,4.0,4.0,2.0,4.0,9825.0,68000.0,21.0,281.0,1
60.0,710.0,0.3911657559198543,3.0,18.88,4222.0,23500.0,11.0,,0.0,4.0,21475.0,54900.0,20.0,155.0,0
36.0,660.0,0.17142857142857143,3.0,15.72,4690.0,21700.0,8.0,8.0,5.0,4.0,12000.0,70000.0,8.0,466.0,0
60.0,680.0,0.2631578947368421,6.0,31.17,10273.0,14700.0,1.0,8.0,4.0,4.0,10000.0,38000.0,2.0,200.0,0
36.0,790.0,0.053763440860215055,6.0,22.98,24031.0,10100.0,3.0,4.0,4.0,0.0,5000.0,93000.0,179.0,191.0,1
36.0,695.0,0.49909840288511076,2.0,19.47,3577.0,4500.0,13.0,2.0,1.0,1.0,7750.0,15528.0,35.0,187.0,0
60.0,720.0,0.4396973246323461,6.0,19.79,5950.0,38400.0,8.0,13.0,1.0,8.0,23650.0,53787.0,49.0,316.0,1
60.0,715.0,0.2776315789473684,3.0,30.92,4650.0,7000.0,9.0,9.0,0.0,4.0,10550.0,38000.0,76.0,89.0,0
36.0,670.0,0.13541666666666666,1.0,4.36,1345.0,3000.0,3.0,2.0,0.0,3.0,8125.0,60000.0,68.0,108.0,0
36.0,705.0,0.02857142857142857,8.0,11.28,30663.0,8800.0,5.0,7.0,2.0,2.0,5000.0,175000.0,12.0,270.0,1
36.0,675.0,0.23431952662721894,9.0,17.37,5184.0,800.0,1.0,0.0,3.0,2.0,19800.0,84500.0,3.0,125.0,0
36.0,720.0,0.28125,3.0,1.31,19764.0,5000.0,3.0,,1.0,2.0,9000.0,32000.0,16.0,85.0,1
36.0,725.0,0.2670940170940171,2.0,18.33,6047.0,22500.0,4.0,4.0,0.0,3.0,10000.0,37440.0,4.0,80.0,0
36.0,660.0,0.175,5.0,15.49,13731.0,6900.0,8.0,6.0,2.0,9.0,11200.0,64000.0,8.0,143.0,1
60.0,665.0,0.14814814814814814,8.0,9.1,49109.0,8900.0,2.0,2.0,4.0,6.0,16000.0,108000.0,17.0,179.0,0
36.0,665.0,0.34134615384615385,2.0,7.02,23373.0,5300.0,4.0,4.0,3.0,3.0,8875.0,26000.0,59.0,64.0,1
60.0,745.0,0.08571428571428572,2.0,9.65,4691.0,42000.0,15.0,,0.0,6.0,12000.0,140000.0,27.0,132.0,0
36.0,690.0,0.11733333333333333,2.0,39.44,32229.0,15800.0,3.0,15.0,1.0,7.0,8800.0,75000.0,3.0,250.0,1
36.0,705.0,0.25393600812595224,0.0,32.15,2828.0,16500.0,25.0,,1.0,6.0,12000.0,47256.0,25.0,229.0,1
36.0,665.0,0.21176470588235294,4.0,4.69,3287.0,9900.0,7.0,11.0,0.0,2.0,7200.0,34000.0,7.0,17.0,0
60.0,665.0,0.10666666666666667,7.0,11.0,43379.0,14600.0,4.0,5.0,3.0,7.0,16000.0,150000.0,19.0,97.0,1
60.0,685.0,0.23333333333333334,2.0,12.77,9303.0,15000.0,2.0,7.0,0.0,3.0,35000.0,150000.0,2.0,42.0,0
36.0,680.0,0.1863013698630137,4.0,23.67,3656.0,11300.0,5.0,5.0,0.0,9.0,13600.0,73000.0,10.0,144.0,0
60.0,700.0,0.029263370332996974,8.0,2.97,30401.0,40600.0,5.0,5.0,9.0,6.0,29000.0,991000.0,8.0,191.0,1
36.0,705.0,0.15272727272727274,5.0,23.13,14681.0,12200.0,1.0,4.0,2.0,6.0,8400.0,55000.0,1.0,132.0,0
60.0,700.0,0.25,11.0,27.41,4374.0,10300.0,1.0,1.0,1.0,7.0,20000.0,80000.0,1.0,119.0,1
60.0,670.0,0.2702702702702703,2.0,8.87,20213.0,18700.0,11.0,11.0,1.0,6.0,20000.0,74000.0,11.0,71.0,1
36.0,715.0,0.28,,20.59,,,,,,,14000.0,50000.0,,,1
36.0,690.0,0.18942307692307692,5.0,24.83,48378.0,5000.0,17.0,18.0,3.0,4.0,9850.0,52000.0,18.0,246.0,1
36.0,670.0,0.25,6.0,17.8,13078.0,13000.0,2.0,2.0,1.0,5.0,15000.0,60000.0,11.0,68.0,1
36.0,725.0,0.32,1.0,16.18,2939.0,14100.0,7.0,5.0,0.0,4.0,8000.0,25000.0,47.0,203.0,0
60.0,695.0,0.3333333333333333,3.0,17.2,4513.0,22500.0,6.0,4.0,0.0,5.0,15000.0,45000.0,6.0,126.0,0
36.0,670.0,0.1,11.0,17.33,19776.0,15500.0,1.0,4.0,2.0,9.0,15000.0,150000.0,17.0,168.0,0
36.0,685.0,0.13333333333333333,6.0,11.63,2721.0,21900.0,1.0,1.0,0.0,6.0,10000.0,75000.0,3.0,63.0,0
36.0,660.0,0.05,4.0,9.95,3473.0,6400.0,8.0,2.0,4.0,6.0,7500.0,150000.0,20.0,314.0,0
36.0,705.0,0.39571428571428574,4.0,15.36,6747.0,3600.0,5.0,5.0,2.0,5.0,13850.0,35000.0,5.0,199.0,1
36.0,660.0,0.15166666666666667,4.0,13.86,46350.0,4300.0,6.0,6.0,3.0,3.0,11375.0,75000.0,36.0,336.0,0
36.0,740.0,0.3157894736842105,1.0,30.0,5626.0,25500.0,12.0,12.0,1.0,9.0,18000.0,57000.0,29.0,209.0,1
36.0,675.0,0.2692307692307692,1.0,24.21,11737.0,82500.0,9.0,10.0,1.0,3.0,35000.0,130000.0,55.0,286.0,0
36.0,695.0,0.1,9.0,11.06,7079.0,38200.0,2.0,2.0,3.0,8.0,8000.0,80000.0,20.0,125.0,1
60.0,720.0,0.3,2.0,9.65,4623.0,62800.0,3.0,,0.0,6.0,21000.0,70000.0,3.0,343.0,0
60.0,680.0,0.29923076923076924,3.0,27.29,25572.0,33400.0,17.0,19.0,4.0,10.0,29175.0,97500.0,45.0,182.0,1
36.0,670.0,0.12,4.0,11.51,16169.0,6800.0,8.0,8.0,1.0,7.0,9600.0,80000.0,10.0,396.0,1
36.0,675.0,0.13333333333333333,0.0,13.26,7498.0,9900.0,60.0,10.0,0.0,4.0,10000.0,75000.0,66.0,147.0,0
36.0,705.0,0.3984375,6.0,7.65,327.0,19400.0,5.0,0.0,0.0,9.0,12750.0,32000.0,16.0,71.0,0
36.0,690.0,0.28,0.0,13.3,1310.0,5900.0,48.0,,0.0,5.0,7000.0,25000.0,48.0,188.0,0
60.0,680.0,0.19,5.0,18.7,13441.0,15400.0,6.0,1.0,1.0,5.0,19000.0,100000.0,7.0,70.0,0
36.0,665.0,0.15517241379310345,4.0,19.33,40065.0,7900.0,6.0,7.0,4.0,8.0,9000.0,58000.0,72.0,186.0,1
36.0,670.0,0.2,4.0,26.99,2557.0,39900.0,4.0,4.0,0.0,8.0,7000.0,35000.0,22.0,305.0,1
36.0,695.0,0.03870967741935484,,15.66,,,,,,,2400.0,62000.0,,,0
36.0,710.0,0.23076923076923078,12.0,22.04,15333.0,23000.0,3.0,8.0,1.0,3.0,27000.0,117000.0,14.0,157.0,1
60.0,680.0,0.2592307692307692,4.0,23.73,29615.0,50500.0,5.0,8.0,3.0,8.0,16850.0,65000.0,18.0,255.0,1
36.0,685.0,0.4,4.0,20.21,5672.0,8100.0,2.0,6.0,3.0,7.0,10000.0,25000.0,6.0,139.0,1
36.0,740.0,0.2482758620689655,4.0,6.3,2376.0,104200.0,3.0,,0.0,4.0,18000.0,72500.0,3.0,200.0,0
60.0,690.0,0.24935064935064935,5.0,27.03,5551.0,21000.0,12.0,6.0,0.0,7.0,19200.0,77000.0,12.0,186.0,1
36.0,680.0,0.125,6.0,21.69,5218.0,1000.0,3.0,,0.0,3.0,5000.0,40000.0,10.0,61.0,0
36.0,735.0,0.12,5.0,15.65,5670.0,9500.0,7.0,7.0,0.0,2.0,7200.0,60000.0,7.0,353.0,0
60.0,705.0,0.10309278350515463,3.0,10.99,35746.0,35900.0,12.0,5.0,2.0,6.0,20000.0,194000.0,12.0,234.0,0
36.0,680.0,0.30303030303030304,8.0,24.55,7375.0,16800.0,2.0,0.0,5.0,7.0,10000.0,33000.0,13.0,180.0,1
60.0,710.0,0.36363636363636365,2.0,19.73,4616.0,10500.0,14.0,,0.0,5.0,20000.0,55000.0,40.0,303.0,1
36.0,675.0,0.2028985507246377,3.0,20.03,26760.0,10100.0,8.0,4.0,1.0,2.0,7000.0,34500.0,31.0,32.0,1
36.0,680.0,0.16332085743450153,3.0,31.47,12359.0,4400.0,6.0,6.0,0.0,1.0,7200.0,44085.0,68.0,125.0,0
36.0,690.0,0.1,2.0,2.73,134078.0,6500.0,13.0,9.0,4.0,4.0,15000.0,150000.0,19.0,323.0,1
36.0,730.0,0.0706060606060606,7.0,11.28,3665.0,93500.0,2.0,2.0,0.0,13.0,11650.0,165000.0,9.0,99.0,0
36.0,670.0,0.096,4.0,27.08,2586.0,22500.0,6.0,6.0,0.0,7.0,4800.0,50000.0,6.0,132.0,0
60.0,700.0,0.25,4.0,34.59,33989.0,113000.0,1.0,1.0,2.0,7.0,35000.0,140000.0,13.0,172.0,0
36.0,670.0,0.16,5.0,18.55,3527.0,4500.0,4.0,6.0,2.0,7.0,8000.0,50000.0,35.0,171.0,0
36.0,665.0,0.12,3.0,13.66,6794.0,10000.0,5.0,11.0,3.0,7.0,9000.0,75000.0,5.0,231.0,1
36.0,680.0,0.38116883116883116,4.0,13.87,1249.0,7200.0,1.0,1.0,0.0,8.0,14675.0,38500.0,8.0,94.0,0
36.0,700.0,0.16666666666666666,2.0,14.98,3597.0,23000.0,5.0,5.0,2.0,5.0,10000.0,60000.0,5.0,211.0,0
36.0,700.0,0.1037037037037037,3.0,6.05,34009.0,34400.0,9.0,8.0,3.0,7.0,14000.0,135000.0,35.0,156.0,1
60.0,660.0,0.4,13.0,26.58,1753.0,14500.0,9.0,8.0,0.0,8.0,16000.0,40000.0,11.0,346.0,0
60.0,760.0,0.06666666666666667,6.0,15.56,16750.0,71900.0,2.0,9.0,5.0,8.0,10000.0,150000.0,2.0,178.0,1
36.0,665.0,0.24,2.0,16.51,1288.0,11700.0,12.0,12.0,0.0,4.0,6000.0,25000.0,19.0,69.0,0
36.0,700.0,0.104,7.0,14.92,54328.0,42000.0,3.0,3.0,5.0,4.0,13000.0,125000.0,6.0,137.0,1
36.0,735.0,0.2090032154340836,6.0,26.03,59448.0,0.0,9.0,8.0,6.0,2.0,26000.0,124400.0,,124.0,1
36.0,700.0,0.15625,5.0,21.1,13793.0,10300.0,3.0,3.0,2.0,8.0,7500.0,48000.0,8.0,130.0,1
60.0,690.0,0.2454383528982763,9.0,8.92,19814.0,11500.0,1.0,1.0,1.0,8.0,17500.0,71301.0,1.0,258.0,1
60.0,710.0,0.1996153846153846,4.0,13.29,6661.0,1000.0,10.0,1.0,1.0,5.0,12975.0,65000.0,15.0,82.0,1
36.0,680.0,0.14736842105263157,6.0,10.99,4010.0,6400.0,4.0,9.0,0.0,2.0,5600.0,38000.0,13.0,151.0,0
36.0,695.0,0.175,2.0,12.55,25899.0,42700.0,18.0,18.0,3.0,7.0,35000.0,200000.0,23.0,184.0,1
60.0,665.0,0.19826086956521738,8.0,25.19,19557.0,36040.0,5.0,1.0,6.0,12.0,22800.0,115000.0,20.0,181.0,1
60.0,675.0,0.24615384615384617,2.0,17.39,6720.0,12100.0,13.0,1.0,0.0,4.0,32000.0,130000.0,24.0,74.0,1
36.0,725.0,0.10869565217391304,8.0,3.65,303.0,3800.0,4.0,,0.0,3.0,2500.0,23000.0,4.0,53.0,0
36.0,680.0,0.12631578947368421,3.0,23.55,,5100.0,,14.0,0.0,,12000.0,95000.0,14.0,,1
36.0,665.0,0.096,6.0,5.46,4107.0,29100.0,2.0,5.0,0.0,6.0,12000.0,125000.0,2.0,219.0,0
36.0,700.0,0.224609375,4.0,22.34,21985.0,17000.0,5.0,,3.0,6.0,11500.0,51200.0,8.0,113.0,1
36.0,675.0,0.24,1.0,4.77,17395.0,14300.0,7.0,8.0,4.0,3.0,18000.0,75000.0,70.0,186.0,1
36.0,670.0,0.4222222222222222,9.0,15.41,3469.0,18800.0,6.0,8.0,0.0,7.0,19000.0,45000.0,6.0,47.0,0
60.0,670.0,0.41685193419297467,4.0,25.98,14861.0,38700.0,7.0,18.0,5.0,8.0,30000.0,71968.0,7.0,316.0,1
36.0,735.0,0.0851063829787234,3.0,10.48,26689.0,17100.0,9.0,1.0,2.0,2.0,8000.0,94000.0,23.0,175.0,1
36.0,685.0,0.15357142857142858,1.0,14.64,3876.0,12400.0,15.0,2.0,0.0,5.0,8600.0,56000.0,15.0,124.0,0
36.0,670.0,0.4444444444444444,2.0,11.97,2050.0,11300.0,4.0,5.0,3.0,3.0,20000.0,45000.0,6.0,277.0,0
60.0,705.0,0.42857142857142855,2.0,25.72,5253.0,14200.0,19.0,,0.0,5.0,15000.0,35000.0,19.0,137.0,0
36.0,665.0,0.15696123057604772,2.0,5.51,5956.0,2000.0,21.0,2.0,0.0,3.0,4000.0,25484.0,32.0,74.0,0
60.0,660.0,0.22857142857142856,13.0,13.46,11280.0,15100.0,7.0,0.0,2.0,9.0,16000.0,70000.0,7.0,136.0,1
36.0,670.0,0.11818181818181818,3.0,22.36,1793.0,25676.0,4.0,0.0,2.0,13.0,6500.0,55000.0,4.0,399.0,0
36.0,695.0,0.30612244897959184,3.0,26.74,4678.0,15300.0,4.0,4.0,0.0,5.0,15000.0,49000.0,19.0,86.0,0
60.0,750.0,0.20833333333333334,,2.5,,,,,,,2000.0,9600.0,,,0
36.0,720.0,0.22758620689655173,7.0,36.48,6003.0,9800.0,2.0,13.0,0.0,4.0,13200.0,58000.0,2.0,250.0,0
60.0,700.0,0.2823529411764706,3.0,15.47,24167.0,19200.0,6.0,6.0,2.0,3.0,24000.0,85000.0,18.0,229.0,1
36.0,690.0,0.12222222222222222,5.0,6.03,9239.0,25800.0,1.0,3.0,2.0,1.0,11000.0,90000.0,1.0,116.0,1
60.0,710.0,0.18666666666666668,3.0,12.21,42317.0,13600.0,8.0,8.0,1.0,4.0,14000.0,75000.0,31.0,286.0,1
36.0,670.0,0.25925925925925924,7.0,19.44,3058.0,6500.0,12.0,8.0,1.0,5.0,14000.0,54000.0,15.0,139.0,0
36.0,705.0,0.2,2.0,19.32,2969.0,13100.0,6.0,4.0,1.0,7.0,10000.0,50000.0,22.0,187.0,0
36.0,715.0,0.20357929413506562,7.0,17.84,4794.0,23300.0,1.0,5.0,0.0,4.0,11000.0,54033.0,10.0,262.0,0
36.0,675.0,0.42,5.0,34.48,2447.0,8200.0,2.0,8.0,0.0,7.0,12600.0,30000.0,12.0,53.0,0
36.0,665.0,0.112,3.0,7.18,3372.0,5900.0,8.0,6.0,0.0,6.0,25200.0,225000.0,8.0,65.0,0
36.0,705.0,0.17594433399602386,4.0,20.4,,21900.0,,7.0,4.0,,8850.0,50300.0,10.0,,1
36.0,705.0,0.2717857142857143,5.0,26.71,17671.0,14300.0,2.0,2.0,4.0,6.0,19025.0,70000.0,5.0,149.0,1
36.0,730.0,0.18620689655172415,13.0,23.56,24543.0,27500.0,3.0,1.0,4.0,11.0,21600.0,116000.0,5.0,436.0,1
60.0,710.0,0.0844,9.0,19.75,23229.0,27300.0,1.0,1.0,1.0,5.0,10550.0,125000.0,6.0,152.0,0
36.0,685.0,0.3004807692307692,9.0,17.71,3096.0,2000.0,2.0,7.0,0.0,4.0,10000.0,33280.0,15.0,23.0,0
60.0,695.0,0.43914680050188204,3.0,17.81,11657.0,10700.0,4.0,11.0,4.0,6.0,35000.0,79700.0,4.0,303.0,1
36.0,730.0,0.08631319358816276,1.0,8.53,31512.0,185200.0,8.0,22.0,5.0,7.0,28000.0,324400.0,8.0,255.0,1
36.0,665.0,0.17777777777777778,0.0,25.17,1911.0,8250.0,25.0,3.0,0.0,12.0,8000.0,45000.0,49.0,114.0,0
36.0,705.0,0.46153846153846156,4.0,17.56,3847.0,9000.0,6.0,6.0,0.0,5.0,30000.0,65000.0,6.0,130.0,0
36.0,680.0,0.25,13.0,26.4,2121.0,14700.0,2.0,2.0,0.0,7.0,10000.0,40000.0,2.0,158.0,0
36.0,735.0,0.30612244897959184,3.0,24.34,37338.0,34000.0,10.0,6.0,4.0,2.0,30000.0,98000.0,81.0,141.0,1
36.0,705.0,0.16,3.0,16.6,4337.0,4300.0,12.0,14.0,0.0,4.0,5600.0,35000.0,35.0,88.0,0
36.0,700.0,0.10526315789473684,,22.0,,,,,,,10000.0,95000.0,,,0
36.0,680.0,0.17777777777777778,9.0,22.61,8677.0,7900.0,6.0,0.0,1.0,9.0,8000.0,45000.0,12.0,31.0,1
60.0,750.0,0.3258333333333333,2.0,14.28,2696.0,18000.0,12.0,12.0,0.0,5.0,9775.0,30000.0,23.0,145.0,0
36.0,695.0,0.16055045871559634,2.0,13.14,94832.0,52500.0,18.0,3.0,4.0,6.0,35000.0,218000.0,18.0,545.0,1
36.0,710.0,0.2777777777777778,1.0,26.43,6649.0,5800.0,13.0,,0.0,3.0,10000.0,36000.0,37.0,112.0,0
36.0,705.0,0.06481481481481481,7.0,27.13,16325.0,23500.0,11.0,3.0,2.0,4.0,7000.0,108000.0,58.0,168.0,1
60.0,680.0,0.12,6.0,6.74,17145.0,22900.0,2.0,1.0,2.0,5.0,15000.0,125000.0,2.0,218.0,0
36.0,680.0,0.14285714285714285,6.0,22.49,4420.0,15800.0,12.0,5.0,0.0,7.0,5000.0,35000.0,16.0,84.0,0
60.0,680.0,0.2834615384615385,4.0,29.63,4712.0,18100.0,5.0,6.0,0.0,4.0,18425.0,65000.0,5.0,115.0,0
36.0,680.0,0.065,5.0,8.3,9680.0,13300.0,18.0,6.0,2.0,7.0,6500.0,100000.0,22.0,200.0,1
60.0,720.0,0.4,6.0,36.43,4809.0,5100.0,3.0,0.0,0.0,4.0,18000.0,45000.0,5.0,94.0,0
36.0,695.0,0.14,2.0,12.28,116594.0,15000.0,20.0,6.0,6.0,6.0,35000.0,250000.0,24.0,353.0,1
36.0,680.0,0.18461538461538463,8.0,20.27,2286.0,23700.0,7.0,7.0,0.0,11.0,12000.0,65000.0,7.0,183.0,0
36.0,700.0,0.08076923076923077,2.0,27.37,59796.0,1000.0,6.0,6.0,2.0,1.0,6300.0,78000.0,85.0,302.0,1
36.0,680.0,0.20833333333333334,7.0,14.4,8609.0,7600.0,7.0,7.0,1.0,3.0,10000.0,48000.0,7.0,103.0,0
36.0,770.0,0.16666666666666666,2.0,17.52,17276.0,8300.0,12.0,13.0,1.0,1.0,10000.0,60000.0,59.0,105.0,1
36.0,685.0,0.2588888888888889,4.0,16.03,10735.0,24100.0,12.0,0.0,4.0,13.0,23300.0,90000.0,61.0,184.0,1
36.0,690.0,0.12941176470588237,2.0,25.91,7727.0,21000.0,4.0,7.0,0.0,6.0,11000.0,85000.0,36.0,118.0,0
36.0,695.0,0.0851063829787234,9.0,26.8,7063.0,66100.0,2.0,2.0,2.0,16.0,8000.0,94000.0,2.0,369.0,1
36.0,690.0,0.4339622641509434,7.0,26.59,29694.0,12600.0,8.0,8.0,4.0,7.0,23000.0,53000.0,8.0,137.0,1
60.0,660.0,0.2848883237770794,5.0,23.01,1919.0,4700.0,2.0,10.0,0.0,9.0,11875.0,41683.0,29.0,180.0,1
36.0,730.0,0.2765957446808511,,12.61,,,,,,,13000.0,47000.0,,,0
60.0,730.0,0.3333333333333333,3.0,20.21,64956.0,37000.0,16.0,17.0,4.0,4.0,35000.0,105000.0,16.0,216.0,1
60.0,690.0,0.4222222222222222,12.0,18.96,9909.0,16500.0,3.0,4.0,1.0,4.0,19000.0,45000.0,4.0,139.0,1
60.0,660.0,0.19648148148148148,4.0,25.47,30447.0,43500.0,5.0,1.0,4.0,3.0,26525.0,135000.0,76.0,326.0,1
36.0,680.0,0.09543988241806486,15.0,20.73,1658.0,6500.0,1.0,15.0,0.0,9.0,5000.0,52389.0,1.0,93.0,1
36.0,825.0,0.1,4.0,7.7,24520.0,52800.0,5.0,,4.0,4.0,6000.0,60000.0,24.0,261.0,1
36.0,685.0,0.16346153846153846,8.0,14.08,1178.0,5800.0,1.0,11.0,0.0,9.0,8500.0,52000.0,19.0,82.0,0
36.0,695.0,0.13451708366962603,0.0,20.13,3503.0,31800.0,25.0,,3.0,10.0,10000.0,74340.0,40.0,264.0,1
36.0,705.0,0.1,8.0,13.63,219.0,11000.0,3.0,17.0,0.0,9.0,2000.0,20000.0,3.0,162.0,0
36.0,660.0,0.098,3.0,28.04,10484.0,4000.0,1.0,6.0,0.0,4.0,4900.0,50000.0,1.0,39.0,0
36.0,675.0,0.36,4.0,17.23,1544.0,3800.0,4.0,4.0,0.0,2.0,7200.0,20000.0,35.0,49.0,0
36.0,660.0,0.2727272727272727,6.0,15.07,2953.0,41900.0,5.0,6.0,0.0,11.0,30000.0,110000.0,6.0,280.0,0
60.0,720.0,0.5638888888888889,,23.25,,,,,,,25375.0,45000.0,,,0
36.0,665.0,0.17995681036551228,13.0,25.92,8034.0,14050.0,0.0,2.0,4.0,17.0,11250.0,62515.0,1.0,181.0,1
36.0,670.0,0.1610738255033557,12.0,9.53,16970.0,11400.0,7.0,7.0,4.0,9.0,24000.0,149000.0,8.0,111.0,0
36.0,720.0,0.12,1.0,1.68,32417.0,44300.0,7.0,,4.0,3.0,30000.0,250000.0,29.0,344.0,0
36.0,695.0,0.05714285714285714,4.0,23.4,5141.0,12800.0,2.0,,0.0,1.0,2400.0,42000.0,170.0,170.0,0
36.0,735.0,0.2153846153846154,5.0,10.78,15252.0,125900.0,5.0,9.0,8.0,7.0,28000.0,130000.0,5.0,321.0,1
36.0,710.0,0.23076923076923078,11.0,14.63,1807.0,27100.0,2.0,1.0,0.0,6.0,15000.0,65000.0,2.0,45.0,1
36.0,680.0,0.11290322580645161,2.0,20.62,29724.0,5100.0,9.0,8.0,5.0,3.0,7000.0,62000.0,13.0,275.0,1
60.0,755.0,0.2597402597402597,4.0,17.91,17079.0,99200.0,2.0,2.0,7.0,8.0,20000.0,77000.0,22.0,282.0,1
36.0,755.0,0.2638888888888889,,20.7,,,,,,,9500.0,36000.0,,,0
36.0,715.0,0.26666666666666666,3.0,25.44,3086.0,7000.0,3.0,3.0,0.0,4.0,8000.0,30000.0,3.0,469.0,0
36.0,710.0,0.18286311389759666,5.0,36.43,1623.0,12200.0,3.0,0.0,2.0,6.0,3500.0,19140.0,3.0,231.0,0
36.0,735.0,0.17307692307692307,3.0,14.73,16592.0,42800.0,3.0,9.0,1.0,9.0,22500.0,130000.0,9.0,176.0,1
36.0,725.0,0.12,2.0,7.52,38778.0,9400.0,9.0,9.0,1.0,2.0,7200.0,60000.0,26.0,108.0,1
60.0,695.0,0.45,1.0,29.2,4708.0,6700.0,2.0,8.0,0.0,3.0,10800.0,24000.0,34.0,37.0,0
36.0,670.0,0.1342281879194631,0.0,6.31,1267.0,6600.0,32.0,6.0,0.0,5.0,6000.0,44700.0,40.0,235.0,0
60.0,660.0,0.2631578947368421,0.0,13.55,8221.0,45400.0,70.0,2.0,6.0,3.0,35000.0,133000.0,161.0,208.0,1
60.0,660.0,0.2781733284763387,7.0,26.61,16286.0,19700.0,5.0,4.0,1.0,6.0,16800.0,60394.0,11.0,149.0,1
36.0,670.0,0.0375,7.0,13.68,3141.0,4600.0,1.0,2.0,0.0,3.0,1500.0,40000.0,7.0,101.0,0
36.0,665.0,0.13333333333333333,2.0,12.08,2264.0,20500.0,18.0,15.0,0.0,8.0,8000.0,60000.0,62.0,169.0,0
36.0,660.0,0.1111111111111111,3.0,21.6,8121.0,14500.0,2.0,2.0,0.0,2.0,6000.0,54000.0,25.0,186.0,0
36.0,685.0,0.25,1.0,18.93,3582.0,27000.0,6.0,19.0,1.0,8.0,15000.0,60000.0,6.0,116.0,0
60.0,730.0,0.08583690987124463,3.0,11.14,23101.0,76200.0,17.0,1.0,8.0,8.0,20000.0,233000.0,23.0,322.0,1
60.0,660.0,0.057692307692307696,13.0,9.81,7118.0,14800.0,8.0,0.0,0.0,4.0,15000.0,260000.0,11.0,86.0,0
36.0,700.0,0.12,6.0,16.6,21224.0,66750.0,5.0,1.0,3.0,7.0,30000.0,250000.0,12.0,219.0,0
60.0,715.0,0.3333333333333333,5.0,24.29,16998.0,44500.0,1.0,1.0,1.0,6.0,30000.0,90000.0,25.0,261.0,1
36.0,675.0,0.1,4.0,26.39,5185.0,7000.0,2.0,9.0,0.0,4.0,3000.0,30000.0,2.0,48.0,0
36.0,680.0,0.19932432432432431,4.0,17.16,19899.0,15700.0,4.0,11.0,8.0,6.0,7375.0,37000.0,52.0,179.0,1
36.0,660.0,0.1276595744680851,8.0,18.51,10457.0,12700.0,5.0,0.0,1.0,10.0,6000.0,47000.0,5.0,118.0,1
36.0,715.0,0.17307692307692307,17.0,25.92,,14900.0,,4.0,0.0,,9000.0,52000.0,1.0,,0
36.0,715.0,0.425531914893617,6.0,12.9,1473.0,27300.0,2.0,12.0,0.0,7.0,20000.0,47000.0,2.0,455.0,0
36.0,735.0,0.06779201410073893,,12.28,,,,,,,4000.0,59004.0,,,0
36.0,660.0,0.18189655172413793,1.0,2.75,8779.0,1000.0,21.0,1.0,1.0,3.0,10550.0,58000.0,26.0,338.0,1
36.0,690.0,0.14545454545454545,0.0,6.4,898.0,2700.0,41.0,18.0,0.0,5.0,4800.0,33000.0,41.0,99.0,0
36.0,660.0,0.1640909090909091,8.0,16.63,3664.0,2950.0,3.0,3.0,0.0,7.0,9025.0,55000.0,12.0,17.0,0
36.0,705.0,0.1,7.0,10.23,67178.0,49700.0,11.0,11.0,2.0,9.0,35000.0,350000.0,11.0,169.0,1
36.0,685.0,0.15,8.0,34.05,13158.0,13350.0,5.0,9.0,2.0,12.0,12000.0,80000.0,9.0,299.0,1
60.0,660.0,0.3139060374594538,3.0,16.48,17655.0,1800.0,10.0,,3.0,4.0,30000.0,95570.0,28.0,152.0,1
60.0,680.0,0.24,9.0,19.34,22329.0,27600.0,1.0,3.0,1.0,13.0,24000.0,100000.0,1.0,197.0,1
36.0,670.0,0.14,2.0,24.26,1836.0,4500.0,3.0,4.0,2.0,2.0,7000.0,50000.0,3.0,220.0,0
36.0,680.0,0.05333333333333334,2.0,18.26,23865.0,16000.0,3.0,0.0,1.0,1.0,16000.0,300000.0,27.0,114.0,0
36.0,740.0,0.4,7.0,4.08,27809.0,20600.0,2.0,5.0,1.0,2.0,20000.0,50000.0,2.0,259.0,0
36.0,670.0,0.31985294117647056,5.0,14.65,1870.0,13300.0,5.0,3.0,0.0,5.0,10875.0,34000.0,6.0,89.0,0
36.0,675.0,0.23136246786632392,1.0,13.48,2523.0,12900.0,12.0,17.0,0.0,3.0,9000.0,38900.0,27.0,135.0,0
60.0,725.0,0.31235683644996043,,10.37,,,,,,,12000.0,38417.6,,,1
60.0,665.0,0.1841620626151013,7.0,17.68,4978.0,22300.0,5.0,6.0,0.0,6.0,18000.0,97740.0,37.0,118.0,0
36.0,730.0,0.08333333333333333,5.0,15.34,39031.0,30000.0,1.0,6.0,5.0,4.0,10000.0,120000.0,7.0,271.0,1
36.0,660.0,0.253973945261145,3.0,11.12,1889.0,8000.0,9.0,13.0,5.0,2.0,8500.0,33468.0,13.0,406.0,0
36.0,760.0,0.14166666666666666,,25.88,,,,,,,8500.0,60000.0,,,1
36.0,735.0,0.28545454545454546,2.0,26.29,74779.0,27200.0,4.0,2.0,3.0,2.0,31400.0,110000.0,69.0,298.0,0
36.0,740.0,0.13333333333333333,4.0,10.99,24214.0,11100.0,3.0,10.0,2.0,5.0,10000.0,75000.0,14.0,138.0,1
36.0,670.0,0.09615384615384616,3.0,17.12,2502.0,8100.0,3.0,4.0,3.0,3.0,5000.0,52000.0,16.0,213.0,0
36.0,675.0,0.19047619047619047,5.0,29.8,10045.0,12900.0,9.0,4.0,3.0,11.0,8000.0,42000.0,15.0,70.0,1
36.0,690.0,0.23076923076923078,7.0,21.44,33934.0,51500.0,1.0,1.0,2.0,7.0,30000.0,130000.0,19.0,199.0,0
36.0,730.0,0.38369565217391305,5.0,28.31,3259.0,13800.0,7.0,9.0,0.0,2.0,17650.0,46000.0,15.0,80.0,0
60.0,675.0,0.3037974683544304,5.0,28.26,5597.0,11800.0,13.0,12.0,0.0,4.0,12000.0,39500.0,20.0,113.0,0
36.0,660.0,0.12,13.0,9.77,3255.0,10900.0,3.0,3.0,0.0,6.0,12000.0,100000.0,3.0,117.0,0
60.0,690.0,0.2,2.0,12.0,5014.0,49800.0,1.0,0.0,0.0,7.0,24000.0,120000.0,81.0,187.0,0
36.0,700.0,0.18382352941176472,9.0,17.72,732.0,19900.0,5.0,5.0,0.0,10.0,6000.0,32640.0,6.0,41.0,0
36.0,675.0,0.34214285714285714,2.0,32.79,4567.0,52600.0,3.0,3.0,0.0,7.0,23950.0,70000.0,43.0,315.0,0
36.0,660.0,0.1702127659574468,6.0,37.48,4199.0,10200.0,0.0,6.0,0.0,7.0,8000.0,47000.0,5.0,306.0,0
60.0,675.0,0.28761682242990655,9.0,16.13,1508.0,25525.0,1.0,1.0,1.0,25.0,30775.0,107000.0,1.0,151.0,0
60.0,665.0,0.23333333333333334,4.0,8.5,1328.0,21200.0,2.0,7.0,0.0,6.0,14000.0,60000.0,20.0,200.0,0
36.0,690.0,0.2727272727272727,11.0,21.63,1241.0,37700.0,2.0,2.0,0.0,23.0,30000.0,110000.0,7.0,183.0,0
36.0,710.0,0.03787878787878788,3.0,18.21,14582.0,27800.0,4.0,4.0,4.0,8.0,5000.0,132000.0,4.0,221.0,1
60.0,735.0,0.3211764705882353,4.0,17.52,28411.0,90600.0,6.0,6.0,3.0,5.0,27300.0,85000.0,73.0,196.0,1
36.0,685.0,0.21929824561403508,4.0,17.5,31373.0,3400.0,9.0,6.0,5.0,4.0,10000.0,45600.0,99.0,99.0,1
36.0,690.0,0.22125,5.0,23.67,3122.0,3900.0,3.0,7.0,0.0,3.0,8850.0,40000.0,3.0,89.0,0
36.0,725.0,0.10121951219512196,,15.5,,,,,,,8300.0,82000.0,,,1
60.0,715.0,0.44772727272727275,3.0,23.1,21109.0,42500.0,16.0,0.0,7.0,5.0,19700.0,44000.0,24.0,264.0,1
36.0,770.0,0.15151515151515152,4.0,31.2,10940.0,56100.0,1.0,0.0,2.0,6.0,10000.0,66000.0,1.0,190.0,1
36.0,660.0,0.2,7.0,10.19,10721.0,8200.0,0.0,0.0,6.0,7.0,7000.0,35000.0,0.0,237.0,1
60.0,675.0,0.3888888888888889,6.0,16.83,6157.0,10300.0,11.0,11.0,0.0,3.0,35000.0,90000.0,11.0,31.0,0
36.0,705.0,0.325,7.0,14.32,6416.0,13700.0,2.0,8.0,0.0,2.0,9750.0,30000.0,54.0,119.0,0
36.0,675.0,0.1111111111111111,10.0,24.44,8463.0,4400.0,6.0,5.0,1.0,9.0,6000.0,54000.0,16.0,120.0,1
36.0,810.0,0.17045454545454544,6.0,9.67,24739.0,58700.0,9.0,19.0,3.0,3.0,15000.0,88000.0,9.0,195.0,0
60.0,710.0,0.2,6.0,13.95,36707.0,17300.0,7.0,7.0,3.0,4.0,18000.0,90000.0,8.0,135.0,1
36.0,715.0,0.1935483870967742,4.0,18.12,11712.0,6200.0,7.0,7.0,1.0,5.0,6000.0,31000.0,7.0,214.0,1
36.0,710.0,0.18461538461538463,5.0,21.71,2553.0,19050.0,11.0,12.0,2.0,10.0,12000.0,65000.0,11.0,368.0,0
36.0,660.0,0.2631578947368421,0.0,5.27,56277.0,5400.0,95.0,3.0,2.0,2.0,10000.0,38000.0,107.0,137.0,1
36.0,715.0,0.11,1.0,12.59,4254.0,29600.0,17.0,17.0,0.0,4.0,11000.0,100000.0,44.0,268.0,0
36.0,705.0,0.12,2.0,14.0,35953.0,10000.0,15.0,15.0,3.0,2.0,12000.0,100000.0,25.0,51.0,1
36.0,700.0,0.125,5.0,22.05,,10500.0,,3.0,0.0,,10000.0,80000.0,15.0,,0
36.0,670.0,0.18518518518518517,5.0,10.53,26342.0,1500.0,19.0,14.0,1.0,2.0,10000.0,54000.0,19.0,139.0,1
36.0,660.0,0.32051282051282054,5.0,19.12,4434.0,11700.0,2.0,2.0,0.0,4.0,10000.0,31200.0,2.0,55.0,0
36.0,705.0,0.14666666666666667,5.0,26.51,22202.0,38900.0,3.0,3.0,2.0,8.0,13200.0,90000.0,28.0,285.0,1
36.0,700.0,0.3333333333333333,3.0,7.26,15894.0,12100.0,7.0,,2.0,4.0,12000.0,36000.0,7.0,112.0,1
36.0,750.0,0.17647058823529413,0.0,15.41,2712.0,10300.0,30.0,2.0,0.0,1.0,12000.0,68000.0,42.0,167.0,0
36.0,665.0,0.35,5.0,12.53,1943.0,38600.0,0.0,0.0,0.0,16.0,35000.0,100000.0,5.0,112.0,0
36.0,700.0,0.06206896551724138,0.0,13.37,1983.0,800.0,27.0,,0.0,1.0,1800.0,29000.0,69.0,138.0,0
60.0,680.0,0.24761904761904763,2.0,39.6,21670.0,3000.0,20.0,9.0,2.0,3.0,10400.0,42000.0,75.0,128.0,1
36.0,735.0,0.5,,7.22,,,,,,,5400.0,10800.0,,,0
36.0,690.0,0.2459016393442623,1.0,8.56,14157.0,7600.0,11.0,5.0,3.0,3.0,15000.0,61000.0,11.0,156.0,1
36.0,685.0,0.1111111111111111,7.0,23.28,2849.0,14000.0,9.0,13.0,0.0,4.0,5000.0,45000.0,10.0,55.0,0
36.0,740.0,0.12121212121212122,8.0,21.53,4823.0,69600.0,4.0,8.0,4.0,15.0,20000.0,165000.0,4.0,307.0,1
60.0,675.0,0.3333333333333333,4.0,30.72,7280.0,43700.0,4.0,16.0,0.0,4.0,15000.0,45000.0,4.0,196.0,0
36.0,680.0,0.11016949152542373,3.0,10.05,44291.0,31300.0,1.0,1.0,2.0,7.0,32500.0,295000.0,1.0,195.0,0
36.0,660.0,0.19675925925925927,3.0,6.56,1017.0,3300.0,12.0,12.0,1.0,6.0,10625.0,54000.0,12.0,203.0,1
36.0,680.0,0.20741508944775733,10.0,30.95,18887.0,57200.0,2.0,20.0,2.0,10.0,9600.0,46284.0,5.0,182.0,1
36.0,680.0,0.10053191489361703,6.0,14.31,29314.0,9850.0,2.0,2.0,7.0,7.0,9450.0,94000.0,2.0,215.0,1
60.0,740.0,0.37777777777777777,4.0,23.63,3036.0,7300.0,7.0,,2.0,1.0,17000.0,45000.0,85.0,178.0,1
60.0,665.0,0.4166666666666667,6.0,27.6,3778.0,32000.0,4.0,2.0,0.0,8.0,20000.0,48000.0,4.0,104.0,0
36.0,705.0,0.042352941176470586,3.0,28.77,4398.0,14000.0,4.0,20.0,0.0,6.0,3600.0,85000.0,5.0,146.0,0
36.0,670.0,0.175,6.0,19.47,47359.0,13300.0,11.0,8.0,4.0,5.0,35000.0,200000.0,13.0,217.0,1
36.0,675.0,0.253,2.0,14.35,3096.0,2500.0,5.0,,0.0,3.0,6325.0,25000.0,81.0,81.0,0
36.0,735.0,0.3888888888888889,7.0,18.33,16348.0,18400.0,6.0,6.0,9.0,4.0,14000.0,36000.0,20.0,201.0,1
36.0,670.0,0.14545454545454545,2.0,9.93,14939.0,4900.0,9.0,14.0,2.0,3.0,8000.0,55000.0,9.0,93.0,1
36.0,680.0,0.02358490566037736,6.0,16.57,13521.0,22000.0,1.0,1.0,5.0,12.0,2500.0,106000.0,26.0,177.0,0
36.0,705.0,0.12,11.0,17.08,1942.0,30100.0,0.0,0.0,0.0,8.0,6000.0,50000.0,2.0,106.0,0
36.0,670.0,0.23529411764705882,8.0,35.81,5954.0,12500.0,7.0,2.0,0.0,12.0,20000.0,85000.0,12.0,108.0,0
36.0,700.0,0.21428571428571427,2.0,6.73,4806.0,2900.0,7.0,7.0,3.0,6.0,6000.0,28000.0,7.0,175.0,0
36.0,680.0,0.3333333333333333,3.0,33.48,8925.0,20200.0,4.0,,1.0,9.0,10000.0,30000.0,4.0,83.0,1
60.0,675.0,0.16363636363636364,9.0,7.6,36691.0,12100.0,5.0,2.0,3.0,6.0,18000.0,110000.0,15.0,194.0,1
36.0,685.0,0.33136094674556216,4.0,15.23,2011.0,19000.0,10.0,2.0,0.0,10.0,22400.0,67600.0,16.0,120.0,0
36.0,660.0,0.23255813953488372,9.0,28.33,2434.0,9800.0,4.0,4.0,0.0,8.0,10000.0,43000.0,4.0,48.0,0
36.0,720.0,0.14,2.0,14.42,8693.0,7900.0,20.0,16.0,3.0,5.0,14000.0,100000.0,26.0,76.0,1
60.0,660.0,0.20588235294117646,3.0,37.36,8032.0,34900.0,3.0,3.0,0.0,7.0,14000.0,68000.0,97.0,269.0,0
60.0,715.0,0.2,3.0,30.14,25547.0,11000.0,0.0,4.0,4.0,3.0,16000.0,80000.0,0.0,180.0,1
36.0,690.0,0.1,,14.72,,,,,,,3000.0,30000.0,,,1
36.0,700.0,0.23809523809523808,2.0,13.2,5822.0,12800.0,6.0,6.0,6.0,4.0,10000.0,42000.0,6.0,436.0,1
36.0,710.0,0.41875,1.0,34.5,4225.0,29300.0,17.0,7.0,0.0,8.0,16750.0,40000.0,25.0,161.0,0
36.0,700.0,0.1046875,2.0,10.98,6153.0,7000.0,10.0,1.0,0.0,1.0,8375.0,80000.0,12.0,128.0,0
60.0,660.0,0.32,2.0,7.98,1490.0,7900.0,6.0,2.0,1.0,6.0,16000.0,50000.0,27.0,250.0,0
36.0,660.0,0.12444444444444444,,19.48,,,,,,,11200.0,90000.0,,,0
36.0,720.0,0.1,2.0,16.27,118063.0,31600.0,2.0,8.0,4.0,5.0,28000.0,280000.0,316.0,451.0,1
36.0,665.0,0.3125,6.0,30.3,2761.0,15300.0,1.0,10.0,0.0,9.0,20000.0,64000.0,74.0,124.0,0
36.0,685.0,0.09523809523809523,4.0,8.93,21687.0,7500.0,3.0,16.0,2.0,4.0,10000.0,105000.0,123.0,285.0,1
36.0,665.0,0.13541666666666666,1.0,28.4,3671.0,3750.0,1.0,7.0,0.0,5.0,6500.0,48000.0,37.0,158.0,0
36.0,670.0,0.4193722943722944,4.0,38.05,566.0,500.0,2.0,15.0,0.0,6.0,3875.0,9240.0,15.0,143.0,0
36.0,730.0,0.2631578947368421,1.0,6.95,1688.0,2500.0,14.0,14.0,0.0,1.0,5000.0,19000.0,43.0,43.0,0
36.0,770.0,0.20106276030446646,3.0,16.72,11511.0,9700.0,9.0,19.0,2.0,3.0,7000.0,34815.0,9.0,256.0,0
36.0,750.0,0.056074766355140186,6.0,10.27,11289.0,13700.0,14.0,3.0,4.0,5.0,6000.0,107000.0,14.0,197.0,1
60.0,660.0,0.4471428571428571,8.0,21.01,2477.0,8810.0,11.0,11.0,0.0,9.0,31300.0,70000.0,12.0,139.0,0
60.0,725.0,0.3684210526315789,7.0,35.27,9592.0,28300.0,5.0,12.0,6.0,11.0,28000.0,76000.0,12.0,191.0,1
36.0,690.0,0.022284122562674095,9.0,21.73,2551.0,10300.0,8.0,8.0,0.0,7.0,2000.0,89750.0,9.0,64.0,0
60.0,710.0,0.3888888888888889,6.0,18.44,35606.0,55300.0,3.0,2.0,3.0,4.0,35000.0,90000.0,5.0,133.0,1
36.0,675.0,0.22413793103448276,2.0,23.48,5137.0,8300.0,8.0,14.0,0.0,2.0,13000.0,58000.0,30.0,95.0,0
36.0,670.0,0.1025,4.0,20.64,32589.0,2500.0,5.0,0.0,3.0,6.0,5125.0,50000.0,20.0,183.0,1
36.0,790.0,0.24,3.0,10.37,509.0,39600.0,10.0,10.0,0.0,6.0,6000.0,25000.0,10.0,322.0,0
36.0,660.0,0.16,6.0,19.57,5918.0,10500.0,3.0,3.0,0.0,8.0,12000.0,75000.0,3.0,70.0,0
36.0,675.0,0.15914612797470637,9.0,20.01,27355.0,6100.0,1.0,1.0,5.0,6.0,15000.0,94253.0,5.0,277.0,1
36.0,665.0,0.12,9.0,22.66,13364.0,8000.0,2.0,1.0,2.0,3.0,6000.0,50000.0,2.0,292.0,1
36.0,670.0,0.14545454545454545,4.0,25.35,2112.0,16000.0,4.0,2.0,4.0,4.0,8000.0,55000.0,4.0,174.0,0
36.0,660.0,0.045714285714285714,6.0,26.76,18071.0,25050.0,2.0,1.0,1.0,17.0,3200.0,70000.0,8.0,326.0,1
36.0,670.0,0.39578280786849906,3.0,16.41,1248.0,4400.0,15.0,15.0,0.0,5.0,5875.0,14844.0,20.0,157.0,0
36.0,720.0,0.17647058823529413,4.0,20.97,2586.0,27400.0,4.0,8.0,0.0,5.0,15000.0,85000.0,4.0,408.0,1
36.0,695.0,0.055,5.0,16.26,21895.0,1500.0,1.0,1.0,1.0,4.0,2200.0,40000.0,20.0,201.0,0
36.0,740.0,0.16892961969719367,5.0,12.29,,10000.0,,16.0,0.0,,8000.0,47357.0,38.0,,0
36.0,705.0,0.43955472326258843,0.0,15.42,2060.0,12800.0,39.0,,2.0,3.0,8450.0,19224.0,39.0,254.0,0
36.0,710.0,0.33005863394555973,3.0,39.12,5444.0,8300.0,6.0,12.0,5.0,7.0,17000.0,51506.0,20.0,153.0,0
36.0,670.0,0.11627906976744186,6.0,10.05,2178.0,19700.0,2.0,3.0,0.0,5.0,10000.0,86000.0,2.0,72.0,0
36.0,735.0,0.11188811188811189,8.0,20.96,4345.0,22000.0,4.0,1.0,0.0,6.0,8000.0,71500.0,4.0,154.0,0
36.0,680.0,0.19047619047619047,2.0,12.71,12171.0,18800.0,20.0,3.0,0.0,2.0,20000.0,105000.0,20.0,184.0,1
36.0,765.0,0.22758620689655173,3.0,25.21,5713.0,33200.0,9.0,9.0,0.0,4.0,13200.0,58000.0,24.0,166.0,1
60.0,675.0,0.18867924528301888,4.0,31.91,31796.0,43500.0,7.0,1.0,6.0,9.0,20000.0,106000.0,7.0,179.0,1
36.0,720.0,0.2127659574468085,,11.29,,,,,,,10000.0,47000.0,,,1
60.0,690.0,0.1346153846153846,4.0,15.9,23159.0,52700.0,11.0,11.0,5.0,15.0,35000.0,260000.0,16.0,339.0,1
60.0,680.0,0.47941176470588237,3.0,33.36,2982.0,30900.0,6.0,1.0,0.0,13.0,16300.0,34000.0,20.0,198.0,0
36.0,685.0,0.2,2.0,8.76,3440.0,20600.0,16.0,0.0,0.0,7.0,24000.0,120000.0,16.0,85.0,0
60.0,680.0,0.4,4.0,25.39,4630.0,8000.0,6.0,2.0,0.0,6.0,18000.0,45000.0,20.0,303.0,1
60.0,755.0,0.3142857142857143,,18.45,,,,,,,22000.0,70000.0,,,1
36.0,710.0,0.09411764705882353,1.0,15.17,19382.0,4300.0,7.0,8.0,1.0,1.0,4000.0,42500.0,36.0,115.0,1
36.0,680.0,0.125,3.0,20.25,1583.0,3500.0,10.0,10.0,0.0,7.0,3000.0,24000.0,20.0,222.0,0
60.0,675.0,0.26821428571428574,4.0,7.17,15917.0,15400.0,3.0,9.0,5.0,5.0,18775.0,70000.0,3.0,208.0,1
36.0,670.0,0.34,7.0,10.19,1120.0,13800.0,3.0,9.0,0.0,7.0,11900.0,35000.0,9.0,66.0,0
60.0,765.0,0.07692307692307693,,13.82,,,,,,,10000.0,130000.0,,,1
60.0,705.0,0.23333333333333334,5.0,22.13,29238.0,33000.0,12.0,0.0,1.0,10.0,35000.0,150000.0,19.0,178.0,1
36.0,705.0,0.18666666666666668,4.0,19.68,11618.0,29800.0,3.0,3.0,2.0,22.0,14000.0,75000.0,3.0,243.0,1
36.0,685.0,0.24390243902439024,1.0,14.43,12252.0,20900.0,15.0,20.0,4.0,5.0,10000.0,41000.0,47.0,197.0,0
36.0,670.0,0.15625,5.0,9.68,522.0,14400.0,6.0,18.0,2.0,8.0,5000.0,32000.0,7.0,167.0,0
36.0,730.0,0.06888888888888889,2.0,10.05,10982.0,14000.0,3.0,0.0,1.0,6.0,3100.0,45000.0,3.0,188.0,1
36.0,680.0,0.12817883511074651,0.0,9.44,34385.0,7000.0,29.0,4.0,1.0,3.0,10000.0,78016.0,103.0,274.0,1
36.0,660.0,0.06896551724137931,6.0,1.72,391.0,9800.0,0.0,1.0,3.0,3.0,5000.0,72500.0,0.0,287.0,1
60.0,710.0,0.4489795918367347,4.0,11.71,2480.0,22500.0,18.0,,0.0,6.0,22000.0,49000.0,18.0,525.0,0
36.0,665.0,0.13333333333333333,0.0,7.61,3140.0,38626.0,43.0,6.0,3.0,6.0,12000.0,90000.0,43.0,151.0,0
36.0,670.0,0.319,9.0,33.73,6026.0,32500.0,2.0,9.0,0.0,5.0,15950.0,50000.0,2.0,40.0,0
60.0,675.0,0.25869565217391305,8.0,18.31,2050.0,11400.0,8.0,8.0,0.0,6.0,11900.0,46000.0,14.0,112.0,0
60.0,705.0,0.3115618758297353,3.0,8.94,47416.0,5000.0,3.0,3.0,7.0,4.0,26050.0,83611.0,7.0,156.0,1
60.0,675.0,0.21818181818181817,5.0,29.89,5017.0,8200.0,7.0,7.0,0.0,7.0,12000.0,55000.0,64.0,98.0,0
60.0,695.0,0.2777777777777778,0.0,24.09,44392.0,15000.0,33.0,1.0,2.0,3.0,25000.0,90000.0,91.0,759.0,1
36.0,680.0,0.125,8.0,16.88,12012.0,37000.0,4.0,14.0,0.0,10.0,12000.0,96000.0,4.0,167.0,1
36.0,705.0,0.19696969696969696,11.0,24.76,3675.0,12900.0,1.0,,0.0,5.0,6500.0,33000.0,4.0,151.0,0
36.0,670.0,0.05583333333333333,3.0,20.14,21735.0,14299.0,8.0,1.0,1.0,8.0,3350.0,60000.0,8.0,86.0,1
36.0,735.0,0.35714285714285715,4.0,19.13,7510.0,10300.0,6.0,0.0,2.0,3.0,25000.0,70000.0,79.0,244.0,0
36.0,715.0,0.35714285714285715,7.0,26.9,4912.0,24900.0,2.0,9.0,0.0,10.0,25000.0,70000.0,11.0,174.0,0
60.0,695.0,0.12743362831858407,6.0,22.58,22405.0,19400.0,3.0,3.0,1.0,12.0,14400.0,113000.0,10.0,135.0,1
36.0,690.0,0.3333333333333333,1.0,29.52,2724.0,10900.0,19.0,,0.0,6.0,10000.0,30000.0,28.0,74.0,0
36.0,665.0,0.13279624629277145,8.0,19.23,2800.0,11900.0,3.0,1.0,0.0,6.0,6000.0,45182.0,3.0,131.0,0
60.0,690.0,0.18817567567567567,4.0,21.05,2564.0,16800.0,8.0,12.0,3.0,13.0,13925.0,74000.0,8.0,220.0,1
36.0,670.0,0.15,4.0,21.13,,16500.0,,2.0,0.0,,12000.0,80000.0,78.0,,0
36.0,685.0,0.12,5.0,9.7,438.0,21800.0,6.0,4.0,2.0,5.0,6000.0,50000.0,6.0,101.0,0
36.0,700.0,0.31746031746031744,6.0,11.96,16844.0,72100.0,4.0,15.0,3.0,8.0,40000.0,126000.0,4.0,399.0,1
60.0,700.0,0.27586206896551724,0.0,8.49,12272.0,28600.0,27.0,24.0,3.0,6.0,16000.0,58000.0,36.0,165.0,1
36.0,675.0,0.05555555555555555,6.0,19.05,32244.0,33500.0,4.0,8.0,4.0,11.0,5000.0,90000.0,12.0,159.0,1
36.0,675.0,0.19375,4.0,17.52,2992.0,13300.0,8.0,7.0,2.0,7.0,11625.0,60000.0,8.0,209.0,0
36.0,680.0,0.08359375,1.0,18.67,7006.0,34400.0,22.0,22.0,2.0,5.0,5350.0,64000.0,22.0,234.0,0
36.0,720.0,0.2,4.0,33.56,9738.0,4000.0,8.0,8.0,0.0,2.0,10000.0,50000.0,21.0,21.0,1
60.0,700.0,0.3,3.0,20.46,4152.0,17400.0,4.0,4.0,0.0,4.0,12000.0,40000.0,5.0,69.0,0
60.0,695.0,0.15789473684210525,5.0,12.01,6989.0,5500.0,8.0,9.0,0.0,3.0,15000.0,95000.0,21.0,92.0,0
60.0,695.0,0.2808988764044944,1.0,20.75,35175.0,13300.0,21.0,17.0,5.0,4.0,25000.0,89000.0,45.0,269.0,1
60.0,680.0,0.2545454545454545,3.0,24.77,9450.0,15000.0,7.0,20.0,1.0,12.0,14000.0,55000.0,25.0,141.0,1
36.0,680.0,0.27864156663434425,4.0,27.34,14516.0,8000.0,1.0,1.0,2.0,4.0,8000.0,28710.72,1.0,144.0,0
36.0,660.0,0.1411764705882353,5.0,23.13,9881.0,6600.0,3.0,7.0,0.0,5.0,12000.0,85000.0,9.0,108.0,0
36.0,765.0,0.26666666666666666,5.0,17.71,1798.0,47400.0,3.0,22.0,0.0,3.0,8000.0,30000.0,3.0,192.0,0
60.0,675.0,0.2,5.0,24.48,3316.0,28000.0,1.0,0.0,0.0,9.0,14000.0,70000.0,8.0,126.0,0
36.0,690.0,0.27586206896551724,4.0,8.9,3317.0,32500.0,3.0,1.0,0.0,6.0,24000.0,87000.0,3.0,208.0,1
36.0,720.0,0.45,0.0,15.13,2247.0,11000.0,46.0,,0.0,4.0,12600.0,28000.0,66.0,327.0,0
36.0,750.0,0.19310344827586207,3.0,16.41,29721.0,89500.0,15.0,,2.0,5.0,28000.0,145000.0,59.0,314.0,0
36.0,685.0,0.24025974025974026,6.0,22.18,21903.0,44400.0,4.0,4.0,2.0,6.0,18500.0,77000.0,4.0,165.0,1
36.0,815.0,0.08727272727272728,5.0,15.03,14857.0,88900.0,2.0,19.0,2.0,8.0,9600.0,110000.0,30.0,261.0,1
36.0,690.0,0.2,3.0,2.24,21983.0,1000.0,3.0,21.0,1.0,2.0,6000.0,30000.0,21.0,185.0,1
36.0,660.0,0.08243801652892561,2.0,14.34,9852.0,1600.0,2.0,2.0,0.0,5.0,9975.0,121000.0,84.0,105.0,0
60.0,665.0,0.33166666666666667,2.0,22.08,21304.0,3700.0,2.0,19.0,3.0,6.0,29850.0,90000.0,2.0,249.0,1
36.0,680.0,0.125,2.0,20.73,2612.0,24600.0,17.0,,0.0,9.0,6000.0,48000.0,17.0,203.0,0
36.0,775.0,0.22028688524590165,2.0,7.87,0.0,5900.0,2.0,,0.0,0.0,4300.0,19520.0,9.0,204.0,0
36.0,660.0,0.2352883387366146,1.0,31.41,4104.0,3000.0,15.0,15.0,4.0,4.0,11975.0,50895.0,41.0,218.0,0
60.0,720.0,0.10912698412698413,,19.85,,,,,,,4400.0,40320.0,,,1
36.0,715.0,0.12173913043478261,6.0,30.37,3998.0,12100.0,9.0,12.0,2.0,7.0,11200.0,92000.0,19.0,351.0,1
36.0,715.0,0.20121302710626923,4.0,5.5,33001.0,25900.0,7.0,4.0,1.0,3.0,14000.0,69578.0,10.0,152.0,1
60.0,670.0,0.140625,4.0,20.48,32439.0,6800.0,4.0,,1.0,5.0,18000.0,128000.0,49.0,233.0,1
60.0,665.0,0.14285714285714285,19.0,9.44,15760.0,7900.0,2.0,6.0,4.0,7.0,21000.0,147000.0,2.0,113.0,1
36.0,670.0,0.20930232558139536,0.0,15.88,8181.0,10700.0,35.0,8.0,0.0,2.0,9000.0,43000.0,43.0,166.0,0
36.0,660.0,0.25,6.0,28.43,2556.0,11300.0,3.0,2.0,0.0,9.0,8000.0,32000.0,3.0,49.0,0
36.0,660.0,0.10434782608695652,4.0,17.64,34602.0,5900.0,8.0,9.0,4.0,2.0,12000.0,115000.0,30.0,349.0,1
60.0,685.0,0.29411764705882354,9.0,20.68,4273.0,10800.0,3.0,4.0,2.0,3.0,10000.0,34000.0,24.0,114.0,1
60.0,725.0,0.3684210526315789,2.0,31.26,70281.0,56800.0,9.0,17.0,2.0,4.0,35000.0,95000.0,113.0,260.0,1
36.0,660.0,0.10612244897959183,7.0,8.06,3671.0,11000.0,1.0,13.0,0.0,6.0,10400.0,98000.0,1.0,24.0,1
36.0,705.0,0.16842105263157894,3.0,10.61,35531.0,7300.0,10.0,0.0,5.0,4.0,16000.0,95000.0,23.0,151.0,1
60.0,685.0,0.3333333333333333,2.0,15.2,30869.0,9800.0,2.0,4.0,3.0,4.0,15000.0,45000.0,29.0,115.0,1
36.0,665.0,0.03571428571428571,5.0,38.66,7845.0,7000.0,4.0,4.0,0.0,7.0,2000.0,56000.0,57.0,224.0,0
36.0,730.0,0.10795444322495906,9.0,15.5,6272.0,8500.0,5.0,4.0,4.0,5.0,12000.0,111158.0,15.0,100.0,1
36.0,740.0,0.1282051282051282,1.0,22.09,6447.0,47600.0,17.0,2.0,0.0,2.0,10000.0,78000.0,17.0,123.0,0
36.0,730.0,0.2257745882637531,3.0,34.75,15446.0,17000.0,5.0,,1.0,3.0,11200.0,49607.0,27.0,202.0,0
36.0,710.0,0.22435897435897437,2.0,10.12,659.0,14900.0,8.0,23.0,0.0,8.0,8750.0,39000.0,8.0,339.0,0
60.0,695.0,0.4,4.0,13.2,3402.0,14100.0,5.0,4.0,1.0,5.0,30000.0,75000.0,5.0,92.0,1
36.0,695.0,0.1411764705882353,2.0,21.32,20515.0,74500.0,16.0,16.0,6.0,11.0,12000.0,85000.0,73.0,385.0,1
36.0,725.0,0.29411764705882354,2.0,22.57,7406.0,3000.0,21.0,21.0,0.0,3.0,20000.0,68000.0,30.0,34.0,0
60.0,695.0,0.4166666666666667,3.0,10.44,21560.0,54900.0,11.0,,3.0,7.0,35000.0,84000.0,23.0,337.0,1
36.0,740.0,0.22666666666666666,5.0,9.72,27125.0,36500.0,4.0,6.0,3.0,3.0,20400.0,90000.0,4.0,226.0,1
60.0,665.0,0.5,6.0,18.55,11127.0,27800.0,6.0,6.0,3.0,9.0,25000.0,50000.0,19.0,167.0,1
36.0,700.0,0.2549019607843137,4.0,9.62,1609.0,9400.0,1.0,17.0,0.0,3.0,13000.0,51000.0,1.0,67.0,0
60.0,680.0,0.21212121212121213,10.0,20.65,24424.0,86500.0,2.0,2.0,4.0,9.0,35000.0,165000.0,18.0,303.0,1
36.0,670.0,0.2,,22.77,,,,,,,7000.0,35000.0,,,0
36.0,775.0,0.0375,5.0,6.47,20792.0,47100.0,7.0,14.0,3.0,4.0,3000.0,80000.0,7.0,278.0,1
36.0,675.0,0.031914893617021274,2.0,14.45,2466.0,4900.0,12.0,,1.0,6.0,1500.0,47000.0,37.0,116.0,0
36.0,685.0,0.03076923076923077,1.0,5.98,9561.0,54000.0,8.0,3.0,0.0,2.0,2000.0,65000.0,8.0,312.0,0
36.0,755.0,0.14285714285714285,3.0,8.74,1273.0,5200.0,7.0,7.0,0.0,3.0,5000.0,35000.0,11.0,53.0,0
36.0,750.0,0.28888888888888886,3.0,13.79,11603.0,48300.0,1.0,,2.0,4.0,13000.0,45000.0,16.0,194.0,1
60.0,720.0,0.18461538461538463,,14.16,,,,,,,12000.0,65000.0,,,1
36.0,825.0,0.1111111111111111,4.0,17.16,5986.0,64000.0,7.0,8.0,2.0,3.0,10000.0,90000.0,7.0,246.0,0
36.0,665.0,0.35,5.0,27.79,3409.0,1900.0,1.0,5.0,4.0,6.0,10325.0,29500.0,1.0,168.0,0
36.0,665.0,0.29838709677419356,,19.9,,,,,,,9250.0,31000.0,,,0
36.0,695.0,0.15625,5.0,20.67,17445.0,13200.0,1.0,0.0,1.0,2.0,5000.0,32000.0,7.0,84.0,0
36.0,675.0,0.12143140364789849,5.0,7.11,12474.0,8300.0,10.0,1.0,0.0,1.0,4900.0,40352.0,12.0,92.0,0
36.0,770.0,0.17751479289940827,1.0,8.45,3672.0,30000.0,9.0,5.0,2.0,5.0,15000.0,84500.0,9.0,177.0,0
36.0,735.0,0.2222222222222222,2.0,4.35,27147.0,12900.0,14.0,,3.0,2.0,20000.0,90000.0,49.0,121.0,1
60.0,685.0,0.36585365853658536,0.0,13.64,1784.0,11700.0,34.0,1.0,0.0,9.0,15000.0,41000.0,34.0,227.0,0
60.0,660.0,0.3,4.0,17.85,24285.0,3000.0,2.0,,2.0,3.0,17550.0,58500.0,36.0,162.0,1
60.0,660.0,0.16666666666666666,1.0,5.12,2189.0,8700.0,5.0,1.0,0.0,2.0,20000.0,120000.0,156.0,190.0,0
60.0,700.0,0.2914285714285714,4.0,25.1,22361.0,16800.0,1.0,0.0,2.0,6.0,20400.0,70000.0,8.0,315.0,1
36.0,740.0,0.2641509433962264,8.0,21.9,5530.0,74000.0,16.0,0.0,0.0,5.0,28000.0,106000.0,16.0,188.0,0
60.0,705.0,0.30952380952380953,7.0,23.43,15723.0,17200.0,8.0,8.0,1.0,7.0,19500.0,63000.0,13.0,172.0,1
60.0,675.0,0.10638297872340426,2.0,10.85,5295.0,8600.0,5.0,1.0,1.0,3.0,10000.0,94000.0,55.0,180.0,1
36.0,685.0,0.3036144578313253,3.0,24.0,11046.0,21400.0,16.0,3.0,3.0,9.0,25200.0,83000.0,30.0,103.0,1
36.0,740.0,0.23880597014925373,5.0,15.92,20636.0,41500.0,7.0,10.0,4.0,0.0,16000.0,67000.0,10.0,220.0,1
60.0,680.0,0.22702702702702704,7.0,21.96,9106.0,43600.0,4.0,7.0,4.0,10.0,21000.0,92500.0,4.0,150.0,1
36.0,745.0,0.23529411764705882,0.0,24.51,11253.0,75900.0,35.0,,4.0,8.0,20000.0,85000.0,49.0,375.0,1
36.0,685.0,0.16964285714285715,5.0,23.63,22287.0,17800.0,2.0,5.0,1.0,6.0,7125.0,42000.0,2.0,269.0,1
36.0,685.0,0.04067796610169491,2.0,12.51,5582.0,4000.0,24.0,,0.0,2.0,2400.0,59000.0,39.0,129.0,1
36.0,695.0,0.1,,11.13,,,,,,,4000.0,40000.0,,,0
36.0,675.0,0.09875,5.0,5.77,39064.0,4800.0,5.0,0.0,1.0,3.0,11850.0,120000.0,9.0,101.0,1
36.0,740.0,0.275,2.0,9.59,50803.0,7000.0,14.0,14.0,1.0,2.0,22000.0,80000.0,77.0,95.0,1
36.0,690.0,0.10416666666666667,4.0,3.75,730.0,4500.0,18.0,6.0,0.0,1.0,2500.0,24000.0,18.0,64.0,0
36.0,780.0,0.16666666666666666,3.0,10.3,8121.0,34600.0,10.0,2.0,1.0,4.0,8000.0,48000.0,23.0,166.0,1
60.0,690.0,0.15294117647058825,10.0,13.75,12459.0,10600.0,2.0,1.0,1.0,6.0,13000.0,85000.0,2.0,104.0,1
36.0,705.0,0.3146067415730337,2.0,9.6,13847.0,33400.0,4.0,4.0,6.0,6.0,14000.0,44500.0,4.0,331.0,1
36.0,690.0,0.152,2.0,21.76,35514.0,5000.0,2.0,,3.0,4.0,19000.0,125000.0,149.0,370.0,1
36.0,705.0,0.3301056338028169,0.0,6.82,397.0,2000.0,39.0,,1.0,5.0,9000.0,27264.0,94.0,219.0,1
36.0,685.0,0.5,6.0,24.5,2796.0,26300.0,2.0,4.0,4.0,3.0,18000.0,36000.0,28.0,303.0,1
36.0,660.0,0.09267268009390832,1.0,8.71,31770.0,500.0,8.0,7.0,6.0,1.0,3000.0,32372.0,8.0,252.0,1
60.0,715.0,0.21052631578947367,6.0,35.43,16506.0,16700.0,3.0,12.0,2.0,2.0,20000.0,95000.0,3.0,217.0,1
36.0,665.0,0.25,6.0,15.32,11408.0,23100.0,3.0,3.0,4.0,9.0,15000.0,60000.0,12.0,274.0,0
36.0,705.0,0.32903225806451614,6.0,29.56,5645.0,41800.0,9.0,0.0,4.0,19.0,20400.0,62000.0,9.0,174.0,1
36.0,680.0,0.07868421052631579,9.0,12.17,2429.0,3800.0,4.0,3.0,0.0,5.0,7475.0,95000.0,4.0,323.0,0
36.0,660.0,0.16,8.0,16.51,15082.0,10000.0,11.0,9.0,4.0,6.0,8000.0,50000.0,17.0,152.0,1
36.0,675.0,0.22702702702702704,5.0,25.83,13638.0,38300.0,4.0,11.0,5.0,19.0,21000.0,92500.0,4.0,111.0,1
60.0,695.0,0.2714505908545984,3.0,19.98,24852.0,5800.0,1.0,1.0,2.0,5.0,15850.0,58390.0,16.0,149.0,0
60.0,680.0,0.3457692307692308,6.0,38.52,9360.0,5000.0,1.0,5.0,5.0,2.0,22475.0,65000.0,6.0,155.0,1
36.0,705.0,0.3888888888888889,3.0,15.71,2668.0,58300.0,17.0,2.0,4.0,7.0,35000.0,90000.0,17.0,198.0,0
36.0,675.0,0.2,6.0,28.58,22609.0,0.0,1.0,2.0,2.0,5.0,12000.0,60000.0,,33.0,1
60.0,775.0,0.4431818181818182,1.0,21.63,4241.0,46900.0,15.0,15.0,2.0,5.0,19500.0,44000.0,26.0,162.0,1
36.0,710.0,0.09423294383716548,1.0,29.82,4131.0,22600.0,23.0,6.0,1.0,4.0,3000.0,31836.0,23.0,319.0,1
60.0,670.0,0.15328467153284672,3.0,26.41,5550.0,54400.0,6.0,0.0,2.0,11.0,21000.0,137000.0,49.0,245.0,0
60.0,680.0,0.36,11.0,27.84,13122.0,26800.0,8.0,8.0,3.0,9.0,27000.0,75000.0,14.0,156.0,1
36.0,720.0,0.34285714285714286,,18.38,,,,,,,12000.0,35000.0,,,0
36.0,670.0,0.17857142857142858,2.0,13.37,4204.0,13600.0,18.0,11.0,0.0,4.0,10000.0,56000.0,64.0,196.0,1
36.0,720.0,0.22067307692307692,4.0,11.9,13007.0,45000.0,5.0,1.0,2.0,5.0,11475.0,52000.0,5.0,112.0,1
36.0,710.0,0.3111111111111111,2.0,21.72,52757.0,88800.0,1.0,7.0,5.0,6.0,28000.0,90000.0,119.0,248.0,1
36.0,695.0,0.19444444444444445,3.0,7.73,10149.0,14000.0,11.0,0.0,3.0,4.0,7000.0,36000.0,19.0,163.0,1
36.0,685.0,0.16279069767441862,6.0,24.25,18085.0,7500.0,7.0,17.0,1.0,4.0,7000.0,43000.0,16.0,201.0,1
36.0,695.0,0.40404040404040403,2.0,11.2,2335.0,12900.0,21.0,13.0,0.0,6.0,20000.0,49500.0,28.0,232.0,0
36.0,665.0,0.19607843137254902,7.0,10.33,2337.0,8000.0,11.0,7.0,0.0,6.0,10000.0,51000.0,11.0,24.0,0
36.0,660.0,0.16956521739130434,1.0,23.77,1904.0,3500.0,2.0,2.0,0.0,4.0,7800.0,46000.0,34.0,132.0,0
60.0,745.0,0.5,9.0,20.03,11472.0,41900.0,4.0,2.0,3.0,0.0,26000.0,52000.0,7.0,101.0,1
36.0,665.0,0.15384615384615385,4.0,15.78,26829.0,11100.0,9.0,0.0,3.0,5.0,6000.0,39000.0,73.0,269.0,1
36.0,685.0,0.16,5.0,14.4,7347.0,12800.0,9.0,16.0,1.0,4.0,6400.0,40000.0,9.0,75.0,1
36.0,680.0,0.24,6.0,22.13,2151.0,21800.0,5.0,1.0,2.0,5.0,12000.0,50000.0,19.0,387.0,0
36.0,665.0,0.125,6.0,34.1,26352.0,11800.0,4.0,4.0,2.0,7.0,6000.0,48000.0,6.0,306.0,1
60.0,710.0,0.2966666666666667,3.0,33.07,4129.0,5000.0,18.0,3.0,0.0,3.0,13350.0,45000.0,49.0,103.0,1
60.0,680.0,0.10909090909090909,5.0,13.93,5639.0,11800.0,9.0,4.0,0.0,5.0,12000.0,110000.0,10.0,70.0,1
36.0,660.0,0.26666666666666666,6.0,19.18,23012.0,29600.0,3.0,3.0,4.0,6.0,20000.0,75000.0,3.0,141.0,1
36.0,670.0,0.12,8.0,25.79,1875.0,10700.0,2.0,17.0,0.0,11.0,6000.0,50000.0,2.0,168.0,0
36.0,700.0,0.04,0.0,12.91,4286.0,20300.0,30.0,,3.0,3.0,8000.0,200000.0,135.0,340.0,1
36.0,735.0,0.21645021645021645,,8.23,,,,,,,10000.0,46200.0,,,0
36.0,665.0,0.2222222222222222,6.0,13.6,2454.0,5500.0,1.0,,0.0,4.0,6000.0,27000.0,1.0,122.0,0
60.0,720.0,0.1549522746993926,3.0,17.19,11829.0,2200.0,8.0,8.0,1.0,7.0,15000.0,96804.0,65.0,185.0,1
36.0,665.0,0.238,10.0,7.3,25707.0,6900.0,4.0,4.0,3.0,4.0,5950.0,25000.0,9.0,177.0,1
60.0,675.0,0.18333333333333332,6.0,12.4,4367.0,15700.0,6.0,6.0,0.0,4.0,11000.0,60000.0,14.0,193.0,0
36.0,665.0,0.18,5.0,12.22,22832.0,14200.0,2.0,2.0,4.0,4.0,18000.0,100000.0,33.0,249.0,1
36.0,665.0,0.02830188679245283,3.0,23.33,2806.0,10800.0,1.0,1.0,0.0,8.0,3000.0,106000.0,57.0,214.0,0
36.0,675.0,0.15781772575250835,6.0,18.64,17709.0,5100.0,3.0,1.0,1.0,6.0,7550.0,47840.0,3.0,64.0,1
60.0,675.0,0.2916666666666667,5.0,10.86,14673.0,16000.0,1.0,1.0,2.0,7.0,28000.0,96000.0,1.0,159.0,1
36.0,670.0,0.12,9.0,8.19,1445.0,11300.0,1.0,0.0,5.0,4.0,6000.0,50000.0,1.0,227.0,0
36.0,675.0,0.2,4.0,25.32,29376.0,5100.0,11.0,11.0,2.0,4.0,10000.0,50000.0,12.0,54.0,1
36.0,665.0,0.2170138888888889,8.0,30.78,1748.0,6900.0,6.0,1.0,0.0,8.0,5000.0,23040.0,14.0,43.0,0
36.0,670.0,0.032857142857142856,2.0,11.78,29248.0,12600.0,11.0,1.0,1.0,4.0,2300.0,70000.0,22.0,90.0,1
36.0,665.0,0.04390243902439024,9.0,20.46,6058.0,2600.0,1.0,0.0,0.0,8.0,1800.0,41000.0,37.0,98.0,0
36.0,675.0,0.18571428571428572,8.0,28.32,12868.0,22800.0,6.0,5.0,3.0,8.0,13000.0,70000.0,6.0,179.0,1
36.0,685.0,0.3225806451612903,1.0,33.79,3329.0,7900.0,5.0,5.0,0.0,8.0,10000.0,31000.0,34.0,140.0,0
36.0,670.0,0.046242774566473986,5.0,11.96,17216.0,27000.0,11.0,14.0,3.0,4.0,4000.0,86500.0,11.0,144.0,1
36.0,705.0,0.033444816053511704,3.0,31.37,4755.0,14600.0,13.0,19.0,0.0,7.0,2000.0,59800.0,24.0,97.0,0
60.0,685.0,0.092125,1.0,6.61,45032.0,6100.0,9.0,9.0,5.0,4.0,18425.0,200000.0,9.0,190.0,1
36.0,675.0,0.19736842105263158,5.0,20.59,8839.0,9000.0,1.0,1.0,1.0,4.0,7500.0,38000.0,22.0,99.0,1
36.0,660.0,0.27555555555555555,5.0,38.27,12166.0,4300.0,8.0,9.0,7.0,8.0,12400.0,45000.0,11.0,103.0,1
36.0,675.0,0.156875,8.0,26.22,23661.0,1500.0,4.0,14.0,4.0,3.0,6275.0,40000.0,4.0,219.0,1
36.0,715.0,0.08928571428571429,0.0,13.16,4685.0,5000.0,68.0,,0.0,1.0,5000.0,56000.0,68.0,160.0,0
36.0,735.0,0.30303030303030304,4.0,10.2,2356.0,37600.0,7.0,20.0,0.0,3.0,20000.0,66000.0,7.0,142.0,0
36.0,720.0,0.24390243902439024,3.0,24.73,5872.0,48200.0,3.0,3.0,3.0,4.0,20000.0,82000.0,43.0,259.0,1
36.0,670.0,0.3333333333333333,13.0,33.19,4101.0,37800.0,2.0,6.0,0.0,19.0,30000.0,90000.0,2.0,137.0,1
36.0,680.0,0.12,3.0,8.65,55551.0,4500.0,12.0,13.0,3.0,3.0,18000.0,150000.0,46.0,135.0,1
36.0,675.0,0.11684518013631938,7.0,6.34,920.0,6400.0,3.0,10.0,0.0,9.0,12000.0,102700.0,20.0,115.0,0
60.0,725.0,0.4903385151823333,6.0,12.51,16245.0,22100.0,3.0,3.0,2.0,7.0,13500.0,27532.0,5.0,60.0,1
36.0,705.0,0.4,3.0,20.36,11474.0,35200.0,11.0,,3.0,13.0,20000.0,50000.0,12.0,293.0,1
36.0,660.0,0.30357142857142855,7.0,34.18,23768.0,2500.0,10.0,1.0,2.0,4.0,17000.0,56000.0,10.0,97.0,1
36.0,670.0,0.09032258064516129,8.0,26.25,20932.0,31200.0,2.0,2.0,3.0,7.0,5600.0,62000.0,2.0,263.0,1
36.0,660.0,0.43025332794430177,1.0,10.53,11430.0,23400.0,20.0,0.0,1.0,9.0,33000.0,76699.0,20.0,94.0,1
36.0,660.0,0.08470588235294117,5.0,5.48,14295.0,6200.0,3.0,7.0,2.0,4.0,3600.0,42500.0,4.0,108.0,1
60.0,685.0,0.22784810126582278,1.0,7.35,6264.0,13100.0,5.0,5.0,0.0,5.0,18000.0,79000.0,5.0,189.0,0
36.0,740.0,0.26785714285714285,,19.2,,,,,,,15000.0,56000.0,,,0
36.0,680.0,0.3003003003003003,1.0,23.6,5261.0,35000.0,1.0,9.0,0.0,4.0,20000.0,66600.0,55.0,133.0,0
36.0,700.0,0.08333333333333333,5.0,7.94,19411.0,15400.0,2.0,5.0,1.0,4.0,5000.0,60000.0,2.0,164.0,1
36.0,685.0,0.06666666666666667,4.0,5.32,37292.0,10200.0,1.0,20.0,4.0,12.0,8000.0,120000.0,1.0,173.0,1
36.0,670.0,0.1392857142857143,5.0,9.39,751.0,1000.0,6.0,9.0,1.0,4.0,3900.0,28000.0,6.0,103.0,1
36.0,665.0,0.14545454545454545,1.0,4.63,635.0,7400.0,24.0,10.0,1.0,4.0,8000.0,55000.0,26.0,178.0,0
36.0,740.0,0.49310344827586206,9.0,13.45,,16700.0,,4.0,0.0,,14300.0,29000.0,14.0,,1
36.0,750.0,0.09523809523809523,7.0,21.41,3905.0,38900.0,10.0,13.0,0.0,7.0,10000.0,105000.0,10.0,112.0,0
36.0,710.0,0.18333333333333332,2.0,28.32,6762.0,25100.0,10.0,4.0,2.0,9.0,5500.0,30000.0,10.0,131.0,1
36.0,665.0,0.20626657499263334,8.0,11.36,2395.0,7200.0,3.0,1.0,6.0,5.0,16800.0,81448.0,16.0,273.0,1
36.0,745.0,0.12962962962962962,4.0,7.6,34237.0,26000.0,2.0,1.0,2.0,3.0,7000.0,54000.0,7.0,97.0,0
60.0,665.0,0.4197916666666667,6.0,18.95,42757.0,14500.0,2.0,7.0,2.0,3.0,30225.0,72000.0,21.0,263.0,0
60.0,715.0,0.17647058823529413,,9.35,,,,,,,12000.0,68000.0,,,1
36.0,685.0,0.12,10.0,19.72,2851.0,29700.0,2.0,2.0,0.0,11.0,12000.0,100000.0,2.0,71.0,0
36.0,670.0,0.2,10.0,37.95,10355.0,6700.0,4.0,7.0,0.0,4.0,10000.0,50000.0,41.0,87.0,0
60.0,670.0,0.3018867924528302,21.0,30.1,2453.0,20030.0,6.0,4.0,0.0,26.0,16000.0,53000.0,13.0,251.0,0
36.0,680.0,0.02909090909090909,6.0,2.59,1964.0,21400.0,5.0,4.0,1.0,9.0,16000.0,550000.0,8.0,233.0,0
60.0,715.0,0.35,9.0,17.36,10562.0,22600.0,1.0,1.0,2.0,7.0,28000.0,80000.0,1.0,116.0,1
60.0,715.0,0.3023758099352052,5.0,21.17,24342.0,60800.0,18.0,0.0,5.0,6.0,28000.0,92600.0,21.0,164.0,1
60.0,660.0,0.27631578947368424,4.0,18.6,1804.0,5600.0,4.0,0.0,0.0,4.0,10500.0,38000.0,12.0,73.0,0
36.0,670.0,0.15789473684210525,9.0,15.95,7318.0,3800.0,1.0,5.0,1.0,7.0,6000.0,38000.0,6.0,241.0,1
36.0,710.0,0.15384615384615385,5.0,30.89,20881.0,31600.0,7.0,0.0,1.0,5.0,10000.0,65000.0,7.0,266.0,0
36.0,675.0,0.2,4.0,29.67,9836.0,8500.0,11.0,21.0,1.0,5.0,10000.0,50000.0,21.0,75.0,1
36.0,695.0,0.13125,8.0,19.84,3796.0,42400.0,9.0,7.0,1.0,6.0,21000.0,160000.0,11.0,151.0,0
60.0,685.0,0.1,4.0,15.36,25321.0,13050.0,5.0,5.0,1.0,7.0,12000.0,120000.0,17.0,216.0,1
36.0,690.0,0.06930693069306931,6.0,13.0,1811.0,9600.0,8.0,8.0,0.0,6.0,7000.0,101000.0,8.0,334.0,0
36.0,660.0,0.2175,10.0,29.47,697.0,13950.0,3.0,1.0,0.0,15.0,4350.0,20000.0,4.0,154.0,0
60.0,685.0,0.355188679245283,4.0,31.54,9388.0,15300.0,2.0,14.0,4.0,3.0,18825.0,53000.0,12.0,82.0,1
36.0,680.0,0.4,6.0,10.88,16192.0,17100.0,8.0,9.0,6.0,3.0,30000.0,75000.0,8.0,141.0,1
36.0,665.0,0.14769957905619968,8.0,9.6,26853.0,31200.0,3.0,0.0,2.0,7.0,20000.0,135410.0,4.0,151.0,1
36.0,660.0,0.08048289738430583,4.0,5.0,15741.0,3800.0,7.0,14.0,2.0,6.0,8000.0,99400.0,15.0,228.0,0
36.0,695.0,0.11627906976744186,4.0,9.73,14179.0,47000.0,8.0,0.0,5.0,18.0,25000.0,215000.0,8.0,328.0,1
36.0,660.0,0.36,1.0,33.32,4382.0,1000.0,15.0,0.0,3.0,7.0,9000.0,25000.0,26.0,242.0,1
60.0,680.0,0.4598684210526316,1.0,34.37,2232.0,16300.0,5.0,5.0,0.0,12.0,17475.0,38000.0,5.0,221.0,1
36.0,685.0,0.05454545454545454,3.0,6.75,2532.0,4300.0,5.0,1.0,0.0,2.0,6000.0,110000.0,46.0,46.0,0
36.0,675.0,0.36,0.0,28.26,1812.0,12000.0,28.0,,0.0,7.0,7200.0,20000.0,37.0,95.0,0
60.0,660.0,0.3230769230769231,2.0,14.38,4090.0,15100.0,7.0,7.0,1.0,6.0,21000.0,65000.0,76.0,194.0,0
36.0,670.0,0.1,8.0,11.76,3068.0,11100.0,5.0,0.0,1.0,4.0,4000.0,40000.0,5.0,22.0,1
60.0,705.0,0.35294117647058826,7.0,30.24,10265.0,39300.0,6.0,14.0,4.0,12.0,18000.0,51000.0,6.0,144.0,1
36.0,720.0,0.48,1.0,22.22,34913.0,30800.0,14.0,7.0,7.0,5.0,33600.0,70000.0,48.0,221.0,1
36.0,695.0,0.16,0.0,3.88,2331.0,1000.0,50.0,,0.0,4.0,5600.0,35000.0,55.0,55.0,0
36.0,675.0,0.12727272727272726,6.0,30.12,14819.0,22900.0,12.0,10.0,7.0,9.0,11200.0,88000.0,13.0,294.0,1
60.0,685.0,0.4934210526315789,2.0,21.45,4231.0,7000.0,14.0,,0.0,2.0,18000.0,36480.0,14.0,80.0,0
36.0,675.0,0.06299212598425197,4.0,14.38,27768.0,38900.0,13.0,5.0,2.0,13.0,16000.0,254000.0,13.0,186.0,0
60.0,675.0,0.16195705824284304,4.0,9.44,8976.0,12800.0,5.0,2.0,7.0,8.0,10500.0,64832.0,27.0,462.0,0
36.0,675.0,0.14285714285714285,6.0,9.91,50264.0,24912.0,8.0,10.0,2.0,5.0,25000.0,175000.0,22.0,105.0,1
60.0,690.0,0.2318181818181818,5.0,15.92,8799.0,22400.0,5.0,0.0,3.0,10.0,25500.0,110000.0,5.0,185.0,1
60.0,700.0,0.12333333333333334,4.0,18.43,30160.0,11100.0,9.0,17.0,7.0,6.0,14800.0,120000.0,9.0,146.0,1
36.0,705.0,0.1,3.0,31.71,3565.0,22600.0,7.0,7.0,0.0,8.0,5000.0,50000.0,7.0,203.0,0
60.0,690.0,0.3181818181818182,2.0,36.7,4169.0,37300.0,1.0,1.0,0.0,9.0,35000.0,110000.0,31.0,147.0,0
36.0,680.0,0.273015873015873,0.0,25.47,4411.0,9900.0,42.0,,3.0,4.0,8600.0,31500.0,45.0,194.0,0
36.0,685.0,0.27789473684210525,2.0,21.15,5201.0,29300.0,12.0,6.0,0.0,5.0,26400.0,95000.0,27.0,81.0,0
36.0,660.0,0.25,5.0,12.99,17295.0,4500.0,3.0,3.0,4.0,3.0,20000.0,80000.0,15.0,233.0,1
60.0,725.0,0.42857142857142855,,23.14,,,,,,,14400.0,33600.0,,,0
60.0,705.0,0.4409090909090909,1.0,13.73,31036.0,112178.0,11.0,5.0,3.0,5.0,29100.0,66000.0,66.0,183.0,1
36.0,700.0,0.06944444444444445,8.0,4.6,2184.0,11600.0,1.0,1.0,1.0,5.0,5000.0,72000.0,24.0,138.0,1
60.0,710.0,0.25,2.0,21.59,5490.0,37300.0,8.0,,0.0,3.0,20000.0,80000.0,19.0,279.0,0
60.0,660.0,0.4,7.0,32.16,9299.0,6500.0,6.0,6.0,4.0,8.0,16000.0,40000.0,6.0,231.0,1
36.0,670.0,0.02857142857142857,6.0,16.6,2991.0,10200.0,4.0,4.0,0.0,7.0,2000.0,70000.0,4.0,120.0,0
36.0,670.0,0.049723756906077346,12.0,21.72,4932.0,58100.0,0.0,1.0,0.0,6.0,9000.0,181000.0,2.0,194.0,1
60.0,685.0,0.4,4.0,30.2,8585.0,19500.0,4.0,8.0,3.0,13.0,20200.0,50500.0,5.0,245.0,1
36.0,675.0,0.10666666666666667,4.0,22.43,3523.0,1200.0,7.0,23.0,0.0,4.0,4800.0,45000.0,80.0,119.0,0
36.0,670.0,0.13084291187739464,10.0,21.92,36350.0,56600.0,3.0,7.0,7.0,12.0,34150.0,261000.0,7.0,146.0,1
36.0,740.0,0.08741258741258741,3.0,31.51,16295.0,19100.0,3.0,4.0,1.0,4.0,5000.0,57200.0,28.0,195.0,1
60.0,665.0,0.2222222222222222,1.0,6.11,18295.0,10500.0,6.0,8.0,6.0,5.0,20000.0,90000.0,67.0,160.0,1
60.0,690.0,0.28,5.0,16.59,10414.0,58800.0,11.0,0.0,5.0,6.0,35000.0,125000.0,18.0,227.0,1
36.0,660.0,0.21428571428571427,9.0,13.46,1872.0,31300.0,9.0,9.0,0.0,8.0,9000.0,42000.0,14.0,69.0,0
60.0,675.0,0.2927689594356261,7.0,37.02,5793.0,15100.0,10.0,18.0,0.0,8.0,16600.0,56700.0,10.0,238.0,0
60.0,670.0,0.3695833333333333,1.0,16.12,3924.0,21000.0,7.0,7.0,0.0,4.0,22175.0,60000.0,7.0,147.0,0
36.0,665.0,0.10036231884057971,6.0,10.59,27053.0,6600.0,4.0,4.0,5.0,5.0,13850.0,138000.0,24.0,438.0,1
60.0,660.0,0.3333333333333333,3.0,15.95,5527.0,38100.0,12.0,15.0,0.0,6.0,30000.0,90000.0,12.0,187.0,1
36.0,675.0,0.3076923076923077,10.0,26.64,13303.0,31300.0,9.0,9.0,1.0,8.0,28000.0,91000.0,9.0,180.0,1
36.0,680.0,0.27680894646514975,4.0,27.13,5675.0,4300.0,5.0,5.0,0.0,5.0,12000.0,43351.2,17.0,92.0,0
36.0,665.0,0.43566176470588236,5.0,39.32,3652.0,6900.0,4.0,15.0,0.0,6.0,17775.0,40800.0,21.0,214.0,0
36.0,730.0,0.19444444444444445,8.0,10.27,2064.0,1500.0,1.0,0.0,0.0,2.0,7000.0,36000.0,37.0,103.0,0
36.0,700.0,0.15625,1.0,11.03,630.0,6000.0,12.0,,0.0,8.0,5000.0,32000.0,12.0,118.0,0
60.0,665.0,0.29991314732385194,2.0,26.68,4163.0,8200.0,3.0,2.0,0.0,5.0,11050.0,36844.0,3.0,73.0,0
36.0,750.0,0.2483695652173913,1.0,21.11,5713.0,7500.0,22.0,,0.0,1.0,11425.0,46000.0,37.0,85.0,0
36.0,700.0,0.07466666666666667,6.0,15.06,30071.0,3500.0,5.0,14.0,1.0,3.0,5600.0,75000.0,14.0,28.0,1
36.0,705.0,0.08695652173913043,7.0,10.06,23366.0,52200.0,5.0,14.0,3.0,5.0,10000.0,115000.0,8.0,179.0,1
36.0,690.0,0.09230769230769231,7.0,14.4,5916.0,6700.0,7.0,0.0,1.0,7.0,3000.0,32500.0,13.0,48.0,1
36.0,665.0,0.30434782608695654,4.0,13.37,6857.0,56500.0,13.0,13.0,0.0,8.0,35000.0,115000.0,13.0,55.0,0
36.0,750.0,0.32710280373831774,1.0,13.58,1615.0,45500.0,8.0,,0.0,9.0,35000.0,107000.0,8.0,124.0,0
36.0,775.0,0.06818181818181818,10.0,17.28,12392.0,26200.0,5.0,1.0,1.0,6.0,4500.0,66000.0,24.0,134.0,1
36.0,710.0,0.4486486486486487,5.0,31.3,6181.0,14000.0,5.0,5.0,2.0,7.0,16600.0,37000.0,5.0,173.0,1
60.0,680.0,0.39823329230323656,10.0,32.33,3721.0,8000.0,1.0,13.0,0.0,6.0,11000.0,27622.0,11.0,91.0,0
36.0,670.0,0.029683698296836983,5.0,11.92,8077.0,500.0,9.0,11.0,1.0,2.0,3050.0,102750.0,9.0,140.0,0
60.0,670.0,0.14018691588785046,3.0,14.21,9691.0,10000.0,17.0,2.0,0.0,2.0,15000.0,107000.0,30.0,410.0,1
36.0,730.0,0.07352941176470588,6.0,36.94,4812.0,94700.0,1.0,17.0,1.0,7.0,5000.0,68000.0,1.0,148.0,0
36.0,720.0,0.4,3.0,25.33,8331.0,3000.0,14.0,14.0,1.0,9.0,18000.0,45000.0,49.0,169.0,1
36.0,780.0,0.16,4.0,11.54,18063.0,18700.0,7.0,15.0,3.0,3.0,12000.0,75000.0,7.0,256.0,0
36.0,740.0,0.1855072463768116,,12.03,,,,,,,6400.0,34500.0,,,1
36.0,710.0,0.14925373134328357,1.0,23.57,3542.0,16700.0,18.0,,1.0,10.0,10000.0,67000.0,31.0,244.0,0
36.0,665.0,0.14285714285714285,9.0,8.55,1149.0,13000.0,1.0,4.0,0.0,8.0,10000.0,70000.0,1.0,81.0,0
36.0,720.0,0.075,8.0,10.28,15919.0,37900.0,3.0,2.0,2.0,10.0,6000.0,80000.0,6.0,228.0,1
36.0,665.0,0.05853658536585366,16.0,24.0,9652.0,15300.0,6.0,0.0,2.0,3.0,4800.0,82000.0,7.0,197.0,0
36.0,665.0,0.14285714285714285,4.0,4.66,10302.0,3300.0,4.0,18.0,1.0,3.0,10000.0,70000.0,32.0,150.0,1
36.0,675.0,0.216,2.0,15.89,3658.0,5400.0,1.0,1.0,2.0,6.0,10800.0,50000.0,1.0,230.0,1
60.0,690.0,0.38095238095238093,9.0,20.71,17509.0,26000.0,7.0,8.0,5.0,8.0,40000.0,105000.0,8.0,173.0,1
36.0,675.0,0.04753174441502003,6.0,10.76,28240.0,3600.0,3.0,2.0,1.0,2.0,3500.0,73635.0,21.0,154.0,0
36.0,710.0,0.24615384615384617,5.0,27.56,15533.0,15700.0,2.0,,2.0,3.0,16000.0,65000.0,2.0,245.0,1
60.0,665.0,0.2571428571428571,2.0,19.78,4404.0,13900.0,1.0,3.0,4.0,7.0,18000.0,70000.0,1.0,190.0,0
36.0,665.0,0.07291666666666667,7.0,24.23,1228.0,21600.0,5.0,0.0,0.0,15.0,3500.0,48000.0,13.0,137.0,0
36.0,685.0,0.2615062761506276,4.0,37.79,2980.0,1800.0,3.0,16.0,0.0,9.0,12000.0,45888.0,41.0,41.0,0
36.0,685.0,0.26666666666666666,5.0,14.82,2857.0,20500.0,4.0,21.0,0.0,7.0,18000.0,67500.0,4.0,119.0,0
36.0,780.0,0.23076923076923078,5.0,16.5,27023.0,57600.0,7.0,7.0,3.0,2.0,21000.0,91000.0,7.0,350.0,1
36.0,660.0,0.3472222222222222,11.0,22.25,803.0,8200.0,9.0,1.0,3.0,8.0,10000.0,28800.0,18.0,171.0,0
36.0,685.0,0.19047619047619047,2.0,13.98,4109.0,4000.0,12.0,20.0,0.0,3.0,8000.0,42000.0,15.0,51.0,0
60.0,700.0,0.44566666666666666,2.0,23.58,12124.0,37400.0,6.0,17.0,1.0,5.0,33425.0,75000.0,41.0,238.0,0
36.0,735.0,0.21428571428571427,0.0,3.93,65203.0,38000.0,32.0,,2.0,1.0,30000.0,140000.0,158.0,314.0,0
36.0,670.0,0.16666666666666666,6.0,24.37,3319.0,5000.0,8.0,0.0,4.0,7.0,6000.0,36000.0,23.0,198.0,0
36.0,665.0,0.21968365553602812,4.0,16.86,43389.0,22390.0,11.0,11.0,3.0,7.0,25000.0,113800.0,20.0,399.0,1
60.0,720.0,0.2574324324324324,7.0,20.29,1687.0,64100.0,9.0,9.0,0.0,10.0,19050.0,74000.0,9.0,243.0,1
36.0,680.0,0.2,5.0,20.48,4028.0,3800.0,5.0,23.0,0.0,5.0,10000.0,50000.0,23.0,78.0,0
36.0,700.0,0.31289111389236546,0.0,31.95,3655.0,29300.0,35.0,22.0,0.0,11.0,15000.0,47940.0,45.0,134.0,0
36.0,795.0,0.31413546777912504,,0.94,,,,,,,12000.0,38200.08,,,0
36.0,675.0,0.24237723593000146,3.0,9.92,3201.0,10100.0,2.0,16.0,1.0,9.0,10000.0,41258.0,16.0,292.0,0
60.0,710.0,0.2,7.0,3.55,26475.0,16400.0,3.0,4.0,2.0,4.0,12000.0,60000.0,10.0,138.0,1
36.0,680.0,0.21724137931034482,4.0,19.99,3681.0,6200.0,7.0,7.0,1.0,4.0,6300.0,29000.0,12.0,153.0,0
60.0,720.0,0.22641509433962265,4.0,14.63,21401.0,64000.0,3.0,3.0,5.0,5.0,12000.0,53000.0,3.0,191.0,1
60.0,735.0,0.21212121212121213,8.0,17.18,63322.0,32900.0,5.0,8.0,4.0,6.0,35000.0,165000.0,19.0,268.0,1
36.0,730.0,0.39012738853503187,6.0,28.17,10555.0,24900.0,2.0,5.0,3.0,6.0,24500.0,62800.0,13.0,212.0,1
36.0,730.0,0.09836065573770492,,11.36,,,,,,,7200.0,73200.0,,,1
36.0,680.0,0.10909090909090909,4.0,26.69,24553.0,11200.0,6.0,2.0,2.0,3.0,6000.0,55000.0,91.0,130.0,1
36.0,685.0,0.05658188813760715,1.0,16.85,13689.0,9400.0,5.0,19.0,2.0,5.0,4000.0,70694.0,100.0,169.0,1
36.0,670.0,0.044444444444444446,2.0,4.0,9752.0,10500.0,7.0,7.0,2.0,4.0,2000.0,45000.0,7.0,133.0,1
60.0,735.0,0.46647230320699706,9.0,6.16,10527.0,44400.0,7.0,1.0,2.0,4.0,24000.0,51450.0,14.0,115.0,1
60.0,725.0,0.3684210526315789,7.0,14.08,15528.0,10700.0,1.0,2.0,1.0,5.0,21000.0,57000.0,5.0,113.0,1
36.0,685.0,0.25,8.0,4.3,478.0,9300.0,5.0,17.0,0.0,5.0,15000.0,60000.0,5.0,76.0,0
60.0,665.0,0.20134228187919462,5.0,19.52,16905.0,14400.0,4.0,1.0,3.0,6.0,30000.0,149000.0,17.0,208.0,1
36.0,685.0,0.21875,,8.93,,,,,,,7000.0,32000.0,,,0
36.0,725.0,0.12571428571428572,6.0,26.35,33032.0,22100.0,1.0,3.0,1.0,1.0,22000.0,175000.0,1.0,149.0,1
60.0,680.0,0.13513513513513514,3.0,12.02,25242.0,5400.0,12.0,0.0,5.0,5.0,20000.0,148000.0,122.0,169.0,0
60.0,705.0,0.15555555555555556,6.0,6.7,842.0,7800.0,1.0,1.0,0.0,4.0,11200.0,72000.0,2.0,163.0,1
36.0,740.0,0.18812709030100336,3.0,2.03,2813.0,15500.0,2.0,0.0,3.0,2.0,9000.0,47840.0,2.0,125.0,0
36.0,700.0,0.17277777777777778,8.0,37.09,6592.0,6900.0,2.0,3.0,0.0,8.0,7775.0,45000.0,7.0,228.0,0
36.0,665.0,0.2857142857142857,3.0,13.37,1464.0,4700.0,20.0,17.0,0.0,6.0,10000.0,35000.0,20.0,184.0,0
36.0,710.0,0.14285714285714285,1.0,6.48,16310.0,10100.0,7.0,8.0,6.0,5.0,10000.0,70000.0,30.0,103.0,1
36.0,670.0,0.2777777777777778,1.0,27.53,3314.0,3000.0,4.0,20.0,1.0,4.0,8500.0,30600.0,47.0,291.0,0
36.0,695.0,0.34782608695652173,0.0,12.06,11511.0,23000.0,82.0,,0.0,2.0,20000.0,57500.0,133.0,329.0,0
36.0,715.0,0.4375,2.0,35.99,3818.0,40600.0,3.0,0.0,0.0,11.0,35000.0,80000.0,30.0,329.0,0
36.0,720.0,0.2826086956521739,2.0,15.44,2837.0,2000.0,7.0,,0.0,2.0,13000.0,46000.0,80.0,80.0,0
36.0,735.0,0.3142857142857143,,1.8,,,,,,,11000.0,35000.0,,,0
36.0,685.0,0.3225806451612903,2.0,26.52,5561.0,5600.0,21.0,11.0,3.0,8.0,10000.0,31000.0,21.0,134.0,1
36.0,760.0,0.05333333333333334,3.0,17.9,18218.0,9000.0,5.0,5.0,1.0,3.0,3200.0,60000.0,90.0,232.0,1
60.0,720.0,0.125,5.0,14.54,13630.0,28100.0,9.0,9.0,0.0,7.0,25000.0,200000.0,25.0,93.0,0
36.0,660.0,0.4197452229299363,4.0,29.62,5164.0,6600.0,1.0,1.0,0.0,6.0,32950.0,78500.0,38.0,301.0,0
36.0,695.0,0.02,7.0,23.19,25559.0,65200.0,7.0,1.0,6.0,14.0,5000.0,250000.0,35.0,275.0,1
36.0,700.0,0.08333333333333333,3.0,7.88,928.0,10000.0,4.0,1.0,0.0,2.0,2500.0,30000.0,10.0,101.0,0
36.0,705.0,0.12427184466019417,3.0,10.27,6727.0,5000.0,10.0,,1.0,2.0,16000.0,128750.0,146.0,146.0,0
36.0,665.0,0.2075,5.0,27.76,16473.0,4300.0,4.0,8.0,1.0,4.0,12450.0,60000.0,8.0,101.0,1
60.0,660.0,0.38,3.0,27.78,3259.0,51200.0,8.0,7.0,2.0,7.0,15200.0,40000.0,17.0,220.0,0
36.0,685.0,0.14953271028037382,5.0,23.89,6020.0,19500.0,6.0,6.0,0.0,6.0,16000.0,107000.0,27.0,90.0,0
36.0,720.0,0.19444444444444445,12.0,17.45,11232.0,74500.0,6.0,9.0,2.0,6.0,14000.0,72000.0,7.0,343.0,0
36.0,685.0,0.2153846153846154,2.0,6.17,1108.0,25500.0,4.0,6.0,1.0,8.0,14000.0,65000.0,4.0,283.0,0
36.0,695.0,0.29310344827586204,2.0,21.75,8463.0,13900.0,9.0,20.0,1.0,6.0,17000.0,58000.0,108.0,224.0,1
60.0,685.0,0.4,1.0,3.84,963.0,15500.0,15.0,15.0,1.0,4.0,24000.0,60000.0,15.0,158.0,0
36.0,675.0,0.1693227091633466,7.0,26.54,36028.0,4300.0,1.0,1.0,2.0,1.0,8500.0,50200.0,6.0,89.0,1
60.0,730.0,0.5,1.0,31.39,3061.0,22000.0,6.0,6.0,0.0,3.0,11300.0,22600.0,6.0,192.0,1
60.0,665.0,0.2745138816678798,3.0,20.15,34567.0,1100.0,7.0,10.0,5.0,2.0,26400.0,96170.0,105.0,237.0,1
36.0,690.0,0.0858974358974359,13.0,29.8,2566.0,37800.0,3.0,3.0,0.0,14.0,6700.0,78000.0,3.0,168.0,0
60.0,675.0,0.1440909090909091,15.0,11.62,4151.0,10300.0,7.0,3.0,0.0,11.0,31700.0,220000.0,8.0,154.0,0
36.0,695.0,0.07936507936507936,1.0,14.13,24729.0,11600.0,3.0,1.0,1.0,4.0,5000.0,63000.0,3.0,90.0,0
36.0,800.0,0.226540036594929,3.0,20.03,11637.0,15000.0,6.0,,4.0,1.0,13000.0,57385.0,81.0,193.0,1
60.0,665.0,0.15584415584415584,17.0,12.19,16907.0,20600.0,11.0,12.0,1.0,12.0,24000.0,154000.0,11.0,130.0,1
36.0,690.0,0.08537037037037037,6.0,9.95,25157.0,20000.0,3.0,3.0,6.0,5.0,11525.0,135000.0,7.0,190.0,1
36.0,680.0,0.15294117647058825,2.0,22.25,7753.0,19600.0,9.0,9.0,0.0,4.0,13000.0,85000.0,71.0,166.0,0
36.0,720.0,0.04,5.0,17.05,59584.0,38600.0,5.0,16.0,3.0,5.0,5000.0,125000.0,5.0,188.0,1
36.0,740.0,0.12631578947368421,4.0,15.52,25344.0,61000.0,2.0,,4.0,7.0,12000.0,95000.0,2.0,352.0,1
36.0,705.0,0.2962962962962963,4.0,19.87,18488.0,8600.0,7.0,9.0,5.0,5.0,16000.0,54000.0,7.0,221.0,1
36.0,675.0,0.21,2.0,11.38,3991.0,29200.0,2.0,16.0,0.0,7.0,21000.0,100000.0,20.0,138.0,0
60.0,710.0,0.4117647058823529,7.0,9.11,10451.0,29000.0,6.0,13.0,2.0,7.0,35000.0,85000.0,11.0,168.0,1
60.0,725.0,0.1406896551724138,10.0,1.38,508.0,75100.0,7.0,3.0,0.0,4.0,20400.0,145000.0,8.0,48.0,0
36.0,795.0,0.16216216216216217,1.0,7.01,2436.0,23100.0,24.0,23.0,0.0,3.0,12000.0,74000.0,27.0,68.0,0
60.0,705.0,0.2916666666666667,1.0,22.57,19025.0,40700.0,20.0,20.0,1.0,3.0,35000.0,120000.0,46.0,136.0,0
36.0,705.0,0.14666666666666667,14.0,10.77,3338.0,51500.0,5.0,5.0,1.0,4.0,22000.0,150000.0,5.0,130.0,0
36.0,675.0,0.35555555555555557,4.0,26.58,3056.0,8900.0,6.0,6.0,0.0,3.0,9600.0,27000.0,17.0,100.0,0
36.0,735.0,0.10284538909838875,,2.23,,,,,,,3600.0,35004.0,,,1
36.0,695.0,0.19047619047619047,3.0,16.21,14876.0,62100.0,11.0,1.0,3.0,21.0,16000.0,84000.0,25.0,197.0,1
36.0,665.0,0.3,6.0,9.68,2058.0,13000.0,3.0,3.0,1.0,5.0,24000.0,80000.0,3.0,175.0,0
36.0,710.0,0.2692307692307692,5.0,22.91,28909.0,40500.0,5.0,23.0,3.0,5.0,35000.0,130000.0,5.0,149.0,1
36.0,695.0,0.14,0.0,6.57,5126.0,77300.0,50.0,,0.0,6.0,28000.0,200000.0,50.0,510.0,0
36.0,675.0,0.2777777777777778,8.0,33.33,1841.0,13900.0,12.0,11.0,0.0,12.0,10000.0,36000.0,13.0,325.0,0
36.0,660.0,0.08153846153846153,9.0,24.69,25165.0,4950.0,2.0,6.0,1.0,5.0,5300.0,65000.0,2.0,55.0,0
36.0,705.0,0.2737226277372263,2.0,16.25,15650.0,25600.0,4.0,,2.0,6.0,13500.0,49320.0,40.0,135.0,1
36.0,680.0,0.16,0.0,13.27,2338.0,16700.0,36.0,12.0,0.0,4.0,8000.0,50000.0,36.0,167.0,0
36.0,690.0,0.18604651162790697,6.0,36.62,1731.0,11300.0,11.0,10.0,0.0,9.0,8000.0,43000.0,20.0,190.0,0
60.0,670.0,0.3422982885085575,5.0,9.12,18608.0,8000.0,4.0,4.0,4.0,8.0,35000.0,102250.0,60.0,229.0,1
36.0,660.0,0.16666666666666666,4.0,8.37,23600.0,17500.0,9.0,10.0,3.0,3.0,15000.0,90000.0,9.0,335.0,0
36.0,715.0,0.36,0.0,25.44,12829.0,20700.0,27.0,,1.0,5.0,14400.0,40000.0,46.0,252.0,1
60.0,700.0,0.20863309352517986,3.0,19.91,24206.0,17000.0,11.0,17.0,3.0,7.0,29000.0,139000.0,82.0,322.0,1
36.0,690.0,0.14516129032258066,4.0,5.6,1581.0,4400.0,3.0,5.0,1.0,1.0,4500.0,31000.0,15.0,55.0,1
60.0,715.0,0.35865384615384616,2.0,16.64,17801.0,24300.0,3.0,0.0,2.0,5.0,18650.0,52000.0,3.0,150.0,1
36.0,700.0,0.13375,5.0,36.39,15927.0,8100.0,7.0,7.0,5.0,7.0,5350.0,40000.0,7.0,120.0,1
36.0,700.0,0.2857142857142857,2.0,35.39,3444.0,23100.0,18.0,2.0,0.0,6.0,10000.0,35000.0,41.0,100.0,0
36.0,660.0,0.1392857142857143,3.0,17.56,1850.0,0.0,11.0,11.0,0.0,0.0,4875.0,35000.0,,65.0,0
36.0,680.0,0.2857142857142857,2.0,14.25,4483.0,29400.0,4.0,4.0,0.0,4.0,20000.0,70000.0,4.0,159.0,0
60.0,735.0,0.3017241379310345,1.0,10.48,17809.0,40000.0,19.0,19.0,1.0,6.0,35000.0,116000.0,19.0,174.0,0
60.0,710.0,0.14285714285714285,4.0,13.0,64734.0,8000.0,7.0,7.0,4.0,1.0,10000.0,70000.0,86.0,113.0,1
36.0,745.0,0.07547169811320754,7.0,26.57,1914.0,29100.0,9.0,11.0,1.0,7.0,4000.0,53000.0,9.0,222.0,1
36.0,730.0,0.17699897330481254,1.0,14.26,11385.0,43700.0,21.0,,0.0,3.0,35000.0,197741.26,93.0,165.0,0
36.0,670.0,0.1523809523809524,3.0,16.09,33282.0,19400.0,12.0,2.0,15.0,4.0,16000.0,105000.0,12.0,149.0,1
60.0,675.0,0.3157894736842105,6.0,12.85,38710.0,3800.0,12.0,5.0,4.0,1.0,30000.0,95000.0,44.0,44.0,1
36.0,720.0,0.14444444444444443,2.0,11.6,8930.0,7600.0,5.0,5.0,2.0,2.0,13000.0,90000.0,27.0,178.0,1
36.0,665.0,0.06956521739130435,,11.79,,,,,,,8000.0,115000.0,,,0
60.0,710.0,0.084,8.0,9.78,51612.0,8300.0,2.0,11.0,8.0,4.0,21000.0,250000.0,2.0,149.0,1
36.0,785.0,0.16255669164621162,5.0,24.56,11412.0,60400.0,2.0,2.0,4.0,7.0,10000.0,61517.0,2.0,325.0,1
60.0,670.0,0.18255837303977948,,10.19,,,,,,,10000.0,54777.0,,,0
60.0,665.0,0.42041666666666666,7.0,28.0,3814.0,13000.0,3.0,1.0,4.0,4.0,25225.0,60000.0,3.0,272.0,1
36.0,720.0,0.2127659574468085,2.0,32.94,19657.0,26000.0,9.0,7.0,0.0,3.0,20000.0,94000.0,89.0,168.0,0
60.0,705.0,0.21052631578947367,4.0,12.23,1518.0,12600.0,7.0,7.0,0.0,7.0,12000.0,57000.0,11.0,159.0,0
60.0,725.0,0.175,7.0,36.31,2987.0,51700.0,4.0,6.0,0.0,5.0,10500.0,60000.0,4.0,477.0,0
36.0,660.0,0.13333333333333333,16.0,17.38,21442.0,21100.0,1.0,3.0,22.0,7.0,30000.0,225000.0,1.0,215.0,1
60.0,690.0,0.1171875,5.0,13.74,12605.0,28000.0,7.0,2.0,6.0,1.0,15000.0,128000.0,92.0,226.0,0
36.0,755.0,0.024573378839590442,4.0,23.16,49944.0,120500.0,1.0,1.0,6.0,5.0,7200.0,293000.0,1.0,294.0,0
60.0,680.0,0.49875,4.0,20.61,4893.0,9500.0,7.0,11.0,0.0,5.0,19950.0,40000.0,8.0,182.0,0
36.0,695.0,0.14,5.0,20.34,4871.0,37700.0,4.0,4.0,3.0,12.0,5600.0,40000.0,4.0,127.0,1
36.0,675.0,0.33165013978016983,5.0,7.81,1178.0,7700.0,15.0,9.0,0.0,5.0,16000.0,48243.61,15.0,95.0,0
36.0,665.0,0.15,4.0,22.93,4135.0,36623.0,6.0,0.0,4.0,11.0,12000.0,80000.0,17.0,210.0,0
36.0,815.0,0.03076923076923077,3.0,8.79,4564.0,52300.0,9.0,9.0,1.0,4.0,2000.0,65000.0,9.0,367.0,1
60.0,690.0,0.46153846153846156,2.0,24.14,3133.0,18800.0,15.0,15.0,0.0,9.0,24000.0,52000.0,56.0,113.0,0
36.0,695.0,0.021,1.0,10.68,15052.0,0.0,14.0,,0.0,0.0,5250.0,250000.0,,156.0,0
36.0,745.0,0.10843373493975904,5.0,13.84,32990.0,13700.0,3.0,17.0,2.0,4.0,9000.0,83000.0,17.0,259.0,1
36.0,690.0,0.302,4.0,19.2,1850.0,3600.0,5.0,5.0,1.0,4.0,7550.0,25000.0,6.0,388.0,1
36.0,680.0,0.10434782608695652,2.0,12.99,36838.0,29400.0,3.0,3.0,2.0,6.0,12000.0,115000.0,3.0,179.0,1
36.0,695.0,0.3333333333333333,3.0,30.8,24894.0,24100.0,2.0,18.0,5.0,4.0,16000.0,48000.0,2.0,63.0,1
36.0,720.0,0.175,2.0,29.78,54239.0,34000.0,9.0,6.0,2.0,3.0,35000.0,200000.0,29.0,137.0,1
36.0,730.0,0.26666666666666666,4.0,6.61,3380.0,20300.0,11.0,6.0,0.0,6.0,20000.0,75000.0,26.0,302.0,0
36.0,735.0,0.1569324928726493,4.0,16.5,17246.0,45800.0,3.0,2.0,5.0,3.0,12000.0,76466.0,20.0,123.0,1
36.0,695.0,0.19801980198019803,5.0,20.9,16370.0,24000.0,1.0,1.0,1.0,3.0,20000.0,101000.0,1.0,219.0,1
36.0,660.0,0.17857142857142858,5.0,28.12,10094.0,11000.0,7.0,19.0,1.0,9.0,12500.0,70000.0,7.0,91.0,0
36.0,710.0,0.04285714285714286,,11.69,,,,,,,1500.0,35000.0,,,0
36.0,730.0,0.12,9.0,12.59,5149.0,20900.0,2.0,2.0,1.0,9.0,12000.0,100000.0,2.0,447.0,0
60.0,690.0,0.3398809523809524,5.0,10.17,6512.0,3800.0,8.0,0.0,0.0,2.0,14275.0,42000.0,17.0,117.0,0
36.0,695.0,0.2057142857142857,5.0,24.34,3130.0,21700.0,5.0,14.0,0.0,9.0,7200.0,35000.0,5.0,93.0,0
36.0,795.0,0.4,4.0,31.49,3935.0,36600.0,10.0,3.0,4.0,4.0,16000.0,40000.0,64.0,160.0,1
36.0,710.0,0.06862745098039216,1.0,12.88,8633.0,1000.0,12.0,,0.0,2.0,7000.0,102000.0,58.0,229.0,0
36.0,710.0,0.20833333333333334,9.0,12.23,851.0,12300.0,5.0,2.0,0.0,6.0,15000.0,72000.0,10.0,170.0,0
36.0,730.0,0.2631301968213872,,22.45,,,,,,,10000.0,38004.0,,,0
36.0,695.0,0.10285714285714286,1.0,28.97,38438.0,44000.0,19.0,0.0,2.0,5.0,14400.0,140000.0,25.0,188.0,1
36.0,700.0,0.20408163265306123,7.0,23.93,3150.0,21800.0,9.0,7.0,0.0,8.0,10000.0,49000.0,10.0,136.0,1
36.0,675.0,0.18276738361814968,9.0,32.04,10859.0,10000.0,8.0,7.0,2.0,6.0,9925.0,54304.0,9.0,278.0,1
36.0,715.0,0.38461538461538464,0.0,14.43,18957.0,80400.0,33.0,,2.0,8.0,30000.0,78000.0,33.0,241.0,1
36.0,685.0,0.06484741784037559,14.0,24.23,7171.0,19800.0,1.0,1.0,0.0,4.0,5525.0,85200.0,2.0,206.0,0
36.0,720.0,0.3,3.0,19.6,2084.0,33900.0,4.0,21.0,0.0,7.0,15000.0,50000.0,4.0,112.0,1
36.0,695.0,0.04,6.0,20.38,11754.0,6800.0,1.0,17.0,0.0,2.0,3000.0,75000.0,19.0,122.0,1
36.0,665.0,0.15,1.0,8.28,560.0,4100.0,10.0,10.0,0.0,5.0,3000.0,20000.0,10.0,211.0,0
36.0,665.0,0.14666666666666667,1.0,11.76,34940.0,10300.0,10.0,10.0,1.0,3.0,8800.0,60000.0,31.0,196.0,1
36.0,730.0,0.21660649819494585,3.0,21.21,50556.0,71000.0,8.0,7.0,3.0,3.0,30000.0,138500.0,9.0,348.0,1
36.0,665.0,0.18,9.0,31.44,1344.0,7100.0,2.0,10.0,4.0,8.0,9000.0,50000.0,15.0,243.0,1
60.0,665.0,0.238125,6.0,23.19,5765.0,32000.0,5.0,5.0,1.0,4.0,19050.0,80000.0,5.0,180.0,0
36.0,665.0,0.25142857142857145,1.0,12.82,3042.0,7800.0,17.0,,2.0,6.0,17600.0,70000.0,71.0,220.0,0
36.0,660.0,0.29906542056074764,10.0,9.24,2302.0,10900.0,1.0,1.0,0.0,4.0,16000.0,53500.0,7.0,24.0,0
36.0,735.0,0.0336,5.0,6.75,,86629.0,,0.0,2.0,,4200.0,125000.0,8.0,,0
60.0,660.0,0.199424328438574,5.0,8.41,9085.0,10000.0,2.0,10.0,1.0,4.0,30000.0,150433.0,5.0,162.0,1
60.0,710.0,0.32,1.0,5.22,13554.0,7500.0,17.0,1.0,2.0,4.0,40000.0,125000.0,77.0,157.0,1
36.0,675.0,0.16,5.0,21.6,2367.0,32500.0,4.0,18.0,0.0,6.0,7200.0,45000.0,4.0,211.0,0
60.0,680.0,0.28735632183908044,,22.25,,,,,,,25000.0,87000.0,,,1
60.0,705.0,0.32432432432432434,1.0,7.91,39071.0,16200.0,10.0,10.0,1.0,3.0,12000.0,37000.0,35.0,148.0,1
60.0,690.0,0.14285714285714285,2.0,14.83,18733.0,21300.0,7.0,7.0,3.0,6.0,10000.0,70000.0,7.0,190.0,1
36.0,665.0,0.13333333333333333,9.0,9.8,840.0,11500.0,4.0,4.0,0.0,6.0,4000.0,30000.0,4.0,102.0,0
36.0,690.0,0.2922222222222222,2.0,13.31,1141.0,6100.0,14.0,4.0,0.0,5.0,13150.0,45000.0,14.0,79.0,0
36.0,700.0,0.15759312320916904,2.0,16.49,18809.0,52000.0,6.0,,2.0,9.0,11000.0,69800.0,9.0,176.0,1
60.0,690.0,0.31583333333333335,11.0,31.53,6826.0,11400.0,3.0,3.0,0.0,11.0,18950.0,60000.0,8.0,144.0,0
36.0,705.0,0.39222800213764264,1.0,36.96,5527.0,8600.0,5.0,,0.0,4.0,8000.0,20396.3,5.0,95.0,0
36.0,715.0,0.3333333333333333,1.0,28.53,1499.0,4300.0,14.0,,0.0,6.0,9000.0,27000.0,14.0,107.0,0
60.0,715.0,0.2823529411764706,7.0,6.79,2407.0,3500.0,1.0,3.0,3.0,2.0,24000.0,85000.0,56.0,116.0,1
60.0,695.0,0.3333333333333333,0.0,21.03,5351.0,27700.0,30.0,,0.0,6.0,30000.0,90000.0,52.0,255.0,0
36.0,660.0,0.09195402298850575,3.0,12.66,30958.0,2300.0,11.0,11.0,3.0,5.0,8000.0,87000.0,32.0,88.0,1
60.0,695.0,0.16666666666666666,3.0,24.16,35580.0,15500.0,7.0,7.0,4.0,1.0,20000.0,120000.0,124.0,180.0,1
36.0,700.0,0.11337868480725624,4.0,32.79,1114.0,0.0,5.0,6.0,0.0,2.0,1000.0,8820.0,198.0,210.0,0
60.0,685.0,0.20833333333333334,3.0,14.6,23171.0,6100.0,13.0,20.0,3.0,8.0,25000.0,120000.0,25.0,172.0,1
60.0,680.0,0.25806451612903225,6.0,23.43,12652.0,23300.0,15.0,16.0,3.0,8.0,24000.0,93000.0,15.0,199.0,1
36.0,670.0,0.15738095238095237,5.0,9.65,2002.0,5300.0,9.0,6.0,5.0,10.0,16525.0,105000.0,20.0,328.0,0
36.0,670.0,0.2,7.0,15.07,764.0,6400.0,2.0,4.0,0.0,3.0,4000.0,20000.0,4.0,59.0,0
60.0,695.0,0.21153846153846154,3.0,11.26,30980.0,4000.0,7.0,9.0,3.0,4.0,13750.0,65000.0,7.0,147.0,1
60.0,665.0,0.16842105263157894,2.0,20.63,29759.0,15000.0,8.0,1.0,4.0,3.0,16000.0,95000.0,13.0,268.0,1
36.0,675.0,0.12115384615384615,2.0,8.82,14420.0,2100.0,8.0,8.0,4.0,7.0,9450.0,78000.0,93.0,193.0,1
36.0,710.0,0.14210526315789473,3.0,15.83,32828.0,32700.0,14.0,,6.0,8.0,13500.0,95000.0,17.0,193.0,1
36.0,755.0,0.14423076923076922,3.0,22.88,11741.0,4800.0,6.0,,0.0,2.0,12000.0,83200.0,137.0,142.0,0
36.0,670.0,0.16666666666666666,7.0,14.3,4350.0,18300.0,3.0,1.0,0.0,8.0,12000.0,72000.0,10.0,117.0,0
36.0,675.0,0.13333333333333333,2.0,1.47,399.0,29800.0,2.0,2.0,2.0,4.0,10000.0,75000.0,2.0,208.0,0
36.0,735.0,0.07538461538461538,,15.99,,,,,,,9800.0,130000.0,,,1
36.0,765.0,0.2777777777777778,4.0,22.04,9440.0,65300.0,5.0,2.0,2.0,10.0,25000.0,90000.0,15.0,501.0,1
36.0,670.0,0.016666666666666666,2.0,12.91,92843.0,33500.0,2.0,2.0,8.0,5.0,5000.0,300000.0,7.0,194.0,0
60.0,660.0,0.25744047619047616,6.0,14.41,49414.0,7500.0,10.0,8.0,4.0,3.0,21625.0,84000.0,25.0,256.0,1
36.0,685.0,0.15006565372350403,10.0,5.09,1233.0,14100.0,7.0,7.0,0.0,2.0,6400.0,42648.0,7.0,114.0,0
36.0,700.0,0.39165659549706816,13.0,17.81,20181.0,5300.0,5.0,3.0,1.0,12.0,35000.0,89364.0,14.0,128.0,1
36.0,680.0,0.20192307692307693,6.0,23.61,25091.0,28400.0,3.0,2.0,1.0,11.0,21000.0,104000.0,3.0,139.0,1
36.0,660.0,0.25,8.0,14.93,25405.0,2300.0,3.0,1.0,3.0,8.0,35000.0,140000.0,133.0,197.0,1
36.0,750.0,0.44475806451612904,1.0,23.08,21344.0,42500.0,10.0,10.0,1.0,3.0,27575.0,62000.0,97.0,359.0,1
36.0,660.0,0.3594360692350642,2.0,8.91,1445.0,5000.0,9.0,,0.0,3.0,12875.0,35820.0,102.0,102.0,0
60.0,695.0,0.25419097367852467,2.0,14.6,15410.0,17400.0,15.0,8.0,4.0,9.0,20000.0,78681.0,25.0,327.0,1
36.0,695.0,0.08928571428571429,6.0,16.77,983.0,9800.0,1.0,7.0,0.0,7.0,2500.0,28000.0,2.0,177.0,0
60.0,685.0,0.35723684210526313,5.0,34.89,7812.0,21200.0,5.0,0.0,3.0,10.0,13575.0,38000.0,15.0,111.0,1
36.0,680.0,0.44,21.0,37.42,7532.0,10100.0,2.0,15.0,3.0,9.0,33000.0,75000.0,15.0,103.0,0
36.0,685.0,0.31150159744408945,4.0,25.73,5301.0,18200.0,4.0,10.0,0.0,4.0,19500.0,62600.0,4.0,91.0,0
60.0,705.0,0.2,2.0,4.44,52607.0,9600.0,15.0,19.0,1.0,3.0,10000.0,50000.0,82.0,114.0,1
60.0,710.0,0.4067796610169492,8.0,19.89,4185.0,24600.0,3.0,6.0,2.0,6.0,24000.0,59000.0,7.0,291.0,1
36.0,665.0,0.25,3.0,27.9,5106.0,4000.0,4.0,1.0,0.0,3.0,7000.0,28000.0,4.0,245.0,1
60.0,705.0,0.384,5.0,25.37,1940.0,43700.0,3.0,3.0,0.0,9.0,19200.0,50000.0,11.0,102.0,1
36.0,755.0,0.253533624897002,2.0,8.11,51804.0,51600.0,17.0,17.0,1.0,4.0,20000.0,78885.0,20.0,222.0,1
36.0,680.0,0.18604651162790697,0.0,24.45,10544.0,10200.0,38.0,23.0,2.0,10.0,8000.0,43000.0,38.0,102.0,1
60.0,670.0,0.11636363636363636,2.0,15.6,4419.0,26800.0,17.0,17.0,0.0,10.0,19200.0,165000.0,39.0,221.0,0
60.0,705.0,0.24,4.0,15.98,8030.0,19600.0,2.0,2.0,0.0,2.0,24000.0,100000.0,30.0,222.0,0
36.0,685.0,0.34615384615384615,3.0,16.15,3905.0,44800.0,8.0,2.0,0.0,4.0,27000.0,78000.0,53.0,178.0,0
36.0,700.0,0.25925925925925924,6.0,24.5,12699.0,205120.0,1.0,,3.0,27.0,28000.0,108000.0,4.0,345.0,1
36.0,695.0,0.20857142857142857,10.0,25.66,6114.0,8600.0,4.0,0.0,1.0,5.0,14600.0,70000.0,4.0,172.0,0
36.0,685.0,0.35833333333333334,2.0,23.32,1663.0,6000.0,6.0,11.0,0.0,8.0,10750.0,30000.0,6.0,130.0,0
36.0,690.0,0.1465625,6.0,16.25,23174.0,2700.0,4.0,4.0,6.0,4.0,11725.0,80000.0,25.0,271.0,1
60.0,735.0,0.25862068965517243,4.0,14.79,11257.0,19800.0,2.0,0.0,2.0,4.0,30000.0,116000.0,12.0,115.0,1
60.0,670.0,0.29125,5.0,11.77,3230.0,7700.0,4.0,7.0,2.0,3.0,17475.0,60000.0,4.0,107.0,1
36.0,705.0,0.0851063829787234,3.0,16.83,3013.0,73700.0,13.0,13.0,0.0,10.0,8000.0,94000.0,13.0,272.0,0
36.0,680.0,0.22727272727272727,,3.96,,,,,,,7500.0,33000.0,,,0
60.0,665.0,0.21428571428571427,7.0,13.82,3282.0,4600.0,3.0,3.0,2.0,5.0,15000.0,70000.0,3.0,284.0,0
36.0,660.0,0.3,1.0,10.46,27476.0,28200.0,9.0,10.0,8.0,3.0,15000.0,50000.0,146.0,204.0,1
60.0,710.0,0.15714285714285714,1.0,16.63,20282.0,14100.0,17.0,2.0,3.0,5.0,11000.0,70000.0,67.0,113.0,0
60.0,705.0,0.30612244897959184,1.0,10.53,1853.0,8400.0,24.0,1.0,0.0,5.0,15000.0,49000.0,36.0,115.0,0
36.0,720.0,0.1282051282051282,0.0,4.98,1323.0,10400.0,30.0,,0.0,4.0,5000.0,39000.0,30.0,55.0,0
36.0,685.0,0.08875598086124402,2.0,12.03,5850.0,8200.0,7.0,15.0,0.0,7.0,18550.0,209000.0,46.0,106.0,1
36.0,670.0,0.11614401858304298,11.0,28.67,10495.0,23100.0,3.0,1.0,1.0,16.0,10000.0,86100.0,3.0,149.0,0
60.0,750.0,0.31746031746031744,5.0,28.01,21647.0,0.0,4.0,,1.0,4.0,20000.0,63000.0,,312.0,1
36.0,745.0,0.06884615384615385,5.0,33.16,20784.0,1500.0,7.0,11.0,0.0,2.0,4475.0,65000.0,8.0,90.0,1
36.0,670.0,0.14204545454545456,2.0,28.47,6644.0,14900.0,7.0,7.0,0.0,3.0,6250.0,44000.0,7.0,140.0,0
60.0,685.0,0.09090909090909091,13.0,11.81,2386.0,22500.0,4.0,6.0,0.0,11.0,10000.0,110000.0,4.0,43.0,0
36.0,710.0,0.22888532845044632,5.0,22.89,546.0,30000.0,13.0,2.0,0.0,7.0,4000.0,17476.0,13.0,301.0,0
36.0,750.0,0.2222222222222222,1.0,9.89,29703.0,6700.0,9.0,,1.0,2.0,10000.0,45000.0,50.0,234.0,0
60.0,700.0,0.34,6.0,38.43,9637.0,10300.0,12.0,12.0,1.0,15.0,13600.0,40000.0,12.0,135.0,1
36.0,660.0,0.2403846153846154,1.0,14.35,1676.0,5200.0,3.0,,0.0,8.0,12000.0,49920.0,40.0,195.0,0
60.0,720.0,0.21677195590239068,3.0,24.49,17053.0,6900.0,6.0,12.0,1.0,4.0,14000.0,64584.0,55.0,179.0,0
36.0,710.0,0.13214285714285715,7.0,27.43,6175.0,6100.0,5.0,11.0,1.0,3.0,3700.0,28000.0,5.0,128.0,1
60.0,705.0,0.38095238095238093,2.0,18.77,1517.0,8000.0,8.0,3.0,0.0,6.0,16000.0,42000.0,28.0,173.0,0
36.0,805.0,0.15,4.0,17.63,9683.0,39800.0,3.0,3.0,2.0,5.0,18000.0,120000.0,3.0,421.0,1
36.0,745.0,0.23076923076923078,4.0,6.32,26735.0,26900.0,8.0,15.0,1.0,3.0,15000.0,65000.0,8.0,160.0,1
36.0,740.0,0.15,1.0,17.87,34655.0,45800.0,18.0,1.0,3.0,3.0,18000.0,120000.0,94.0,336.0,0
36.0,660.0,0.075,2.0,10.04,19031.0,4000.0,6.0,6.0,3.0,1.0,6000.0,80000.0,29.0,361.0,1
36.0,690.0,0.15555555555555556,2.0,18.88,14661.0,23900.0,8.0,19.0,0.0,4.0,14000.0,90000.0,8.0,404.0,0
60.0,705.0,0.2627874237447208,7.0,26.41,8462.0,23500.0,1.0,2.0,1.0,5.0,28000.0,106550.0,3.0,127.0,0
36.0,675.0,0.3592105263157895,4.0,19.79,16669.0,8500.0,6.0,6.0,2.0,5.0,20475.0,57000.0,121.0,153.0,1
36.0,695.0,0.14666666666666667,18.0,10.04,14859.0,26000.0,1.0,1.0,1.0,4.0,19800.0,135000.0,1.0,118.0,1
60.0,720.0,0.11203319502074689,9.0,15.53,37191.0,38100.0,9.0,0.0,7.0,5.0,21600.0,192800.0,14.0,284.0,1
36.0,740.0,0.125,1.0,30.43,8078.0,27700.0,3.0,,2.0,8.0,6000.0,48000.0,35.0,225.0,1
36.0,660.0,0.1724137931034483,7.0,21.37,8992.0,11700.0,10.0,13.0,2.0,6.0,10000.0,58000.0,10.0,162.0,1
60.0,660.0,0.32,6.0,30.39,4800.0,8000.0,3.0,16.0,1.0,6.0,16000.0,50000.0,5.0,200.0,1
60.0,705.0,0.134375,7.0,36.81,9094.0,13300.0,1.0,12.0,0.0,3.0,10750.0,80000.0,12.0,51.0,1
36.0,675.0,0.28763183125599234,7.0,19.46,1312.0,43400.0,6.0,4.0,4.0,6.0,7200.0,25032.0,10.0,561.0,1
36.0,680.0,0.25,6.0,13.6,18496.0,3000.0,5.0,5.0,2.0,3.0,6000.0,24000.0,14.0,58.0,1
36.0,670.0,0.16129032258064516,3.0,14.45,1235.0,9000.0,16.0,1.0,0.0,8.0,10000.0,62000.0,25.0,84.0,0
36.0,675.0,0.16666666666666666,6.0,30.76,4993.0,3000.0,6.0,6.0,2.0,1.0,5000.0,30000.0,19.0,341.0,1
36.0,720.0,0.16,0.0,3.96,4485.0,1000.0,27.0,6.0,0.0,2.0,3200.0,20000.0,45.0,45.0,0
36.0,695.0,0.43478260869565216,5.0,23.58,2873.0,49900.0,6.0,6.0,1.0,10.0,20000.0,46000.0,6.0,106.0,0
36.0,685.0,0.1,5.0,21.44,3292.0,9200.0,9.0,0.0,0.0,9.0,8000.0,80000.0,9.0,82.0,1
60.0,695.0,0.32,12.0,21.59,19984.0,43500.0,2.0,1.0,2.0,5.0,28800.0,90000.0,7.0,278.0,1
36.0,705.0,0.05405405405405406,5.0,15.67,1607.0,900.0,3.0,3.0,0.0,5.0,2000.0,37000.0,9.0,25.0,0
36.0,710.0,0.18115942028985507,3.0,8.62,21550.0,34100.0,14.0,10.0,4.0,7.0,25000.0,138000.0,19.0,131.0,1
36.0,760.0,0.2074074074074074,1.0,11.19,19164.0,47700.0,22.0,,2.0,3.0,28000.0,135000.0,50.0,286.0,1
36.0,660.0,0.20098039215686275,1.0,8.18,101657.0,22600.0,20.0,11.0,4.0,5.0,20500.0,102000.0,75.0,229.0,1
60.0,700.0,0.09174311926605505,6.0,6.73,42625.0,6600.0,5.0,16.0,1.0,4.0,20000.0,218000.0,14.0,280.0,1
36.0,685.0,0.07272727272727272,,18.35,,,,,,,4000.0,55000.0,,,1
36.0,695.0,0.08,,15.59,,,,,,,10000.0,125000.0,,,1
36.0,660.0,0.11813349084465447,6.0,24.03,5355.0,5200.0,2.0,0.0,0.0,6.0,10000.0,84650.0,10.0,153.0,0
36.0,685.0,0.16744186046511628,5.0,24.15,7385.0,20500.0,1.0,,10.0,6.0,7200.0,43000.0,4.0,136.0,1
36.0,680.0,0.35294117647058826,4.0,23.4,13287.0,17800.0,9.0,10.0,4.0,9.0,24000.0,68000.0,28.0,209.0,1
36.0,690.0,0.04607551777363098,5.0,22.37,18681.0,19000.0,3.0,3.0,2.0,5.0,2000.0,43407.0,3.0,191.0,1
60.0,700.0,0.3490853658536585,2.0,26.58,27751.0,42800.0,20.0,10.0,4.0,9.0,28625.0,82000.0,20.0,194.0,1
36.0,710.0,0.22857142857142856,1.0,18.33,11700.0,67400.0,4.0,6.0,5.0,10.0,24000.0,105000.0,41.0,185.0,1
60.0,705.0,0.3225806451612903,2.0,29.31,5364.0,35400.0,15.0,1.0,0.0,5.0,20000.0,62000.0,15.0,127.0,1
36.0,685.0,0.3897088436663429,2.0,33.19,10017.0,12320.0,4.0,4.0,5.0,11.0,32900.0,84422.0,4.0,266.0,1
36.0,680.0,0.2261904761904762,1.0,18.57,6920.0,11000.0,18.0,18.0,0.0,4.0,9500.0,42000.0,30.0,82.0,0
60.0,665.0,0.20558823529411765,8.0,26.1,17276.0,8600.0,5.0,1.0,2.0,7.0,17475.0,85000.0,14.0,127.0,1
36.0,670.0,0.1736111111111111,1.0,1.13,45206.0,3700.0,22.0,22.0,3.0,3.0,9000.0,51840.0,22.0,334.0,1
60.0,690.0,0.19607843137254902,0.0,19.12,54892.0,7200.0,48.0,,5.0,4.0,20000.0,102000.0,118.0,291.0,1
36.0,675.0,0.30612244897959184,4.0,39.77,5592.0,5500.0,11.0,1.0,0.0,2.0,15000.0,49000.0,16.0,79.0,0
60.0,715.0,0.45787545787545786,,17.52,,,,,,,25000.0,54600.0,,,1
36.0,675.0,0.2297872340425532,2.0,26.79,6913.0,11500.0,21.0,4.0,0.0,6.0,10800.0,47000.0,23.0,90.0,0
60.0,670.0,0.1941747572815534,5.0,16.0,30214.0,8000.0,10.0,10.0,1.0,6.0,18000.0,92700.0,25.0,174.0,1
36.0,715.0,0.1,3.0,27.62,2331.0,19300.0,9.0,18.0,0.0,4.0,6000.0,60000.0,9.0,111.0,0
36.0,695.0,0.015306122448979591,6.0,0.98,5589.0,15800.0,1.0,1.0,1.0,5.0,15000.0,980000.0,1.0,212.0,1
36.0,675.0,0.4418604651162791,3.0,7.09,8907.0,10600.0,2.0,2.0,3.0,4.0,19000.0,43000.0,37.0,142.0,1
36.0,750.0,0.053579082726103726,,5.62,,,,,,,1500.0,27996.0,,,0
36.0,765.0,0.0945945945945946,2.0,3.03,13106.0,17400.0,20.0,18.0,1.0,4.0,7000.0,74000.0,30.0,118.0,1
36.0,660.0,0.19696969696969696,5.0,24.93,10680.0,18600.0,6.0,15.0,0.0,4.0,13000.0,66000.0,6.0,118.0,0
36.0,695.0,0.09428571428571429,3.0,25.36,12483.0,28200.0,6.0,6.0,1.0,6.0,6600.0,70000.0,113.0,213.0,1
60.0,685.0,0.3892307692307692,4.0,14.81,4139.0,10700.0,7.0,24.0,0.0,5.0,25300.0,65000.0,25.0,107.0,0
36.0,710.0,0.25,4.0,14.19,10959.0,2500.0,6.0,,1.0,7.0,7000.0,28000.0,53.0,72.0,1
36.0,700.0,0.07368421052631578,7.0,12.32,28001.0,16600.0,1.0,4.0,2.0,4.0,7000.0,95000.0,1.0,30.0,1
60.0,695.0,0.09803921568627451,,6.37,,,,,,,4800.0,48960.0,,,0
36.0,665.0,0.19047619047619047,13.0,21.69,13070.0,23000.0,3.0,4.0,1.0,10.0,8000.0,42000.0,7.0,156.0,1
36.0,660.0,0.19433198380566802,7.0,16.21,5458.0,10300.0,1.0,1.0,0.0,7.0,9600.0,49400.0,5.0,33.0,0
36.0,680.0,0.16,0.0,15.24,5083.0,6500.0,43.0,19.0,0.0,4.0,8000.0,50000.0,77.0,152.0,0
36.0,800.0,0.25396825396825395,3.0,21.87,4800.0,24900.0,14.0,,0.0,7.0,16000.0,63000.0,59.0,214.0,0
60.0,710.0,0.4,5.0,35.42,4140.0,66000.0,5.0,4.0,3.0,7.0,20000.0,50000.0,61.0,329.0,0
36.0,670.0,0.11666666666666667,,11.8,,,,,,,5600.0,48000.0,,,1
36.0,690.0,0.21666666666666667,5.0,26.9,18956.0,24500.0,8.0,9.0,3.0,5.0,13000.0,60000.0,41.0,187.0,1
36.0,670.0,0.08571428571428572,15.0,21.77,2103.0,13000.0,5.0,2.0,2.0,13.0,6000.0,70000.0,11.0,340.0,0
36.0,705.0,0.07241379310344828,3.0,7.07,47763.0,7100.0,1.0,1.0,1.0,5.0,8400.0,116000.0,1.0,148.0,1
36.0,660.0,0.2,10.0,17.52,11076.0,15300.0,2.0,4.0,1.0,6.0,12000.0,60000.0,2.0,43.0,1
60.0,710.0,0.28,6.0,12.74,10073.0,35600.0,7.0,0.0,3.0,11.0,30800.0,110000.0,8.0,199.0,1
36.0,680.0,0.12,7.0,21.08,2190.0,13000.0,3.0,1.0,0.0,7.0,6000.0,50000.0,3.0,114.0,0
36.0,695.0,0.18125,1.0,5.7,606.0,4000.0,12.0,,0.0,3.0,3625.0,20000.0,12.0,58.0,0
36.0,670.0,0.08425017345623947,7.0,20.31,6074.0,5200.0,2.0,2.0,5.0,10.0,6800.0,80712.0,24.0,198.0,0
60.0,670.0,0.3814464449191334,5.0,28.59,1886.0,12300.0,8.0,12.0,0.0,8.0,15000.0,39324.0,10.0,105.0,0
36.0,690.0,0.03854166666666667,6.0,30.89,33562.0,21600.0,5.0,5.0,4.0,7.0,3700.0,96000.0,5.0,144.0,1
60.0,715.0,0.18461538461538463,4.0,20.35,12894.0,6000.0,6.0,6.0,2.0,6.0,12000.0,65000.0,6.0,216.0,1
36.0,725.0,0.2555988315481986,5.0,28.48,23311.0,15300.0,4.0,1.0,2.0,6.0,10500.0,41080.0,4.0,268.0,0
36.0,665.0,0.13043478260869565,11.0,13.91,34101.0,11100.0,6.0,6.0,1.0,7.0,15000.0,115000.0,6.0,160.0,1
36.0,685.0,0.38138825324180015,6.0,24.3,1449.0,15500.0,3.0,,0.0,8.0,10000.0,26220.0,3.0,187.0,0
36.0,690.0,0.4445454545454545,3.0,15.94,25158.0,50500.0,6.0,3.0,2.0,8.0,24450.0,55000.0,16.0,182.0,1
36.0,685.0,0.2840909090909091,2.0,16.5,5792.0,13800.0,10.0,10.0,0.0,2.0,12500.0,44000.0,10.0,189.0,0
36.0,685.0,0.2222222222222222,2.0,16.9,1659.0,8700.0,1.0,0.0,0.0,1.0,8000.0,36000.0,1.0,123.0,0
36.0,690.0,0.2756849315068493,2.0,33.41,3259.0,2952.0,14.0,1.0,0.0,6.0,8050.0,29200.0,33.0,114.0,0
60.0,665.0,0.21739130434782608,6.0,21.5,19666.0,29500.0,8.0,9.0,1.0,7.0,15000.0,69000.0,11.0,86.0,1
60.0,680.0,0.375,11.0,21.3,1898.0,36600.0,3.0,0.0,0.0,27.0,30000.0,80000.0,22.0,161.0,0
60.0,745.0,0.35714285714285715,8.0,8.44,45881.0,6000.0,3.0,6.0,4.0,6.0,35000.0,98000.0,19.0,297.0,1
36.0,715.0,0.20416666666666666,1.0,6.96,3577.0,2000.0,11.0,,0.0,3.0,12250.0,60000.0,101.0,101.0,0
36.0,665.0,0.2727272727272727,3.0,30.54,32105.0,50800.0,3.0,3.0,1.0,10.0,30000.0,110000.0,3.0,354.0,1
36.0,665.0,0.182,9.0,35.85,11447.0,6300.0,1.0,0.0,0.0,2.0,18200.0,100000.0,9.0,113.0,1
60.0,695.0,0.16695652173913045,5.0,20.37,24861.0,7000.0,6.0,3.0,3.0,5.0,19200.0,115000.0,100.0,215.0,1
36.0,685.0,0.36,5.0,1.3,20856.0,2500.0,7.0,7.0,2.0,1.0,9000.0,25000.0,7.0,197.0,1
36.0,665.0,0.23676470588235293,3.0,11.93,10009.0,3000.0,7.0,1.0,0.0,4.0,8050.0,34000.0,18.0,165.0,0
36.0,755.0,0.12857142857142856,3.0,9.69,1589.0,21900.0,6.0,24.0,0.0,3.0,9000.0,70000.0,6.0,91.0,0
60.0,795.0,0.19736842105263158,,1.01,,,,,,,15000.0,76000.0,,,1
36.0,665.0,0.38461538461538464,7.0,28.95,13691.0,40500.0,6.0,3.0,13.0,14.0,25000.0,65000.0,6.0,323.0,0
36.0,665.0,0.32727272727272727,2.0,21.09,2703.0,6000.0,5.0,9.0,1.0,4.0,18000.0,55000.0,5.0,248.0,0
36.0,665.0,0.10714285714285714,7.0,17.19,4124.0,5700.0,3.0,10.0,3.0,5.0,6000.0,56000.0,10.0,355.0,0
36.0,660.0,0.418705035971223,1.0,17.2,5223.0,18500.0,17.0,17.0,3.0,4.0,29100.0,69500.0,17.0,105.0,1
36.0,670.0,0.12926829268292683,2.0,9.54,4826.0,15000.0,9.0,0.0,3.0,3.0,10600.0,82000.0,9.0,235.0,1
36.0,675.0,0.16304347826086957,3.0,22.55,13288.0,26100.0,6.0,6.0,4.0,8.0,15000.0,92000.0,17.0,381.0,0
60.0,675.0,0.42857142857142855,1.0,29.53,4077.0,15000.0,22.0,7.0,0.0,2.0,12000.0,28000.0,22.0,35.0,0
36.0,730.0,0.06363636363636363,2.0,2.99,70465.0,136900.0,13.0,16.0,7.0,5.0,35000.0,550000.0,21.0,169.0,1
36.0,675.0,0.19791666666666666,6.0,22.31,7101.0,8000.0,7.0,1.0,1.0,3.0,9500.0,48000.0,12.0,156.0,1
36.0,705.0,0.3146283683742967,3.0,18.79,24078.0,19200.0,7.0,8.0,1.0,3.0,17000.0,54032.0,33.0,74.0,1
36.0,730.0,0.19619865113427346,2.0,15.99,15416.0,59600.0,9.0,10.0,5.0,5.0,9600.0,48930.0,16.0,147.0,0
36.0,680.0,0.15555555555555556,1.0,17.2,9490.0,3700.0,12.0,13.0,0.0,2.0,7000.0,45000.0,51.0,161.0,0
36.0,720.0,0.19482758620689655,4.0,23.8,1397.0,10900.0,12.0,18.0,0.0,7.0,5650.0,29000.0,24.0,226.0,0
36.0,665.0,0.045454545454545456,2.0,5.74,34986.0,2500.0,3.0,3.0,1.0,2.0,2000.0,44000.0,3.0,142.0,1
60.0,725.0,0.15,9.0,4.77,11842.0,29100.0,2.0,7.0,4.0,3.0,12000.0,80000.0,2.0,154.0,1
60.0,680.0,0.15,11.0,31.02,15638.0,27100.0,2.0,2.0,4.0,12.0,15000.0,100000.0,2.0,225.0,1
36.0,720.0,0.07272727272727272,3.0,28.24,2384.0,26300.0,17.0,,0.0,5.0,8000.0,110000.0,18.0,339.0,0
60.0,730.0,0.21818181818181817,8.0,21.31,3068.0,15000.0,4.0,13.0,0.0,7.0,14400.0,66000.0,16.0,161.0,0
36.0,730.0,0.22916666666666666,1.0,18.17,2756.0,33400.0,16.0,16.0,0.0,6.0,11000.0,48000.0,16.0,70.0,0
60.0,670.0,0.1111111111111111,1.0,3.23,33936.0,3800.0,10.0,0.0,1.0,5.0,10000.0,90000.0,63.0,131.0,0
60.0,680.0,0.25,17.0,17.55,1414.0,20200.0,2.0,2.0,0.0,4.0,10000.0,40000.0,2.0,119.0,1
36.0,675.0,0.1,5.0,12.75,26153.0,2800.0,3.0,22.0,3.0,3.0,8000.0,80000.0,12.0,426.0,1
36.0,665.0,0.39891304347826084,8.0,13.62,25757.0,12900.0,2.0,17.0,1.0,5.0,18350.0,46000.0,17.0,58.0,1
60.0,690.0,0.19047619047619047,2.0,11.34,7187.0,12900.0,10.0,,0.0,4.0,20000.0,105000.0,24.0,272.0,0
36.0,695.0,0.15384615384615385,2.0,13.05,3097.0,5100.0,18.0,,0.0,2.0,3000.0,19500.0,24.0,90.0,0
36.0,730.0,0.33943661971830985,7.0,37.83,3287.0,17900.0,5.0,1.0,0.0,1.0,12050.0,35500.0,5.0,71.0,0
60.0,705.0,0.423728813559322,5.0,21.83,9327.0,58100.0,2.0,11.0,3.0,7.0,25000.0,59000.0,2.0,191.0,1
36.0,705.0,0.13333333333333333,5.0,23.12,2731.0,10300.0,5.0,12.0,0.0,4.0,8000.0,60000.0,5.0,216.0,0
36.0,665.0,0.1099056603773585,4.0,26.13,30672.0,900.0,2.0,2.0,1.0,2.0,5825.0,53000.0,36.0,45.0,1
36.0,735.0,0.24,0.0,8.47,18545.0,26100.0,33.0,,1.0,8.0,12000.0,50000.0,34.0,94.0,1
36.0,670.0,0.2222222222222222,5.0,9.21,32334.0,3500.0,1.0,0.0,3.0,5.0,32000.0,144000.0,9.0,310.0,1
60.0,690.0,0.12903225806451613,12.0,12.11,14317.0,33300.0,5.0,2.0,5.0,7.0,20000.0,155000.0,12.0,168.0,1
36.0,685.0,0.12237762237762238,3.0,12.02,3764.0,4600.0,4.0,4.0,0.0,3.0,7000.0,57200.0,4.0,106.0,0
60.0,670.0,0.21428571428571427,5.0,21.77,2909.0,13300.0,15.0,3.0,1.0,8.0,15000.0,70000.0,30.0,248.0,0
60.0,700.0,0.14,4.0,17.76,22843.0,12000.0,6.0,0.0,1.0,4.0,7000.0,50000.0,18.0,99.0,1
36.0,675.0,0.2,0.0,11.71,4232.0,7000.0,27.0,,0.0,1.0,5000.0,25000.0,88.0,135.0,1
36.0,715.0,0.08333333333333333,5.0,3.99,1769.0,53500.0,0.0,0.0,0.0,5.0,10000.0,120000.0,0.0,39.0,0
36.0,675.0,0.1111111111111111,4.0,19.79,4362.0,2600.0,7.0,6.0,4.0,6.0,5000.0,45000.0,16.0,127.0,1
36.0,695.0,0.12,5.0,36.99,2219.0,6600.0,7.0,6.0,0.0,9.0,6000.0,50000.0,7.0,112.0,0
36.0,680.0,0.29411764705882354,2.0,9.19,4549.0,12400.0,9.0,7.0,1.0,5.0,30000.0,102000.0,17.0,73.0,0
36.0,700.0,0.16304347826086957,2.0,21.87,14119.0,23500.0,12.0,12.0,5.0,13.0,15000.0,92000.0,43.0,141.0,1
60.0,695.0,0.07692982456140351,7.0,34.23,54661.0,119900.0,9.0,0.0,5.0,13.0,21925.0,285000.0,14.0,197.0,1
36.0,660.0,0.2,2.0,14.3,3592.0,13900.0,8.0,8.0,0.0,6.0,15000.0,75000.0,25.0,123.0,0
36.0,745.0,0.14,4.0,16.41,50668.0,56900.0,13.0,13.0,8.0,5.0,21000.0,150000.0,46.0,271.0,1
60.0,700.0,0.2857142857142857,5.0,26.09,16124.0,25500.0,1.0,11.0,2.0,6.0,20000.0,70000.0,1.0,171.0,1
60.0,785.0,0.3048780487804878,,10.26,,,,,,,25000.0,82000.0,,,0
36.0,690.0,0.3888888888888889,1.0,15.15,5297.0,37300.0,21.0,21.0,0.0,5.0,35000.0,90000.0,36.0,158.0,0
60.0,670.0,0.21818181818181817,3.0,9.32,3440.0,4800.0,18.0,10.0,0.0,5.0,12000.0,55000.0,37.0,74.0,0
36.0,660.0,0.13316326530612244,8.0,15.04,2072.0,6500.0,3.0,3.0,0.0,5.0,6525.0,49000.0,3.0,106.0,1
36.0,695.0,0.2631578947368421,1.0,12.28,1544.0,14400.0,12.0,4.0,5.0,5.0,10000.0,38000.0,12.0,121.0,0
36.0,710.0,0.2222222222222222,6.0,27.21,6589.0,26200.0,6.0,6.0,2.0,9.0,22000.0,99000.0,9.0,387.0,0
60.0,730.0,0.24528301886792453,2.0,27.94,15246.0,19000.0,9.0,9.0,1.0,5.0,13000.0,53000.0,9.0,367.0,1
60.0,660.0,0.45,1.0,20.05,3661.0,19500.0,8.0,2.0,0.0,8.0,21600.0,48000.0,25.0,163.0,0
36.0,685.0,0.2727272727272727,7.0,22.3,2092.0,42600.0,4.0,1.0,0.0,9.0,15000.0,55000.0,8.0,129.0,0
36.0,765.0,0.17535193875030872,,8.83,,,,,,,3550.0,20245.0,,,0
36.0,740.0,0.27631578947368424,1.0,8.91,2752.0,22700.0,24.0,4.0,2.0,4.0,21000.0,76000.0,29.0,274.0,0
60.0,675.0,0.32710280373831774,12.0,29.89,13518.0,27400.0,1.0,1.0,2.0,11.0,35000.0,107000.0,1.0,241.0,0
36.0,665.0,0.2,1.0,18.76,42482.0,3300.0,6.0,1.0,1.0,2.0,12000.0,60000.0,62.0,135.0,1
36.0,700.0,0.3630646083476272,3.0,16.98,2421.0,5000.0,7.0,7.0,0.0,5.0,12700.0,34980.0,7.0,50.0,0
36.0,685.0,0.1881720430107527,5.0,5.45,57197.0,8100.0,2.0,4.0,5.0,2.0,35000.0,186000.0,48.0,261.0,0
36.0,690.0,0.2727272727272727,4.0,18.24,4899.0,23300.0,8.0,8.0,3.0,4.0,15000.0,55000.0,8.0,174.0,1
36.0,715.0,0.32,1.0,22.48,9879.0,21200.0,6.0,6.0,1.0,5.0,14400.0,45000.0,28.0,191.0,1
36.0,670.0,0.06666666666666667,5.0,13.58,22786.0,2800.0,4.0,0.0,3.0,2.0,5000.0,75000.0,4.0,159.0,1
60.0,680.0,0.41379310344827586,3.0,29.22,21503.0,13000.0,6.0,17.0,1.0,2.0,24000.0,58000.0,17.0,146.0,0
36.0,725.0,0.085,5.0,4.11,119.0,3900.0,1.0,1.0,0.0,6.0,3825.0,45000.0,1.0,52.0,0
36.0,680.0,0.25806451612903225,3.0,21.31,4282.0,9100.0,3.0,3.0,0.0,4.0,8000.0,31000.0,35.0,93.0,0
36.0,670.0,0.1388888888888889,1.0,2.61,520.0,1200.0,20.0,0.0,2.0,3.0,5000.0,36000.0,65.0,117.0,1
36.0,715.0,0.2608695652173913,6.0,23.7,1079.0,2700.0,4.0,4.0,0.0,5.0,6000.0,23000.0,5.0,82.0,0
36.0,685.0,0.425,9.0,32.33,1372.0,23700.0,2.0,2.0,0.0,6.0,6800.0,16000.0,5.0,110.0,0
60.0,710.0,0.2222222222222222,2.0,7.05,35999.0,62000.0,1.0,16.0,4.0,6.0,20000.0,90000.0,1.0,208.0,0
36.0,730.0,0.3333333333333333,5.0,13.76,25849.0,48100.0,3.0,3.0,4.0,10.0,20000.0,60000.0,3.0,171.0,1
36.0,665.0,0.088,5.0,7.32,43210.0,7300.0,5.0,5.0,1.0,5.0,22000.0,250000.0,47.0,327.0,1
60.0,720.0,0.19230769230769232,4.0,16.93,67817.0,47900.0,3.0,18.0,4.0,6.0,25000.0,130000.0,19.0,228.0,1
36.0,670.0,0.056962025316455694,2.0,6.56,60909.0,8800.0,3.0,4.0,6.0,4.0,9000.0,158000.0,24.0,352.0,1
36.0,720.0,0.23214285714285715,,11.87,,,,,,,13000.0,56000.0,,,0
60.0,670.0,0.437,8.0,24.02,3499.0,38100.0,3.0,3.0,4.0,9.0,21850.0,50000.0,3.0,182.0,0
36.0,740.0,0.32727272727272727,1.0,19.33,5193.0,21300.0,9.0,22.0,0.0,4.0,36000.0,110000.0,28.0,64.0,0
60.0,730.0,0.04666666666666667,7.0,18.08,70776.0,172900.0,5.0,1.0,4.0,8.0,28000.0,600000.0,31.0,293.0,1
36.0,700.0,0.4,3.0,23.73,3254.0,2000.0,6.0,10.0,0.0,3.0,16000.0,40000.0,73.0,110.0,0
60.0,700.0,0.25,5.0,15.84,4930.0,10500.0,1.0,1.0,1.0,3.0,20000.0,80000.0,1.0,470.0,0
36.0,680.0,0.15384615384615385,15.0,18.39,1076.0,4000.0,6.0,0.0,0.0,11.0,10000.0,65000.0,23.0,208.0,1
36.0,690.0,0.16666666666666666,4.0,17.07,25842.0,29100.0,2.0,1.0,5.0,7.0,20000.0,120000.0,14.0,116.0,1
36.0,675.0,0.08125,3.0,9.17,2063.0,3800.0,4.0,9.0,0.0,3.0,6500.0,80000.0,68.0,175.0,0
36.0,670.0,0.4445121951219512,7.0,7.29,23650.0,11500.0,6.0,2.0,2.0,4.0,18225.0,41000.0,6.0,100.0,1
36.0,685.0,0.35175438596491226,4.0,28.04,2574.0,41400.0,10.0,17.0,1.0,10.0,20050.0,57000.0,14.0,197.0,0
60.0,665.0,0.25793650793650796,3.0,26.5,6728.0,6800.0,9.0,3.0,2.0,4.0,13000.0,50400.0,18.0,133.0,1
36.0,670.0,0.14285714285714285,10.0,25.74,2094.0,10600.0,3.0,4.0,0.0,5.0,6000.0,42000.0,3.0,104.0,0
36.0,790.0,0.3191489361702128,2.0,21.23,22305.0,19500.0,5.0,6.0,5.0,1.0,15000.0,47000.0,75.0,127.0,1
36.0,675.0,0.32,4.0,33.17,1476.0,6200.0,11.0,4.0,2.0,8.0,16000.0,50000.0,45.0,140.0,1
36.0,690.0,0.08125,1.0,12.39,19512.0,16200.0,14.0,16.0,8.0,3.0,6500.0,80000.0,30.0,409.0,1
36.0,660.0,0.07857142857142857,3.0,19.72,3884.0,10900.0,5.0,15.0,0.0,3.0,5500.0,70000.0,23.0,380.0,0
36.0,735.0,0.417940876656473,7.0,20.13,3012.0,76200.0,4.0,0.0,3.0,9.0,20500.0,49050.0,4.0,277.0,0
36.0,675.0,0.125,3.0,21.98,5357.0,2300.0,4.0,23.0,0.0,5.0,6000.0,48000.0,38.0,190.0,0
36.0,665.0,0.20689655172413793,12.0,16.45,305.0,29200.0,2.0,0.0,0.0,31.0,12000.0,58000.0,4.0,128.0,0
36.0,750.0,0.3333333333333333,4.0,13.24,4277.0,31300.0,3.0,16.0,1.0,3.0,20000.0,60000.0,26.0,202.0,0
36.0,760.0,0.21428571428571427,5.0,22.26,8660.0,10500.0,3.0,5.0,6.0,2.0,18000.0,84000.0,51.0,268.0,1
36.0,660.0,0.12,8.0,16.1,5564.0,2500.0,5.0,1.0,3.0,3.0,9000.0,75000.0,5.0,200.0,0
36.0,705.0,0.09090909090909091,3.0,15.8,32881.0,20700.0,7.0,1.0,2.0,3.0,10000.0,110000.0,20.0,203.0,1
60.0,680.0,0.29982817869415807,11.0,16.54,1378.0,18700.0,5.0,1.0,0.0,7.0,17450.0,58200.0,9.0,92.0,0
36.0,680.0,0.06666666666666667,5.0,11.61,35360.0,21900.0,2.0,9.0,3.0,8.0,12000.0,180000.0,2.0,241.0,1
36.0,690.0,0.08536585365853659,5.0,21.83,23309.0,10700.0,4.0,3.0,6.0,8.0,10500.0,123000.0,8.0,164.0,1
36.0,685.0,0.13333333333333333,1.0,18.83,1075.0,12500.0,4.0,4.0,1.0,7.0,6000.0,45000.0,28.0,309.0,0
36.0,675.0,0.06666666666666667,3.0,19.01,25969.0,110900.0,11.0,11.0,5.0,17.0,21000.0,315000.0,21.0,291.0,1
36.0,660.0,0.192,4.0,26.81,11324.0,3500.0,1.0,7.0,0.0,2.0,9600.0,50000.0,15.0,219.0,1
60.0,660.0,0.35555555555555557,3.0,23.07,8076.0,12000.0,6.0,10.0,0.0,3.0,16000.0,45000.0,6.0,32.0,0
60.0,700.0,0.18823529411764706,1.0,12.95,5466.0,82000.0,18.0,6.0,2.0,3.0,16000.0,85000.0,153.0,290.0,0
36.0,670.0,0.40476190476190477,6.0,33.29,3075.0,13500.0,2.0,5.0,6.0,8.0,17000.0,42000.0,22.0,256.0,1
36.0,720.0,0.13539325842696628,3.0,12.14,1687.0,7200.0,4.0,1.0,0.0,5.0,6025.0,44500.0,26.0,118.0,0
36.0,700.0,0.4797619047619048,4.0,22.84,2432.0,30200.0,3.0,22.0,0.0,7.0,30225.0,63000.0,26.0,165.0,0
36.0,675.0,0.35,0.0,18.93,2315.0,8700.0,36.0,,0.0,5.0,9450.0,27000.0,67.0,72.0,0
36.0,680.0,0.19607843137254902,9.0,8.24,1007.0,6800.0,3.0,4.0,0.0,9.0,7000.0,35700.0,3.0,53.0,0
36.0,680.0,0.08757267441860465,2.0,15.89,9472.0,6500.0,5.0,5.0,0.0,4.0,6025.0,68800.0,5.0,130.0,0
60.0,690.0,0.25301204819277107,1.0,8.71,1791.0,12800.0,5.0,0.0,0.0,4.0,21000.0,83000.0,5.0,111.0,0
36.0,735.0,0.07058823529411765,8.0,28.41,1979.0,36000.0,2.0,3.0,0.0,23.0,6000.0,85000.0,2.0,282.0,0
36.0,695.0,0.07384615384615385,2.0,12.89,29431.0,21600.0,9.0,,5.0,2.0,4800.0,65000.0,55.0,140.0,1
36.0,695.0,0.07988124321841529,2.0,11.06,4470.0,28300.0,8.0,15.0,2.0,3.0,12000.0,150223.0,45.0,176.0,1
36.0,700.0,0.1076219512195122,10.0,17.34,7953.0,11000.0,1.0,1.0,0.0,5.0,8825.0,82000.0,1.0,171.0,0
36.0,685.0,0.31940855584266437,2.0,25.06,1104.0,2000.0,16.0,0.0,0.0,5.0,4450.0,13932.0,85.0,244.0,0
60.0,775.0,0.10909090909090909,4.0,26.91,20609.0,19000.0,3.0,2.0,2.0,7.0,12000.0,110000.0,15.0,363.0,1
36.0,665.0,0.449743485891724,8.0,32.64,3672.0,34175.0,5.0,8.0,0.0,12.0,26650.0,59256.0,5.0,244.0,0
36.0,675.0,0.390625,7.0,24.07,1186.0,21200.0,3.0,6.0,0.0,11.0,15000.0,38400.0,3.0,97.0,0
36.0,705.0,0.18181818181818182,6.0,15.66,2086.0,13300.0,9.0,4.0,0.0,4.0,8000.0,44000.0,9.0,98.0,0
36.0,690.0,0.0375,4.0,2.8,15784.0,67300.0,17.0,1.0,2.0,10.0,30000.0,800000.0,29.0,128.0,0
36.0,695.0,0.1766304347826087,1.0,13.64,,44486.0,,7.0,6.0,,24375.0,138000.0,32.0,,1
36.0,665.0,0.4392857142857143,4.0,17.75,2037.0,19500.0,13.0,22.0,0.0,6.0,12300.0,28000.0,13.0,258.0,0
60.0,660.0,0.11101485148514852,5.0,5.64,4128.0,11100.0,1.0,2.0,0.0,6.0,22425.0,202000.0,7.0,184.0,1
60.0,660.0,0.2,4.0,12.34,5829.0,9000.0,0.0,6.0,2.0,3.0,12000.0,60000.0,19.0,191.0,0
60.0,690.0,0.4368932038834951,2.0,16.73,2832.0,19800.0,19.0,6.0,0.0,6.0,18000.0,41200.0,19.0,136.0,0
36.0,760.0,0.2,,0.6,,,,,,,6000.0,30000.0,,,0
36.0,665.0,0.13043478260869565,2.0,14.46,1375.0,7700.0,5.0,,0.0,6.0,3000.0,23000.0,5.0,108.0,0
36.0,685.0,0.17863636363636365,1.0,18.85,3955.0,16000.0,15.0,3.0,2.0,3.0,9825.0,55000.0,90.0,382.0,0
36.0,670.0,0.14545454545454545,4.0,31.35,12698.0,10300.0,2.0,2.0,4.0,9.0,8000.0,55000.0,24.0,176.0,1
36.0,665.0,0.1948932892835377,6.0,12.01,30535.0,13000.0,2.0,7.0,1.0,8.0,15775.0,80941.73,2.0,73.0,1
36.0,685.0,0.22857142857142856,6.0,20.61,2992.0,18400.0,2.0,12.0,0.0,5.0,8000.0,35000.0,2.0,104.0,0
36.0,670.0,0.176,4.0,17.74,30310.0,4900.0,6.0,8.0,3.0,5.0,8800.0,50000.0,6.0,284.0,0
36.0,670.0,0.15,2.0,9.24,496.0,1800.0,2.0,1.0,0.0,5.0,3000.0,20000.0,16.0,43.0,0
36.0,660.0,0.26666666666666666,5.0,19.16,18615.0,4500.0,6.0,4.0,3.0,3.0,16000.0,60000.0,22.0,259.0,1
60.0,670.0,0.392,7.0,18.94,9844.0,1300.0,3.0,21.0,3.0,4.0,19600.0,50000.0,15.0,150.0,1
36.0,685.0,0.15,3.0,17.26,4947.0,26500.0,13.0,13.0,1.0,5.0,9000.0,60000.0,13.0,214.0,0
60.0,685.0,0.30303030303030304,5.0,21.58,9427.0,13000.0,2.0,2.0,6.0,14.0,20000.0,66000.0,13.0,348.0,1
60.0,660.0,0.2692307692307692,5.0,28.99,3556.0,10900.0,12.0,10.0,0.0,6.0,14000.0,52000.0,12.0,101.0,0
36.0,705.0,0.14957264957264957,4.0,18.18,10599.0,20900.0,2.0,2.0,3.0,4.0,35000.0,234000.0,185.0,230.0,0
36.0,670.0,0.08461538461538462,3.0,12.15,1606.0,8200.0,16.0,7.0,0.0,6.0,2750.0,32500.0,34.0,75.0,0
36.0,700.0,0.10416666666666667,,10.25,,,,,,,5000.0,48000.0,,,0
60.0,665.0,0.2361111111111111,5.0,8.9,20093.0,17600.0,1.0,5.0,3.0,8.0,17000.0,72000.0,28.0,91.0,1
36.0,730.0,0.24489795918367346,6.0,7.15,1370.0,21200.0,4.0,10.0,2.0,7.0,12000.0,49000.0,4.0,208.0,0
60.0,670.0,0.1523809523809524,9.0,20.35,11097.0,18500.0,1.0,1.0,4.0,11.0,16000.0,105000.0,1.0,193.0,1
36.0,670.0,0.1375,2.0,14.61,54348.0,12800.0,11.0,4.0,5.0,3.0,11000.0,80000.0,87.0,285.0,1
60.0,675.0,0.39987080103359174,7.0,28.62,6148.0,19200.0,3.0,3.0,0.0,10.0,15475.0,38700.0,3.0,50.0,0
36.0,710.0,0.25,2.0,30.38,28403.0,16500.0,11.0,,7.0,6.0,20000.0,80000.0,95.0,191.0,1
36.0,705.0,0.09052631578947369,9.0,15.3,4025.0,21600.0,6.0,6.0,0.0,5.0,8600.0,95000.0,6.0,126.0,0
60.0,730.0,0.4166666666666667,1.0,33.08,6491.0,69700.0,5.0,15.0,3.0,5.0,25000.0,60000.0,161.0,665.0,0
36.0,670.0,0.22142857142857142,3.0,18.11,21877.0,9400.0,16.0,17.0,2.0,7.0,9300.0,42000.0,47.0,174.0,0
36.0,670.0,0.19090909090909092,5.0,23.25,7662.0,43800.0,7.0,7.0,0.0,7.0,21000.0,110000.0,15.0,177.0,0
36.0,720.0,0.1276595744680851,3.0,9.93,754.0,14500.0,9.0,7.0,1.0,6.0,6000.0,47000.0,9.0,152.0,0
36.0,660.0,0.2088888888888889,4.0,20.73,19838.0,3400.0,3.0,8.0,3.0,5.0,9400.0,45000.0,8.0,74.0,0
60.0,695.0,0.395,5.0,32.07,10931.0,22000.0,4.0,4.0,1.0,5.0,15800.0,40000.0,6.0,93.0,1
36.0,695.0,0.07777777777777778,0.0,14.67,2834.0,0.0,56.0,,0.0,1.0,3500.0,45000.0,,186.0,0
36.0,685.0,0.125,4.0,3.33,570.0,9100.0,7.0,14.0,9.0,3.0,5000.0,40000.0,7.0,223.0,0
36.0,705.0,0.35714285714285715,4.0,18.9,1460.0,12100.0,10.0,5.0,0.0,5.0,10000.0,28000.0,10.0,137.0,0
36.0,675.0,0.029239766081871343,3.0,28.13,45013.0,32250.0,7.0,8.0,2.0,5.0,5000.0,171000.0,169.0,426.0,1
36.0,695.0,0.26,4.0,10.92,1137.0,20900.0,8.0,7.0,0.0,11.0,13000.0,50000.0,8.0,165.0,0
36.0,710.0,0.31746031746031744,2.0,11.26,24653.0,24900.0,2.0,3.0,2.0,3.0,20000.0,63000.0,116.0,137.0,1
36.0,670.0,0.06504065040650407,1.0,16.07,5631.0,8000.0,1.0,,1.0,5.0,5000.0,76875.0,38.0,129.0,1
36.0,675.0,0.23076923076923078,3.0,37.21,5040.0,5700.0,16.0,3.0,0.0,4.0,6000.0,26000.0,19.0,81.0,0
36.0,660.0,0.21505376344086022,3.0,12.89,3978.0,10000.0,13.0,17.0,5.0,5.0,20000.0,93000.0,21.0,299.0,0
36.0,715.0,0.04971590909090909,6.0,0.85,153.0,0.0,9.0,7.0,0.0,2.0,3500.0,70400.0,,51.0,0
36.0,710.0,0.18181818181818182,5.0,14.09,4390.0,8900.0,2.0,18.0,0.0,3.0,10000.0,55000.0,19.0,157.0,0
60.0,660.0,0.27960526315789475,2.0,32.0,7680.0,10100.0,2.0,,1.0,10.0,10625.0,38000.0,2.0,240.0,1
36.0,790.0,0.10869565217391304,7.0,17.53,1517.0,68200.0,2.0,7.0,0.0,10.0,10000.0,92000.0,2.0,305.0,0
36.0,675.0,0.16968325791855204,4.0,25.2,5885.0,18200.0,2.0,2.0,0.0,6.0,12000.0,70720.0,5.0,97.0,0
60.0,690.0,0.373134328358209,6.0,17.91,40683.0,10500.0,6.0,7.0,6.0,2.0,25000.0,67000.0,21.0,237.0,1
60.0,675.0,0.3660606060606061,,9.24,,,,,,,30200.0,82500.0,,,0
36.0,740.0,0.25210084033613445,4.0,18.95,44440.0,43200.0,2.0,4.0,1.0,4.0,30000.0,119000.0,13.0,291.0,1
36.0,660.0,0.10638297872340426,4.0,17.9,2707.0,13500.0,5.0,1.0,0.0,6.0,5000.0,47000.0,35.0,118.0,0
36.0,665.0,0.1054945054945055,3.0,8.0,1952.0,7600.0,5.0,1.0,2.0,3.0,9600.0,91000.0,5.0,101.0,1
60.0,660.0,0.18518518518518517,4.0,11.08,38792.0,14000.0,4.0,11.0,7.0,4.0,25000.0,135000.0,8.0,195.0,1
36.0,685.0,0.28125,4.0,27.91,5952.0,17300.0,8.0,0.0,0.0,4.0,9000.0,32000.0,11.0,38.0,0
36.0,705.0,0.08139534883720931,9.0,26.0,27131.0,15000.0,2.0,2.0,4.0,4.0,7000.0,86000.0,5.0,195.0,1
36.0,690.0,0.1784090909090909,5.0,16.0,24386.0,14700.0,10.0,2.0,7.0,6.0,15700.0,88000.0,94.0,294.0,1
60.0,720.0,0.19047619047619047,3.0,16.45,62794.0,34100.0,3.0,2.0,3.0,5.0,20000.0,105000.0,3.0,356.0,1
36.0,715.0,0.35714285714285715,4.0,30.31,7265.0,66000.0,4.0,4.0,1.0,9.0,25000.0,70000.0,4.0,325.0,1
60.0,660.0,0.3116883116883117,17.0,34.99,2944.0,11000.0,1.0,1.0,0.0,14.0,24000.0,77000.0,3.0,208.0,1
36.0,825.0,0.38461538461538464,3.0,6.82,38171.0,96800.0,3.0,4.0,1.0,4.0,30000.0,78000.0,18.0,453.0,1
36.0,660.0,0.11486486486486487,1.0,19.92,4648.0,10300.0,17.0,20.0,0.0,5.0,8500.0,74000.0,30.0,55.0,0
36.0,660.0,0.2,2.0,17.27,33064.0,28800.0,7.0,6.0,5.0,4.0,7000.0,35000.0,7.0,244.0,1
36.0,670.0,0.037037037037037035,1.0,14.69,2468.0,0.0,6.0,15.0,0.0,1.0,2000.0,54000.0,,65.0,0
36.0,700.0,0.14,3.0,28.71,3017.0,12300.0,1.0,17.0,0.0,6.0,5600.0,40000.0,1.0,87.0,0
36.0,725.0,0.16941176470588235,5.0,6.87,3452.0,66700.0,2.0,0.0,0.0,6.0,14400.0,85000.0,4.0,208.0,0
36.0,710.0,0.29508196721311475,2.0,22.09,11116.0,10400.0,8.0,9.0,0.0,3.0,18000.0,61000.0,54.0,180.0,1
36.0,715.0,0.08488306565229642,9.0,28.59,5156.0,27700.0,5.0,7.0,0.0,2.0,6025.0,70980.0,10.0,117.0,0
36.0,670.0,0.23622047244094488,14.0,19.01,4244.0,12800.0,1.0,0.0,3.0,7.0,15000.0,63500.0,8.0,126.0,0
36.0,665.0,0.13253012048192772,6.0,15.31,3097.0,6800.0,3.0,16.0,0.0,7.0,11000.0,83000.0,3.0,39.0,0
36.0,710.0,0.4,4.0,14.78,2404.0,27600.0,5.0,20.0,0.0,5.0,18000.0,45000.0,5.0,133.0,0
36.0,700.0,0.25,3.0,13.42,14792.0,43900.0,14.0,11.0,1.0,6.0,15000.0,60000.0,18.0,76.0,1
60.0,720.0,0.26666666666666666,3.0,16.07,50548.0,11900.0,5.0,5.0,3.0,4.0,24000.0,90000.0,75.0,180.0,1
36.0,755.0,0.18181818181818182,11.0,17.43,4787.0,16600.0,7.0,9.0,1.0,5.0,10000.0,55000.0,11.0,87.0,1
36.0,670.0,0.2857142857142857,1.0,12.65,1923.0,11600.0,14.0,14.0,0.0,6.0,10000.0,35000.0,25.0,80.0,0
60.0,665.0,0.28860294117647056,5.0,26.97,5671.0,8800.0,1.0,,1.0,3.0,11775.0,40800.0,28.0,264.0,0
36.0,680.0,0.2727272727272727,6.0,9.54,5549.0,9800.0,2.0,18.0,0.0,4.0,30000.0,110000.0,5.0,71.0,0
36.0,695.0,0.15625,5.0,14.27,1646.0,12300.0,4.0,7.0,0.0,6.0,7500.0,48000.0,4.0,109.0,0
36.0,675.0,0.010526315789473684,7.0,20.98,19175.0,13700.0,2.0,10.0,1.0,6.0,1000.0,95000.0,7.0,83.0,1
36.0,775.0,0.1123076923076923,4.0,17.84,12868.0,18400.0,5.0,22.0,3.0,2.0,7300.0,65000.0,48.0,276.0,1
60.0,690.0,0.24,6.0,8.04,63110.0,19500.0,3.0,3.0,2.0,2.0,24000.0,100000.0,78.0,130.0,1
36.0,660.0,0.08944444444444444,4.0,12.73,6256.0,4900.0,1.0,1.0,2.0,3.0,8050.0,90000.0,2.0,414.0,1
36.0,740.0,0.112,0.0,14.75,31523.0,20500.0,27.0,2.0,3.0,1.0,8400.0,75000.0,68.0,306.0,1
36.0,660.0,0.1,4.0,8.02,4072.0,7800.0,7.0,4.0,0.0,4.0,10000.0,100000.0,7.0,221.0,0
60.0,690.0,0.44,7.0,29.35,19838.0,9900.0,2.0,12.0,5.0,5.0,24200.0,55000.0,101.0,122.0,1
36.0,760.0,0.1,,20.02,,,,,,,2500.0,25000.0,,,0
36.0,690.0,0.324254215304799,1.0,20.53,1349.0,13400.0,10.0,9.0,0.0,7.0,8000.0,24672.0,10.0,148.0,0
36.0,690.0,0.09896907216494845,2.0,8.2,2639.0,10400.0,20.0,,0.0,3.0,9600.0,97000.0,37.0,181.0,0
36.0,660.0,0.3,3.0,27.79,1142.0,2400.0,4.0,1.0,2.0,5.0,6000.0,20000.0,4.0,224.0,1
36.0,660.0,0.20430107526881722,3.0,16.88,2457.0,2100.0,9.0,22.0,0.0,4.0,9500.0,46500.0,61.0,87.0,0
36.0,695.0,0.12631578947368421,,17.41,,,,,,,12000.0,95000.0,,,1
36.0,745.0,0.19444444444444445,6.0,13.87,2057.0,2500.0,1.0,1.0,0.0,8.0,8750.0,45000.0,5.0,73.0,0
36.0,740.0,0.3137254901960784,2.0,24.13,6243.0,31500.0,9.0,20.0,0.0,2.0,16000.0,51000.0,20.0,134.0,0
36.0,670.0,0.192,4.0,28.52,1432.0,1500.0,5.0,20.0,0.0,3.0,4800.0,25000.0,25.0,25.0,0
36.0,690.0,0.25833333333333336,3.0,20.77,1715.0,3000.0,7.0,,0.0,4.0,7750.0,30000.0,19.0,69.0,0
60.0,660.0,0.3,3.0,34.48,9049.0,1300.0,6.0,13.0,2.0,3.0,18000.0,60000.0,35.0,175.0,0
36.0,690.0,0.09090909090909091,3.0,9.3,41512.0,6100.0,19.0,22.0,2.0,3.0,5000.0,55000.0,97.0,195.0,1
60.0,735.0,0.34285714285714286,8.0,21.06,3142.0,28000.0,1.0,14.0,2.0,4.0,33600.0,98000.0,14.0,120.0,0
36.0,695.0,0.16909029421711194,0.0,14.27,550.0,3200.0,37.0,22.0,0.0,5.0,6000.0,35484.0,78.0,112.0,0
36.0,695.0,0.37916666666666665,10.0,29.7,4237.0,27800.0,2.0,17.0,1.0,6.0,22750.0,60000.0,3.0,63.0,0
60.0,665.0,0.2631578947368421,4.0,27.3,12545.0,14700.0,3.0,5.0,6.0,10.0,20000.0,76000.0,53.0,269.0,1
36.0,700.0,0.17391304347826086,6.0,14.14,,5200.0,,,0.0,,8000.0,46000.0,12.0,,0
60.0,700.0,0.3575268817204301,2.0,35.69,4386.0,7200.0,7.0,9.0,7.0,2.0,16625.0,46500.0,30.0,216.0,0
36.0,700.0,0.16326530612244897,3.0,28.14,2605.0,6800.0,11.0,5.0,0.0,8.0,8000.0,49000.0,11.0,64.0,0
60.0,660.0,0.34785714285714286,3.0,33.85,5291.0,21500.0,3.0,3.0,0.0,4.0,12175.0,35000.0,85.0,198.0,1
36.0,660.0,0.23484848484848486,,24.65,,,,,,,7750.0,33000.0,,,0
60.0,690.0,0.3915343915343915,6.0,19.82,10835.0,25000.0,12.0,11.0,2.0,5.0,14800.0,37800.0,13.0,118.0,1
36.0,695.0,0.08666666666666667,2.0,11.89,30936.0,32600.0,4.0,1.0,1.0,6.0,20800.0,240000.0,4.0,145.0,1
60.0,800.0,0.16666666666666666,5.0,28.04,16714.0,53900.0,5.0,5.0,4.0,6.0,12000.0,72000.0,5.0,240.0,1
60.0,675.0,0.24,7.0,17.84,1491.0,5800.0,4.0,11.0,0.0,8.0,18000.0,75000.0,8.0,127.0,0
36.0,675.0,0.2,5.0,14.7,20188.0,400.0,3.0,4.0,1.0,3.0,12000.0,60000.0,111.0,111.0,1
36.0,740.0,0.21770833333333334,,17.52,,,,,,,15675.0,72000.0,,,1
36.0,680.0,0.13529411764705881,13.0,15.38,13163.0,6900.0,2.0,2.0,3.0,9.0,23000.0,170000.0,9.0,217.0,1
36.0,710.0,0.15,4.0,36.12,10319.0,3500.0,7.0,2.0,0.0,3.0,6000.0,40000.0,20.0,105.0,0
60.0,705.0,0.25957446808510637,2.0,21.42,44664.0,12000.0,18.0,18.0,1.0,2.0,12200.0,47000.0,43.0,294.0,1
36.0,785.0,0.15,4.0,19.65,8699.0,13300.0,4.0,4.0,3.0,2.0,12000.0,80000.0,40.0,384.0,1
36.0,715.0,0.25,2.0,10.77,4625.0,68100.0,18.0,4.0,2.0,4.0,30000.0,120000.0,20.0,295.0,0
36.0,685.0,0.31583333333333335,,18.0,,,,,,,18950.0,60000.0,,,0
36.0,730.0,0.40250447227191416,3.0,17.52,14800.0,9300.0,11.0,0.0,4.0,6.0,18000.0,44720.0,11.0,102.0,1
60.0,670.0,0.112,5.0,20.8,28781.0,28100.0,3.0,1.0,1.0,8.0,11200.0,100000.0,3.0,106.0,1
36.0,670.0,0.08764044943820225,8.0,7.35,4350.0,1900.0,8.0,9.0,0.0,3.0,7800.0,89000.0,9.0,28.0,1
36.0,685.0,0.32894736842105265,3.0,22.34,16168.0,24700.0,6.0,8.0,1.0,8.0,25000.0,76000.0,11.0,124.0,1
60.0,700.0,0.346875,2.0,30.2,4428.0,20000.0,15.0,,0.0,6.0,22200.0,64000.0,88.0,122.0,0
60.0,770.0,0.4166666666666667,,9.05,,,,,,,30000.0,72000.0,,,1
36.0,660.0,0.17647058823529413,1.0,22.94,8251.0,8400.0,2.0,1.0,4.0,3.0,9000.0,51000.0,134.0,255.0,0
60.0,665.0,0.16,2.0,5.56,81992.0,10500.0,15.0,3.0,1.0,3.0,16000.0,100000.0,25.0,53.0,1
36.0,695.0,0.09239130434782608,8.0,14.98,14064.0,10100.0,6.0,7.0,4.0,5.0,8500.0,92000.0,25.0,206.0,1
60.0,675.0,0.4191666666666667,6.0,23.42,2744.0,14400.0,7.0,7.0,0.0,6.0,25150.0,60000.0,10.0,126.0,1
60.0,670.0,0.3333333333333333,2.0,28.78,10356.0,17300.0,11.0,0.0,2.0,9.0,18000.0,54000.0,11.0,109.0,1
36.0,705.0,0.29411764705882354,3.0,17.58,,17000.0,,,1.0,,20000.0,68000.0,21.0,,1
36.0,780.0,0.13333333333333333,7.0,5.45,253.0,30000.0,7.0,13.0,0.0,0.0,4000.0,30000.0,13.0,272.0,0
36.0,700.0,0.16,2.0,8.16,635.0,9200.0,19.0,5.0,0.0,6.0,4000.0,25000.0,29.0,117.0,0
60.0,685.0,0.20817307692307693,5.0,10.56,2175.0,11500.0,5.0,5.0,0.0,5.0,10825.0,52000.0,5.0,57.0,1
60.0,665.0,0.3246753246753247,10.0,19.0,26322.0,6800.0,4.0,4.0,4.0,2.0,25000.0,77000.0,4.0,47.0,1
60.0,695.0,0.24705882352941178,3.0,8.82,3311.0,8800.0,11.0,23.0,0.0,3.0,21000.0,85000.0,86.0,87.0,0
36.0,725.0,0.10833333333333334,3.0,12.38,27548.0,7500.0,10.0,10.0,5.0,5.0,6500.0,60000.0,41.0,115.0,1
36.0,675.0,0.18421052631578946,2.0,9.02,1346.0,11900.0,5.0,,6.0,5.0,14000.0,76000.0,22.0,228.0,0
36.0,690.0,0.2823529411764706,3.0,17.26,3448.0,56000.0,3.0,9.0,0.0,6.0,12000.0,42500.0,3.0,215.0,0
60.0,740.0,0.2692307692307692,7.0,25.73,3187.0,45000.0,6.0,14.0,10.0,9.0,35000.0,130000.0,6.0,292.0,1
60.0,705.0,0.11428571428571428,9.0,17.71,6659.0,3600.0,3.0,5.0,2.0,4.0,12000.0,105000.0,10.0,243.0,0
60.0,690.0,0.09090909090909091,6.0,8.41,5070.0,5400.0,1.0,4.0,0.0,3.0,10000.0,110000.0,24.0,59.0,0
36.0,680.0,0.27575757575757576,4.0,17.2,1574.0,7300.0,5.0,14.0,0.0,5.0,9100.0,33000.0,8.0,160.0,0
36.0,665.0,0.2602739726027397,7.0,17.03,3146.0,5000.0,11.0,13.0,1.0,6.0,19000.0,73000.0,13.0,89.0,0
36.0,675.0,0.17777777777777778,11.0,10.51,735.0,20800.0,12.0,2.0,0.0,7.0,8000.0,45000.0,12.0,50.0,0
36.0,680.0,0.06818181818181818,3.0,8.73,54757.0,5000.0,4.0,4.0,1.0,1.0,4500.0,66000.0,50.0,128.0,1
36.0,665.0,0.09722222222222222,6.0,3.47,6875.0,27300.0,2.0,2.0,0.0,4.0,35000.0,360000.0,2.0,126.0,0
36.0,675.0,0.23333333333333334,8.0,16.48,12065.0,10300.0,4.0,0.0,2.0,5.0,14000.0,60000.0,4.0,206.0,1
36.0,735.0,0.2073170731707317,2.0,27.73,10179.0,32900.0,3.0,4.0,1.0,4.0,17000.0,82000.0,51.0,212.0,1
36.0,670.0,0.05,3.0,5.71,4943.0,1200.0,9.0,0.0,1.0,0.0,5000.0,100000.0,16.0,209.0,0
36.0,685.0,0.10907504363001745,3.0,16.23,4855.0,900.0,2.0,2.0,0.0,3.0,6000.0,55008.0,11.0,60.0,0
36.0,740.0,0.16666666666666666,0.0,21.82,10408.0,9800.0,26.0,1.0,0.0,2.0,15000.0,90000.0,94.0,125.0,0
60.0,670.0,0.31492537313432833,9.0,27.09,18941.0,27800.0,5.0,13.0,1.0,6.0,21100.0,67000.0,5.0,127.0,1
60.0,665.0,0.4,5.0,37.9,6691.0,9700.0,7.0,15.0,6.0,10.0,22000.0,55000.0,16.0,195.0,0
36.0,685.0,0.16585365853658537,2.0,12.32,2731.0,3000.0,3.0,0.0,0.0,0.0,6800.0,41000.0,13.0,137.0,0
36.0,670.0,0.17529411764705882,9.0,16.02,1707.0,10200.0,7.0,1.0,5.0,8.0,14900.0,85000.0,7.0,119.0,0
36.0,800.0,0.2257710079922937,1.0,16.36,1792.0,69900.0,24.0,0.0,0.0,9.0,15000.0,66439.0,39.0,327.0,0
36.0,760.0,0.35294117647058826,,19.37,,,,,,,15000.0,42500.0,,,0
36.0,730.0,0.25,3.0,18.92,8793.0,8000.0,16.0,21.0,1.0,3.0,15000.0,60000.0,21.0,362.0,1
36.0,700.0,0.28,0.0,13.05,7064.0,35000.0,47.0,,0.0,2.0,28000.0,100000.0,70.0,265.0,0
36.0,680.0,0.033962264150943396,2.0,15.83,2104.0,4500.0,5.0,0.0,0.0,7.0,1800.0,53000.0,13.0,111.0,0
36.0,755.0,0.18181818181818182,1.0,28.78,13067.0,29200.0,9.0,6.0,1.0,8.0,10000.0,55000.0,53.0,247.0,1
60.0,670.0,0.2892561983471074,4.0,26.52,13726.0,39000.0,2.0,0.0,2.0,11.0,35000.0,121000.0,35.0,103.0,1
36.0,670.0,0.18181818181818182,6.0,19.89,,7700.0,,1.0,1.0,,10000.0,55000.0,15.0,,1
36.0,680.0,0.20416666666666666,4.0,17.43,9500.0,13000.0,7.0,7.0,2.0,8.0,9800.0,48000.0,10.0,100.0,0
60.0,700.0,0.11423076923076923,10.0,16.41,5786.0,16100.0,1.0,0.0,4.0,7.0,14850.0,130000.0,6.0,206.0,1
36.0,775.0,0.08347826086956522,2.0,3.82,2862.0,80500.0,2.0,,0.0,3.0,9600.0,115000.0,2.0,217.0,0
36.0,670.0,0.16913676821920126,6.0,11.85,1229.0,12400.0,15.0,12.0,0.0,6.0,8000.0,47299.0,16.0,98.0,0
36.0,730.0,0.20408163265306123,5.0,7.68,957.0,58300.0,1.0,1.0,1.0,8.0,10000.0,49000.0,8.0,195.0,1
36.0,705.0,0.35,3.0,31.59,23470.0,59600.0,1.0,1.0,2.0,6.0,35000.0,100000.0,41.0,230.0,1
36.0,720.0,0.43969072164948453,4.0,20.69,15057.0,15800.0,3.0,0.0,1.0,4.0,21325.0,48500.0,54.0,110.0,1
36.0,670.0,0.1,4.0,27.12,2836.0,7200.0,3.0,1.0,0.0,5.0,3500.0,35000.0,3.0,160.0,0
60.0,705.0,0.2777777777777778,2.0,6.43,23189.0,23600.0,6.0,0.0,2.0,3.0,20000.0,72000.0,6.0,205.0,1
36.0,665.0,0.3125,2.0,24.38,3177.0,4800.0,21.0,,0.0,3.0,15000.0,48000.0,37.0,98.0,0
36.0,695.0,0.2825624544368042,2.0,8.43,7851.0,2000.0,6.0,11.0,3.0,2.0,16500.0,58394.17,203.0,203.0,0
36.0,695.0,0.3076923076923077,2.0,11.82,44228.0,32200.0,2.0,6.0,3.0,3.0,20000.0,65000.0,101.0,307.0,1
36.0,670.0,0.08333333333333333,4.0,33.72,3654.0,17000.0,2.0,2.0,0.0,11.0,2500.0,30000.0,2.0,186.0,0
36.0,710.0,0.13513513513513514,3.0,7.23,2165.0,10800.0,4.0,10.0,0.0,3.0,5000.0,37000.0,4.0,36.0,0
60.0,685.0,0.18207282913165265,4.0,21.03,22373.0,12600.0,13.0,7.0,3.0,5.0,13000.0,71400.0,53.0,131.0,1
60.0,660.0,0.2826086956521739,5.0,10.28,16385.0,11800.0,7.0,1.0,1.0,6.0,13000.0,46000.0,13.0,57.0,0
36.0,660.0,0.33212284325286584,1.0,5.11,1399.0,9000.0,8.0,8.0,5.0,4.0,17000.0,51185.88,8.0,248.0,0
60.0,715.0,0.4388888888888889,1.0,29.04,3620.0,23000.0,21.0,5.0,0.0,6.0,19750.0,45000.0,21.0,113.0,0
60.0,675.0,0.08,3.0,8.9,54623.0,11700.0,11.0,2.0,6.0,4.0,12000.0,150000.0,58.0,300.0,1
60.0,715.0,0.4389105902777778,5.0,19.27,10222.0,16400.0,6.0,16.0,3.0,9.0,20225.0,46080.0,6.0,174.0,1
36.0,680.0,0.1794871794871795,6.0,10.58,2685.0,39400.0,9.0,22.0,0.0,9.0,35000.0,195000.0,9.0,95.0,0
36.0,725.0,0.14583333333333334,0.0,15.82,112704.0,101051.0,26.0,,5.0,6.0,35000.0,240000.0,26.0,317.0,1
60.0,670.0,0.2857142857142857,1.0,19.05,29679.0,39200.0,5.0,7.0,3.0,6.0,20000.0,70000.0,86.0,266.0,0
36.0,660.0,0.13333333333333333,1.0,3.59,39462.0,7700.0,18.0,1.0,4.0,3.0,6000.0,45000.0,18.0,197.0,1
60.0,700.0,0.26666666666666666,13.0,27.78,25099.0,1700.0,2.0,0.0,1.0,4.0,16000.0,60000.0,27.0,252.0,1
36.0,665.0,0.144,8.0,11.91,1461.0,10400.0,5.0,,1.0,1.0,3600.0,25000.0,5.0,42.0,0
36.0,695.0,0.26666666666666666,6.0,28.33,9086.0,26700.0,8.0,10.0,2.0,8.0,20000.0,75000.0,10.0,379.0,1
36.0,720.0,0.2702702702702703,1.0,18.26,38963.0,41000.0,11.0,,6.0,4.0,20000.0,74000.0,34.0,257.0,1
36.0,665.0,0.0775,2.0,9.69,3430.0,25800.0,11.0,,5.0,10.0,15500.0,200000.0,48.0,295.0,0
36.0,680.0,0.13146685457662416,4.0,20.79,4700.0,48900.0,1.0,0.0,0.0,8.0,12000.0,91277.76,38.0,177.0,0
36.0,660.0,0.17777777777777778,6.0,24.42,1805.0,13200.0,1.0,1.0,0.0,9.0,8000.0,45000.0,1.0,49.0,0
60.0,710.0,0.11666666666666667,7.0,5.35,2319.0,27000.0,1.0,3.0,3.0,4.0,14000.0,120000.0,4.0,181.0,1
60.0,675.0,0.3125,2.0,10.56,47547.0,24600.0,16.0,,7.0,5.0,25000.0,80000.0,16.0,133.0,1
60.0,720.0,0.29357798165137616,10.0,22.26,26140.0,7000.0,2.0,2.0,7.0,2.0,32000.0,109000.0,93.0,94.0,1
36.0,665.0,0.2,2.0,9.51,36530.0,26000.0,16.0,14.0,0.0,3.0,24000.0,120000.0,30.0,105.0,0
60.0,695.0,0.25316455696202533,4.0,11.64,2124.0,10800.0,12.0,12.0,0.0,3.0,10000.0,39500.0,20.0,129.0,0
36.0,680.0,0.234375,5.0,22.37,18359.0,2000.0,7.0,10.0,6.0,5.0,15000.0,64000.0,21.0,188.0,1
36.0,695.0,0.2213368747233289,2.0,23.48,7895.0,8300.0,13.0,13.0,2.0,5.0,10000.0,45180.0,13.0,242.0,1
60.0,670.0,0.3595962323014159,3.0,22.89,4904.0,26900.0,6.0,4.0,0.0,7.0,23975.0,66672.0,6.0,178.0,0
36.0,720.0,0.39,1.0,27.63,3890.0,7800.0,10.0,3.0,0.0,6.0,17550.0,45000.0,50.0,138.0,1
36.0,660.0,0.14,4.0,24.17,27361.0,46800.0,1.0,10.0,4.0,6.0,14000.0,100000.0,23.0,263.0,1
36.0,680.0,0.23943661971830985,8.0,15.89,2690.0,12000.0,10.0,1.0,0.0,4.0,17000.0,71000.0,10.0,167.0,0
60.0,685.0,0.35777777777777775,1.0,27.81,7053.0,34700.0,1.0,,0.0,5.0,16100.0,45000.0,1.0,152.0,0
60.0,705.0,0.3404255319148936,4.0,13.6,39963.0,0.0,8.0,8.0,4.0,4.0,32000.0,94000.0,,164.0,1
36.0,690.0,0.06315789473684211,7.0,28.37,13374.0,21100.0,3.0,6.0,2.0,14.0,6000.0,95000.0,5.0,207.0,1
60.0,705.0,0.25333333333333335,,18.03,,,,,,,19000.0,75000.0,,,1
36.0,675.0,0.14,8.0,27.96,14474.0,7200.0,4.0,14.0,2.0,4.0,7000.0,50000.0,4.0,129.0,1
36.0,670.0,0.0875,4.0,14.09,39433.0,9900.0,9.0,9.0,4.0,5.0,7350.0,84000.0,12.0,295.0,1
36.0,690.0,0.1946808510638298,2.0,29.24,24590.0,9500.0,9.0,10.0,2.0,5.0,9150.0,47000.0,26.0,65.0,1
36.0,670.0,0.14583333333333334,1.0,8.33,4909.0,23300.0,3.0,1.0,2.0,3.0,21000.0,144000.0,45.0,242.0,0
60.0,665.0,0.373134328358209,0.0,11.98,6603.0,35600.0,26.0,22.0,3.0,5.0,25000.0,67000.0,26.0,173.0,0
60.0,670.0,0.20032051282051283,7.0,27.19,3413.0,8100.0,4.0,4.0,0.0,8.0,10000.0,49920.0,15.0,62.0,0
60.0,670.0,0.23076923076923078,4.0,7.53,1391.0,25100.0,7.0,4.0,0.0,6.0,15000.0,65000.0,7.0,112.0,1
36.0,680.0,0.2702702702702703,3.0,16.32,1745.0,16900.0,16.0,17.0,0.0,5.0,10000.0,37000.0,21.0,207.0,0
36.0,665.0,0.11357142857142857,6.0,26.83,17953.0,6950.0,1.0,7.0,1.0,9.0,7950.0,70000.0,1.0,104.0,1
36.0,670.0,0.121,2.0,9.46,2956.0,5700.0,8.0,,0.0,5.0,3025.0,25000.0,13.0,108.0,0
36.0,675.0,0.125,5.0,24.0,8301.0,16000.0,7.0,0.0,2.0,8.0,15000.0,120000.0,7.0,67.0,0
36.0,705.0,0.1568627450980392,8.0,24.14,21663.0,20600.0,1.0,2.0,1.0,10.0,8000.0,51000.0,27.0,171.0,1
36.0,715.0,0.15714285714285714,2.0,7.25,1606.0,15000.0,13.0,21.0,0.0,6.0,11000.0,70000.0,13.0,399.0,1
36.0,685.0,0.13636363636363635,1.0,11.7,4174.0,6000.0,2.0,,0.0,4.0,6000.0,44000.0,41.0,108.0,0
60.0,690.0,0.17,7.0,6.49,18837.0,31300.0,1.0,4.0,2.0,8.0,34000.0,200000.0,1.0,150.0,1
36.0,730.0,0.2,2.0,29.82,13888.0,6000.0,7.0,7.0,3.0,2.0,8000.0,40000.0,34.0,117.0,0
36.0,755.0,0.3181818181818182,4.0,8.86,37530.0,61000.0,3.0,4.0,4.0,4.0,35000.0,110000.0,4.0,247.0,1
36.0,690.0,0.20833333333333334,6.0,29.4,15446.0,8500.0,0.0,1.0,2.0,8.0,15000.0,72000.0,4.0,327.0,1
36.0,675.0,0.13125,3.0,29.06,9581.0,23900.0,4.0,4.0,0.0,4.0,10500.0,80000.0,26.0,100.0,0
36.0,690.0,0.1388888888888889,6.0,27.35,14278.0,21400.0,7.0,10.0,2.0,8.0,15000.0,108000.0,10.0,158.0,1
60.0,755.0,0.4225352112676056,3.0,21.32,39842.0,44000.0,13.0,13.0,1.0,2.0,30000.0,71000.0,22.0,132.0,1
36.0,670.0,0.2777777777777778,5.0,22.2,6859.0,15900.0,3.0,3.0,0.0,8.0,25000.0,90000.0,8.0,134.0,0
60.0,700.0,0.29714285714285715,1.0,18.52,5988.0,13900.0,20.0,20.0,0.0,3.0,10400.0,35000.0,35.0,192.0,0
36.0,665.0,0.3333333333333333,1.0,31.77,607.0,13600.0,1.0,1.0,0.0,15.0,7000.0,21000.0,43.0,186.0,0
36.0,670.0,0.10714285714285714,13.0,13.99,1689.0,4500.0,3.0,2.0,2.0,5.0,6000.0,56000.0,18.0,340.0,1
36.0,695.0,0.23333333333333334,5.0,7.54,21967.0,39000.0,3.0,9.0,4.0,5.0,35000.0,150000.0,9.0,194.0,1
36.0,760.0,0.2636363636363636,2.0,30.15,2874.0,31400.0,1.0,16.0,0.0,2.0,14500.0,55000.0,1.0,68.0,0
36.0,665.0,0.2413793103448276,16.0,24.0,20740.0,28450.0,3.0,0.0,1.0,15.0,35000.0,145000.0,3.0,314.0,1
36.0,685.0,0.21686746987951808,1.0,12.26,5998.0,5300.0,5.0,5.0,1.0,3.0,18000.0,83000.0,5.0,233.0,0
36.0,690.0,0.19166666666666668,2.0,7.92,1344.0,9800.0,13.0,,0.0,7.0,11500.0,60000.0,13.0,291.0,0
36.0,705.0,0.23255813953488372,7.0,8.26,881.0,18500.0,4.0,8.0,0.0,6.0,10000.0,43000.0,4.0,40.0,0
36.0,700.0,0.36,0.0,24.79,3768.0,13400.0,30.0,19.0,0.0,7.0,23400.0,65000.0,40.0,93.0,0
36.0,680.0,0.0684931506849315,,15.35,,,,,,,10000.0,146000.0,,,1
36.0,715.0,0.09230769230769231,4.0,16.98,27561.0,16700.0,9.0,2.0,1.0,7.0,24000.0,260000.0,85.0,307.0,1
36.0,680.0,0.08333333333333333,6.0,20.2,29244.0,20800.0,6.0,6.0,3.0,5.0,10000.0,120000.0,6.0,269.0,1
36.0,690.0,0.04,2.0,18.68,25849.0,1200.0,3.0,4.0,6.0,4.0,1200.0,30000.0,229.0,408.0,1
36.0,665.0,0.2307300190486411,9.0,44.66,8420.0,12000.0,2.0,8.0,2.0,6.0,8600.0,37273.0,2.0,126.0,1
36.0,740.0,0.09473684210526316,1.0,21.53,14633.0,36000.0,19.0,,2.0,5.0,9000.0,95000.0,30.0,358.0,1
36.0,665.0,0.17149403315093992,2.0,8.15,42602.0,8600.0,3.0,3.0,2.0,2.0,12000.0,69973.28,85.0,144.0,1
36.0,675.0,0.3333333333333333,7.0,29.92,9040.0,6200.0,5.0,2.0,0.0,5.0,5000.0,15000.0,5.0,85.0,0
60.0,665.0,0.3,6.0,13.15,4486.0,13600.0,5.0,,0.0,4.0,15000.0,50000.0,5.0,140.0,1
36.0,695.0,0.05106382978723404,,9.84,,,,,,,12000.0,235000.0,,,0
36.0,665.0,0.4092391304347826,6.0,14.4,3107.0,1700.0,2.0,3.0,1.0,2.0,18825.0,46000.0,36.0,174.0,0
36.0,710.0,0.1125,3.0,14.79,1062.0,10100.0,16.0,16.0,0.0,6.0,4500.0,40000.0,16.0,170.0,0
36.0,725.0,0.09056564715623867,3.0,10.53,1807.0,2800.0,12.0,,0.0,2.0,3500.0,38646.0,21.0,156.0,0
60.0,670.0,0.224,1.0,24.08,5948.0,1500.0,6.0,6.0,1.0,3.0,16800.0,75000.0,67.0,150.0,0
36.0,665.0,0.15384615384615385,5.0,18.69,964.0,28800.0,3.0,3.0,2.0,8.0,5000.0,32500.0,8.0,326.0,0
36.0,710.0,0.09333333333333334,4.0,32.19,14272.0,12100.0,7.0,0.0,3.0,6.0,4200.0,45000.0,34.0,105.0,1
36.0,775.0,0.058823529411764705,7.0,15.93,3672.0,34300.0,4.0,23.0,0.0,3.0,10000.0,170000.0,23.0,208.0,0
36.0,820.0,0.2191780821917808,4.0,14.4,13746.0,74800.0,4.0,4.0,2.0,4.0,8000.0,36500.0,4.0,452.0,1
36.0,695.0,0.16753926701570682,3.0,25.51,17230.0,26500.0,2.0,1.0,1.0,5.0,16000.0,95500.0,26.0,121.0,1
36.0,660.0,0.13833333333333334,11.0,13.6,2055.0,9100.0,1.0,13.0,2.0,14.0,10375.0,75000.0,1.0,331.0,1
36.0,675.0,0.1305,4.0,9.6,15179.0,19600.0,3.0,3.0,1.0,5.0,32625.0,250000.0,18.0,127.0,1
36.0,665.0,0.16391794046661304,5.0,15.03,4235.0,5900.0,9.0,4.0,1.0,4.0,16300.0,99440.0,41.0,142.0,0
36.0,660.0,0.14018691588785046,5.0,15.38,7661.0,24400.0,3.0,6.0,0.0,3.0,15000.0,107000.0,71.0,201.0,0
36.0,725.0,0.15294117647058825,3.0,33.5,18431.0,20500.0,12.0,20.0,1.0,3.0,13000.0,85000.0,39.0,115.0,0
60.0,660.0,0.29771398192450826,1.0,15.25,21686.0,4500.0,9.0,9.0,1.0,5.0,11200.0,37620.0,26.0,85.0,1
60.0,715.0,0.4065040650406504,,16.85,,,,,,,20000.0,49200.0,,,1
36.0,715.0,0.043478260869565216,8.0,25.26,1546.0,24600.0,4.0,4.0,0.0,5.0,1000.0,23000.0,4.0,562.0,1
36.0,660.0,0.14285714285714285,4.0,5.32,57492.0,20400.0,21.0,23.0,5.0,6.0,24000.0,168000.0,22.0,170.0,1
36.0,710.0,0.15,8.0,13.92,2355.0,5800.0,3.0,6.0,0.0,4.0,6000.0,40000.0,6.0,59.0,0
36.0,675.0,0.35,1.0,29.55,3653.0,18600.0,9.0,9.0,0.0,9.0,10500.0,30000.0,83.0,118.0,0
36.0,665.0,0.19732142857142856,4.0,22.42,6223.0,8750.0,7.0,1.0,0.0,3.0,5525.0,28000.0,9.0,96.0,0
36.0,665.0,0.275,2.0,29.34,3537.0,6500.0,13.0,12.0,0.0,9.0,11000.0,40000.0,70.0,103.0,0
60.0,685.0,0.4,0.0,14.76,21915.0,15200.0,38.0,19.0,0.0,2.0,12000.0,30000.0,38.0,97.0,0
36.0,680.0,0.16216216216216217,0.0,4.15,591.0,3500.0,50.0,,0.0,4.0,6000.0,37000.0,86.0,141.0,1
36.0,815.0,0.49165673420738976,3.0,1.79,,24400.0,,18.0,4.0,,29700.0,60408.0,28.0,,0
36.0,710.0,0.11076923076923077,1.0,21.94,32505.0,2500.0,24.0,0.0,0.0,0.0,7200.0,65000.0,251.0,314.0,0
36.0,715.0,0.144,3.0,10.85,22901.0,24900.0,1.0,7.0,4.0,6.0,7200.0,50000.0,1.0,130.0,1
36.0,665.0,0.145,5.0,32.38,7478.0,3900.0,3.0,21.0,1.0,4.0,8700.0,60000.0,15.0,183.0,0
36.0,690.0,0.23076923076923078,3.0,18.89,23611.0,13000.0,4.0,4.0,0.0,2.0,15000.0,65000.0,59.0,83.0,0
36.0,665.0,0.1355,6.0,23.16,28690.0,13300.0,9.0,1.0,2.0,4.0,20325.0,150000.0,75.0,132.0,1
36.0,655.0,0.09090909090909091,,22.79,,,,,,,3000.0,33000.0,,,0
36.0,665.0,0.39997995925047597,6.0,13.43,1759.0,30300.0,8.0,1.0,1.0,8.0,23950.0,59878.0,9.0,318.0,0
36.0,680.0,0.2139952921035737,3.0,16.95,33019.0,7300.0,7.0,,1.0,3.0,6000.0,28038.0,10.0,218.0,1
60.0,710.0,0.3181818181818182,8.0,26.85,31031.0,63100.0,2.0,0.0,6.0,16.0,35000.0,110000.0,17.0,152.0,1
36.0,705.0,0.17804154302670624,4.0,24.74,13105.0,28400.0,2.0,0.0,3.0,9.0,15000.0,84250.0,23.0,274.0,1
60.0,765.0,0.15625,9.0,26.89,13109.0,64800.0,1.0,20.0,3.0,2.0,10000.0,64000.0,9.0,355.0,1
36.0,725.0,0.1111111111111111,7.0,30.0,3838.0,8200.0,8.0,6.0,0.0,2.0,5000.0,45000.0,19.0,215.0,1
36.0,680.0,0.06086956521739131,4.0,13.85,45253.0,26400.0,12.0,2.0,7.0,7.0,7000.0,115000.0,21.0,159.0,1
60.0,775.0,0.3333333333333333,3.0,22.22,11648.0,20500.0,19.0,0.0,2.0,5.0,25000.0,75000.0,20.0,144.0,1
36.0,665.0,0.3263707571801567,6.0,10.38,841.0,3100.0,3.0,6.0,0.0,3.0,6000.0,18384.0,23.0,243.0,0
36.0,705.0,0.2268041237113402,5.0,29.82,8830.0,28400.0,7.0,17.0,0.0,3.0,22000.0,97000.0,17.0,179.0,0
36.0,690.0,0.2,3.0,15.47,17168.0,17300.0,6.0,20.0,1.0,5.0,16000.0,80000.0,6.0,199.0,1
36.0,680.0,0.1509433962264151,4.0,16.96,12800.0,30900.0,6.0,6.0,2.0,7.0,8000.0,53000.0,6.0,243.0,0
36.0,670.0,0.3888888888888889,4.0,9.39,3161.0,20500.0,6.0,5.0,2.0,7.0,35000.0,90000.0,6.0,169.0,0
36.0,690.0,0.2857142857142857,7.0,15.98,22399.0,21550.0,9.0,9.0,9.0,15.0,20000.0,70000.0,21.0,190.0,1
36.0,690.0,0.10576923076923077,4.0,24.49,4529.0,15800.0,7.0,7.0,0.0,6.0,5500.0,52000.0,17.0,199.0,0
36.0,670.0,0.22961706937968066,1.0,15.9,,9300.0,,1.0,0.0,,6500.0,28308.0,31.0,,1
60.0,680.0,0.36363636363636365,2.0,21.89,20662.0,9300.0,8.0,9.0,1.0,4.0,12000.0,33000.0,36.0,42.0,1
36.0,700.0,0.3068181818181818,2.0,29.37,4918.0,0.0,11.0,,0.0,2.0,8775.0,28600.0,,34.0,0
36.0,745.0,0.1111111111111111,2.0,2.31,24748.0,30300.0,12.0,13.0,6.0,3.0,10000.0,90000.0,30.0,299.0,1
36.0,720.0,0.1347708894878706,0.0,7.26,2191.0,24000.0,30.0,1.0,1.0,6.0,10000.0,74200.0,30.0,122.0,1
36.0,660.0,0.08,3.0,1.82,46669.0,4500.0,5.0,4.0,4.0,2.0,6800.0,85000.0,45.0,360.0,1
60.0,675.0,0.15384615384615385,5.0,15.12,5082.0,4400.0,2.0,10.0,0.0,6.0,10000.0,65000.0,2.0,448.0,0
60.0,690.0,0.36,1.0,32.09,7874.0,33900.0,17.0,17.0,1.0,4.0,18000.0,50000.0,38.0,223.0,1
36.0,680.0,0.3208119458702753,0.0,18.13,1197.0,2200.0,26.0,,0.0,4.0,4950.0,15429.6,26.0,284.0,0
60.0,730.0,0.35294117647058826,4.0,3.95,885.0,19600.0,6.0,18.0,0.0,6.0,30000.0,85000.0,19.0,179.0,0
36.0,690.0,0.3,18.0,21.29,1669.0,36900.0,5.0,1.0,6.0,13.0,15000.0,50000.0,5.0,465.0,1
36.0,660.0,0.12096774193548387,4.0,28.53,7566.0,2300.0,6.0,0.0,0.0,2.0,4875.0,40300.0,8.0,32.0,1
36.0,695.0,0.2403846153846154,2.0,8.46,23615.0,19500.0,8.0,8.0,2.0,8.0,25000.0,104000.0,24.0,177.0,1
36.0,660.0,0.10285714285714286,6.0,15.6,5474.0,5000.0,4.0,12.0,3.0,5.0,7200.0,70000.0,19.0,261.0,0
60.0,665.0,0.4,,16.73,,,,,,,14000.0,35000.0,,,0
60.0,675.0,0.4538888888888889,3.0,30.01,,35200.0,,7.0,1.0,,20425.0,45000.0,13.0,,1
36.0,735.0,0.125,5.0,19.59,26471.0,23000.0,5.0,5.0,7.0,8.0,10000.0,80000.0,6.0,548.0,1
60.0,710.0,0.40708333333333335,1.0,20.24,68074.0,15500.0,6.0,1.0,1.0,2.0,24425.0,60000.0,45.0,187.0,1
60.0,710.0,0.37209302325581395,5.0,19.7,21335.0,42200.0,1.0,0.0,5.0,9.0,32000.0,86000.0,1.0,554.0,1
36.0,685.0,0.04642857142857143,2.0,17.53,2718.0,4500.0,1.0,0.0,0.0,3.0,1300.0,28000.0,1.0,39.0,0
36.0,695.0,0.21818181818181817,3.0,4.54,2629.0,8500.0,2.0,2.0,0.0,5.0,24000.0,110000.0,10.0,83.0,0
36.0,690.0,0.1388888888888889,7.0,22.2,6380.0,5000.0,7.0,0.0,1.0,5.0,10000.0,72000.0,7.0,145.0,0
60.0,670.0,0.3333333333333333,16.0,11.14,3698.0,2000.0,3.0,1.0,0.0,3.0,20000.0,60000.0,3.0,134.0,0
36.0,665.0,0.15576923076923077,9.0,20.17,3221.0,5800.0,2.0,,0.0,5.0,8100.0,52000.0,8.0,38.0,0
60.0,685.0,0.18784634169249553,4.0,23.16,9085.0,119700.0,0.0,0.0,5.0,8.0,12000.0,63882.0,8.0,522.0,1
36.0,680.0,0.2692307692307692,1.0,21.98,63800.0,40600.0,20.0,3.0,3.0,5.0,35000.0,130000.0,20.0,268.0,0
60.0,695.0,0.3181818181818182,6.0,7.44,2490.0,24800.0,8.0,0.0,0.0,6.0,35000.0,110000.0,8.0,122.0,0
36.0,660.0,0.3185840707964602,,14.59,,,,,,,18000.0,56500.0,,,0
60.0,755.0,0.18823529411764706,1.0,15.52,30744.0,7000.0,9.0,,2.0,0.0,16000.0,85000.0,46.0,183.0,1
36.0,680.0,0.3,4.0,21.48,3389.0,3400.0,7.0,7.0,0.0,3.0,12000.0,40000.0,65.0,143.0,0
36.0,675.0,0.2458904109589041,2.0,10.33,390.0,1800.0,12.0,12.0,0.0,4.0,8975.0,36500.0,56.0,75.0,0
36.0,695.0,0.22350863860888223,3.0,4.77,1306.0,8200.0,2.0,,3.0,4.0,10000.0,44741.0,2.0,152.0,0
36.0,700.0,0.19718309859154928,,23.35,,,,,,,14000.0,71000.0,,,0
36.0,725.0,0.3,4.0,32.02,29313.0,57000.0,1.0,1.0,2.0,6.0,24000.0,80000.0,28.0,163.0,1
36.0,680.0,0.2435206122803966,4.0,26.05,38014.0,20000.0,18.0,14.0,0.0,5.0,21000.0,86235.0,20.0,177.0,0
36.0,670.0,0.08,3.0,13.23,8333.0,500.0,5.0,5.0,0.0,2.0,4000.0,50000.0,35.0,167.0,0
36.0,695.0,0.06666666666666667,4.0,14.51,38319.0,27300.0,11.0,5.0,1.0,5.0,5000.0,75000.0,11.0,156.0,1
36.0,670.0,0.033936651583710405,4.0,34.89,8506.0,18500.0,17.0,6.0,0.0,6.0,1200.0,35360.0,17.0,117.0,0
36.0,705.0,0.2017857142857143,8.0,28.68,22556.0,25800.0,2.0,2.0,3.0,8.0,14125.0,70000.0,4.0,370.0,1
36.0,840.0,0.16203703703703703,0.0,4.43,898.0,14200.0,37.0,11.0,1.0,2.0,35000.0,216000.0,48.0,211.0,0
60.0,720.0,0.19230769230769232,6.0,38.8,4668.0,53000.0,8.0,8.0,0.0,7.0,10000.0,52000.0,14.0,176.0,0
36.0,675.0,0.2403846153846154,4.0,33.29,6479.0,4800.0,14.0,14.0,0.0,5.0,6250.0,26000.0,14.0,53.0,1
60.0,685.0,0.31666666666666665,1.0,19.6,5733.0,80700.0,24.0,17.0,2.0,12.0,19000.0,60000.0,24.0,295.0,1
36.0,695.0,0.07333333333333333,3.0,8.9,11356.0,5000.0,3.0,7.0,0.0,1.0,4400.0,60000.0,3.0,145.0,0
60.0,715.0,0.28846153846153844,7.0,24.44,2157.0,6800.0,5.0,5.0,0.0,11.0,15000.0,52000.0,33.0,242.0,0
60.0,660.0,0.3,3.0,25.89,34828.0,41700.0,14.0,15.0,4.0,5.0,30000.0,100000.0,22.0,156.0,0
36.0,705.0,0.22535211267605634,6.0,34.92,6928.0,14400.0,2.0,9.0,0.0,3.0,8000.0,35500.0,9.0,126.0,0
36.0,675.0,0.21818181818181817,5.0,24.33,2706.0,21400.0,4.0,3.0,0.0,6.0,12000.0,55000.0,4.0,234.0,0
36.0,720.0,0.24705882352941178,1.0,24.04,28085.0,102900.0,12.0,12.0,1.0,5.0,21000.0,85000.0,12.0,462.0,0
60.0,660.0,0.1695034960096052,6.0,19.29,19677.0,7300.0,5.0,4.0,3.0,4.0,12000.0,70795.0,16.0,182.0,0
36.0,665.0,0.20833333333333334,8.0,6.0,649.0,10500.0,6.0,6.0,1.0,8.0,10000.0,48000.0,6.0,274.0,1
36.0,715.0,0.25301204819277107,9.0,28.11,25767.0,34000.0,4.0,4.0,16.0,3.0,21000.0,83000.0,4.0,254.0,1
36.0,670.0,0.096,10.0,15.31,30378.0,42900.0,5.0,5.0,2.0,15.0,12000.0,125000.0,5.0,133.0,1
36.0,660.0,0.125,4.0,10.75,2801.0,35600.0,20.0,0.0,0.0,10.0,15000.0,120000.0,21.0,258.0,0
36.0,690.0,0.24,10.0,19.56,3652.0,4300.0,5.0,24.0,0.0,4.0,12000.0,50000.0,55.0,164.0,0
36.0,700.0,0.2,6.0,32.07,2817.0,9300.0,1.0,10.0,0.0,4.0,8000.0,40000.0,28.0,103.0,0
60.0,700.0,0.37725945609027983,8.0,29.37,5145.0,10000.0,1.0,2.0,0.0,3.0,11500.0,30483.0,16.0,121.0,0
36.0,705.0,0.1935483870967742,2.0,10.82,1432.0,28300.0,4.0,7.0,0.0,3.0,12000.0,62000.0,7.0,172.0,0
36.0,660.0,0.07272727272727272,2.0,6.47,3783.0,8500.0,8.0,,1.0,4.0,8000.0,110000.0,62.0,217.0,0
36.0,695.0,0.3441295546558704,5.0,24.2,6336.0,22800.0,5.0,5.0,2.0,7.0,17000.0,49400.0,8.0,157.0,1
36.0,665.0,0.10816708522625733,2.0,4.09,1085.0,8100.0,12.0,1.0,0.0,9.0,11500.0,106317.0,32.0,177.0,0
36.0,665.0,0.12355769230769231,3.0,14.52,15261.0,6500.0,4.0,6.0,2.0,2.0,6425.0,52000.0,4.0,105.0,1
36.0,695.0,0.13636363636363635,7.0,18.22,28687.0,12300.0,8.0,8.0,2.0,4.0,15000.0,110000.0,8.0,99.0,1
36.0,660.0,0.31289111389236546,3.0,7.43,545.0,3700.0,4.0,4.0,0.0,3.0,4500.0,14382.0,7.0,163.0,0
60.0,695.0,0.34,3.0,19.48,3876.0,0.0,3.0,2.0,0.0,2.0,11900.0,35000.0,,58.0,0
36.0,680.0,0.14305555555555555,2.0,19.07,7144.0,9800.0,5.0,14.0,0.0,6.0,15450.0,108000.0,5.0,107.0,0
36.0,660.0,0.17391304347826086,6.0,16.87,2005.0,11700.0,3.0,8.0,7.0,4.0,6000.0,34500.0,8.0,243.0,0
36.0,670.0,0.4377906976744186,3.0,19.06,3155.0,5000.0,4.0,4.0,0.0,3.0,18825.0,43000.0,4.0,129.0,0
36.0,690.0,0.12632978723404256,4.0,9.27,1814.0,3800.0,12.0,4.0,0.0,6.0,11875.0,94000.0,12.0,61.0,0
36.0,660.0,0.30434782608695654,2.0,4.9,1294.0,11700.0,5.0,23.0,0.0,4.0,14000.0,46000.0,5.0,84.0,0
36.0,690.0,0.12857142857142856,4.0,17.03,4069.0,19500.0,4.0,13.0,0.0,7.0,18000.0,140000.0,4.0,136.0,0
36.0,700.0,0.3333333333333333,5.0,6.27,67369.0,25500.0,12.0,12.0,2.0,4.0,20000.0,60000.0,15.0,123.0,1
36.0,670.0,0.16666666666666666,,10.05,,,,,,,4000.0,24000.0,,,0
36.0,660.0,0.31044776119402984,6.0,26.08,12045.0,20800.0,4.0,4.0,4.0,3.0,20800.0,67000.0,13.0,123.0,0
36.0,790.0,0.03076923076923077,8.0,12.25,18229.0,71400.0,3.0,13.0,4.0,3.0,4000.0,130000.0,18.0,287.0,0
60.0,680.0,0.16842105263157894,0.0,3.76,54815.0,12100.0,42.0,,2.0,2.0,16000.0,95000.0,42.0,255.0,1
36.0,710.0,0.12,4.0,18.17,7492.0,23000.0,5.0,8.0,6.0,6.0,6000.0,50000.0,8.0,164.0,0
36.0,670.0,0.14933333333333335,4.0,10.64,19356.0,7300.0,10.0,8.0,1.0,7.0,11200.0,75000.0,23.0,225.0,0
36.0,675.0,0.1079447322970639,5.0,25.29,4718.0,15900.0,5.0,4.0,0.0,7.0,10000.0,92640.0,5.0,120.0,0
36.0,780.0,0.1875,,17.86,,,,,,,15000.0,80000.0,,,1
36.0,665.0,0.06086956521739131,8.0,2.61,52544.0,25400.0,1.0,2.0,6.0,7.0,35000.0,575000.0,6.0,306.0,1
60.0,675.0,0.27100271002710025,5.0,16.79,5851.0,9200.0,7.0,5.0,0.0,3.0,25000.0,92250.0,14.0,317.0,0
60.0,690.0,0.19,3.0,18.06,7507.0,14200.0,9.0,15.0,3.0,2.0,19000.0,100000.0,42.0,265.0,0
60.0,770.0,0.261,6.0,19.63,26980.0,38300.0,4.0,11.0,2.0,3.0,26100.0,100000.0,4.0,450.0,1
60.0,755.0,0.4596153846153846,11.0,16.37,13906.0,36200.0,2.0,3.0,3.0,9.0,23900.0,52000.0,4.0,165.0,1
60.0,665.0,0.2876404494382023,8.0,39.43,2342.0,6300.0,5.0,14.0,0.0,12.0,12800.0,44500.0,21.0,126.0,0
60.0,670.0,0.2962085308056872,7.0,10.37,913.0,15300.0,12.0,2.0,0.0,6.0,12000.0,40512.0,12.0,79.0,0
36.0,690.0,0.2608695652173913,5.0,15.42,3528.0,9000.0,0.0,0.0,0.0,4.0,12000.0,46000.0,19.0,71.0,1
36.0,675.0,0.3975,6.0,27.99,5864.0,27000.0,1.0,2.0,0.0,5.0,19875.0,50000.0,14.0,76.0,0
60.0,665.0,0.15,5.0,11.34,13525.0,16300.0,5.0,9.0,0.0,2.0,15000.0,100000.0,5.0,77.0,0
36.0,700.0,0.0684931506849315,6.0,22.34,43148.0,45900.0,5.0,,2.0,10.0,10000.0,146000.0,10.0,517.0,1
36.0,695.0,0.16666666666666666,6.0,20.1,28648.0,1800.0,6.0,4.0,7.0,3.0,10000.0,60000.0,49.0,243.0,1
36.0,660.0,0.13333333333333333,7.0,15.47,3866.0,8000.0,4.0,8.0,2.0,4.0,12000.0,90000.0,4.0,273.0,1
36.0,720.0,0.17857142857142858,3.0,4.84,1270.0,12200.0,20.0,20.0,0.0,3.0,5000.0,28000.0,20.0,137.0,0
60.0,695.0,0.3548795944233207,0.0,40.5,20388.0,48600.0,27.0,,2.0,8.0,28000.0,78900.0,28.0,388.0,1
36.0,675.0,0.11320754716981132,5.0,17.37,10208.0,13400.0,1.0,1.0,3.0,14.0,6000.0,53000.0,1.0,211.0,1
36.0,735.0,0.2,4.0,25.6,11724.0,17800.0,3.0,12.0,2.0,7.0,28000.0,140000.0,89.0,235.0,1
36.0,705.0,0.18823529411764706,5.0,18.23,3605.0,19600.0,12.0,12.0,0.0,6.0,16000.0,85000.0,16.0,161.0,0
60.0,740.0,0.20408163265306123,3.0,8.33,4967.0,41205.0,1.0,4.0,3.0,3.0,20000.0,98000.0,1.0,168.0,0
36.0,660.0,0.3198298254481694,3.0,19.95,750.0,1700.0,2.0,15.0,1.0,3.0,5100.0,15945.98,15.0,181.0,0
36.0,800.0,0.15942028985507245,1.0,18.26,11504.0,36300.0,9.0,9.0,1.0,3.0,5500.0,34500.0,32.0,133.0,1
60.0,680.0,0.37,5.0,8.22,4954.0,21000.0,3.0,0.0,0.0,2.0,25900.0,70000.0,53.0,120.0,0
36.0,680.0,0.13513513513513514,3.0,10.9,20335.0,12900.0,7.0,7.0,2.0,4.0,5000.0,37000.0,20.0,300.0,1
36.0,715.0,0.18666666666666668,8.0,27.38,18240.0,103100.0,6.0,6.0,2.0,8.0,14000.0,75000.0,6.0,234.0,0
36.0,695.0,0.3967816598699438,2.0,10.9,2177.0,18000.0,3.0,0.0,0.0,7.0,18000.0,45365.0,3.0,185.0,0
36.0,765.0,0.13333333333333333,5.0,10.5,3189.0,69300.0,6.0,,1.0,5.0,12000.0,90000.0,10.0,162.0,0
36.0,665.0,0.26666666666666666,4.0,16.66,1643.0,13750.0,3.0,0.0,1.0,11.0,16000.0,60000.0,39.0,223.0,1
36.0,730.0,0.16,6.0,12.94,7676.0,21000.0,7.0,7.0,0.0,4.0,12000.0,75000.0,10.0,119.0,0
36.0,700.0,0.2,4.0,16.96,16206.0,28500.0,5.0,5.0,1.0,6.0,15000.0,75000.0,5.0,87.0,1
36.0,690.0,0.0783289817232376,7.0,14.28,27697.0,12000.0,3.0,10.0,2.0,7.0,12000.0,153200.0,17.0,315.0,1
36.0,695.0,0.10111111111111111,5.0,8.35,38635.0,28000.0,10.0,10.0,6.0,7.0,18200.0,180000.0,12.0,265.0,1
36.0,660.0,0.12,6.0,16.32,3229.0,14200.0,1.0,2.0,2.0,6.0,6000.0,50000.0,2.0,317.0,1
60.0,695.0,0.24615384615384617,6.0,13.44,32859.0,10300.0,2.0,8.0,9.0,4.0,22400.0,91000.0,54.0,148.0,1
36.0,690.0,0.4166666666666667,3.0,33.58,4580.0,9500.0,17.0,17.0,0.0,5.0,12000.0,28800.0,22.0,193.0,0
60.0,660.0,0.4225352112676056,4.0,34.91,5286.0,103200.0,8.0,1.0,0.0,14.0,30000.0,71000.0,19.0,239.0,0
60.0,740.0,0.17,4.0,34.18,34987.0,26400.0,3.0,,1.0,3.0,10200.0,60000.0,3.0,177.0,1
60.0,675.0,0.1,1.0,8.33,12553.0,13100.0,3.0,3.0,6.0,4.0,10000.0,100000.0,122.0,297.0,1
36.0,675.0,0.15,5.0,31.38,11370.0,16900.0,2.0,2.0,2.0,4.0,6000.0,40000.0,2.0,147.0,1
36.0,695.0,0.24047619047619048,3.0,29.03,2601.0,5000.0,6.0,3.0,0.0,4.0,5050.0,21000.0,6.0,308.0,0
36.0,680.0,0.0860655737704918,7.0,16.26,7020.0,24000.0,11.0,11.0,3.0,9.0,10500.0,122000.0,11.0,273.0,0
36.0,690.0,0.09333333333333334,4.0,20.14,5835.0,26100.0,4.0,7.0,0.0,9.0,7000.0,75000.0,4.0,157.0,0
36.0,680.0,0.12202380952380952,5.0,34.4,4240.0,8900.0,6.0,6.0,4.0,5.0,5125.0,42000.0,9.0,68.0,0
36.0,675.0,0.2857142857142857,6.0,25.75,3714.0,4600.0,1.0,7.0,0.0,2.0,10000.0,35000.0,3.0,101.0,0
36.0,715.0,0.2856182795698925,,20.93,,,,,,,8500.0,29760.0,,,0
60.0,680.0,0.1,3.0,9.48,8240.0,9800.0,2.0,2.0,5.0,4.0,14000.0,140000.0,5.0,134.0,1
36.0,740.0,0.12,,3.28,,,,,,,3600.0,30000.0,,,0
36.0,660.0,0.2975,4.0,26.64,6157.0,300.0,10.0,12.0,0.0,2.0,11900.0,40000.0,12.0,48.0,0
36.0,730.0,0.3018867924528302,4.0,23.14,3125.0,28000.0,2.0,2.0,0.0,5.0,16000.0,53000.0,11.0,181.0,0
36.0,660.0,0.32,9.0,29.0,2727.0,13500.0,5.0,5.0,0.0,12.0,17600.0,55000.0,5.0,135.0,0
36.0,725.0,0.1953125,1.0,8.3,34401.0,8200.0,18.0,12.0,5.0,1.0,20000.0,102400.0,54.0,252.0,1
36.0,685.0,0.2909090909090909,1.0,16.91,2038.0,17700.0,20.0,,0.0,7.0,16000.0,55000.0,20.0,120.0,0
36.0,660.0,0.08727272727272728,6.0,6.55,30587.0,3000.0,8.0,16.0,8.0,6.0,4800.0,55000.0,80.0,101.0,1
60.0,670.0,0.35875,1.0,10.68,2654.0,4200.0,8.0,7.0,0.0,2.0,14350.0,40000.0,58.0,160.0,0
36.0,670.0,0.13333333333333333,5.0,12.05,9939.0,7361.0,4.0,4.0,1.0,5.0,6000.0,45000.0,4.0,141.0,1
36.0,715.0,0.1425311203319502,1.0,9.77,55505.0,26300.0,14.0,1.0,1.0,3.0,34350.0,241000.0,31.0,222.0,1
36.0,710.0,0.11437908496732026,2.0,25.66,11663.0,13200.0,3.0,3.0,4.0,5.0,7000.0,61200.0,55.0,209.0,1
36.0,700.0,0.16,4.0,19.52,23360.0,42000.0,7.0,17.0,6.0,6.0,24000.0,150000.0,58.0,191.0,1
36.0,680.0,0.5,2.0,26.43,7583.0,41200.0,6.0,1.0,2.0,5.0,25000.0,50000.0,34.0,185.0,0
36.0,660.0,0.1,9.0,38.86,6522.0,6900.0,2.0,2.0,1.0,12.0,6000.0,60000.0,11.0,236.0,1
36.0,685.0,0.29045454545454547,13.0,20.56,25816.0,25600.0,1.0,1.0,4.0,4.0,31950.0,110000.0,14.0,178.0,1
36.0,670.0,0.17142857142857143,6.0,13.05,33090.0,13600.0,6.0,10.0,3.0,7.0,12000.0,70000.0,6.0,262.0,1
36.0,745.0,0.04,4.0,17.87,39114.0,19500.0,5.0,1.0,8.0,4.0,4000.0,100000.0,5.0,183.0,1
36.0,695.0,0.14285714285714285,20.0,3.89,6409.0,2600.0,1.0,1.0,0.0,2.0,6000.0,42000.0,6.0,70.0,0
36.0,670.0,0.18181818181818182,1.0,30.77,3783.0,33000.0,6.0,,0.0,8.0,10000.0,55000.0,65.0,303.0,1
36.0,680.0,0.2,19.0,28.37,6461.0,37000.0,4.0,0.0,2.0,5.0,20000.0,100000.0,6.0,213.0,1
36.0,660.0,0.192,4.0,25.1,5556.0,35000.0,10.0,10.0,1.0,8.0,24000.0,125000.0,12.0,229.0,0
60.0,700.0,0.4444444444444444,2.0,2.37,1841.0,15800.0,10.0,4.0,1.0,3.0,20000.0,45000.0,38.0,91.0,1
36.0,670.0,0.21052631578947367,5.0,27.71,5501.0,6000.0,1.0,,3.0,6.0,12000.0,57000.0,2.0,225.0,1
36.0,660.0,0.23255813953488372,1.0,29.92,6868.0,2500.0,7.0,,0.0,3.0,10000.0,43000.0,82.0,116.0,0
36.0,685.0,0.1175,7.0,21.46,5293.0,20000.0,3.0,9.0,0.0,4.0,9400.0,80000.0,3.0,51.0,0
36.0,705.0,0.13333333333333333,5.0,30.16,5840.0,26600.0,2.0,2.0,0.0,8.0,10000.0,75000.0,18.0,309.0,0
36.0,770.0,0.31,,1.2,,,,,,,6200.0,20000.0,,,0
36.0,735.0,0.02711864406779661,9.0,18.06,21447.0,0.0,2.0,2.0,6.0,1.0,6400.0,236000.0,,410.0,1
60.0,700.0,0.3333333333333333,4.0,18.0,5646.0,57300.0,10.0,10.0,0.0,9.0,30000.0,90000.0,14.0,376.0,1
36.0,680.0,0.2682926829268293,6.0,18.61,3686.0,26500.0,6.0,6.0,0.0,8.0,22000.0,82000.0,7.0,108.0,0
60.0,690.0,0.2777777777777778,,6.92,,,,,,,4000.0,14400.0,,,0
36.0,675.0,0.07777777777777778,1.0,12.24,6898.0,11000.0,3.0,,0.0,8.0,10500.0,135000.0,32.0,164.0,0
36.0,660.0,0.373134328358209,7.0,26.81,5174.0,16500.0,1.0,5.0,0.0,10.0,25000.0,67000.0,5.0,180.0,0
36.0,670.0,0.44992175273865415,10.0,37.62,1871.0,30500.0,8.0,6.0,0.0,15.0,17250.0,38340.0,8.0,297.0,0
60.0,660.0,0.27350427350427353,5.0,31.56,12398.0,13600.0,12.0,,1.0,6.0,12000.0,43875.0,18.0,93.0,1
36.0,680.0,0.235,2.0,12.44,21417.0,17800.0,2.0,8.0,2.0,8.0,14100.0,60000.0,18.0,170.0,1
36.0,665.0,0.20512820512820512,9.0,29.66,6413.0,12000.0,1.0,1.0,4.0,11.0,8000.0,39000.0,1.0,264.0,1
60.0,695.0,0.32941176470588235,16.0,31.03,9954.0,21900.0,2.0,2.0,5.0,7.0,28000.0,85000.0,9.0,110.0,1
36.0,685.0,0.15555555555555556,2.0,10.05,26968.0,7100.0,18.0,18.0,1.0,3.0,7000.0,45000.0,95.0,135.0,1
60.0,730.0,0.336283185840708,4.0,26.76,4007.0,17000.0,12.0,23.0,0.0,6.0,19000.0,56500.0,23.0,110.0,0
36.0,695.0,0.2863636363636364,6.0,32.6,6314.0,23100.0,3.0,2.0,1.0,7.0,12600.0,44000.0,3.0,146.0,1
36.0,715.0,0.20833333333333334,5.0,11.38,1322.0,32900.0,2.0,14.0,0.0,5.0,10000.0,48000.0,2.0,208.0,0
36.0,720.0,0.07317073170731707,15.0,7.08,1022.0,33600.0,8.0,12.0,0.0,9.0,6000.0,82000.0,8.0,45.0,1
36.0,725.0,0.23333333333333334,3.0,11.66,71445.0,35000.0,3.0,8.0,2.0,6.0,35000.0,150000.0,29.0,195.0,1
60.0,700.0,0.18823529411764706,2.0,13.17,4097.0,18000.0,17.0,1.0,1.0,5.0,16000.0,85000.0,17.0,121.0,1
36.0,715.0,0.12,5.0,18.53,11980.0,13300.0,8.0,3.0,0.0,3.0,12000.0,100000.0,15.0,123.0,0
36.0,765.0,0.2,5.0,34.29,11956.0,22100.0,8.0,1.0,4.0,6.0,13000.0,65000.0,12.0,216.0,1
60.0,695.0,0.18461538461538463,3.0,13.61,4809.0,14400.0,6.0,6.0,3.0,4.0,12000.0,65000.0,12.0,227.0,1
36.0,665.0,0.26506024096385544,3.0,30.46,19590.0,20500.0,4.0,18.0,3.0,3.0,11000.0,41500.0,25.0,172.0,1
36.0,665.0,0.13333333333333333,5.0,14.61,5770.0,6500.0,2.0,10.0,3.0,6.0,12000.0,90000.0,17.0,213.0,0
60.0,695.0,0.2546428571428571,4.0,15.72,8638.0,21800.0,11.0,12.0,2.0,13.0,17825.0,70000.0,17.0,183.0,1
60.0,685.0,0.3333333333333333,7.0,19.2,10460.0,21300.0,2.0,2.0,1.0,14.0,25000.0,75000.0,2.0,217.0,1
60.0,685.0,0.08524590163934426,2.0,34.83,56398.0,68200.0,2.0,0.0,4.0,5.0,10400.0,122000.0,102.0,400.0,1
36.0,660.0,0.11428571428571428,5.0,7.72,1491.0,14400.0,1.0,1.0,0.0,11.0,20000.0,175000.0,84.0,202.0,0
60.0,660.0,0.24,7.0,22.91,12880.0,13200.0,3.0,20.0,3.0,7.0,18000.0,75000.0,3.0,74.0,1
60.0,730.0,0.330188679245283,3.0,10.19,1183.0,9600.0,14.0,18.0,0.0,3.0,17500.0,53000.0,30.0,275.0,1
60.0,740.0,0.44566666666666666,1.0,20.77,22230.0,63000.0,15.0,15.0,3.0,4.0,33425.0,75000.0,86.0,231.0,1
60.0,665.0,0.455,5.0,28.66,6616.0,8900.0,1.0,4.0,2.0,10.0,22750.0,50000.0,4.0,86.0,1
36.0,715.0,0.15625,6.0,27.64,4456.0,23800.0,14.0,14.0,1.0,5.0,5000.0,32000.0,16.0,182.0,0
60.0,730.0,0.29285714285714287,6.0,32.71,2500.0,19500.0,3.0,3.0,1.0,6.0,10250.0,35000.0,3.0,76.0,1
36.0,700.0,0.12449889195986155,9.0,19.12,12648.0,35400.0,1.0,1.0,3.0,11.0,10000.0,80322.0,5.0,203.0,0
36.0,670.0,0.1,10.0,18.6,7132.0,8000.0,6.0,9.0,0.0,4.0,6000.0,60000.0,6.0,66.0,0
36.0,665.0,0.3179043743641913,3.0,10.99,874.0,4800.0,19.0,6.0,0.0,4.0,10000.0,31456.0,19.0,149.0,0
60.0,665.0,0.1267605633802817,3.0,15.53,5096.0,11900.0,7.0,19.0,5.0,3.0,18000.0,142000.0,32.0,192.0,0
36.0,675.0,0.3372093023255814,4.0,23.27,11113.0,4500.0,13.0,15.0,0.0,2.0,14500.0,43000.0,71.0,83.0,0
36.0,690.0,0.2571428571428571,4.0,18.67,13945.0,13900.0,9.0,18.0,4.0,9.0,18000.0,70000.0,9.0,246.0,1
60.0,675.0,0.12244897959183673,4.0,10.98,44416.0,6900.0,4.0,1.0,6.0,6.0,12000.0,98000.0,4.0,316.0,0
36.0,695.0,0.224,4.0,13.87,9534.0,35000.0,4.0,5.0,3.0,7.0,16800.0,75000.0,4.0,331.0,0
36.0,670.0,0.14814814814814814,10.0,23.15,1809.0,30200.0,8.0,8.0,0.0,13.0,8000.0,54000.0,8.0,53.0,0
36.0,675.0,0.165,10.0,21.34,15709.0,13700.0,3.0,7.0,2.0,4.0,10725.0,65000.0,7.0,125.0,1
36.0,760.0,0.17777777777777778,5.0,14.98,2231.0,30200.0,2.0,,0.0,2.0,16000.0,90000.0,5.0,87.0,0
36.0,680.0,0.32,2.0,21.63,8337.0,16300.0,14.0,1.0,0.0,7.0,12800.0,40000.0,30.0,131.0,0
36.0,665.0,0.11416666666666667,6.0,33.24,6017.0,16800.0,3.0,3.0,1.0,3.0,6850.0,60000.0,3.0,400.0,0
36.0,760.0,0.10852713178294573,5.0,12.8,20337.0,128700.0,7.0,9.0,4.0,7.0,14000.0,129000.0,16.0,189.0,1
36.0,700.0,0.046347793845012975,0.0,34.89,10735.0,19400.0,30.0,2.0,3.0,7.0,1500.0,32364.0,30.0,277.0,1
60.0,695.0,0.39615384615384613,9.0,18.65,5999.0,17500.0,3.0,20.0,2.0,9.0,20600.0,52000.0,7.0,226.0,1
36.0,760.0,0.0676056338028169,5.0,21.71,14971.0,61800.0,8.0,16.0,1.0,6.0,4800.0,71000.0,11.0,220.0,1
60.0,685.0,0.3723404255319149,12.0,21.32,8387.0,15500.0,1.0,1.0,1.0,11.0,35000.0,94000.0,16.0,121.0,1
36.0,670.0,0.2631578947368421,4.0,23.18,976.0,7700.0,7.0,2.0,0.0,5.0,5000.0,19000.0,7.0,61.0,0
60.0,750.0,0.40390625,5.0,23.59,1398.0,21500.0,2.0,10.0,0.0,3.0,12925.0,32000.0,10.0,112.0,0
36.0,670.0,0.19672131147540983,8.0,16.45,5627.0,7400.0,5.0,12.0,0.0,7.0,12000.0,61000.0,22.0,167.0,0
36.0,660.0,0.33958333333333335,6.0,40.2,1434.0,6700.0,7.0,5.0,0.0,7.0,4075.0,12000.0,7.0,54.0,0
36.0,720.0,0.12030075187969924,4.0,16.51,10492.0,79000.0,4.0,2.0,3.0,10.0,8000.0,66500.0,4.0,240.0,1
36.0,710.0,0.34285714285714286,4.0,35.79,4439.0,70200.0,12.0,12.0,2.0,8.0,24000.0,70000.0,13.0,373.0,1
36.0,665.0,0.25,4.0,17.31,3372.0,9000.0,11.0,1.0,0.0,2.0,10000.0,40000.0,21.0,92.0,0
60.0,715.0,0.4375,,14.35,,,,,,,35000.0,80000.0,,,0
36.0,680.0,0.166015625,4.0,12.19,12052.0,2700.0,5.0,5.0,1.0,3.0,3825.0,23040.0,19.0,83.0,1
36.0,720.0,0.262,6.0,14.08,18996.0,19100.0,1.0,22.0,1.0,6.0,6550.0,25000.0,1.0,322.0,1
36.0,660.0,0.25,1.0,6.38,2580.0,6300.0,24.0,18.0,0.0,1.0,12000.0,48000.0,42.0,114.0,0
36.0,760.0,0.1,2.0,15.68,19947.0,54500.0,13.0,23.0,2.0,3.0,8000.0,80000.0,13.0,184.0,1
36.0,695.0,0.1702127659574468,9.0,9.27,911.0,9000.0,6.0,2.0,0.0,4.0,8000.0,47000.0,6.0,55.0,0
36.0,705.0,0.18059855521155832,7.0,24.48,17213.0,15000.0,3.0,2.0,4.0,10.0,11200.0,62016.0,4.0,288.0,1
60.0,725.0,0.19662921348314608,,9.08,,,,,,,35000.0,178000.0,,,1
60.0,660.0,0.4431818181818182,5.0,27.27,2455.0,15000.0,6.0,6.0,1.0,16.0,24375.0,55000.0,11.0,161.0,1
60.0,680.0,0.3819444444444444,,21.77,,,,,,,13750.0,36000.0,,,0
36.0,660.0,0.24070864625457347,7.0,35.26,9414.0,8700.0,9.0,5.0,0.0,6.0,15000.0,62316.0,9.0,114.0,0
36.0,685.0,0.17857142857142858,2.0,16.49,4770.0,17900.0,5.0,,0.0,9.0,25000.0,140000.0,91.0,187.0,0
36.0,770.0,0.21333333333333335,0.0,18.95,41227.0,96000.0,29.0,,4.0,6.0,16000.0,75000.0,29.0,224.0,1
60.0,700.0,0.37401472832598676,2.0,20.98,31796.0,3000.0,19.0,,1.0,2.0,20000.0,53473.83,90.0,142.0,1
36.0,705.0,0.128125,2.0,17.1,2967.0,4900.0,4.0,4.0,0.0,6.0,5125.0,40000.0,22.0,271.0,0
36.0,685.0,0.11764705882352941,5.0,11.48,5552.0,9000.0,5.0,1.0,1.0,6.0,10000.0,85000.0,11.0,155.0,0
36.0,685.0,0.245,3.0,19.52,605.0,3500.0,3.0,,0.0,10.0,7350.0,30000.0,36.0,92.0,0
60.0,700.0,0.3627906976744186,1.0,30.13,48193.0,15800.0,10.0,,4.0,5.0,15600.0,43000.0,10.0,163.0,1
36.0,705.0,0.25,5.0,20.37,3101.0,5100.0,4.0,9.0,3.0,4.0,8000.0,32000.0,14.0,116.0,0
36.0,680.0,0.4117647058823529,2.0,27.93,8157.0,34700.0,5.0,,0.0,7.0,35000.0,85000.0,5.0,121.0,0
36.0,685.0,0.1856971153846154,2.0,22.3,6469.0,18700.0,5.0,3.0,2.0,3.0,7725.0,41600.0,5.0,303.0,1
36.0,735.0,0.30523255813953487,1.0,10.7,2057.0,78800.0,23.0,24.0,0.0,9.0,21000.0,68800.0,23.0,133.0,0
36.0,690.0,0.1935483870967742,0.0,6.16,2887.0,15300.0,43.0,,0.0,5.0,12000.0,62000.0,43.0,143.0,0
36.0,675.0,0.04728132387706856,1.0,16.71,3018.0,11500.0,11.0,11.0,0.0,3.0,2000.0,42300.0,35.0,169.0,0
60.0,760.0,0.15,2.0,26.56,30029.0,23700.0,3.0,,4.0,2.0,15000.0,100000.0,54.0,171.0,1
36.0,665.0,0.4245689655172414,4.0,37.27,14719.0,32000.0,15.0,7.0,1.0,4.0,24625.0,58000.0,56.0,118.0,1
36.0,720.0,0.03076923076923077,1.0,21.52,7207.0,5000.0,18.0,18.0,0.0,2.0,1200.0,39000.0,28.0,46.0,0
36.0,730.0,0.11570247933884298,0.0,8.12,64433.0,48000.0,35.0,,3.0,5.0,28000.0,242000.0,35.0,249.0,1
60.0,680.0,0.3333333333333333,1.0,8.0,,8300.0,,0.0,0.0,,10000.0,30000.0,23.0,,0
36.0,700.0,0.3269230769230769,5.0,28.38,3050.0,23000.0,1.0,1.0,0.0,5.0,8500.0,26000.0,1.0,313.0,0
60.0,690.0,0.24444444444444444,2.0,16.56,19675.0,17500.0,14.0,14.0,1.0,4.0,11000.0,45000.0,96.0,169.0,0
36.0,740.0,0.06461538461538462,,16.45,,,,,,,8400.0,130000.0,,,0
36.0,705.0,0.13333333333333333,8.0,24.83,6551.0,23900.0,0.0,0.0,3.0,5.0,6000.0,45000.0,0.0,241.0,1
36.0,705.0,0.1,0.0,8.38,9848.0,49715.0,33.0,,1.0,5.0,12000.0,120000.0,33.0,267.0,0
36.0,715.0,0.14444444444444443,2.0,24.11,16518.0,5000.0,14.0,19.0,2.0,3.0,6500.0,45000.0,14.0,119.0,0
36.0,665.0,0.05730769230769231,11.0,27.91,,6600.0,,0.0,4.0,,3725.0,65000.0,4.0,,1
60.0,675.0,0.1824561403508772,0.0,28.36,8848.0,50100.0,29.0,11.0,1.0,5.0,20800.0,114000.0,63.0,378.0,1
36.0,660.0,0.30391566265060244,13.0,28.21,7521.0,13800.0,5.0,5.0,1.0,12.0,25225.0,83000.0,9.0,65.0,1
36.0,675.0,0.24,8.0,12.57,12314.0,13000.0,3.0,6.0,1.0,6.0,9600.0,40000.0,3.0,97.0,1
36.0,685.0,0.12857142857142856,,15.79,,,,,,,18000.0,140000.0,,,1
60.0,665.0,0.3125,3.0,13.23,5794.0,23900.0,2.0,2.0,0.0,6.0,25000.0,80000.0,10.0,161.0,0
36.0,715.0,0.24193548387096775,6.0,22.63,24183.0,7000.0,8.0,7.0,2.0,3.0,15000.0,62000.0,15.0,127.0,1
60.0,700.0,0.3125,8.0,12.03,2949.0,16700.0,4.0,9.0,0.0,4.0,25000.0,80000.0,12.0,87.0,1
36.0,775.0,0.18285714285714286,4.0,15.69,2650.0,34200.0,9.0,6.0,0.0,5.0,12800.0,70000.0,9.0,91.0,0
60.0,670.0,0.4542553191489362,7.0,31.92,1825.0,17300.0,2.0,6.0,0.0,14.0,21350.0,47000.0,2.0,113.0,0
36.0,660.0,0.27380952380952384,7.0,24.51,2071.0,7850.0,1.0,5.0,3.0,11.0,11500.0,42000.0,14.0,210.0,0
36.0,670.0,0.26666666666666666,1.0,12.88,5146.0,14000.0,18.0,0.0,2.0,4.0,16000.0,60000.0,81.0,265.0,0
36.0,710.0,0.05997474747474747,,20.42,,,,,,,4750.0,79200.0,,,1
36.0,660.0,0.5,11.0,38.77,2819.0,13200.0,4.0,4.0,8.0,19.0,32500.0,65000.0,24.0,132.0,1
36.0,690.0,0.08433734939759036,8.0,25.49,26922.0,12400.0,9.0,3.0,4.0,5.0,7000.0,83000.0,19.0,124.0,1
36.0,710.0,0.08,5.0,33.85,79978.0,120400.0,5.0,15.0,1.0,5.0,24000.0,300000.0,157.0,294.0,1
60.0,690.0,0.2654320987654321,5.0,35.07,20543.0,45500.0,3.0,3.0,1.0,8.0,21500.0,81000.0,97.0,161.0,1
60.0,740.0,0.17647058823529413,5.0,30.68,12081.0,17500.0,7.0,11.0,0.0,4.0,15000.0,85000.0,27.0,141.0,0
36.0,680.0,0.17454545454545456,2.0,26.95,11067.0,7700.0,8.0,8.0,4.0,8.0,9600.0,55000.0,27.0,55.0,1
60.0,690.0,0.2978723404255319,3.0,15.97,12425.0,34800.0,14.0,14.0,3.0,5.0,28000.0,94000.0,22.0,340.0,1
36.0,705.0,0.12,2.0,8.64,3148.0,9700.0,9.0,9.0,0.0,2.0,12000.0,100000.0,36.0,117.0,0
60.0,730.0,0.237,3.0,22.04,13160.0,21000.0,2.0,2.0,1.0,7.0,11850.0,50000.0,2.0,267.0,1
60.0,715.0,0.2909090909090909,2.0,2.39,1521.0,9600.0,8.0,23.0,0.0,3.0,32000.0,110000.0,41.0,47.0,0
36.0,675.0,0.21818181818181817,6.0,24.15,4123.0,12700.0,4.0,0.0,0.0,5.0,12000.0,55000.0,7.0,220.0,0
36.0,665.0,0.3384615384615385,4.0,7.85,32003.0,12400.0,4.0,6.0,3.0,5.0,22000.0,65000.0,9.0,177.0,1
36.0,685.0,0.04748603351955307,,2.91,,,,,,,8500.0,179000.0,,,1
36.0,665.0,0.14170728942296792,5.0,17.45,3433.0,5300.0,2.0,2.0,0.0,5.0,5000.0,35284.0,19.0,110.0,0
36.0,665.0,0.44027777777777777,5.0,22.73,2908.0,8700.0,8.0,1.0,0.0,4.0,15850.0,36000.0,22.0,355.0,1
60.0,685.0,0.23148148148148148,3.0,28.94,4463.0,7800.0,5.0,0.0,0.0,2.0,5000.0,21600.0,21.0,71.0,0
60.0,685.0,0.5384615384615384,,20.7,,,,,,,28000.0,52000.0,,,0
60.0,750.0,0.24615384615384617,,19.9,,,,,,,16000.0,65000.0,,,1
36.0,660.0,0.18181818181818182,9.0,8.29,1892.0,11800.0,3.0,4.0,0.0,3.0,4000.0,22000.0,3.0,73.0,0
36.0,740.0,0.19230769230769232,3.0,9.32,46295.0,13500.0,5.0,3.0,9.0,2.0,15000.0,78000.0,5.0,153.0,1
36.0,685.0,0.2727272727272727,5.0,23.81,7674.0,15500.0,7.0,7.0,4.0,6.0,15000.0,55000.0,36.0,158.0,1
60.0,680.0,0.25925925925925924,5.0,28.6,10872.0,19100.0,9.0,6.0,2.0,4.0,14000.0,54000.0,9.0,192.0,1
36.0,660.0,0.17777777777777778,5.0,34.76,1188.0,900.0,6.0,6.0,0.0,3.0,4800.0,27000.0,16.0,276.0,0
36.0,700.0,0.041379310344827586,5.0,17.65,11976.0,17000.0,10.0,8.0,3.0,21.0,6000.0,145000.0,12.0,143.0,1
36.0,710.0,0.3076923076923077,6.0,19.61,4337.0,14700.0,2.0,4.0,0.0,7.0,20000.0,65000.0,2.0,188.0,0
60.0,670.0,0.3196686737984609,10.0,37.47,11805.0,10300.0,8.0,1.0,2.0,10.0,19250.0,60218.6,56.0,177.0,1
60.0,660.0,0.34,4.0,15.04,44096.0,4000.0,10.0,11.0,1.0,2.0,20400.0,60000.0,24.0,242.0,1
60.0,715.0,0.1951219512195122,8.0,33.85,11402.0,18600.0,1.0,1.0,0.0,6.0,24000.0,123000.0,27.0,125.0,0
36.0,705.0,0.1764943185638405,3.0,17.1,31814.0,2500.0,7.0,1.0,4.0,4.0,10500.0,59492.0,8.0,77.0,1
36.0,710.0,0.27713625866050806,6.0,27.88,30301.0,7700.0,4.0,3.0,1.0,3.0,24000.0,86600.0,4.0,133.0,1
36.0,660.0,0.26865671641791045,3.0,17.17,3040.0,8700.0,5.0,5.0,3.0,4.0,9000.0,33500.0,8.0,174.0,1
36.0,735.0,0.22544642857142858,3.0,13.03,23422.0,27700.0,8.0,19.0,2.0,4.0,25250.0,112000.0,42.0,163.0,1
60.0,665.0,0.4,6.0,18.22,1894.0,61600.0,8.0,8.0,2.0,9.0,30000.0,75000.0,9.0,165.0,0
36.0,755.0,0.29478633517943276,2.0,12.51,4379.0,20800.0,3.0,5.0,0.0,4.0,32000.0,108553.2,3.0,123.0,0
36.0,680.0,0.1590909090909091,2.0,26.57,1689.0,5900.0,9.0,10.0,0.0,6.0,7000.0,44000.0,10.0,145.0,0
60.0,705.0,0.2782110091743119,6.0,18.09,1702.0,28700.0,10.0,8.0,1.0,6.0,30325.0,109000.0,10.0,93.0,0
36.0,680.0,0.07333333333333333,4.0,34.05,3898.0,22100.0,7.0,8.0,0.0,6.0,2200.0,30000.0,9.0,172.0,0
60.0,660.0,0.3364285714285714,12.0,34.09,2058.0,5000.0,1.0,1.0,0.0,9.0,11775.0,35000.0,12.0,173.0,1
36.0,695.0,0.28846153846153844,8.0,24.95,9953.0,35700.0,11.0,12.0,2.0,6.0,15000.0,52000.0,11.0,132.0,1
36.0,685.0,0.0847457627118644,8.0,33.81,5514.0,6500.0,6.0,0.0,1.0,4.0,5000.0,59000.0,19.0,372.0,0
36.0,670.0,0.38807890222984565,6.0,35.94,4063.0,7600.0,6.0,9.0,3.0,9.0,22625.0,58300.0,18.0,152.0,1
60.0,745.0,0.3680327868852459,5.0,24.18,5325.0,58900.0,0.0,0.0,3.0,7.0,22450.0,61000.0,3.0,228.0,1
36.0,685.0,0.07058823529411765,6.0,7.45,1295.0,23900.0,4.0,5.0,5.0,3.0,6000.0,85000.0,4.0,289.0,0
60.0,675.0,0.2782608695652174,2.0,10.07,30438.0,28700.0,9.0,15.0,2.0,9.0,32000.0,115000.0,49.0,77.0,0
36.0,730.0,0.296875,4.0,15.27,20709.0,36500.0,2.0,9.0,2.0,5.0,19000.0,64000.0,2.0,106.0,1
36.0,665.0,0.5,9.0,11.87,8718.0,15500.0,1.0,1.0,2.0,10.0,23500.0,47000.0,17.0,235.0,1
36.0,695.0,0.12549019607843137,3.0,22.02,24464.0,5300.0,6.0,9.0,9.0,4.0,6400.0,51000.0,62.0,99.0,1
36.0,705.0,0.19444444444444445,4.0,25.57,33199.0,144820.0,12.0,16.0,5.0,14.0,35000.0,180000.0,12.0,244.0,1
60.0,665.0,0.3796875,0.0,17.43,26892.0,1800.0,30.0,,2.0,4.0,18225.0,48000.0,86.0,202.0,1
36.0,660.0,0.049444444444444444,6.0,33.28,16834.0,2000.0,4.0,4.0,1.0,8.0,2225.0,45000.0,4.0,141.0,1
36.0,725.0,0.16574585635359115,2.0,19.91,13937.0,50100.0,8.0,14.0,6.0,5.0,12000.0,72400.0,30.0,262.0,1
36.0,660.0,0.23379383634431455,6.0,39.54,1649.0,5400.0,6.0,5.0,0.0,5.0,4400.0,18820.0,11.0,90.0,1
60.0,690.0,0.3,6.0,11.21,13463.0,42600.0,9.0,10.0,4.0,3.0,24000.0,80000.0,9.0,133.0,1
36.0,735.0,0.21348314606741572,0.0,23.33,4737.0,6600.0,34.0,7.0,0.0,2.0,19000.0,89000.0,78.0,105.0,0
36.0,720.0,0.39927184466019416,4.0,17.39,1519.0,53400.0,1.0,1.0,0.0,6.0,8225.0,20600.0,1.0,217.0,0
36.0,680.0,0.325625,3.0,21.54,10106.0,16800.0,2.0,0.0,4.0,5.0,26050.0,80000.0,2.0,240.0,1
36.0,705.0,0.3061810295337118,5.0,10.91,5470.0,10900.0,3.0,2.0,0.0,4.0,9600.0,31354.0,3.0,52.0,0
36.0,690.0,0.08,4.0,11.17,9082.0,64300.0,10.0,1.0,7.0,9.0,16000.0,200000.0,10.0,241.0,0
36.0,675.0,0.08833333333333333,5.0,15.87,1471.0,1900.0,10.0,13.0,0.0,5.0,3975.0,45000.0,33.0,41.0,0
36.0,680.0,0.22321428571428573,3.0,26.71,21591.0,10800.0,10.0,10.0,2.0,4.0,15625.0,70000.0,12.0,70.0,1
36.0,760.0,0.13333333333333333,2.0,12.0,3073.0,10800.0,22.0,,1.0,2.0,10000.0,75000.0,60.0,173.0,0
36.0,755.0,0.19444444444444445,7.0,19.54,11190.0,103300.0,6.0,6.0,1.0,9.0,35000.0,180000.0,13.0,379.0,1
60.0,675.0,0.40384615384615385,2.0,11.75,19730.0,800.0,8.0,,3.0,1.0,21000.0,52000.0,57.0,321.0,1
36.0,700.0,0.20833333333333334,3.0,14.45,1320.0,16500.0,5.0,17.0,0.0,5.0,5000.0,24000.0,5.0,56.0,0
36.0,660.0,0.07692307692307693,1.0,20.73,2277.0,18200.0,0.0,0.0,0.0,8.0,2000.0,26000.0,73.0,176.0,0
60.0,665.0,0.2292134831460674,7.0,17.88,40986.0,7700.0,1.0,2.0,7.0,1.0,20400.0,89000.0,26.0,160.0,1
60.0,670.0,0.26842105263157895,5.0,16.22,2736.0,15800.0,8.0,10.0,0.0,4.0,20400.0,76000.0,8.0,134.0,0
36.0,725.0,0.20317192001527853,0.0,31.09,7954.0,27800.0,34.0,,2.0,9.0,8000.0,39375.52,85.0,210.0,1
60.0,680.0,0.36,16.0,34.59,1588.0,6600.0,8.0,11.0,0.0,4.0,18000.0,50000.0,12.0,136.0,0
36.0,665.0,0.20077578671328672,3.0,6.54,2820.0,13500.0,1.0,1.0,0.0,4.0,18375.0,91520.0,1.0,165.0,1
36.0,675.0,0.08235294117647059,2.0,29.08,17683.0,5000.0,18.0,17.0,0.0,1.0,4200.0,51000.0,29.0,209.0,0
36.0,695.0,0.33783783783783783,2.0,22.93,3104.0,13300.0,9.0,13.0,0.0,3.0,12500.0,37000.0,9.0,121.0,0
36.0,665.0,0.14285714285714285,13.0,23.81,10587.0,16800.0,3.0,3.0,2.0,5.0,20000.0,140000.0,3.0,297.0,1
60.0,730.0,0.1824,4.0,18.2,8381.0,800.0,5.0,5.0,4.0,2.0,22800.0,125000.0,41.0,214.0,0
36.0,710.0,0.17692307692307693,4.0,25.35,21323.0,23800.0,8.0,14.0,3.0,7.0,13800.0,78000.0,8.0,212.0,1
36.0,675.0,0.32857142857142857,1.0,17.43,1568.0,8800.0,10.0,1.0,0.0,5.0,11500.0,35000.0,84.0,175.0,0
36.0,660.0,0.35714285714285715,3.0,23.57,24294.0,32600.0,6.0,4.0,3.0,6.0,25000.0,70000.0,8.0,217.0,1
36.0,685.0,0.28402366863905326,3.0,4.51,23948.0,4500.0,7.0,5.0,6.0,3.0,9600.0,33800.0,15.0,179.0,1
36.0,755.0,0.3333333333333333,3.0,29.76,8713.0,39200.0,4.0,,1.0,4.0,25000.0,75000.0,4.0,377.0,1
60.0,735.0,0.15,,16.76,,,,,,,9000.0,60000.0,,,1
36.0,730.0,0.4117647058823529,6.0,29.97,3618.0,14600.0,15.0,7.0,0.0,6.0,35000.0,85000.0,17.0,186.0,0
36.0,700.0,0.3736548425667597,4.0,35.7,5654.0,7900.0,10.0,5.0,2.0,3.0,15000.0,40144.0,20.0,101.0,1
36.0,690.0,0.35865384615384616,5.0,26.55,3743.0,23600.0,3.0,5.0,2.0,5.0,9325.0,26000.0,3.0,293.0,0
36.0,710.0,0.19672131147540983,0.0,27.64,17655.0,12700.0,38.0,,0.0,3.0,12000.0,61000.0,89.0,201.0,0
36.0,695.0,0.17894736842105263,2.0,9.24,4640.0,25900.0,3.0,,0.0,6.0,17000.0,95000.0,37.0,170.0,0
36.0,700.0,0.3392857142857143,,14.74,,,,,,,4750.0,14000.0,,,0
60.0,660.0,0.39473684210526316,5.0,20.18,3481.0,1800.0,2.0,6.0,0.0,5.0,15000.0,38000.0,127.0,127.0,0
36.0,695.0,0.3044249055387425,7.0,26.25,7685.0,1800.0,1.0,1.0,0.0,4.0,17000.0,55843.0,23.0,269.0,0
36.0,695.0,0.23828125,4.0,26.74,2047.0,19900.0,5.0,5.0,0.0,9.0,15250.0,64000.0,9.0,103.0,0
36.0,660.0,0.25416666666666665,19.0,13.93,905.0,6200.0,4.0,5.0,1.0,9.0,18300.0,72000.0,6.0,137.0,1
36.0,670.0,0.08,1.0,11.42,7248.0,26500.0,17.0,0.0,0.0,4.0,10000.0,125000.0,17.0,187.0,0
36.0,665.0,0.048539762155165436,4.0,10.55,13769.0,3000.0,8.0,9.0,3.0,7.0,1800.0,37083.0,8.0,176.0,1
36.0,755.0,0.11538461538461539,4.0,24.42,13197.0,14500.0,12.0,12.0,0.0,2.0,6000.0,52000.0,14.0,64.0,0
36.0,720.0,0.10869565217391304,5.0,7.75,2392.0,5900.0,2.0,0.0,0.0,8.0,10000.0,92000.0,18.0,161.0,0
36.0,665.0,0.01,2.0,8.98,17729.0,7800.0,11.0,8.0,0.0,4.0,2000.0,200000.0,17.0,140.0,0
36.0,700.0,0.3464419475655431,0.0,31.1,1740.0,11500.0,26.0,,0.0,5.0,9250.0,26700.0,67.0,126.0,0
36.0,660.0,0.07764198418404025,3.0,10.06,2048.0,5600.0,0.0,0.0,0.0,6.0,5400.0,69550.0,0.0,68.0,0
60.0,665.0,0.36923076923076925,5.0,19.18,5554.0,10241.0,8.0,9.0,0.0,5.0,24000.0,65000.0,13.0,127.0,0
36.0,715.0,0.41923076923076924,1.0,22.62,5138.0,8100.0,18.0,,0.0,3.0,16350.0,39000.0,18.0,179.0,1
36.0,660.0,0.052941176470588235,6.0,12.71,598.0,3300.0,8.0,17.0,0.0,7.0,1800.0,34000.0,18.0,208.0,0
60.0,710.0,0.38961038961038963,,20.7,,,,,,,15000.0,38500.0,,,0
36.0,670.0,0.24193548387096775,8.0,13.74,31445.0,10800.0,2.0,2.0,1.0,7.0,15000.0,62000.0,22.0,90.0,1
36.0,685.0,0.4,4.0,27.37,2228.0,5200.0,6.0,18.0,0.0,5.0,8000.0,20000.0,8.0,258.0,0
60.0,710.0,0.46,1.0,17.64,3560.0,20000.0,14.0,14.0,0.0,4.0,13800.0,30000.0,102.0,178.0,0
60.0,710.0,0.3359375,3.0,29.14,3395.0,17200.0,12.0,0.0,0.0,6.0,10750.0,32000.0,18.0,136.0,0
36.0,700.0,0.1282051282051282,2.0,22.19,41266.0,3400.0,16.0,0.0,4.0,4.0,20000.0,156000.0,40.0,341.0,1
36.0,750.0,0.33783783783783783,1.0,15.89,3247.0,11800.0,14.0,,1.0,4.0,12500.0,37000.0,14.0,191.0,0
60.0,735.0,0.18018018018018017,6.0,14.55,,8000.0,,15.0,2.0,,10000.0,55500.0,18.0,,1
36.0,710.0,0.15833333333333333,3.0,6.22,8034.0,19200.0,6.0,,0.0,4.0,9500.0,60000.0,6.0,85.0,0
36.0,660.0,0.07035175879396985,10.0,20.89,3821.0,11100.0,1.0,1.0,4.0,10.0,7000.0,99500.0,4.0,303.0,0
36.0,770.0,0.2,0.0,7.09,,5000.0,,1.0,0.0,,14000.0,70000.0,97.0,,0
36.0,680.0,0.056818181818181816,1.0,8.19,16456.0,39000.0,18.0,2.0,2.0,5.0,20000.0,352000.0,80.0,350.0,1
36.0,695.0,0.25735294117647056,12.0,24.48,16548.0,21000.0,1.0,4.0,4.0,9.0,35000.0,136000.0,1.0,312.0,1
36.0,680.0,0.36770833333333336,4.0,7.75,18022.0,45100.0,9.0,6.0,2.0,8.0,26475.0,72000.0,9.0,143.0,1
36.0,680.0,0.21739130434782608,1.0,6.55,1237.0,4700.0,23.0,23.0,0.0,6.0,10000.0,46000.0,34.0,263.0,0
60.0,680.0,0.30434782608695654,3.0,19.81,4318.0,22700.0,3.0,3.0,0.0,6.0,35000.0,115000.0,3.0,162.0,0
36.0,675.0,0.18,2.0,15.41,16632.0,8300.0,4.0,4.0,5.0,10.0,14400.0,80000.0,4.0,225.0,1
36.0,695.0,0.4357142857142857,4.0,15.53,26504.0,23900.0,8.0,8.0,2.0,5.0,15250.0,35000.0,8.0,147.0,1
60.0,690.0,0.5,,9.64,,,,,,,13200.0,26400.0,,,0
36.0,690.0,0.11764705882352941,5.0,10.45,29996.0,8300.0,10.0,1.0,1.0,3.0,18000.0,153000.0,26.0,198.0,1
36.0,680.0,0.05282248124801916,7.0,32.39,36004.0,6000.0,6.0,1.0,2.0,5.0,6000.0,113588.0,20.0,162.0,0
36.0,660.0,0.2431106725585253,2.0,18.97,18580.0,28600.0,14.0,1.0,1.0,10.0,17000.0,69927.0,39.0,71.0,1
36.0,680.0,0.1949012442356217,1.0,15.62,30989.0,16100.0,3.0,3.0,4.0,6.0,11200.0,57465.0,109.0,366.0,1
36.0,710.0,0.1076923076923077,10.0,16.18,15873.0,25700.0,1.0,3.0,1.0,7.0,7000.0,65000.0,1.0,112.0,1
60.0,695.0,0.4460963168690664,1.0,11.55,3091.0,23100.0,13.0,8.0,0.0,4.0,24575.0,55089.0,13.0,126.0,0
36.0,660.0,0.02717391304347826,6.0,5.63,3416.0,1000.0,13.0,6.0,0.0,9.0,5000.0,184000.0,13.0,225.0,0
36.0,680.0,0.09230769230769231,5.0,13.29,3904.0,12700.0,7.0,7.0,5.0,6.0,12000.0,130000.0,10.0,199.0,0
36.0,675.0,0.410958904109589,4.0,19.22,,23800.0,,7.0,3.0,,30000.0,73000.0,34.0,,1
36.0,695.0,0.08,8.0,23.48,23642.0,45100.0,5.0,11.0,6.0,6.0,9600.0,120000.0,28.0,173.0,0
36.0,710.0,0.45454545454545453,0.0,24.69,10390.0,37100.0,36.0,,3.0,7.0,25000.0,55000.0,56.0,141.0,1
36.0,710.0,0.046511627906976744,5.0,17.59,18845.0,49300.0,2.0,2.0,6.0,10.0,4000.0,86000.0,7.0,236.0,1
60.0,790.0,0.2,3.0,15.84,5540.0,44900.0,4.0,18.0,1.0,10.0,15000.0,75000.0,4.0,327.0,0
60.0,710.0,0.44776119402985076,4.0,14.19,20402.0,33000.0,9.0,3.0,2.0,3.0,30000.0,67000.0,9.0,83.0,1
36.0,705.0,0.024625190120953138,10.0,11.39,761.0,8800.0,9.0,1.0,2.0,5.0,1700.0,69035.0,10.0,149.0,1
36.0,730.0,0.36,1.0,16.43,14167.0,69500.0,11.0,2.0,7.0,4.0,27000.0,75000.0,26.0,204.0,1
36.0,695.0,0.13857142857142857,5.0,36.59,4498.0,7200.0,8.0,13.0,2.0,4.0,4850.0,35000.0,8.0,589.0,1
36.0,660.0,0.36363636363636365,10.0,22.57,3284.0,8900.0,8.0,1.0,0.0,9.0,18000.0,49500.0,16.0,73.0,0
36.0,670.0,0.5,0.0,28.13,17413.0,25800.0,53.0,,0.0,2.0,24000.0,48000.0,72.0,264.0,0
36.0,700.0,0.14705882352941177,3.0,31.58,23126.0,52300.0,9.0,6.0,4.0,6.0,15000.0,102000.0,9.0,291.0,0
36.0,715.0,0.08888888888888889,6.0,29.09,14511.0,4000.0,1.0,1.0,6.0,3.0,8000.0,90000.0,6.0,225.0,1
36.0,695.0,0.09806338028169014,5.0,16.47,10060.0,20900.0,7.0,5.0,0.0,5.0,13925.0,142000.0,7.0,117.0,0
36.0,730.0,0.19230769230769232,6.0,3.86,1418.0,24100.0,12.0,0.0,0.0,3.0,15000.0,78000.0,12.0,354.0,1
36.0,700.0,0.2857142857142857,3.0,28.74,3429.0,17000.0,1.0,0.0,0.0,8.0,10000.0,35000.0,14.0,153.0,0
36.0,660.0,0.24968789013732834,4.0,29.34,3461.0,7100.0,5.0,5.0,0.0,8.0,10000.0,40050.0,8.0,46.0,1
36.0,700.0,0.4,2.0,17.38,17588.0,18200.0,1.0,1.0,6.0,13.0,24000.0,60000.0,52.0,166.0,1
60.0,735.0,0.075,8.0,15.32,40550.0,78500.0,3.0,12.0,3.0,4.0,12000.0,160000.0,3.0,479.0,1
36.0,790.0,0.24390243902439024,,8.25,,,,,,,20000.0,82000.0,,,1
36.0,725.0,0.22153846153846155,2.0,10.97,1489.0,20000.0,14.0,15.0,0.0,6.0,14400.0,65000.0,28.0,438.0,0
36.0,670.0,0.3024968086586687,7.0,24.15,9465.0,26000.0,2.0,2.0,1.0,8.0,10000.0,33058.2,2.0,152.0,1
36.0,725.0,0.17142857142857143,2.0,19.67,4407.0,13000.0,14.0,7.0,0.0,5.0,9600.0,56000.0,14.0,259.0,0
36.0,695.0,0.44166666666666665,1.0,19.77,3191.0,39200.0,23.0,,0.0,10.0,26500.0,60000.0,23.0,190.0,0
36.0,660.0,0.2631578947368421,6.0,8.78,518.0,4300.0,1.0,20.0,0.0,7.0,10000.0,38000.0,5.0,246.0,1
60.0,745.0,0.15625,3.0,31.18,33034.0,27800.0,5.0,5.0,4.0,3.0,15000.0,96000.0,69.0,218.0,0
36.0,710.0,0.49903846153846154,2.0,7.43,1664.0,10900.0,8.0,10.0,0.0,4.0,12975.0,26000.0,8.0,206.0,0
36.0,660.0,0.17142857142857143,6.0,20.97,17184.0,14600.0,1.0,8.0,2.0,10.0,12000.0,70000.0,1.0,147.0,1
36.0,700.0,0.06486486486486487,3.0,11.81,8448.0,13700.0,3.0,3.0,0.0,7.0,12000.0,185000.0,34.0,120.0,0
36.0,710.0,0.10434782608695652,4.0,12.53,15887.0,12500.0,8.0,8.0,0.0,2.0,12000.0,115000.0,8.0,367.0,0
36.0,715.0,0.05,10.0,16.57,1807.0,49300.0,14.0,15.0,0.0,6.0,6200.0,124000.0,14.0,236.0,1
36.0,710.0,0.1704,10.0,9.43,39788.0,21800.0,3.0,4.0,3.0,6.0,21300.0,125000.0,9.0,115.0,1
36.0,670.0,0.36363636363636365,5.0,22.52,2071.0,23600.0,1.0,0.0,6.0,6.0,20000.0,55000.0,14.0,124.0,0
36.0,680.0,0.43990384615384615,5.0,13.11,8581.0,27200.0,7.0,8.0,5.0,7.0,22875.0,52000.0,12.0,71.0,1
60.0,705.0,0.19534883720930232,3.0,22.94,25733.0,44100.0,3.0,3.0,5.0,9.0,16800.0,86000.0,24.0,289.0,1
36.0,700.0,0.19534883720930232,7.0,19.9,6748.0,23300.0,3.0,7.0,1.0,8.0,8400.0,43000.0,3.0,78.0,0
60.0,715.0,0.24096385542168675,3.0,17.21,1232.0,2900.0,3.0,0.0,2.0,1.0,20000.0,83000.0,88.0,117.0,1
36.0,690.0,0.23529411764705882,5.0,13.58,2616.0,36200.0,5.0,5.0,0.0,4.0,20000.0,85000.0,5.0,95.0,1
60.0,725.0,0.3333333333333333,5.0,34.12,6718.0,15800.0,6.0,6.0,0.0,5.0,20000.0,60000.0,25.0,167.0,0
36.0,685.0,0.3525,0.0,10.32,933.0,3900.0,36.0,,0.0,4.0,7050.0,20000.0,36.0,88.0,0
36.0,720.0,0.11278195488721804,2.0,7.52,,11300.0,,13.0,0.0,,7500.0,66500.0,56.0,,0
60.0,710.0,0.17514792899408285,10.0,17.77,26078.0,14800.0,1.0,3.0,9.0,8.0,29600.0,169000.0,17.0,213.0,1
36.0,665.0,0.0687116564417178,1.0,14.87,3974.0,14200.0,14.0,0.0,2.0,5.0,5600.0,81500.0,14.0,166.0,0
36.0,715.0,0.1076923076923077,1.0,17.36,6043.0,27900.0,23.0,23.0,0.0,4.0,7000.0,65000.0,23.0,129.0,0
36.0,665.0,0.2777777777777778,2.0,27.68,2584.0,7800.0,14.0,11.0,0.0,9.0,10000.0,36000.0,26.0,124.0,0
36.0,685.0,0.3557692307692308,3.0,23.57,14877.0,16500.0,5.0,1.0,6.0,7.0,18500.0,52000.0,30.0,294.0,1
36.0,685.0,0.2,5.0,22.42,22158.0,30700.0,5.0,5.0,3.0,4.0,21000.0,105000.0,15.0,162.0,1
36.0,680.0,0.20833333333333334,4.0,9.23,9587.0,12500.0,9.0,12.0,1.0,6.0,7500.0,36000.0,19.0,153.0,1
36.0,675.0,0.13333333333333333,9.0,23.73,1835.0,18500.0,2.0,2.0,0.0,9.0,9600.0,72000.0,2.0,109.0,0
36.0,680.0,0.13846153846153847,,7.37,,,,,,,9000.0,65000.0,,,0
60.0,680.0,0.3977272727272727,7.0,28.93,6072.0,13500.0,5.0,4.0,1.0,8.0,35000.0,88000.0,17.0,210.0,1
60.0,705.0,0.20253164556962025,6.0,14.17,17954.0,65900.0,7.0,7.0,6.0,6.0,32000.0,158000.0,66.0,215.0,1
36.0,715.0,0.23625,7.0,22.26,42653.0,33600.0,5.0,10.0,4.0,3.0,14175.0,60000.0,5.0,132.0,1
36.0,670.0,0.33611111111111114,2.0,19.65,5069.0,7100.0,17.0,,0.0,2.0,15125.0,45000.0,31.0,94.0,0
36.0,680.0,0.1916,9.0,26.38,19888.0,4300.0,6.0,1.0,1.0,8.0,11975.0,62500.0,24.0,52.0,1
60.0,680.0,0.21818181818181817,1.0,10.4,55438.0,18500.0,20.0,,4.0,2.0,24000.0,110000.0,42.0,318.0,1
36.0,660.0,0.16666666666666666,6.0,12.28,2244.0,13600.0,11.0,15.0,2.0,4.0,10000.0,60000.0,13.0,278.0,0
36.0,670.0,0.05,5.0,27.98,13273.0,3300.0,4.0,4.0,0.0,2.0,1600.0,32000.0,107.0,163.0,0
60.0,710.0,0.46111111111111114,4.0,26.35,2069.0,14100.0,0.0,,0.0,9.0,20750.0,45000.0,5.0,133.0,1
36.0,690.0,0.10555555555555556,2.0,15.37,2794.0,29700.0,6.0,6.0,0.0,5.0,7600.0,72000.0,6.0,100.0,0
36.0,685.0,0.2,2.0,14.15,4881.0,54300.0,7.0,22.0,0.0,10.0,20000.0,100000.0,7.0,80.0,0
36.0,700.0,0.2,3.0,2.09,,4000.0,,15.0,1.0,,10000.0,50000.0,15.0,,1
60.0,660.0,0.3,7.0,18.23,5543.0,27100.0,2.0,2.0,4.0,14.0,24000.0,80000.0,23.0,140.0,1
60.0,740.0,0.5,4.0,17.46,27968.0,28300.0,1.0,3.0,2.0,3.0,30000.0,60000.0,8.0,112.0,1
60.0,660.0,0.267,9.0,16.13,4442.0,0.0,11.0,10.0,0.0,5.0,26700.0,100000.0,,169.0,1
36.0,760.0,0.08888888888888889,,23.95,,,,,,,4000.0,45000.0,,,0
36.0,685.0,0.18461538461538463,3.0,17.59,32475.0,41600.0,5.0,21.0,8.0,6.0,24000.0,130000.0,13.0,224.0,1
36.0,750.0,0.24489795918367346,2.0,10.48,7865.0,11900.0,4.0,3.0,1.0,2.0,12000.0,49000.0,4.0,120.0,0
36.0,760.0,0.16271186440677965,3.0,11.59,20433.0,23000.0,2.0,14.0,2.0,5.0,24000.0,147500.0,48.0,323.0,0
36.0,685.0,0.2222222222222222,4.0,30.93,6539.0,60400.0,4.0,2.0,0.0,10.0,20000.0,90000.0,4.0,256.0,0
36.0,670.0,0.13333333333333333,5.0,8.63,2202.0,6500.0,5.0,8.0,4.0,4.0,12000.0,90000.0,8.0,335.0,0
36.0,690.0,0.1,5.0,12.52,17090.0,15500.0,1.0,1.0,2.0,9.0,11000.0,110000.0,1.0,88.0,1
36.0,685.0,0.10611670857097581,2.0,3.38,774.0,3200.0,17.0,,0.0,5.0,6000.0,56541.52,92.0,102.0,0
36.0,730.0,0.08823529411764706,0.0,8.0,26107.0,16500.0,54.0,18.0,0.0,2.0,9000.0,102000.0,72.0,141.0,0
36.0,755.0,0.17763157894736842,1.0,7.17,35809.0,12500.0,21.0,,5.0,3.0,13500.0,76000.0,151.0,177.0,0
36.0,675.0,0.18349056603773584,4.0,21.72,13262.0,3900.0,3.0,1.0,1.0,4.0,9725.0,53000.0,6.0,231.0,1
36.0,725.0,0.21052631578947367,4.0,13.01,674.0,18400.0,3.0,2.0,0.0,5.0,4000.0,19000.0,14.0,72.0,1
36.0,665.0,0.06299212598425197,4.0,3.13,2023.0,22700.0,4.0,15.0,5.0,9.0,16000.0,254000.0,4.0,232.0,1
36.0,695.0,0.12244897959183673,11.0,18.54,963.0,36500.0,2.0,2.0,0.0,10.0,6000.0,49000.0,10.0,212.0,0
36.0,700.0,0.38555555555555554,3.0,23.33,3694.0,19900.0,18.0,,0.0,7.0,17350.0,45000.0,18.0,156.0,0
36.0,720.0,0.14285714285714285,1.0,30.18,17540.0,53900.0,15.0,,1.0,3.0,20000.0,140000.0,221.0,263.0,1
36.0,700.0,0.2,3.0,9.99,1152.0,27400.0,18.0,18.0,0.0,12.0,12000.0,60000.0,18.0,72.0,0
36.0,670.0,0.29995731376688706,2.0,30.12,1020.0,6800.0,16.0,1.0,0.0,5.0,5200.0,17335.8,16.0,267.0,0
60.0,720.0,0.359375,4.0,0.94,31.0,4800.0,3.0,4.0,2.0,1.0,11500.0,32000.0,23.0,69.0,1
60.0,700.0,0.42290961817303047,1.0,34.01,30090.0,32600.0,24.0,,3.0,7.0,35000.0,82760.0,61.0,349.0,1
36.0,660.0,0.15157894736842106,5.0,13.85,1737.0,5800.0,3.0,0.0,0.0,7.0,7200.0,47500.0,15.0,89.0,0
36.0,660.0,0.16363636363636364,2.0,13.33,19056.0,44300.0,11.0,19.0,0.0,5.0,18000.0,110000.0,11.0,182.0,0
36.0,710.0,0.13333333333333333,5.0,18.55,45154.0,26968.0,2.0,2.0,3.0,4.0,20000.0,150000.0,17.0,168.0,1
36.0,690.0,0.26666666666666666,1.0,21.9,17584.0,8000.0,2.0,23.0,0.0,3.0,8000.0,30000.0,2.0,95.0,0
60.0,735.0,0.29411764705882354,4.0,21.39,8377.0,34600.0,12.0,12.0,1.0,6.0,25000.0,85000.0,15.0,207.0,1
36.0,805.0,0.08,2.0,4.25,40522.0,71200.0,14.0,3.0,4.0,6.0,20000.0,250000.0,79.0,433.0,1
60.0,725.0,0.21875,6.0,31.35,39333.0,14700.0,5.0,6.0,4.0,3.0,35000.0,160000.0,76.0,280.0,1
36.0,680.0,0.125,7.0,4.12,16763.0,15500.0,3.0,4.0,7.0,7.0,12500.0,100000.0,11.0,191.0,1
36.0,705.0,0.1,9.0,13.37,15893.0,3700.0,5.0,0.0,3.0,7.0,20000.0,200000.0,57.0,126.0,1
36.0,760.0,0.4375,5.0,13.98,2207.0,39800.0,8.0,9.0,0.0,7.0,35000.0,80000.0,8.0,303.0,1
36.0,690.0,0.2545454545454545,1.0,14.41,25549.0,17500.0,23.0,1.0,1.0,6.0,28000.0,110000.0,42.0,114.0,1
36.0,710.0,0.3220588235294118,2.0,23.15,2070.0,11000.0,12.0,,0.0,7.0,16425.0,51000.0,39.0,133.0,0
60.0,660.0,0.20722222222222222,11.0,9.12,692.0,10500.0,1.0,3.0,0.0,3.0,9325.0,45000.0,1.0,212.0,0
36.0,660.0,0.07397260273972603,6.0,4.76,9469.0,11700.0,4.0,8.0,1.0,5.0,16200.0,219000.0,4.0,124.0,1
36.0,755.0,0.234375,3.0,24.34,6440.0,37600.0,4.0,1.0,3.0,10.0,22500.0,96000.0,4.0,229.0,1
60.0,735.0,0.17777777777777778,5.0,9.88,,10500.0,,0.0,6.0,,24000.0,135000.0,5.0,,1
36.0,715.0,0.28717948717948716,5.0,22.12,11225.0,65700.0,10.0,3.0,3.0,7.0,22400.0,78000.0,10.0,250.0,1
36.0,725.0,0.3303600925008259,3.0,13.68,640.0,10200.0,0.0,0.0,0.0,4.0,4000.0,12108.0,3.0,197.0,0
36.0,670.0,0.06578947368421052,1.0,0.79,23354.0,300.0,2.0,2.0,3.0,2.0,5000.0,76000.0,25.0,183.0,0
36.0,665.0,0.244,4.0,14.59,682.0,2000.0,5.0,5.0,0.0,9.0,6100.0,25000.0,5.0,104.0,0
60.0,660.0,0.2742857142857143,13.0,25.05,14810.0,9700.0,1.0,0.0,1.0,8.0,19200.0,70000.0,1.0,45.0,0
36.0,660.0,0.1836734693877551,3.0,19.65,6824.0,13500.0,7.0,2.0,2.0,4.0,18000.0,98000.0,7.0,279.0,1
36.0,675.0,0.16071428571428573,6.0,27.93,3816.0,15800.0,12.0,5.0,0.0,16.0,9000.0,56000.0,13.0,108.0,0
36.0,670.0,0.2,0.0,10.44,3445.0,3000.0,27.0,,0.0,5.0,6000.0,30000.0,37.0,85.0,0
36.0,660.0,0.25,5.0,14.98,3909.0,5700.0,13.0,13.0,0.0,7.0,15000.0,60000.0,23.0,317.0,0
36.0,675.0,0.096,7.0,18.36,3069.0,1500.0,9.0,9.0,0.0,4.0,4800.0,50000.0,89.0,176.0,0
60.0,670.0,0.35294117647058826,6.0,30.67,17741.0,48600.0,9.0,2.0,3.0,6.0,24000.0,68000.0,11.0,187.0,1
60.0,660.0,0.24,8.0,17.21,22299.0,3500.0,4.0,1.0,2.0,5.0,24000.0,100000.0,66.0,132.0,1
60.0,720.0,0.2692307692307692,2.0,9.77,47576.0,37200.0,16.0,16.0,3.0,3.0,35000.0,130000.0,21.0,248.0,1
60.0,700.0,0.2953571428571429,3.0,15.91,41151.0,17700.0,1.0,1.0,1.0,2.0,20675.0,70000.0,29.0,125.0,1
60.0,715.0,0.3645833333333333,5.0,23.88,12801.0,85800.0,6.0,6.0,4.0,10.0,35000.0,96000.0,6.0,133.0,0
36.0,665.0,0.36231884057971014,0.0,48.43,1758.0,10900.0,29.0,,0.0,11.0,10000.0,27600.0,31.0,130.0,0
36.0,725.0,0.24444444444444444,7.0,17.6,3200.0,21400.0,6.0,17.0,0.0,4.0,11000.0,45000.0,6.0,152.0,0
36.0,680.0,0.27714285714285714,8.0,27.19,3377.0,13000.0,7.0,11.0,0.0,5.0,9700.0,35000.0,7.0,47.0,0
36.0,680.0,0.1461608820330268,4.0,12.06,8773.0,50000.0,0.0,3.0,1.0,13.0,11825.0,80904.0,0.0,207.0,0
60.0,690.0,0.2222222222222222,18.0,22.68,8629.0,85400.0,2.0,2.0,4.0,11.0,16000.0,72000.0,2.0,94.0,1
60.0,680.0,0.2,2.0,14.82,4760.0,43000.0,13.0,13.0,0.0,13.0,35000.0,175000.0,13.0,168.0,0
36.0,790.0,0.11875,5.0,29.91,2447.0,27100.0,13.0,5.0,1.0,5.0,5700.0,48000.0,15.0,160.0,1
36.0,715.0,0.12727272727272726,5.0,13.1,35611.0,33900.0,9.0,11.0,4.0,6.0,35000.0,275000.0,131.0,224.0,1
36.0,700.0,0.08823529411764706,3.0,21.09,74354.0,7500.0,8.0,0.0,2.0,2.0,7500.0,85000.0,26.0,223.0,0
36.0,665.0,0.1355421686746988,21.0,18.3,6558.0,9500.0,3.0,4.0,1.0,3.0,13500.0,99600.0,7.0,123.0,1
36.0,675.0,0.08138297872340426,5.0,9.99,67910.0,1800.0,4.0,2.0,2.0,2.0,7650.0,94000.0,4.0,151.0,1
36.0,710.0,0.21304347826086956,3.0,14.14,11418.0,9000.0,9.0,16.0,2.0,1.0,9800.0,46000.0,31.0,164.0,1
60.0,690.0,0.25,5.0,24.02,22909.0,12400.0,2.0,1.0,2.0,2.0,20000.0,80000.0,12.0,108.0,0
36.0,695.0,0.2631578947368421,2.0,1.58,6585.0,3400.0,3.0,1.0,0.0,1.0,5000.0,19000.0,20.0,112.0,0
60.0,725.0,0.225,6.0,21.19,27527.0,11900.0,1.0,3.0,6.0,6.0,18000.0,80000.0,1.0,308.0,1
36.0,675.0,0.32727272727272727,2.0,9.63,2143.0,17200.0,7.0,0.0,0.0,7.0,18000.0,55000.0,48.0,197.0,0
36.0,660.0,0.13473684210526315,3.0,21.24,14242.0,4000.0,1.0,17.0,1.0,8.0,6400.0,47500.0,48.0,197.0,1
60.0,680.0,0.24545454545454545,3.0,11.89,7620.0,44000.0,3.0,3.0,0.0,3.0,27000.0,110000.0,30.0,240.0,1
36.0,665.0,0.13333333333333333,5.0,15.11,1787.0,11800.0,5.0,0.0,3.0,12.0,12000.0,90000.0,17.0,125.0,0
36.0,725.0,0.27708333333333335,4.0,3.5,39478.0,31000.0,14.0,0.0,3.0,0.0,33250.0,120000.0,14.0,238.0,1
36.0,680.0,0.19083969465648856,4.0,17.0,4390.0,6200.0,4.0,10.0,0.0,8.0,12500.0,65500.0,4.0,112.0,0
36.0,675.0,0.4382621951219512,3.0,18.6,1012.0,12500.0,7.0,,0.0,6.0,8625.0,19680.0,7.0,118.0,0
36.0,680.0,0.17349397590361446,8.0,20.0,5782.0,7500.0,1.0,1.0,0.0,4.0,14400.0,83000.0,1.0,55.0,0
36.0,710.0,0.28688524590163933,10.0,20.34,8667.0,13000.0,2.0,7.0,1.0,6.0,35000.0,122000.0,9.0,289.0,1
36.0,660.0,0.375,3.0,23.73,2758.0,6000.0,7.0,7.0,0.0,6.0,15000.0,40000.0,22.0,132.0,0
36.0,675.0,0.16666666666666666,1.0,20.56,4766.0,5200.0,11.0,11.0,0.0,4.0,5000.0,30000.0,50.0,257.0,0
36.0,685.0,0.31496062992125984,5.0,13.48,1253.0,8300.0,2.0,16.0,1.0,8.0,20000.0,63500.0,5.0,72.0,1
36.0,725.0,0.2823529411764706,3.0,23.39,3144.0,61500.0,10.0,1.0,0.0,7.0,24000.0,85000.0,10.0,157.0,0
36.0,725.0,0.1276595744680851,5.0,17.85,53048.0,123900.0,2.0,5.0,2.0,7.0,30000.0,235000.0,5.0,300.0,1
36.0,680.0,0.112,1.0,17.55,3750.0,3500.0,22.0,14.0,0.0,4.0,5600.0,50000.0,40.0,121.0,0
36.0,670.0,0.1040625,4.0,7.84,3046.0,14800.0,4.0,11.0,4.0,5.0,16650.0,160000.0,4.0,266.0,0
60.0,660.0,0.342042755344418,6.0,29.94,9225.0,15700.0,8.0,8.0,1.0,10.0,18000.0,52625.0,8.0,125.0,1
60.0,695.0,0.2896551724137931,6.0,7.83,3458.0,14600.0,2.0,2.0,2.0,3.0,21000.0,72500.0,8.0,336.0,0
36.0,695.0,0.14222222222222222,2.0,13.23,17583.0,13700.0,13.0,10.0,2.0,2.0,6400.0,45000.0,19.0,83.0,1
60.0,700.0,0.17654476670870115,7.0,37.12,9092.0,22900.0,5.0,5.0,4.0,10.0,14000.0,79300.0,18.0,249.0,1
36.0,675.0,0.14,1.0,7.75,21901.0,2800.0,17.0,14.0,1.0,4.0,7000.0,50000.0,28.0,150.0,1
60.0,755.0,0.2838888888888889,6.0,31.55,10747.0,26900.0,2.0,3.0,1.0,6.0,12775.0,45000.0,12.0,148.0,1
36.0,675.0,0.23076923076923078,5.0,12.77,2489.0,19500.0,1.0,0.0,1.0,5.0,15000.0,65000.0,2.0,175.0,1
36.0,665.0,0.3,4.0,24.08,1391.0,12100.0,6.0,17.0,0.0,12.0,8925.0,29750.0,12.0,186.0,0
36.0,710.0,0.1875,8.0,26.85,7551.0,6700.0,5.0,5.0,2.0,3.0,15000.0,80000.0,11.0,400.0,0
36.0,660.0,0.15,4.0,22.9,7309.0,12500.0,11.0,11.0,1.0,5.0,7500.0,50000.0,14.0,151.0,0
36.0,730.0,0.19607843137254902,5.0,22.61,22766.0,30600.0,5.0,0.0,7.0,8.0,20000.0,102000.0,5.0,444.0,1
36.0,765.0,0.09523809523809523,6.0,17.24,27591.0,18200.0,11.0,3.0,4.0,5.0,4000.0,42000.0,12.0,176.0,1
60.0,705.0,0.3057324840764331,2.0,23.1,12344.0,20300.0,15.0,4.0,2.0,10.0,24000.0,78500.0,23.0,159.0,1
36.0,675.0,0.08333333333333333,4.0,20.56,2803.0,7300.0,13.0,7.0,0.0,8.0,5000.0,60000.0,13.0,168.0,1
36.0,660.0,0.14030317056236982,5.0,27.47,3004.0,3700.0,1.0,2.0,1.0,5.0,4850.0,34568.0,3.0,98.0,0
36.0,725.0,0.30844155844155846,1.0,22.81,18542.0,21100.0,11.0,,1.0,2.0,19000.0,61600.0,88.0,138.0,1
60.0,705.0,0.04,5.0,6.1,2801.0,18500.0,1.0,1.0,7.0,2.0,12000.0,300000.0,1.0,142.0,0
60.0,660.0,0.29307320412441706,7.0,28.86,18305.0,33100.0,0.0,0.0,5.0,7.0,20550.0,70119.0,10.0,146.0,1
60.0,695.0,0.3333333333333333,3.0,27.47,14621.0,12500.0,7.0,0.0,0.0,3.0,15000.0,45000.0,88.0,117.0,1
36.0,770.0,0.17071088891598585,5.0,7.2,289.0,51200.0,3.0,7.0,0.0,2.0,7000.0,41005.0,7.0,198.0,0
36.0,800.0,0.061892763223045016,5.0,15.78,46087.0,35500.0,3.0,12.0,1.0,6.0,9000.0,145412.8,12.0,250.0,1
60.0,660.0,0.23529411764705882,5.0,8.81,21622.0,9200.0,2.0,4.0,1.0,4.0,20000.0,85000.0,12.0,163.0,1
36.0,690.0,0.075,5.0,18.23,6277.0,41500.0,4.0,4.0,0.0,6.0,6000.0,80000.0,7.0,392.0,0
36.0,695.0,0.42996486572811476,0.0,27.29,20700.0,4000.0,27.0,8.0,1.0,5.0,35000.0,81402.0,27.0,169.0,1
60.0,705.0,0.26482758620689656,2.0,15.2,11238.0,13400.0,11.0,0.0,2.0,1.0,19200.0,72500.0,37.0,136.0,0
36.0,795.0,0.325,3.0,12.08,14377.0,51900.0,4.0,,6.0,1.0,26000.0,80000.0,24.0,218.0,1
60.0,660.0,0.44166666666666665,2.0,15.2,3905.0,28500.0,5.0,,0.0,6.0,26500.0,60000.0,7.0,133.0,0
60.0,750.0,0.2976190476190476,3.0,17.45,29383.0,28600.0,14.0,,3.0,7.0,25000.0,84000.0,14.0,237.0,1
60.0,685.0,0.41954545454545455,7.0,23.5,4331.0,26400.0,5.0,11.0,0.0,9.0,23075.0,55000.0,23.0,111.0,0
36.0,675.0,0.12023758947680617,6.0,7.43,4967.0,7000.0,2.0,1.0,0.0,6.0,6000.0,49901.2,2.0,110.0,0
60.0,745.0,0.30701754385964913,3.0,14.06,1388.0,19500.0,16.0,16.0,0.0,10.0,35000.0,114000.0,16.0,246.0,1
36.0,665.0,0.17543859649122806,2.0,10.53,850.0,6100.0,12.0,,0.0,4.0,5000.0,28500.0,12.0,99.0,0
36.0,685.0,0.084,4.0,33.61,2617.0,1800.0,1.0,0.0,0.0,4.0,4200.0,50000.0,50.0,110.0,0
36.0,725.0,0.08499519934522216,,12.73,,,,,,,5400.0,63533.0,,,0
36.0,725.0,0.09350649350649351,2.0,16.74,31774.0,5500.0,9.0,18.0,1.0,1.0,3600.0,38500.0,63.0,106.0,1
60.0,720.0,0.17857142857142858,3.0,8.44,5003.0,90000.0,8.0,3.0,0.0,6.0,35000.0,196000.0,8.0,173.0,0
60.0,675.0,0.28920454545454544,3.0,16.15,40079.0,39144.0,9.0,5.0,2.0,5.0,25450.0,88000.0,9.0,133.0,1
36.0,680.0,0.4028301886792453,5.0,27.77,9639.0,18500.0,6.0,,2.0,10.0,21350.0,53000.0,40.0,251.0,1
60.0,670.0,0.15114873035066506,1.0,17.66,5598.0,30600.0,10.0,10.0,7.0,5.0,12500.0,82700.0,45.0,216.0,0
36.0,665.0,0.46,3.0,19.68,3175.0,39900.0,8.0,8.0,0.0,11.0,27600.0,60000.0,8.0,183.0,0
36.0,735.0,0.17857142857142858,5.0,9.86,4310.0,47600.0,8.0,,2.0,5.0,25000.0,140000.0,8.0,137.0,0
36.0,685.0,0.14,2.0,21.77,4389.0,8400.0,1.0,1.0,0.0,5.0,7000.0,50000.0,4.0,141.0,0
36.0,670.0,0.3484017071683651,5.0,15.96,1932.0,17200.0,10.0,14.0,1.0,7.0,16000.0,45924.0,21.0,645.0,1
36.0,675.0,0.2222222222222222,4.0,18.31,2612.0,22400.0,8.0,0.0,0.0,9.0,12000.0,54000.0,8.0,82.0,1
36.0,700.0,0.16216216216216217,12.0,6.16,2167.0,13200.0,5.0,1.0,0.0,6.0,6000.0,37000.0,5.0,38.0,0
60.0,700.0,0.15555555555555556,,12.97,,,,,,,21000.0,135000.0,,,1
36.0,700.0,0.2222222222222222,7.0,25.55,4640.0,0.0,4.0,12.0,0.0,4.0,10000.0,45000.0,,185.0,1
36.0,710.0,0.175,8.0,23.69,57587.0,167600.0,5.0,3.0,6.0,7.0,28000.0,160000.0,14.0,291.0,1
36.0,710.0,0.2677165354330709,10.0,15.94,23368.0,12700.0,6.0,6.0,1.0,10.0,17000.0,63500.0,21.0,210.0,1
36.0,690.0,0.3333333333333333,2.0,20.06,10383.0,4100.0,17.0,17.0,0.0,2.0,20000.0,60000.0,20.0,59.0,0
60.0,675.0,0.19230769230769232,3.0,21.21,18954.0,17700.0,5.0,1.0,4.0,9.0,10000.0,52000.0,7.0,164.0,1
36.0,770.0,0.175,9.0,21.96,4081.0,34600.0,1.0,4.0,0.0,6.0,10500.0,60000.0,1.0,138.0,1
36.0,720.0,0.3645833333333333,7.0,21.34,22949.0,46600.0,6.0,11.0,4.0,7.0,35000.0,96000.0,6.0,241.0,1
36.0,675.0,0.15476190476190477,6.0,28.29,12741.0,0.0,5.0,5.0,1.0,5.0,3250.0,21000.0,,111.0,1
36.0,660.0,0.09615384615384616,15.0,18.28,1040.0,500.0,1.0,1.0,1.0,1.0,5000.0,52000.0,13.0,13.0,1
36.0,710.0,0.15714285714285714,2.0,3.7,20422.0,27800.0,2.0,,1.0,4.0,11000.0,70000.0,2.0,228.0,1
36.0,700.0,0.1111111111111111,5.0,14.24,58320.0,18900.0,1.0,6.0,1.0,7.0,10000.0,90000.0,13.0,97.0,1
36.0,670.0,0.05,4.0,16.23,3284.0,3000.0,6.0,1.0,0.0,3.0,2500.0,50000.0,24.0,57.0,0
36.0,665.0,0.12941176470588237,20.0,29.03,11143.0,72900.0,4.0,4.0,1.0,21.0,11000.0,85000.0,5.0,166.0,1
36.0,660.0,0.25,4.0,17.08,4741.0,5700.0,7.0,0.0,0.0,3.0,5500.0,22000.0,7.0,30.0,0
36.0,715.0,0.38461538461538464,,17.0,,,,,,,12000.0,31200.0,,,0
36.0,695.0,0.13376068376068376,3.0,26.93,4570.0,16400.0,2.0,2.0,0.0,3.0,7825.0,58500.0,14.0,75.0,0
36.0,675.0,0.1958041958041958,1.0,19.56,14001.0,40500.0,4.0,,0.0,3.0,28000.0,143000.0,41.0,267.0,0
36.0,675.0,0.2,5.0,19.1,7892.0,23500.0,2.0,5.0,0.0,5.0,16000.0,80000.0,7.0,93.0,0
36.0,685.0,0.21739130434782608,4.0,34.9,15838.0,5400.0,5.0,15.0,2.0,4.0,15000.0,69000.0,28.0,216.0,1
36.0,685.0,0.14634146341463414,5.0,18.88,12650.0,73600.0,10.0,0.0,2.0,14.0,18000.0,123000.0,17.0,128.0,1
60.0,680.0,0.2222222222222222,4.0,23.23,4000.0,4800.0,12.0,8.0,0.0,5.0,10000.0,45000.0,14.0,43.0,0
36.0,780.0,0.17152658662092624,6.0,10.54,1016.0,63500.0,8.0,9.0,0.0,6.0,10000.0,58300.0,10.0,209.0,0
60.0,675.0,0.28421052631578947,3.0,13.75,7060.0,3000.0,9.0,,0.0,3.0,21600.0,76000.0,33.0,121.0,0
36.0,660.0,0.21428571428571427,8.0,16.39,3430.0,8500.0,2.0,2.0,0.0,4.0,15000.0,70000.0,2.0,66.0,0
60.0,735.0,0.3743019269063197,1.0,22.39,13878.0,23700.0,20.0,21.0,2.0,4.0,25000.0,66791.0,46.0,166.0,1
36.0,695.0,0.5,0.0,10.07,1810.0,5000.0,41.0,,0.0,3.0,8700.0,17400.0,91.0,141.0,0
36.0,715.0,0.175,1.0,19.0,7855.0,11200.0,9.0,,3.0,5.0,10500.0,60000.0,33.0,185.0,1
60.0,680.0,0.44245187674806685,6.0,34.78,14754.0,13900.0,1.0,10.0,2.0,8.0,18825.0,42547.0,10.0,338.0,1
36.0,690.0,0.0423728813559322,1.0,15.48,15059.0,8500.0,6.0,1.0,4.0,5.0,5000.0,118000.0,42.0,193.0,1
36.0,725.0,0.35,2.0,25.24,3792.0,8700.0,6.0,1.0,0.0,7.0,10500.0,30000.0,60.0,207.0,0
36.0,740.0,0.11162790697674418,4.0,14.92,26002.0,35400.0,1.0,23.0,2.0,5.0,12000.0,107500.0,1.0,421.0,1
36.0,685.0,0.3,2.0,11.69,2531.0,9900.0,7.0,,0.0,3.0,21000.0,70000.0,40.0,164.0,0
36.0,795.0,0.14457831325301204,6.0,19.49,19154.0,44400.0,9.0,9.0,5.0,5.0,12000.0,83000.0,9.0,327.0,1
36.0,665.0,0.1641025641025641,3.0,28.74,990.0,8700.0,9.0,17.0,0.0,11.0,6400.0,39000.0,17.0,184.0,0
36.0,660.0,0.22285714285714286,4.0,34.43,5732.0,8200.0,2.0,2.0,0.0,5.0,7800.0,35000.0,2.0,58.0,0
36.0,685.0,0.30612244897959184,2.0,7.18,977.0,17800.0,2.0,17.0,0.0,8.0,30000.0,98000.0,2.0,86.0,0
36.0,780.0,0.4166666666666667,,0.0,,,,,,,5000.0,12000.0,,,0
36.0,675.0,0.36363636363636365,0.0,6.24,3258.0,1200.0,26.0,,0.0,6.0,10000.0,27500.0,106.0,115.0,0
60.0,670.0,0.42,11.0,21.47,1628.0,2600.0,1.0,7.0,0.0,4.0,16800.0,40000.0,15.0,184.0,0
36.0,745.0,0.15625,4.0,25.91,7931.0,71000.0,1.0,1.0,4.0,12.0,5000.0,32000.0,1.0,317.0,1
36.0,675.0,0.028169014084507043,3.0,17.8,3516.0,19200.0,4.0,11.0,0.0,9.0,2000.0,71000.0,11.0,187.0,0
60.0,690.0,0.3,5.0,15.11,13182.0,31200.0,0.0,0.0,3.0,8.0,24000.0,80000.0,0.0,225.0,1
36.0,690.0,0.1875,15.0,33.14,,15600.0,,16.0,0.0,,6000.0,32000.0,16.0,,0
36.0,700.0,0.11891891891891893,2.0,18.63,48261.0,48000.0,4.0,4.0,2.0,3.0,22000.0,185000.0,45.0,133.0,1
36.0,745.0,0.23101090371465532,,8.62,,,,,,,10000.0,43288.0,,,0
36.0,705.0,0.13777777777777778,2.0,15.95,5946.0,2500.0,2.0,2.0,0.0,3.0,6200.0,45000.0,40.0,99.0,0
36.0,670.0,0.08571428571428572,6.0,11.33,2089.0,5200.0,2.0,1.0,0.0,4.0,6000.0,70000.0,23.0,171.0,0
36.0,665.0,0.06944444444444445,6.0,3.22,1344.0,16500.0,6.0,14.0,1.0,5.0,5000.0,72000.0,14.0,266.0,0
36.0,745.0,0.4371704579281061,3.0,31.46,3558.0,65000.0,1.0,,0.0,9.0,22000.0,50323.62,12.0,368.0,0
36.0,675.0,0.050761421319796954,12.0,13.55,25607.0,8000.0,7.0,1.0,2.0,9.0,5000.0,98500.0,7.0,20.0,1
60.0,670.0,0.44436813186813184,8.0,24.08,6833.0,4400.0,5.0,14.0,0.0,5.0,32350.0,72800.0,5.0,25.0,1
36.0,700.0,0.20833333333333334,7.0,17.85,2871.0,67200.0,6.0,22.0,0.0,6.0,20000.0,96000.0,6.0,497.0,0
36.0,665.0,0.12,4.0,20.18,3500.0,1200.0,10.0,22.0,1.0,2.0,6600.0,55000.0,60.0,149.0,0
36.0,665.0,0.031166666666666665,4.0,15.72,12124.0,10600.0,6.0,0.0,0.0,4.0,4675.0,150000.0,9.0,169.0,0
36.0,685.0,0.06818181818181818,3.0,18.52,62899.0,31500.0,5.0,3.0,5.0,3.0,15000.0,220000.0,119.0,345.0,1
60.0,690.0,0.1,,2.06,,,,,,,7000.0,70000.0,,,0
36.0,685.0,0.17325,2.0,14.23,5444.0,9200.0,12.0,2.0,0.0,2.0,17325.0,100000.0,33.0,108.0,0
36.0,675.0,0.1304132267034554,5.0,22.07,1675.0,3100.0,9.0,0.0,0.0,7.0,6050.0,46391.0,23.0,89.0,0
60.0,690.0,0.42606382978723406,11.0,14.84,2826.0,31000.0,6.0,3.0,3.0,6.0,20025.0,47000.0,6.0,289.0,1
36.0,770.0,0.10666666666666667,15.0,33.37,7487.0,120500.0,1.0,1.0,3.0,7.0,9600.0,90000.0,1.0,314.0,1
36.0,775.0,0.2962962962962963,4.0,16.02,24185.0,20900.0,3.0,3.0,5.0,3.0,16000.0,54000.0,3.0,131.0,1
60.0,715.0,0.25,0.0,8.93,3015.0,40800.0,36.0,3.0,5.0,7.0,25000.0,100000.0,36.0,198.0,1
36.0,670.0,0.4486842105263158,2.0,11.08,13443.0,18500.0,1.0,1.0,4.0,5.0,17050.0,38000.0,1.0,322.0,1
60.0,660.0,0.18461538461538463,10.0,20.22,39439.0,60000.0,5.0,4.0,4.0,9.0,24000.0,130000.0,11.0,311.0,0
60.0,660.0,0.19801980198019803,0.0,8.12,36424.0,4400.0,25.0,8.0,6.0,2.0,20000.0,101000.0,99.0,237.0,1
36.0,665.0,0.1935483870967742,14.0,34.8,8387.0,16900.0,2.0,4.0,1.0,3.0,12000.0,62000.0,4.0,99.0,0
60.0,735.0,0.106,9.0,16.33,10266.0,53400.0,4.0,4.0,0.0,4.0,10600.0,100000.0,7.0,235.0,1
36.0,680.0,0.04861685060041811,3.0,6.58,2384.0,20400.0,8.0,8.0,0.0,5.0,5000.0,102845.0,13.0,268.0,0
60.0,685.0,0.375,5.0,21.38,7782.0,7500.0,4.0,2.0,0.0,6.0,24000.0,64000.0,23.0,62.0,0
36.0,705.0,0.23809523809523808,2.0,25.29,9136.0,18900.0,16.0,16.0,2.0,4.0,15000.0,63000.0,41.0,533.0,0
36.0,710.0,0.49986580783682233,2.0,36.45,12018.0,55300.0,12.0,22.0,0.0,3.0,22350.0,44712.0,239.0,251.0,0
60.0,700.0,0.4166666666666667,6.0,24.0,20357.0,28100.0,6.0,6.0,1.0,5.0,25000.0,60000.0,13.0,420.0,1
36.0,685.0,0.1,5.0,2.8,31595.0,85300.0,9.0,0.0,2.0,6.0,35000.0,350000.0,9.0,295.0,1
36.0,665.0,0.014285714285714285,5.0,21.64,14359.0,9700.0,12.0,,0.0,9.0,1000.0,70000.0,12.0,264.0,0
36.0,700.0,0.1523809523809524,3.0,19.86,4629.0,38000.0,19.0,22.0,1.0,4.0,19200.0,126000.0,22.0,163.0,0
36.0,665.0,0.2,2.0,5.88,6545.0,13300.0,11.0,6.0,1.0,3.0,12000.0,60000.0,31.0,185.0,0
36.0,680.0,0.13227513227513227,,19.9,,,,,,,2800.0,21168.0,,,0
36.0,745.0,0.2238345168261809,7.0,21.47,4295.0,5000.0,2.0,4.0,0.0,2.0,17400.0,77736.0,21.0,90.0,0
36.0,660.0,0.09432989690721649,4.0,2.28,730.0,4551.0,5.0,5.0,0.0,4.0,4575.0,48500.0,5.0,117.0,0
60.0,705.0,0.3194444444444444,6.0,28.67,16464.0,71700.0,4.0,4.0,3.0,7.0,17250.0,54000.0,10.0,232.0,1
36.0,715.0,0.2111111111111111,5.0,16.8,22653.0,44900.0,4.0,0.0,1.0,3.0,19000.0,90000.0,5.0,112.0,1
36.0,730.0,0.13333333333333333,0.0,8.7,44721.0,38000.0,48.0,,1.0,6.0,20000.0,150000.0,48.0,215.0,1
60.0,695.0,0.3333333333333333,6.0,27.7,3940.0,5300.0,3.0,5.0,3.0,3.0,12000.0,36000.0,9.0,187.0,0
36.0,685.0,0.07272727272727272,2.0,24.0,6260.0,31000.0,7.0,7.0,0.0,3.0,4000.0,55000.0,10.0,351.0,0
36.0,705.0,0.22058823529411764,4.0,11.54,,5000.0,,0.0,4.0,,15000.0,68000.0,2.0,,1
36.0,695.0,0.42857142857142855,7.0,23.26,4476.0,15500.0,2.0,11.0,0.0,4.0,30000.0,70000.0,20.0,244.0,0
36.0,690.0,0.05714285714285714,11.0,25.07,6927.0,25700.0,2.0,15.0,3.0,5.0,2000.0,35000.0,48.0,378.0,1
60.0,715.0,0.162,7.0,14.33,41902.0,11000.0,2.0,1.0,7.0,5.0,12150.0,75000.0,2.0,162.0,0
36.0,720.0,0.05,0.0,36.9,56696.0,14000.0,41.0,,0.0,1.0,6000.0,120000.0,191.0,191.0,0
60.0,695.0,0.35714285714285715,7.0,22.57,11604.0,21500.0,3.0,10.0,1.0,11.0,15000.0,42000.0,9.0,174.0,1
36.0,660.0,0.19736842105263158,4.0,11.32,22607.0,48400.0,3.0,2.0,4.0,5.0,30000.0,152000.0,7.0,221.0,1
60.0,710.0,0.23076923076923078,3.0,17.49,5027.0,35600.0,0.0,20.0,0.0,4.0,30000.0,130000.0,13.0,168.0,0
36.0,700.0,0.2222222222222222,15.0,2.96,23440.0,18500.0,1.0,0.0,3.0,2.0,20000.0,90000.0,1.0,122.0,1
36.0,690.0,0.07777777777777778,3.0,12.71,1570.0,2000.0,13.0,16.0,0.0,3.0,2100.0,27000.0,65.0,76.0,0
60.0,675.0,0.21333333333333335,6.0,22.7,,19500.0,,5.0,1.0,,16000.0,75000.0,5.0,,1
36.0,660.0,0.1095890410958904,1.0,13.89,5093.0,7500.0,12.0,7.0,4.0,2.0,8000.0,73000.0,35.0,171.0,0
36.0,670.0,0.26666666666666666,4.0,31.27,9150.0,10900.0,4.0,15.0,0.0,5.0,28000.0,105000.0,15.0,397.0,1
60.0,690.0,0.2,7.0,17.82,2753.0,15500.0,2.0,0.0,0.0,12.0,16000.0,80000.0,2.0,125.0,0
36.0,700.0,0.04,4.0,9.03,17657.0,22100.0,5.0,7.0,1.0,5.0,6400.0,160000.0,9.0,157.0,1
60.0,660.0,0.22857142857142856,5.0,23.95,4789.0,6300.0,2.0,10.0,0.0,3.0,16000.0,70000.0,58.0,115.0,0
60.0,790.0,0.3775674587192912,2.0,6.63,28820.0,23900.0,2.0,2.0,1.0,2.0,15000.0,39728.0,2.0,321.0,1
36.0,695.0,0.22207917605407146,8.0,6.42,1476.0,30078.0,0.0,0.0,0.0,8.0,13800.0,62140.0,0.0,144.0,1
36.0,705.0,0.1076923076923077,2.0,8.33,5424.0,17000.0,4.0,5.0,2.0,2.0,7000.0,65000.0,4.0,123.0,0
36.0,710.0,0.24444444444444444,6.0,21.05,33485.0,29200.0,7.0,8.0,2.0,4.0,15400.0,63000.0,22.0,101.0,1
36.0,705.0,0.18269230769230768,6.0,21.23,13840.0,9500.0,5.0,11.0,2.0,4.0,9500.0,52000.0,11.0,147.0,1
36.0,720.0,0.2857142857142857,2.0,24.97,3095.0,22000.0,13.0,13.0,0.0,6.0,10000.0,35000.0,40.0,158.0,1
36.0,710.0,0.14285714285714285,4.0,8.81,2532.0,63700.0,2.0,4.0,1.0,5.0,15000.0,105000.0,2.0,266.0,0
36.0,735.0,0.2633620689655172,6.0,27.06,3632.0,77200.0,6.0,6.0,0.0,8.0,15275.0,58000.0,6.0,358.0,0
36.0,670.0,0.046153846153846156,1.0,6.72,93095.0,5500.0,9.0,8.0,5.0,2.0,6000.0,130000.0,97.0,209.0,1
36.0,720.0,0.2390204260026907,4.0,12.36,9830.0,75100.0,4.0,4.0,3.0,7.0,35000.0,146431.0,26.0,266.0,1
36.0,690.0,0.28804347826086957,7.0,20.5,1552.0,13700.0,8.0,19.0,0.0,5.0,6625.0,23000.0,8.0,61.0,0
60.0,725.0,0.13513513513513514,3.0,33.41,7267.0,30800.0,3.0,1.0,1.0,5.0,10000.0,74000.0,37.0,316.0,0
36.0,670.0,0.14285714285714285,2.0,18.57,34141.0,28800.0,20.0,15.0,6.0,5.0,6000.0,42000.0,72.0,179.0,1
36.0,725.0,0.19090909090909092,4.0,23.98,3188.0,8400.0,5.0,24.0,0.0,4.0,8400.0,44000.0,5.0,76.0,0
36.0,685.0,0.08130081300813008,9.0,29.15,20036.0,16900.0,5.0,7.0,1.0,10.0,8000.0,98400.0,5.0,386.0,1
36.0,690.0,0.1,4.0,10.77,3374.0,5700.0,15.0,,0.0,4.0,3500.0,35000.0,24.0,64.0,0
36.0,745.0,0.36363636363636365,5.0,26.27,2465.0,28700.0,4.0,14.0,0.0,6.0,12000.0,33000.0,26.0,192.0,0
36.0,665.0,0.3977272727272727,3.0,21.49,2780.0,15300.0,5.0,9.0,0.0,4.0,8750.0,22000.0,14.0,58.0,0
36.0,670.0,0.28169014084507044,8.0,32.12,3425.0,17400.0,1.0,1.0,5.0,8.0,20000.0,71000.0,20.0,141.0,0
60.0,690.0,0.37820801440792434,7.0,10.92,14385.0,3300.0,9.0,8.0,2.0,6.0,16800.0,44420.0,32.0,315.0,1
60.0,685.0,0.48,2.0,4.16,2452.0,9000.0,16.0,16.0,0.0,3.0,32400.0,67500.0,26.0,108.0,0
36.0,680.0,0.2347417840375587,2.0,15.54,12843.0,20200.0,22.0,0.0,2.0,6.0,20000.0,85200.0,22.0,160.0,1
36.0,660.0,0.17391304347826086,8.0,19.18,17409.0,11300.0,5.0,12.0,2.0,1.0,12000.0,69000.0,84.0,84.0,1
36.0,690.0,0.10526315789473684,4.0,24.13,2396.0,16200.0,9.0,,1.0,5.0,3000.0,28500.0,9.0,184.0,0
36.0,675.0,0.06666666666666667,7.0,2.67,7989.0,7600.0,0.0,0.0,2.0,7.0,10000.0,150000.0,14.0,157.0,0
36.0,755.0,0.08571428571428572,3.0,24.11,14772.0,57700.0,10.0,,2.0,5.0,9000.0,105000.0,13.0,189.0,1
36.0,695.0,0.3984375,1.0,16.65,2861.0,9300.0,23.0,16.0,0.0,4.0,19125.0,48000.0,35.0,123.0,0
36.0,675.0,0.3320420586607637,5.0,22.87,15869.0,10600.0,10.0,6.0,4.0,9.0,15000.0,45175.0,20.0,111.0,1
36.0,670.0,0.176984126984127,9.0,12.27,10860.0,8650.0,1.0,2.0,4.0,11.0,5575.0,31500.0,10.0,228.0,0
36.0,680.0,0.18867924528301888,2.0,12.25,1349.0,16300.0,10.0,,1.0,3.0,10000.0,53000.0,36.0,270.0,1
36.0,675.0,0.42,4.0,26.37,1595.0,22100.0,0.0,14.0,0.0,12.0,16800.0,40000.0,6.0,176.0,0
36.0,735.0,0.2625,1.0,17.11,7168.0,63383.0,23.0,16.0,2.0,8.0,21000.0,80000.0,40.0,218.0,1
36.0,660.0,0.2475,4.0,18.98,18639.0,6500.0,9.0,0.0,1.0,9.0,12375.0,50000.0,18.0,101.0,1
36.0,665.0,0.36,6.0,13.76,539.0,3200.0,2.0,2.0,0.0,7.0,10800.0,30000.0,5.0,265.0,0
36.0,700.0,0.36486486486486486,2.0,20.87,26453.0,21000.0,8.0,,1.0,6.0,27000.0,74000.0,8.0,154.0,1
36.0,725.0,0.3576846283336678,3.0,17.62,2458.0,8800.0,18.0,6.0,0.0,2.0,9500.0,26559.71,32.0,99.0,0
36.0,670.0,0.10263157894736842,4.0,23.2,10884.0,100000.0,4.0,4.0,0.0,8.0,19500.0,190000.0,46.0,173.0,0
60.0,780.0,0.3034013605442177,3.0,24.37,,28900.0,,3.0,3.0,,22300.0,73500.0,30.0,,1
36.0,745.0,0.075,4.0,0.95,176.0,51900.0,14.0,3.0,0.0,4.0,9000.0,120000.0,14.0,58.0,1
36.0,690.0,0.2736842105263158,,7.07,,,,,,,10400.0,38000.0,,,0
36.0,680.0,0.12142857142857143,2.0,10.13,4136.0,15800.0,5.0,1.0,0.0,2.0,17000.0,140000.0,17.0,239.0,1
36.0,710.0,0.13333333333333333,3.0,16.31,61652.0,7000.0,2.0,14.0,4.0,3.0,12000.0,90000.0,100.0,233.0,1
60.0,670.0,0.13333333333333333,4.0,1.44,632.0,14500.0,3.0,3.0,0.0,3.0,10000.0,75000.0,3.0,217.0,0
60.0,680.0,0.3,1.0,23.3,3392.0,10300.0,15.0,,0.0,7.0,18000.0,60000.0,29.0,162.0,0
36.0,660.0,0.27906976744186046,9.0,21.07,4516.0,54700.0,5.0,3.0,1.0,19.0,24000.0,86000.0,12.0,241.0,0
36.0,695.0,0.012,7.0,1.58,14788.0,20000.0,12.0,3.0,2.0,2.0,15000.0,1250000.0,14.0,193.0,0
36.0,675.0,0.08421052631578947,,20.21,,,,,,,8000.0,95000.0,,,1
36.0,660.0,0.29290218132242674,12.0,25.15,3361.0,10200.0,3.0,3.0,4.0,12.0,13750.0,46944.0,34.0,163.0,0
60.0,700.0,0.18461538461538463,2.0,5.6,20298.0,25100.0,20.0,2.0,7.0,5.0,24000.0,130000.0,20.0,153.0,1
36.0,705.0,0.24,3.0,37.33,9083.0,22900.0,4.0,15.0,3.0,6.0,12000.0,50000.0,6.0,209.0,1
60.0,685.0,0.3838815789473684,5.0,22.78,15925.0,24800.0,2.0,3.0,2.0,8.0,29175.0,76000.0,2.0,118.0,0
36.0,720.0,0.1693121693121693,10.0,9.57,1787.0,25900.0,2.0,2.0,0.0,3.0,16000.0,94500.0,2.0,43.0,0
36.0,675.0,0.22058823529411764,7.0,12.51,20511.0,20000.0,1.0,1.0,3.0,7.0,15000.0,68000.0,4.0,173.0,1
36.0,680.0,0.24761904761904763,6.0,15.79,41047.0,39000.0,1.0,10.0,4.0,11.0,26000.0,105000.0,1.0,200.0,1
36.0,685.0,0.19444444444444445,2.0,9.81,1475.0,10600.0,8.0,8.0,0.0,7.0,8400.0,43200.0,8.0,270.0,0
36.0,700.0,0.23255813953488372,5.0,15.09,3411.0,32500.0,7.0,19.0,2.0,5.0,20000.0,86000.0,12.0,149.0,1
36.0,705.0,0.3482587064676617,5.0,15.36,17048.0,29700.0,6.0,8.0,6.0,5.0,35000.0,100500.0,9.0,159.0,1
36.0,670.0,0.1,7.0,12.55,4623.0,13800.0,7.0,4.0,0.0,8.0,11000.0,110000.0,7.0,127.0,0
36.0,665.0,0.33611111111111114,6.0,13.47,1622.0,14200.0,6.0,6.0,0.0,9.0,15125.0,45000.0,16.0,65.0,0
36.0,665.0,0.4,6.0,34.98,5103.0,14600.0,2.0,2.0,0.0,7.0,16000.0,40000.0,19.0,105.0,0
36.0,665.0,0.31645569620253167,8.0,28.79,10710.0,17600.0,10.0,1.0,1.0,8.0,25000.0,79000.0,15.0,114.0,1
36.0,730.0,0.025,7.0,38.79,12976.0,15400.0,8.0,0.0,3.0,1.0,1000.0,40000.0,16.0,170.0,0
36.0,685.0,0.07051282051282051,3.0,7.05,1704.0,23300.0,17.0,17.0,0.0,8.0,5500.0,78000.0,18.0,344.0,0
36.0,725.0,0.1625,5.0,24.0,34904.0,1800.0,1.0,9.0,1.0,3.0,10400.0,64000.0,1.0,39.0,1
36.0,710.0,0.23333333333333334,4.0,16.24,3446.0,120450.0,0.0,3.0,2.0,25.0,35000.0,150000.0,3.0,343.0,0
36.0,685.0,0.3004807692307692,5.0,11.86,5633.0,4300.0,5.0,1.0,2.0,3.0,10000.0,33280.0,5.0,41.0,0
36.0,760.0,0.3993055555555556,6.0,18.33,9978.0,116400.0,13.0,13.0,1.0,5.0,14375.0,36000.0,13.0,115.0,1
36.0,720.0,0.196276357110812,2.0,27.73,3305.0,14500.0,8.0,8.0,0.0,3.0,7000.0,35664.0,25.0,260.0,0
36.0,680.0,0.23809523809523808,4.0,12.88,10276.0,5000.0,10.0,2.0,3.0,5.0,10000.0,42000.0,10.0,196.0,0
36.0,685.0,0.18333333333333332,1.0,19.08,2614.0,2500.0,6.0,3.0,2.0,4.0,5500.0,30000.0,32.0,114.0,1
36.0,700.0,0.39945652173913043,4.0,10.57,14225.0,3000.0,4.0,4.0,5.0,3.0,18375.0,46000.0,8.0,139.0,1
36.0,710.0,0.2036144578313253,4.0,8.23,24900.0,7900.0,16.0,18.0,1.0,5.0,16900.0,83000.0,47.0,99.0,1
36.0,695.0,0.2777777777777778,2.0,20.23,6121.0,45400.0,8.0,7.0,2.0,6.0,25000.0,90000.0,36.0,168.0,0
60.0,720.0,0.3975,5.0,16.06,5755.0,12700.0,7.0,7.0,1.0,4.0,23850.0,60000.0,10.0,317.0,1
36.0,695.0,0.13,3.0,12.58,33359.0,10900.0,2.0,2.0,4.0,3.0,13000.0,100000.0,32.0,207.0,1
36.0,695.0,0.10285714285714286,6.0,24.65,12994.0,9500.0,6.0,5.0,2.0,16.0,7200.0,70000.0,12.0,222.0,1
36.0,685.0,0.089,4.0,13.63,4778.0,3800.0,13.0,1.0,0.0,2.0,4450.0,50000.0,13.0,64.0,0
60.0,705.0,0.3506857855361596,6.0,25.5,1166.0,35300.0,2.0,1.0,0.0,5.0,18000.0,51328.0,2.0,113.0,0
36.0,690.0,0.21621621621621623,3.0,19.66,5614.0,5700.0,16.0,13.0,0.0,3.0,8000.0,37000.0,16.0,48.0,0
60.0,720.0,0.47773743550544623,3.0,28.77,8887.0,18600.0,3.0,7.0,3.0,3.0,35000.0,73262.0,25.0,365.0,1
36.0,670.0,0.17971698113207546,3.0,11.41,3019.0,3700.0,10.0,10.0,0.0,5.0,9525.0,53000.0,21.0,98.0,0
36.0,680.0,0.3,6.0,19.7,4518.0,17500.0,6.0,17.0,0.0,4.0,24000.0,80000.0,6.0,107.0,0
36.0,675.0,0.43859649122807015,2.0,25.6,6403.0,8300.0,6.0,5.0,2.0,8.0,25000.0,57000.0,6.0,173.0,1
36.0,680.0,0.3,3.0,19.2,9142.0,4100.0,2.0,4.0,1.0,3.0,18000.0,60000.0,7.0,125.0,1
36.0,690.0,0.26515151515151514,1.0,7.34,2405.0,46100.0,12.0,3.0,0.0,6.0,35000.0,132000.0,25.0,165.0,0
36.0,690.0,0.11764705882352941,5.0,9.99,8572.0,26100.0,7.0,12.0,3.0,7.0,10000.0,85000.0,12.0,158.0,1
36.0,690.0,0.16666666666666666,5.0,21.93,11757.0,10400.0,3.0,0.0,0.0,4.0,6000.0,36000.0,5.0,176.0,0
36.0,660.0,0.1565217391304348,2.0,6.53,1764.0,9450.0,14.0,11.0,0.0,5.0,9000.0,57500.0,14.0,177.0,0
36.0,705.0,0.1267605633802817,0.0,15.82,25627.0,28000.0,56.0,21.0,4.0,2.0,18000.0,142000.0,143.0,342.0,1
36.0,660.0,0.1893939393939394,3.0,19.45,1337.0,5400.0,1.0,1.0,0.0,3.0,5000.0,26400.0,42.0,196.0,0
36.0,700.0,0.18181818181818182,2.0,15.67,2858.0,14800.0,3.0,1.0,0.0,4.0,10000.0,55000.0,3.0,139.0,0
36.0,665.0,0.358974358974359,4.0,21.78,2398.0,26000.0,2.0,,2.0,6.0,7000.0,19500.0,5.0,367.0,0
60.0,695.0,0.2647058823529412,3.0,3.69,1327.0,3000.0,2.0,11.0,0.0,4.0,18000.0,68000.0,2.0,42.0,1
60.0,730.0,0.36,3.0,11.54,56493.0,5000.0,15.0,1.0,2.0,1.0,21600.0,60000.0,143.0,159.0,0
36.0,660.0,0.05517241379310345,2.0,4.95,862.0,1600.0,2.0,4.0,0.0,2.0,4000.0,72500.0,2.0,158.0,1
36.0,690.0,0.1,7.0,15.21,3038.0,20300.0,10.0,15.0,1.0,8.0,8000.0,80000.0,11.0,147.0,0
36.0,730.0,0.17142857142857143,3.0,15.36,17153.0,15500.0,4.0,13.0,2.0,6.0,12000.0,70000.0,4.0,284.0,1
36.0,670.0,0.11666666666666667,2.0,12.13,3746.0,0.0,7.0,7.0,0.0,3.0,5250.0,45000.0,,60.0,0
36.0,720.0,0.2222222222222222,1.0,13.95,3336.0,6200.0,17.0,2.0,0.0,1.0,10000.0,45000.0,17.0,103.0,1
60.0,685.0,0.18627450980392157,7.0,16.81,5149.0,27100.0,8.0,8.0,6.0,9.0,23750.0,127500.0,12.0,221.0,0
60.0,680.0,0.2857142857142857,6.0,17.13,4145.0,8500.0,4.0,4.0,3.0,4.0,30000.0,105000.0,8.0,163.0,1
36.0,685.0,0.033359497645211934,10.0,23.08,4856.0,13500.0,1.0,4.0,0.0,4.0,1700.0,50960.0,1.0,64.0,0
60.0,730.0,0.3333333333333333,4.0,21.2,6025.0,12000.0,1.0,22.0,0.0,2.0,20000.0,60000.0,11.0,119.0,0
36.0,720.0,0.459375,2.0,18.68,1032.0,23200.0,17.0,17.0,0.0,6.0,7350.0,16000.0,17.0,87.0,0
36.0,700.0,0.34,2.0,29.2,2447.0,31500.0,4.0,19.0,0.0,6.0,10200.0,30000.0,4.0,55.0,0
36.0,780.0,0.2777777777777778,3.0,13.87,31321.0,16300.0,8.0,19.0,1.0,2.0,15000.0,54000.0,16.0,104.0,1
36.0,740.0,0.05333333333333334,5.0,3.76,9610.0,13700.0,2.0,3.0,3.0,3.0,1600.0,30000.0,21.0,78.0,1
36.0,710.0,0.1111111111111111,7.0,5.76,2203.0,25500.0,2.0,4.0,1.0,7.0,5000.0,45000.0,2.0,36.0,1
36.0,705.0,0.2,1.0,9.95,37455.0,67600.0,4.0,,4.0,7.0,15000.0,75000.0,4.0,148.0,1
36.0,665.0,0.23076923076923078,0.0,10.82,1796.0,15400.0,27.0,13.0,0.0,10.0,15000.0,65000.0,27.0,93.0,0
36.0,670.0,0.21333333333333335,7.0,21.52,3634.0,6500.0,0.0,0.0,0.0,9.0,12800.0,60000.0,14.0,281.0,0
60.0,685.0,0.17777777777777778,8.0,15.65,12405.0,30800.0,4.0,4.0,1.0,9.0,16000.0,90000.0,7.0,314.0,1
36.0,735.0,0.15625,5.0,18.47,1289.0,54800.0,6.0,4.0,0.0,10.0,10000.0,64000.0,6.0,237.0,0
60.0,670.0,0.2727272727272727,2.0,8.25,1884.0,10900.0,3.0,3.0,0.0,5.0,15000.0,55000.0,95.0,142.0,0
36.0,680.0,0.35291666666666666,6.0,23.52,12605.0,12750.0,1.0,4.0,1.0,7.0,21175.0,60000.0,4.0,187.0,1
36.0,680.0,0.2125,10.0,35.07,2434.0,11100.0,7.0,1.0,3.0,8.0,8500.0,40000.0,13.0,151.0,0
36.0,660.0,0.13793103448275862,3.0,23.0,19182.0,3000.0,17.0,18.0,1.0,2.0,8000.0,58000.0,148.0,158.0,1
36.0,680.0,0.16666666666666666,6.0,11.59,60606.0,41800.0,13.0,7.0,5.0,10.0,40000.0,240000.0,13.0,210.0,0
60.0,685.0,0.3888888888888889,7.0,35.34,19428.0,9500.0,6.0,2.0,5.0,10.0,35000.0,90000.0,46.0,163.0,1
60.0,720.0,0.1371559633027523,4.0,26.19,19433.0,118300.0,3.0,3.0,3.0,19.0,14950.0,109000.0,11.0,328.0,1
36.0,730.0,0.13076923076923078,9.0,13.52,13882.0,37500.0,3.0,0.0,2.0,8.0,8500.0,65000.0,3.0,99.0,0
60.0,730.0,0.18666666666666668,6.0,18.23,2672.0,90300.0,1.0,15.0,0.0,12.0,14000.0,75000.0,1.0,175.0,0
36.0,675.0,0.10909090909090909,3.0,11.33,22449.0,3000.0,5.0,5.0,5.0,4.0,12000.0,110000.0,31.0,201.0,1
36.0,670.0,0.18674833793979234,4.0,16.91,3115.0,14450.0,7.0,0.0,0.0,8.0,15000.0,80322.0,36.0,53.0,0
60.0,660.0,0.4387931034482759,3.0,17.5,1104.0,5400.0,2.0,1.0,4.0,5.0,25450.0,58000.0,2.0,191.0,1
60.0,715.0,0.3446666666666667,7.0,41.62,30389.0,29200.0,7.0,7.0,7.0,9.0,25850.0,75000.0,18.0,374.0,1
36.0,680.0,0.13333333333333333,9.0,13.04,4213.0,33100.0,11.0,2.0,0.0,9.0,20000.0,150000.0,15.0,106.0,1
36.0,715.0,0.29736842105263156,1.0,11.31,,13700.0,,,0.0,,11300.0,38000.0,9.0,,0
36.0,715.0,0.15,5.0,26.24,7521.0,20500.0,2.0,10.0,0.0,5.0,7500.0,50000.0,2.0,180.0,0
36.0,700.0,0.33071428571428574,9.0,16.17,12783.0,18300.0,8.0,19.0,1.0,7.0,23150.0,70000.0,21.0,135.0,1
36.0,675.0,0.24833333333333332,5.0,29.2,18502.0,8800.0,7.0,14.0,4.0,3.0,11175.0,45000.0,18.0,146.0,0
36.0,770.0,0.15217391304347827,,11.19,,,,,,,14000.0,92000.0,,,1
60.0,670.0,0.3,8.0,31.94,3673.0,7000.0,1.0,2.0,2.0,8.0,18000.0,60000.0,2.0,265.0,1
36.0,685.0,0.09166666666666666,3.0,27.89,3356.0,3600.0,4.0,4.0,0.0,2.0,1925.0,21000.0,43.0,43.0,0
36.0,755.0,0.47366426676771506,,4.75,,,,,,,20000.0,42224.0,,,0
36.0,675.0,0.21015625,2.0,29.92,1761.0,12700.0,8.0,11.0,0.0,3.0,6725.0,32000.0,11.0,167.0,0
60.0,695.0,0.21052631578947367,5.0,15.43,3118.0,10100.0,3.0,10.0,0.0,7.0,16000.0,76000.0,4.0,45.0,0
36.0,665.0,0.2857142857142857,6.0,20.7,24755.0,4900.0,3.0,6.0,9.0,6.0,16000.0,56000.0,77.0,151.0,1
36.0,675.0,0.27419354838709675,5.0,25.86,10867.0,8200.0,3.0,11.0,1.0,3.0,8500.0,31000.0,6.0,193.0,1
36.0,720.0,0.12,13.0,11.16,4910.0,118400.0,1.0,2.0,0.0,6.0,24000.0,200000.0,1.0,136.0,0
36.0,670.0,0.175,7.0,12.69,2382.0,23900.0,9.0,17.0,3.0,10.0,28000.0,160000.0,9.0,243.0,0
36.0,675.0,0.10909090909090909,2.0,26.53,29058.0,39000.0,9.0,21.0,3.0,6.0,18000.0,165000.0,48.0,164.0,1
36.0,675.0,0.2594594594594595,6.0,21.34,10498.0,11500.0,2.0,0.0,1.0,7.0,9600.0,37000.0,28.0,221.0,1
36.0,710.0,0.2,2.0,9.0,3233.0,23400.0,3.0,21.0,0.0,3.0,4000.0,20000.0,3.0,121.0,0
36.0,660.0,0.216,1.0,22.57,2051.0,6600.0,3.0,3.0,0.0,3.0,2700.0,12500.0,3.0,103.0,0
36.0,670.0,0.23333333333333334,9.0,11.77,3516.0,17200.0,1.0,11.0,0.0,12.0,35000.0,150000.0,3.0,92.0,0
60.0,695.0,0.3333333333333333,6.0,31.26,20632.0,38300.0,7.0,7.0,6.0,8.0,25000.0,75000.0,20.0,183.0,1
36.0,710.0,0.2642857142857143,3.0,20.43,10917.0,1800.0,4.0,4.0,3.0,5.0,9250.0,35000.0,8.0,68.0,1
60.0,660.0,0.20588235294117646,12.0,10.46,4722.0,25900.0,5.0,5.0,6.0,11.0,35000.0,170000.0,15.0,211.0,0
36.0,675.0,0.125,6.0,19.89,4154.0,4800.0,2.0,2.0,0.0,4.0,5000.0,40000.0,10.0,75.0,0
36.0,675.0,0.05952380952380952,3.0,31.93,3817.0,11500.0,13.0,0.0,2.0,1.0,1000.0,16800.0,125.0,304.0,0
60.0,660.0,0.14432989690721648,6.0,2.85,33344.0,4800.0,3.0,3.0,4.0,2.0,14000.0,97000.0,3.0,311.0,1
36.0,680.0,0.09070294784580499,6.0,15.3,13342.0,37000.0,6.0,1.0,0.0,5.0,6000.0,66150.0,6.0,115.0,0
36.0,765.0,0.08333333333333333,2.0,5.33,49081.0,42600.0,9.0,12.0,1.0,4.0,10000.0,120000.0,25.0,217.0,1
36.0,670.0,0.05063291139240506,,14.04,,,,,,,2000.0,39500.0,,,0
36.0,695.0,0.12149532710280374,3.0,7.69,3581.0,16800.0,1.0,2.0,0.0,5.0,13000.0,107000.0,7.0,142.0,0
36.0,670.0,0.2811224489795918,13.0,22.65,3780.0,9200.0,3.0,0.0,0.0,12.0,13775.0,49000.0,11.0,92.0,0
36.0,755.0,0.3711111111111111,1.0,10.85,1566.0,25000.0,19.0,21.0,0.0,5.0,16700.0,45000.0,31.0,90.0,0
36.0,700.0,0.21333333333333335,4.0,18.34,5237.0,23600.0,6.0,2.0,0.0,7.0,16000.0,75000.0,11.0,235.0,1
36.0,665.0,0.2,4.0,11.69,33117.0,7800.0,9.0,20.0,3.0,3.0,7000.0,35000.0,14.0,83.0,1
36.0,705.0,0.13777777777777778,3.0,11.6,2094.0,1800.0,9.0,,0.0,2.0,6200.0,45000.0,28.0,69.0,0
36.0,715.0,0.18181818181818182,6.0,36.72,14255.0,47800.0,3.0,12.0,4.0,9.0,10000.0,55000.0,17.0,151.0,1
60.0,700.0,0.1457142857142857,9.0,18.43,19544.0,20800.0,1.0,3.0,2.0,8.0,10200.0,70000.0,11.0,68.0,1
60.0,730.0,0.25,4.0,16.75,10209.0,34000.0,9.0,,5.0,3.0,30000.0,120000.0,9.0,239.0,1
36.0,665.0,0.19444444444444445,4.0,4.93,697.0,3900.0,15.0,13.0,0.0,5.0,7000.0,36000.0,15.0,45.0,0
60.0,680.0,0.2692307692307692,,13.14,,,,,,,21000.0,78000.0,,,1
36.0,695.0,0.18947368421052632,2.0,16.83,12691.0,0.0,23.0,8.0,0.0,1.0,9000.0,47500.0,,68.0,0
36.0,690.0,0.11818181818181818,3.0,12.46,979.0,2000.0,8.0,8.0,0.0,8.0,6500.0,55000.0,41.0,87.0,0
36.0,660.0,0.117,10.0,11.26,4024.0,3900.0,6.0,6.0,0.0,1.0,5850.0,50000.0,6.0,124.0,0
60.0,675.0,0.43760296540362437,2.0,27.41,6642.0,18300.0,5.0,,0.0,5.0,25500.0,58272.0,73.0,146.0,0
60.0,700.0,0.26444628748815363,3.0,19.04,3884.0,16300.0,12.0,19.0,0.0,6.0,16000.0,60503.78,12.0,171.0,0
36.0,695.0,0.18255229586357974,6.0,18.95,2647.0,3600.0,1.0,20.0,0.0,6.0,8500.0,46562.0,1.0,77.0,0
36.0,705.0,0.3333333333333333,6.0,16.56,2789.0,32700.0,3.0,11.0,0.0,5.0,15000.0,45000.0,12.0,165.0,0
36.0,660.0,0.029585798816568046,15.0,17.37,4546.0,9000.0,2.0,3.0,3.0,13.0,5000.0,169000.0,17.0,122.0,0
36.0,665.0,0.26666666666666666,9.0,21.34,12218.0,30900.0,1.0,1.0,3.0,11.0,20000.0,75000.0,7.0,285.0,1
36.0,715.0,0.07625,,15.14,,,,,,,9150.0,120000.0,,,0
60.0,735.0,0.20833333333333334,4.0,19.57,47798.0,27100.0,14.0,14.0,5.0,4.0,25000.0,120000.0,75.0,210.0,1
36.0,710.0,0.07307692307692308,6.0,35.24,4419.0,22200.0,3.0,3.0,0.0,10.0,2375.0,32500.0,3.0,167.0,0
60.0,680.0,0.2564102564102564,6.0,23.45,3569.0,14000.0,1.0,1.0,2.0,6.0,20000.0,78000.0,1.0,157.0,0
36.0,740.0,0.24347826086956523,0.0,5.22,6730.0,35000.0,42.0,,0.0,1.0,14000.0,57500.0,42.0,142.0,0
36.0,745.0,0.39,7.0,5.64,736.0,11000.0,4.0,4.0,0.0,3.0,7800.0,20000.0,4.0,314.0,0
36.0,695.0,0.2702702702702703,2.0,21.91,14162.0,24300.0,2.0,21.0,1.0,7.0,20000.0,74000.0,2.0,537.0,1
36.0,760.0,0.15609756097560976,2.0,19.12,3832.0,13000.0,14.0,14.0,0.0,2.0,6400.0,41000.0,90.0,166.0,0
36.0,705.0,0.2601930632529337,6.0,30.86,4577.0,18000.0,3.0,6.0,0.0,4.0,10000.0,38433.0,17.0,108.0,0
60.0,690.0,0.28,7.0,30.19,7845.0,29000.0,7.0,15.0,3.0,5.0,29400.0,105000.0,11.0,176.0,0
60.0,660.0,0.2857142857142857,8.0,14.72,1979.0,14700.0,2.0,3.0,2.0,8.0,20000.0,70000.0,2.0,167.0,0
60.0,730.0,0.1705263157894737,6.0,13.71,22102.0,86600.0,2.0,10.0,1.0,6.0,16200.0,95000.0,5.0,219.0,1
60.0,685.0,0.08888888888888889,,18.28,,,,,,,8000.0,90000.0,,,0
36.0,765.0,0.125,8.0,25.04,1633.0,47100.0,4.0,1.0,0.0,8.0,5000.0,40000.0,9.0,505.0,0
36.0,675.0,0.0875,4.0,13.28,27162.0,0.0,6.0,0.0,4.0,2.0,7000.0,80000.0,,143.0,1
36.0,680.0,0.1724137931034483,7.0,29.57,3716.0,3200.0,2.0,2.0,0.0,13.0,10000.0,58000.0,29.0,324.0,0
36.0,685.0,0.18604651162790697,2.0,22.08,3563.0,2500.0,20.0,0.0,0.0,3.0,8000.0,43000.0,20.0,113.0,0
36.0,665.0,0.12,3.0,4.33,1330.0,10300.0,5.0,5.0,0.0,5.0,7200.0,60000.0,5.0,96.0,0
36.0,715.0,0.05783132530120482,2.0,10.34,26967.0,5000.0,8.0,8.0,3.0,1.0,4800.0,83000.0,147.0,147.0,0
36.0,685.0,0.1346875,3.0,10.41,2914.0,9400.0,2.0,12.0,0.0,8.0,10775.0,80000.0,2.0,76.0,1
36.0,680.0,0.21875,7.0,20.85,1360.0,5000.0,1.0,1.0,0.0,6.0,7000.0,32000.0,6.0,182.0,1
36.0,675.0,0.37058823529411766,8.0,23.18,12559.0,31000.0,5.0,14.0,1.0,12.0,25200.0,68000.0,5.0,117.0,1
36.0,680.0,0.030384615384615385,7.0,24.05,5757.0,4200.0,12.0,1.0,0.0,6.0,1975.0,65000.0,25.0,142.0,0
60.0,775.0,0.35575679172056923,6.0,20.88,14276.0,20700.0,6.0,10.0,1.0,4.0,16500.0,46380.0,10.0,126.0,1
60.0,735.0,0.3333333333333333,5.0,31.81,4089.0,35600.0,8.0,8.0,0.0,4.0,20000.0,60000.0,8.0,79.0,0
36.0,675.0,0.3574074074074074,3.0,19.16,20216.0,17300.0,5.0,8.0,2.0,4.0,9650.0,27000.0,7.0,114.0,1
36.0,770.0,0.08108108108108109,3.0,16.86,5657.0,7200.0,11.0,23.0,0.0,2.0,6000.0,74000.0,26.0,108.0,0
36.0,670.0,0.2833333333333333,3.0,18.82,5129.0,8000.0,3.0,15.0,0.0,3.0,17000.0,60000.0,21.0,87.0,0
60.0,705.0,0.2575,4.0,30.15,5836.0,17600.0,6.0,,1.0,4.0,12875.0,50000.0,13.0,167.0,0
60.0,680.0,0.3695652173913043,2.0,19.7,30497.0,26400.0,5.0,5.0,4.0,6.0,34000.0,92000.0,20.0,133.0,1
36.0,730.0,0.36968576709796674,1.0,32.59,10609.0,79500.0,20.0,,0.0,4.0,20000.0,54100.0,71.0,372.0,0
36.0,700.0,0.20689655172413793,4.0,4.31,687.0,5300.0,5.0,5.0,0.0,4.0,6000.0,29000.0,9.0,42.0,0
36.0,785.0,0.09230769230769231,4.0,14.09,6444.0,59100.0,1.0,22.0,1.0,3.0,6000.0,65000.0,1.0,170.0,0
60.0,665.0,0.35909090909090907,4.0,23.5,13034.0,4800.0,11.0,10.0,1.0,4.0,19750.0,55000.0,25.0,58.0,1
60.0,670.0,0.4,4.0,16.23,13826.0,21000.0,3.0,,1.0,5.0,22000.0,55000.0,3.0,160.0,1
36.0,670.0,0.2702702702702703,7.0,39.47,1044.0,18800.0,3.0,6.0,0.0,20.0,10000.0,37000.0,6.0,199.0,1
36.0,680.0,0.3595238095238095,2.0,18.14,6001.0,6600.0,11.0,0.0,0.0,2.0,15100.0,42000.0,49.0,53.0,0
36.0,690.0,0.24271844660194175,0.0,13.21,3258.0,26600.0,29.0,15.0,0.0,5.0,25000.0,103000.0,59.0,216.0,0
60.0,670.0,0.3333333333333333,7.0,16.84,1144.0,5400.0,2.0,6.0,3.0,8.0,10000.0,30000.0,6.0,357.0,1
60.0,675.0,0.25166666666666665,7.0,16.49,20248.0,2150.0,4.0,1.0,3.0,7.0,22650.0,90000.0,6.0,246.0,1
36.0,760.0,0.2571428571428571,5.0,23.41,1931.0,65400.0,9.0,1.0,0.0,8.0,9000.0,35000.0,16.0,189.0,0
60.0,700.0,0.2,13.0,11.46,14164.0,20800.0,3.0,2.0,3.0,7.0,15000.0,75000.0,3.0,164.0,1
36.0,690.0,0.18461538461538463,6.0,23.98,6362.0,18100.0,6.0,0.0,0.0,5.0,9600.0,52000.0,46.0,102.0,0
36.0,675.0,0.06153846153846154,3.0,9.58,47049.0,7500.0,3.0,3.0,8.0,3.0,4000.0,65000.0,10.0,207.0,1
36.0,665.0,0.2717948717948718,2.0,9.02,1344.0,8800.0,8.0,1.0,0.0,6.0,21200.0,78000.0,22.0,213.0,1
36.0,660.0,0.17543859649122806,5.0,9.83,6573.0,14700.0,12.0,1.0,3.0,6.0,10000.0,57000.0,12.0,277.0,1
36.0,670.0,0.5,3.0,37.32,2511.0,1700.0,19.0,13.0,3.0,4.0,12600.0,25200.0,20.0,209.0,0
36.0,680.0,0.39886349022633744,5.0,39.27,2480.0,3700.0,5.0,5.0,3.0,3.0,9925.0,24883.2,5.0,346.0,0
36.0,705.0,0.20306707111560499,1.0,5.67,3318.0,8800.0,13.0,14.0,0.0,3.0,12050.0,59340.0,77.0,89.0,0
60.0,670.0,0.3260639424094855,6.0,27.12,5095.0,14400.0,2.0,2.0,2.0,3.0,15400.0,47230.0,14.0,259.0,0
36.0,670.0,0.1984126984126984,1.0,17.47,3818.0,3500.0,16.0,15.0,0.0,5.0,12500.0,63000.0,147.0,246.0,0
36.0,800.0,0.08307692307692308,2.0,9.99,23846.0,32000.0,4.0,4.0,2.0,2.0,5400.0,65000.0,10.0,436.0,0
36.0,660.0,0.06064516129032258,6.0,15.67,3949.0,4500.0,1.0,7.0,0.0,6.0,4700.0,77500.0,9.0,91.0,0
36.0,705.0,0.25775862068965516,4.0,27.04,19584.0,30300.0,9.0,9.0,3.0,5.0,14950.0,58000.0,151.0,151.0,1
36.0,660.0,0.04719101123595506,1.0,5.47,10502.0,7500.0,8.0,8.0,2.0,5.0,4200.0,89000.0,59.0,196.0,1
36.0,700.0,0.1,3.0,29.98,37317.0,86200.0,16.0,19.0,6.0,10.0,14000.0,140000.0,16.0,202.0,1
36.0,705.0,0.0875,4.0,23.73,1750.0,4300.0,5.0,5.0,0.0,3.0,3500.0,40000.0,39.0,75.0,0
36.0,705.0,0.16158536585365854,1.0,5.9,,8000.0,,13.0,0.0,,13250.0,82000.0,51.0,,0
60.0,730.0,0.2962962962962963,0.0,7.66,2083.0,20700.0,75.0,13.0,2.0,2.0,20000.0,67500.0,75.0,134.0,1
36.0,675.0,0.2676802826703785,2.0,8.83,1242.0,8500.0,2.0,2.0,3.0,5.0,10000.0,37358.0,2.0,237.0,0
36.0,690.0,0.26689655172413795,5.0,13.74,12759.0,35800.0,2.0,0.0,4.0,3.0,19350.0,72500.0,3.0,139.0,1
60.0,690.0,0.23463359450287008,5.0,29.91,4924.0,16500.0,11.0,14.0,0.0,2.0,14000.0,59667.5,15.0,84.0,0
36.0,730.0,0.11481481481481481,,4.04,,,,,,,6200.0,54000.0,,,0
36.0,735.0,0.05454545454545454,5.0,17.67,1631.0,4600.0,3.0,3.0,0.0,3.0,3000.0,55000.0,24.0,155.0,0
36.0,675.0,0.4393696581196581,6.0,31.62,6786.0,12000.0,1.0,1.0,0.0,8.0,16450.0,37440.0,11.0,213.0,0
60.0,670.0,0.36,5.0,25.31,21630.0,17100.0,4.0,4.0,0.0,6.0,12600.0,35000.0,12.0,211.0,0
60.0,670.0,0.24705882352941178,4.0,18.49,4917.0,12800.0,9.0,1.0,2.0,5.0,21000.0,85000.0,16.0,244.0,1
36.0,670.0,0.3392857142857143,4.0,20.4,1883.0,8800.0,8.0,8.0,0.0,7.0,11875.0,35000.0,8.0,123.0,0
36.0,685.0,0.1565217391304348,10.0,25.13,11386.0,16925.0,2.0,4.0,3.0,16.0,18000.0,115000.0,4.0,259.0,1
36.0,725.0,0.1322314049586777,2.0,7.1,,10700.0,,,0.0,,8000.0,60500.0,11.0,,0
36.0,725.0,0.18666666666666668,3.0,16.64,1568.0,2600.0,7.0,9.0,0.0,2.0,2800.0,15000.0,48.0,48.0,0
36.0,740.0,0.2014388489208633,7.0,9.96,33989.0,63400.0,7.0,14.0,1.0,8.0,28000.0,139000.0,7.0,198.0,1
60.0,720.0,0.288135593220339,2.0,24.35,16596.0,34431.0,19.0,,2.0,4.0,17000.0,59000.0,19.0,160.0,1
36.0,665.0,0.19047619047619047,4.0,25.38,11513.0,27900.0,10.0,12.0,0.0,6.0,12000.0,63000.0,10.0,161.0,0
36.0,665.0,0.2524390243902439,2.0,20.11,1144.0,5400.0,6.0,6.0,0.0,5.0,10350.0,41000.0,81.0,113.0,0
36.0,695.0,0.09090909090909091,3.0,9.98,8309.0,14700.0,6.0,,0.0,6.0,20000.0,220000.0,199.0,288.0,0
36.0,675.0,0.25,9.0,34.91,6893.0,24300.0,1.0,6.0,2.0,15.0,15000.0,60000.0,1.0,137.0,1
36.0,660.0,0.06923076923076923,4.0,28.64,8349.0,17700.0,4.0,4.0,1.0,10.0,3600.0,52000.0,10.0,102.0,1
36.0,705.0,0.11333333333333333,5.0,29.17,9208.0,13300.0,13.0,3.0,3.0,5.0,8500.0,75000.0,48.0,246.0,1
60.0,715.0,0.2876712328767123,7.0,21.89,4138.0,16600.0,3.0,2.0,0.0,6.0,21000.0,73000.0,53.0,105.0,0
36.0,685.0,0.12444444444444444,5.0,19.28,19633.0,11500.0,2.0,9.0,4.0,5.0,11200.0,90000.0,33.0,279.0,1
36.0,685.0,0.20512820512820512,3.0,32.84,8398.0,4000.0,13.0,0.0,0.0,3.0,12000.0,58500.0,44.0,128.0,0
36.0,665.0,0.47058823529411764,2.0,8.59,2145.0,13000.0,7.0,,0.0,3.0,20000.0,42500.0,101.0,169.0,0
60.0,700.0,0.32558139534883723,8.0,29.62,12639.0,45500.0,5.0,4.0,1.0,14.0,28000.0,86000.0,5.0,122.0,1
36.0,740.0,0.2777777777777778,1.0,17.56,5018.0,6000.0,10.0,3.0,0.0,2.0,15000.0,54000.0,43.0,128.0,0
36.0,670.0,0.20833333333333334,2.0,21.63,4123.0,13600.0,5.0,0.0,2.0,7.0,20000.0,96000.0,89.0,442.0,0
36.0,670.0,0.17647058823529413,6.0,19.38,18998.0,39200.0,1.0,1.0,4.0,9.0,24000.0,136000.0,5.0,121.0,1
36.0,725.0,0.14925390955690693,1.0,9.87,5644.0,25300.0,10.0,10.0,0.0,2.0,10000.0,66999.92,26.0,164.0,0
60.0,700.0,0.3333333333333333,4.0,33.35,3876.0,5900.0,1.0,1.0,0.0,3.0,15000.0,45000.0,9.0,213.0,0
36.0,695.0,0.0847457627118644,3.0,8.94,35787.0,4800.0,2.0,0.0,5.0,2.0,10000.0,118000.0,2.0,235.0,1
36.0,665.0,0.22641509433962265,2.0,21.1,2901.0,13200.0,10.0,0.0,0.0,10.0,12000.0,53000.0,32.0,209.0,0
60.0,785.0,0.24311183144246354,1.0,13.33,,57400.0,,2.0,6.0,,30000.0,123400.0,38.0,,1
36.0,660.0,0.08064516129032258,2.0,10.27,3753.0,19100.0,17.0,2.0,8.0,9.0,15000.0,186000.0,17.0,233.0,1
36.0,735.0,0.34615384615384615,2.0,34.43,18109.0,24340.0,20.0,20.0,4.0,4.0,18000.0,52000.0,20.0,179.0,1
36.0,660.0,0.42,10.0,32.31,2385.0,21200.0,3.0,3.0,0.0,15.0,16800.0,40000.0,3.0,252.0,0
36.0,660.0,0.18,7.0,22.32,14589.0,10400.0,3.0,3.0,1.0,12.0,18000.0,100000.0,30.0,58.0,1
36.0,660.0,0.06851851851851852,8.0,22.16,5462.0,2300.0,6.0,5.0,0.0,2.0,3700.0,54000.0,6.0,22.0,1
36.0,660.0,0.1095679012345679,6.0,38.41,15431.0,7000.0,8.0,9.0,3.0,8.0,3550.0,32400.0,13.0,166.0,1
36.0,675.0,0.10909090909090909,2.0,12.45,35025.0,2200.0,1.0,1.0,5.0,3.0,12000.0,110000.0,55.0,302.0,1
36.0,690.0,0.17857142857142858,5.0,18.86,1856.0,3000.0,4.0,13.0,0.0,2.0,5000.0,28000.0,13.0,80.0,0
60.0,665.0,0.27692307692307694,3.0,6.46,34972.0,11200.0,4.0,6.0,6.0,5.0,18000.0,65000.0,23.0,225.0,1
36.0,705.0,0.12979371452305136,5.0,31.9,3189.0,14600.0,7.0,7.0,0.0,5.0,5625.0,43338.0,35.0,104.0,1
60.0,715.0,0.44202763256161315,1.0,25.42,18439.0,82500.0,13.0,21.0,4.0,4.0,23675.0,53560.0,13.0,277.0,1
60.0,720.0,0.4395454545454546,6.0,39.12,4407.0,18500.0,5.0,0.0,2.0,5.0,24175.0,55000.0,28.0,357.0,0
36.0,720.0,0.12222222222222222,,5.65,,,,,,,5500.0,45000.0,,,0
36.0,670.0,0.17857142857142858,5.0,28.83,2979.0,12500.0,2.0,2.0,0.0,9.0,10000.0,56000.0,2.0,108.0,0
36.0,825.0,0.16666666666666666,6.0,36.76,5915.0,35900.0,2.0,,4.0,8.0,5000.0,30000.0,15.0,395.0,1
60.0,665.0,0.2579787234042553,4.0,33.13,16833.0,8600.0,5.0,2.0,3.0,3.0,14550.0,56400.0,5.0,478.0,1
36.0,700.0,0.16,9.0,17.13,16322.0,32714.0,6.0,6.0,5.0,10.0,12000.0,75000.0,7.0,116.0,1
36.0,720.0,0.16666666666666666,4.0,13.74,1120.0,9600.0,7.0,,0.0,4.0,6000.0,36000.0,18.0,42.0,0
36.0,675.0,0.05102040816326531,1.0,22.09,45414.0,29300.0,12.0,12.0,2.0,9.0,5000.0,98000.0,35.0,367.0,0
36.0,675.0,0.144,10.0,20.94,11411.0,8800.0,4.0,4.0,1.0,5.0,18000.0,125000.0,18.0,133.0,1
36.0,675.0,0.24123711340206186,9.0,16.42,15878.0,46100.0,10.0,5.0,1.0,5.0,23400.0,97000.0,23.0,198.0,1
36.0,700.0,0.2,3.0,22.61,6275.0,25700.0,5.0,,0.0,4.0,14000.0,70000.0,5.0,395.0,0
36.0,660.0,0.06666666666666667,3.0,23.25,29837.0,8300.0,4.0,8.0,1.0,4.0,3000.0,45000.0,4.0,132.0,1
60.0,660.0,0.45,3.0,33.03,5495.0,300.0,2.0,5.0,0.0,6.0,18000.0,40000.0,12.0,38.0,0
36.0,695.0,0.37244897959183676,2.0,28.5,,37200.0,,7.0,1.0,,18250.0,49000.0,16.0,,1
60.0,700.0,0.33577533577533575,3.0,36.41,4874.0,16900.0,8.0,22.0,1.0,10.0,11000.0,32760.0,15.0,226.0,1
60.0,705.0,0.11363636363636363,5.0,20.92,32823.0,30300.0,2.0,0.0,7.0,8.0,15000.0,132000.0,18.0,134.0,1
36.0,690.0,0.14535714285714285,5.0,7.01,24205.0,37400.0,2.0,2.0,4.0,5.0,30525.0,210000.0,2.0,208.0,1
36.0,660.0,0.09302325581395349,4.0,17.13,4669.0,17500.0,5.0,4.0,0.0,4.0,4000.0,43000.0,7.0,403.0,0
60.0,670.0,0.4,3.0,22.49,6640.0,18000.0,7.0,7.0,0.0,4.0,20000.0,50000.0,14.0,146.0,1
60.0,715.0,0.2689075630252101,0.0,10.57,34146.0,21800.0,25.0,19.0,2.0,3.0,16000.0,59500.0,42.0,243.0,1
36.0,725.0,0.4,4.0,24.08,4337.0,46200.0,4.0,8.0,0.0,9.0,12000.0,30000.0,60.0,211.0,0
60.0,675.0,0.4,2.0,25.27,2135.0,32100.0,7.0,7.0,0.0,9.0,15200.0,38000.0,7.0,131.0,0
36.0,680.0,0.07384615384615385,4.0,38.13,4250.0,15600.0,11.0,11.0,0.0,9.0,4800.0,65000.0,13.0,130.0,0
60.0,725.0,0.35714285714285715,5.0,23.97,21137.0,33300.0,3.0,3.0,0.0,3.0,35000.0,98000.0,5.0,151.0,0
36.0,660.0,0.047058823529411764,8.0,24.33,34385.0,7500.0,2.0,0.0,3.0,5.0,4000.0,85000.0,6.0,124.0,1
36.0,660.0,0.2,6.0,16.59,7255.0,9500.0,3.0,3.0,0.0,5.0,15000.0,75000.0,8.0,325.0,0
36.0,700.0,0.2054794520547945,5.0,22.2,21927.0,138500.0,1.0,1.0,1.0,9.0,30000.0,146000.0,23.0,179.0,1
36.0,695.0,0.028985507246376812,3.0,23.69,3390.0,19000.0,2.0,2.0,0.0,6.0,2000.0,69000.0,22.0,100.0,0
60.0,690.0,0.21505376344086022,6.0,4.96,18811.0,44600.0,8.0,0.0,2.0,7.0,20000.0,93000.0,15.0,134.0,1
36.0,715.0,0.24615384615384617,3.0,18.02,3499.0,10600.0,7.0,2.0,0.0,4.0,16000.0,65000.0,33.0,65.0,0
36.0,660.0,0.09064539521392313,4.0,11.97,30014.0,21900.0,7.0,3.0,8.0,3.0,20000.0,220640.0,128.0,351.0,0
36.0,725.0,0.01,3.0,1.46,2269.0,3500.0,9.0,15.0,2.0,2.0,2500.0,250000.0,13.0,230.0,0
36.0,695.0,0.4022727272727273,7.0,30.09,10664.0,35200.0,8.0,6.0,4.0,8.0,17700.0,44000.0,8.0,109.0,1
36.0,680.0,0.35967242142540945,3.0,18.33,769.0,0.0,10.0,14.0,0.0,4.0,3250.0,9036.0,,146.0,0
60.0,730.0,0.34285714285714286,2.0,36.64,26192.0,6000.0,12.0,0.0,3.0,3.0,24000.0,70000.0,13.0,128.0,1
36.0,670.0,0.36,9.0,21.23,2910.0,17800.0,6.0,4.0,1.0,6.0,18000.0,50000.0,6.0,206.0,0
36.0,675.0,0.24166666666666667,6.0,31.62,8194.0,6000.0,5.0,2.0,2.0,7.0,15225.0,63000.0,8.0,131.0,0
36.0,660.0,0.14423076923076922,1.0,9.51,6017.0,7300.0,1.0,2.0,3.0,3.0,7500.0,52000.0,1.0,195.0,0
36.0,680.0,0.11693548387096774,2.0,4.06,885.0,4100.0,15.0,11.0,0.0,4.0,3625.0,31000.0,15.0,118.0,0
60.0,680.0,2.2883333333333336,5.0,68.56,10806.0,21100.0,4.0,0.0,1.0,8.0,34325.0,15000.0,4.0,161.0,1
60.0,685.0,0.13926701570680627,3.0,11.27,3489.0,34000.0,2.0,0.0,1.0,6.0,26600.0,191000.0,2.0,211.0,0
36.0,665.0,0.16666666666666666,5.0,7.98,15473.0,4500.0,3.0,3.0,3.0,2.0,10000.0,60000.0,3.0,145.0,1
60.0,740.0,0.22058823529411764,2.0,15.65,29837.0,44600.0,6.0,6.0,2.0,3.0,15000.0,68000.0,6.0,355.0,1
36.0,675.0,0.0336,6.0,8.8,13780.0,5800.0,4.0,6.0,4.0,6.0,4200.0,125000.0,10.0,315.0,1
36.0,740.0,0.048,4.0,19.59,7458.0,11800.0,6.0,6.0,0.0,2.0,2400.0,50000.0,70.0,233.0,0
36.0,670.0,0.12727272727272726,1.0,18.85,4873.0,3800.0,2.0,2.0,0.0,6.0,7000.0,55000.0,2.0,127.0,0
36.0,680.0,0.09552631578947368,13.0,10.36,50442.0,6500.0,6.0,6.0,5.0,4.0,9075.0,95000.0,6.0,130.0,1
36.0,685.0,0.3191489361702128,,0.38,,,,,,,15000.0,47000.0,,,0
36.0,685.0,0.18571428571428572,3.0,18.79,31997.0,22300.0,2.0,,5.0,4.0,13000.0,70000.0,2.0,290.0,1
36.0,690.0,0.30761455895762607,6.0,18.93,20016.0,53100.0,5.0,9.0,7.0,6.0,28000.0,91023.0,15.0,240.0,1
36.0,660.0,0.23076923076923078,7.0,20.93,22809.0,13200.0,2.0,0.0,4.0,6.0,21000.0,91000.0,2.0,224.0,1
36.0,660.0,0.13,5.0,3.44,23354.0,15000.0,5.0,5.0,6.0,6.0,7800.0,60000.0,5.0,238.0,1
36.0,665.0,0.10309278350515463,4.0,6.71,1913.0,58000.0,11.0,11.0,9.0,6.0,10000.0,97000.0,11.0,378.0,0
60.0,740.0,0.42,5.0,24.38,12859.0,1000.0,11.0,,0.0,4.0,16800.0,40000.0,11.0,117.0,0
60.0,715.0,0.3230817023920472,6.0,26.5,7997.0,19500.0,10.0,10.0,0.0,3.0,15600.0,48285.0,10.0,104.0,0
36.0,700.0,0.18,5.0,17.71,3660.0,9000.0,1.0,15.0,0.0,1.0,9000.0,50000.0,15.0,272.0,0
36.0,725.0,0.35714285714285715,3.0,33.33,8552.0,12200.0,5.0,5.0,0.0,2.0,20000.0,56000.0,5.0,183.0,1
60.0,710.0,0.4597222222222222,8.0,38.66,6221.0,12200.0,4.0,15.0,1.0,5.0,24825.0,54000.0,18.0,145.0,0
36.0,715.0,0.13333333333333333,4.0,30.96,3942.0,26900.0,2.0,14.0,0.0,5.0,4000.0,30000.0,14.0,256.0,1
36.0,660.0,0.26666666666666666,4.0,23.04,13969.0,23500.0,9.0,9.0,3.0,10.0,20000.0,75000.0,9.0,267.0,1
36.0,660.0,0.16666666666666666,5.0,11.28,1683.0,7800.0,7.0,7.0,0.0,7.0,10000.0,60000.0,7.0,220.0,0
36.0,700.0,0.18461538461538463,0.0,5.3,904.0,3000.0,27.0,,0.0,6.0,12000.0,65000.0,27.0,275.0,0
60.0,675.0,0.12195121951219512,7.0,4.28,23080.0,16100.0,2.0,0.0,6.0,7.0,25000.0,205000.0,24.0,316.0,0
36.0,715.0,0.1,5.0,16.27,8636.0,18500.0,4.0,4.0,0.0,3.0,9000.0,90000.0,4.0,260.0,0
36.0,695.0,0.44,1.0,7.35,14605.0,21400.0,23.0,,3.0,2.0,17600.0,40000.0,39.0,109.0,1
36.0,670.0,0.051470588235294115,2.0,0.58,695.0,16300.0,10.0,10.0,9.0,2.0,7000.0,136000.0,10.0,199.0,0
36.0,690.0,0.3888888888888889,3.0,18.44,12512.0,27700.0,12.0,12.0,2.0,6.0,35000.0,90000.0,26.0,239.0,1
36.0,660.0,0.06737193763919821,4.0,33.73,4672.0,16000.0,7.0,7.0,0.0,7.0,3025.0,44900.0,38.0,173.0,0
36.0,765.0,0.4666666666666667,1.0,8.4,,27379.0,,8.0,2.0,,28000.0,60000.0,28.0,,1
36.0,695.0,0.38461538461538464,3.0,14.58,1516.0,14600.0,3.0,3.0,1.0,1.0,15000.0,39000.0,3.0,197.0,0
36.0,670.0,0.22,2.0,20.63,2929.0,12700.0,15.0,20.0,0.0,8.0,8800.0,40000.0,15.0,77.0,0
36.0,670.0,0.22395833333333334,3.0,16.33,5681.0,2500.0,5.0,5.0,0.0,4.0,10750.0,48000.0,31.0,35.0,0
36.0,725.0,0.3,5.0,10.86,,40400.0,,7.0,2.0,,12000.0,40000.0,9.0,,1
60.0,680.0,0.26229508196721313,8.0,16.03,4800.0,5300.0,8.0,8.0,4.0,6.0,16000.0,61000.0,21.0,226.0,1
36.0,690.0,0.15,,29.04,,,,,,,15000.0,100000.0,,,0
60.0,705.0,0.41125,4.0,25.23,20439.0,24400.0,4.0,10.0,4.0,4.0,16450.0,40000.0,10.0,159.0,1
60.0,695.0,0.44166666666666665,4.0,20.02,25584.0,18900.0,5.0,16.0,1.0,6.0,26500.0,60000.0,5.0,144.0,1
36.0,670.0,0.285,3.0,16.9,1749.0,5600.0,5.0,23.0,0.0,3.0,7125.0,25000.0,5.0,49.0,0
36.0,695.0,0.18867924528301888,2.0,16.27,33038.0,28300.0,8.0,14.0,3.0,13.0,20000.0,106000.0,63.0,317.0,1
36.0,665.0,0.09090909090909091,2.0,24.98,35749.0,48000.0,11.0,17.0,1.0,8.0,8000.0,88000.0,11.0,168.0,1
36.0,745.0,0.15,4.0,11.87,4361.0,35200.0,3.0,11.0,0.0,4.0,6000.0,40000.0,16.0,120.0,0
36.0,700.0,0.31280032527537516,5.0,27.86,10455.0,10600.0,3.0,10.0,3.0,2.0,16925.0,54108.0,3.0,131.0,1
36.0,665.0,0.07928571428571428,4.0,33.64,17047.0,0.0,9.0,1.0,3.0,3.0,2775.0,35000.0,,236.0,1
36.0,660.0,0.1,4.0,10.32,2154.0,3900.0,5.0,6.0,0.0,11.0,8000.0,80000.0,25.0,80.0,0
36.0,680.0,0.06371951219512195,4.0,19.39,2764.0,4400.0,6.0,7.0,2.0,7.0,5225.0,82000.0,27.0,60.0,0
36.0,665.0,0.05,8.0,19.71,10947.0,27500.0,2.0,2.0,3.0,6.0,6000.0,120000.0,6.0,226.0,1
36.0,670.0,0.22774869109947643,4.0,13.98,2779.0,7300.0,4.0,10.0,0.0,2.0,8700.0,38200.0,16.0,49.0,0
36.0,740.0,0.13090909090909092,2.0,13.35,23620.0,11000.0,17.0,,1.0,2.0,7200.0,55000.0,17.0,136.0,0
60.0,675.0,0.21330645161290324,7.0,27.08,3211.0,9400.0,5.0,5.0,0.0,9.0,13225.0,62000.0,8.0,220.0,0
36.0,685.0,0.31961077844311375,3.0,29.0,4791.0,7000.0,5.0,5.0,0.0,3.0,10675.0,33400.0,5.0,126.0,0
60.0,720.0,0.4,0.0,15.24,35217.0,33500.0,39.0,,1.0,3.0,32000.0,80000.0,39.0,168.0,1
36.0,665.0,0.3333333333333333,4.0,20.58,1845.0,5200.0,5.0,22.0,0.0,5.0,9000.0,27000.0,5.0,46.0,0
36.0,720.0,0.18133333333333335,1.0,15.02,21384.0,27800.0,10.0,,3.0,5.0,13600.0,75000.0,29.0,110.0,1
36.0,725.0,0.2571428571428571,4.0,18.0,,6500.0,,14.0,0.0,,9000.0,35000.0,21.0,,0
36.0,705.0,0.2857142857142857,1.0,8.77,1687.0,32300.0,15.0,,0.0,1.0,12000.0,42000.0,43.0,301.0,0
60.0,680.0,0.4,12.0,22.28,2967.0,24800.0,1.0,21.0,1.0,4.0,24000.0,60000.0,4.0,108.0,1
60.0,690.0,0.25925925925925924,7.0,31.31,7738.0,61900.0,2.0,2.0,3.0,10.0,35000.0,135000.0,12.0,286.0,0
36.0,740.0,0.03428571428571429,,10.01,,,,,,,12000.0,350000.0,,,1
36.0,675.0,0.1875,6.0,16.92,1614.0,9000.0,2.0,15.0,0.0,10.0,6000.0,32000.0,2.0,39.0,1
36.0,660.0,0.3870967741935484,1.0,22.09,2769.0,20200.0,13.0,13.0,0.0,6.0,24000.0,62000.0,13.0,288.0,1
36.0,680.0,0.10212765957446808,7.0,25.59,4605.0,1400.0,3.0,0.0,2.0,9.0,4800.0,47000.0,24.0,148.0,1
60.0,690.0,0.4,4.0,22.25,4374.0,10800.0,11.0,21.0,0.0,3.0,20000.0,50000.0,38.0,94.0,0
36.0,795.0,0.07575757575757576,1.0,8.25,59703.0,47000.0,9.0,,3.0,1.0,25000.0,330000.0,275.0,275.0,1
36.0,665.0,0.075,1.0,2.68,117146.0,1000.0,2.0,,3.0,1.0,15000.0,200000.0,36.0,101.0,1
36.0,685.0,0.0625,6.0,20.81,3930.0,22000.0,2.0,2.0,1.0,15.0,2500.0,40000.0,5.0,75.0,1
36.0,695.0,0.42857142857142855,5.0,10.98,1148.0,29100.0,11.0,14.0,0.0,7.0,15000.0,35000.0,14.0,158.0,0
36.0,665.0,0.1597222222222222,3.0,6.9,1442.0,2900.0,4.0,4.0,0.0,4.0,5750.0,36000.0,4.0,129.0,0
36.0,710.0,0.30875,2.0,30.57,2430.0,14600.0,1.0,,0.0,2.0,12350.0,40000.0,30.0,107.0,0
36.0,725.0,0.16,1.0,5.72,2830.0,16500.0,15.0,15.0,0.0,2.0,14400.0,90000.0,15.0,46.0,0
36.0,695.0,0.2127659574468085,10.0,25.39,2297.0,21900.0,1.0,4.0,0.0,7.0,10000.0,47000.0,1.0,114.0,0
36.0,690.0,0.44,1.0,24.85,1574.0,6000.0,13.0,7.0,0.0,4.0,4400.0,10000.0,82.0,101.0,0
36.0,710.0,0.1625318562438238,2.0,22.58,8830.0,62300.0,6.0,6.0,1.0,6.0,20000.0,123052.8,68.0,196.0,1
36.0,660.0,0.14285714285714285,6.0,26.27,17371.0,7100.0,5.0,1.0,2.0,6.0,5000.0,35000.0,9.0,135.0,1
36.0,665.0,0.07375,3.0,14.06,6148.0,800.0,3.0,1.0,4.0,2.0,4425.0,60000.0,19.0,119.0,1
36.0,710.0,0.059322033898305086,,10.9,,,,,,,7000.0,118000.0,,,0
36.0,680.0,0.18661971830985916,4.0,18.56,8907.0,17000.0,8.0,2.0,0.0,3.0,13250.0,71000.0,12.0,96.0,0
36.0,695.0,0.375,2.0,9.12,4807.0,23000.0,1.0,,2.0,6.0,15000.0,40000.0,24.0,130.0,1
36.0,710.0,0.17647058823529413,5.0,17.45,77162.0,85500.0,0.0,0.0,1.0,5.0,30000.0,170000.0,1.0,219.0,1
36.0,670.0,0.1542674225770373,4.0,13.1,1971.0,13100.0,2.0,15.0,1.0,3.0,8000.0,51858.0,25.0,277.0,1
36.0,820.0,0.3349358974358974,3.0,25.37,11367.0,46800.0,12.0,12.0,2.0,2.0,26125.0,78000.0,12.0,278.0,1
36.0,690.0,0.17839091395611584,8.0,22.06,16900.0,127800.0,1.0,1.0,4.0,13.0,21000.0,117719.0,7.0,271.0,1
36.0,665.0,0.233125,9.0,12.84,3806.0,4200.0,3.0,16.0,2.0,4.0,9325.0,40000.0,23.0,168.0,0
60.0,675.0,0.3351190476190476,3.0,19.8,7984.0,21700.0,2.0,7.0,1.0,6.0,14075.0,42000.0,26.0,106.0,0
36.0,685.0,0.14285714285714285,2.0,6.27,2101.0,13200.0,7.0,,0.0,3.0,10000.0,70000.0,7.0,99.0,0
36.0,665.0,0.08888888888888889,6.0,10.93,1928.0,3700.0,2.0,3.0,0.0,6.0,8000.0,90000.0,5.0,51.0,0
36.0,660.0,0.3,4.0,8.19,6959.0,13700.0,2.0,15.0,0.0,3.0,13500.0,45000.0,22.0,87.0,0
36.0,775.0,0.13055682485801945,1.0,7.01,,4500.0,,12.0,6.0,,12000.0,91914.0,43.0,,1
36.0,725.0,0.39473684210526316,2.0,23.5,21158.0,38100.0,9.0,5.0,2.0,3.0,30000.0,76000.0,85.0,153.0,1
36.0,700.0,0.08062015503875969,0.0,16.97,,15700.0,,,0.0,,5200.0,64500.0,38.0,,0
36.0,755.0,0.165371258475277,19.0,26.9,3373.0,118500.0,2.0,2.0,3.0,16.0,9000.0,54423.0,3.0,230.0,0
36.0,725.0,0.09293680297397769,6.0,24.5,32381.0,21500.0,2.0,18.0,1.0,2.0,10000.0,107600.0,15.0,186.0,1
36.0,695.0,0.18461538461538463,6.0,26.88,22263.0,11100.0,3.0,8.0,5.0,8.0,12000.0,65000.0,20.0,156.0,1
36.0,665.0,0.03205128205128205,2.0,13.77,3825.0,6500.0,5.0,5.0,3.0,2.0,2000.0,62400.0,22.0,124.0,0
36.0,675.0,0.26666666666666666,2.0,17.44,3572.0,3800.0,3.0,3.0,0.0,4.0,8000.0,30000.0,32.0,77.0,0
36.0,715.0,0.001282051282051282,,1.39,,,,,,,1000.0,780000.0,,,1
60.0,735.0,0.28846153846153844,4.0,26.66,20954.0,18100.0,9.0,12.0,1.0,11.0,30000.0,104000.0,38.0,147.0,1
60.0,665.0,0.26666666666666666,4.0,19.04,4584.0,5500.0,3.0,19.0,0.0,4.0,20000.0,75000.0,3.0,359.0,0
36.0,685.0,0.2403846153846154,6.0,23.32,2233.0,7000.0,8.0,10.0,0.0,2.0,6000.0,24960.0,9.0,92.0,0
36.0,710.0,0.21,1.0,16.47,3663.0,24700.0,10.0,21.0,0.0,5.0,16800.0,80000.0,10.0,139.0,0
60.0,675.0,0.26666666666666666,1.0,31.22,5583.0,36200.0,2.0,,0.0,7.0,16000.0,60000.0,121.0,254.0,0
36.0,690.0,0.21428571428571427,4.0,9.26,913.0,12600.0,1.0,0.0,0.0,8.0,9000.0,42000.0,1.0,132.0,1
60.0,700.0,0.32051282051282054,1.0,12.63,38711.0,5800.0,11.0,11.0,1.0,4.0,25000.0,78000.0,11.0,200.0,1
36.0,705.0,0.17357142857142857,6.0,33.07,12348.0,3500.0,5.0,3.0,2.0,6.0,6075.0,35000.0,5.0,250.0,1
36.0,690.0,0.16,8.0,20.91,4340.0,3000.0,2.0,7.0,0.0,5.0,8000.0,50000.0,2.0,204.0,0
36.0,670.0,0.015,3.0,10.35,25860.0,4200.0,6.0,8.0,3.0,10.0,1200.0,80000.0,86.0,172.0,1
60.0,705.0,0.19428571428571428,7.0,13.42,34625.0,20900.0,6.0,16.0,1.0,4.0,13600.0,70000.0,16.0,185.0,1
36.0,675.0,0.14761904761904762,4.0,11.58,18700.0,6800.0,6.0,6.0,4.0,4.0,6200.0,42000.0,6.0,192.0,0
60.0,700.0,0.17734608406204386,6.0,12.25,3376.0,17000.0,5.0,,0.0,7.0,13000.0,73303.0,5.0,121.0,0
60.0,705.0,0.19047619047619047,4.0,30.93,21166.0,25800.0,6.0,1.0,7.0,4.0,20000.0,105000.0,12.0,195.0,1
36.0,705.0,0.2361111111111111,3.0,10.2,1312.0,3200.0,1.0,1.0,0.0,3.0,17000.0,72000.0,51.0,131.0,0
36.0,745.0,0.11764705882352941,3.0,1.55,11671.0,14800.0,12.0,21.0,3.0,3.0,8000.0,68000.0,12.0,429.0,1
60.0,660.0,0.3018292682926829,8.0,26.23,1653.0,14200.0,5.0,0.0,0.0,21.0,12375.0,41000.0,5.0,185.0,0
36.0,665.0,0.044444444444444446,10.0,13.75,1293.0,16600.0,1.0,10.0,0.0,9.0,3200.0,72000.0,3.0,38.0,0
36.0,705.0,0.34532374100719426,6.0,30.67,4352.0,58400.0,5.0,4.0,5.0,6.0,24000.0,69500.0,14.0,145.0,1
60.0,690.0,0.175,0.0,15.21,9149.0,30600.0,37.0,0.0,0.0,6.0,35000.0,200000.0,40.0,157.0,0
36.0,670.0,0.3568181818181818,1.0,13.97,926.0,7600.0,20.0,20.0,0.0,7.0,7850.0,22000.0,30.0,241.0,0
60.0,680.0,0.29473684210526313,3.0,16.37,9815.0,21600.0,1.0,2.0,5.0,15.0,28000.0,95000.0,1.0,264.0,1
36.0,725.0,0.15,6.0,22.24,22022.0,2400.0,5.0,5.0,2.0,3.0,15000.0,100000.0,27.0,183.0,1
36.0,745.0,0.25,3.0,26.92,14658.0,10500.0,8.0,,0.0,2.0,15000.0,60000.0,80.0,138.0,0
36.0,675.0,0.12,2.0,21.56,3239.0,2400.0,8.0,3.0,2.0,6.0,7200.0,60000.0,16.0,222.0,0
36.0,685.0,0.3333333333333333,2.0,6.05,19267.0,5000.0,15.0,2.0,1.0,4.0,15000.0,45000.0,15.0,138.0,0
36.0,670.0,0.047058823529411764,12.0,12.07,13984.0,16700.0,7.0,5.0,4.0,16.0,8000.0,170000.0,12.0,304.0,1
36.0,675.0,0.10857142857142857,2.0,9.24,7204.0,17900.0,6.0,6.0,0.0,2.0,19000.0,175000.0,24.0,176.0,0
60.0,660.0,0.419375,3.0,28.97,43723.0,12000.0,9.0,,1.0,3.0,33550.0,80000.0,10.0,227.0,0
36.0,735.0,0.19230769230769232,5.0,24.26,2500.0,7800.0,8.0,8.0,3.0,5.0,10000.0,52000.0,8.0,83.0,0
36.0,665.0,0.15444015444015444,4.0,14.21,774.0,2100.0,2.0,9.0,3.0,5.0,2400.0,15540.0,2.0,423.0,0
36.0,710.0,0.2857142857142857,1.0,16.89,2394.0,28000.0,23.0,10.0,0.0,9.0,20000.0,70000.0,23.0,130.0,0
60.0,800.0,0.2153846153846154,6.0,6.18,9663.0,33000.0,10.0,2.0,3.0,3.0,28000.0,130000.0,10.0,152.0,1
36.0,720.0,0.2558673469387755,10.0,34.45,31272.0,24400.0,4.0,4.0,4.0,4.0,25075.0,98000.0,41.0,146.0,1
60.0,660.0,0.34098360655737703,6.0,16.13,4226.0,13600.0,12.0,7.0,0.0,9.0,20800.0,61000.0,12.0,171.0,0
36.0,660.0,0.20425531914893616,3.0,4.16,1470.0,4800.0,11.0,11.0,0.0,4.0,9600.0,47000.0,11.0,34.0,0
36.0,675.0,0.17857142857142858,3.0,24.47,2770.0,13400.0,12.0,14.0,1.0,6.0,5000.0,28000.0,14.0,220.0,0
36.0,660.0,0.2,5.0,21.94,31046.0,26300.0,6.0,16.0,5.0,6.0,15000.0,75000.0,16.0,353.0,0
36.0,690.0,0.19101123595505617,4.0,9.82,7828.0,32200.0,4.0,2.0,1.0,6.0,17000.0,89000.0,4.0,201.0,0
60.0,725.0,0.20833333333333334,8.0,5.55,2117.0,16300.0,4.0,12.0,0.0,3.0,25000.0,120000.0,7.0,117.0,0
36.0,670.0,0.13872832369942195,9.0,26.66,12054.0,3000.0,1.0,2.0,1.0,2.0,12000.0,86500.0,45.0,181.0,1
36.0,690.0,0.4577380952380952,1.0,27.6,2572.0,30400.0,8.0,,2.0,10.0,19225.0,42000.0,8.0,189.0,0
36.0,665.0,0.16666666666666666,2.0,27.7,7066.0,5300.0,10.0,2.0,1.0,6.0,10000.0,60000.0,17.0,65.0,0
36.0,665.0,0.2729044834307992,19.0,24.5,13966.0,24500.0,0.0,2.0,1.0,24.0,28000.0,102600.0,7.0,261.0,1
60.0,675.0,0.20224719101123595,5.0,8.45,37473.0,7900.0,5.0,9.0,3.0,3.0,18000.0,89000.0,77.0,93.0,1
60.0,670.0,0.2413793103448276,10.0,15.62,30272.0,12100.0,4.0,9.0,7.0,14.0,35000.0,145000.0,17.0,295.0,1
60.0,705.0,0.23088023088023088,4.0,9.3,9701.0,30000.0,1.0,1.0,0.0,2.0,20000.0,86625.0,139.0,239.0,1
36.0,665.0,0.12461538461538461,8.0,7.15,1389.0,10300.0,5.0,11.0,0.0,5.0,16200.0,130000.0,11.0,142.0,0
36.0,695.0,0.09523809523809523,6.0,27.18,20190.0,2800.0,12.0,12.0,0.0,3.0,6000.0,63000.0,64.0,75.0,0
36.0,720.0,0.3333333333333333,7.0,36.21,3939.0,11000.0,12.0,,0.0,8.0,15000.0,45000.0,20.0,45.0,0
60.0,755.0,0.4,5.0,27.78,6037.0,34300.0,3.0,2.0,4.0,3.0,24000.0,60000.0,5.0,156.0,1
36.0,675.0,0.046296296296296294,6.0,22.17,5060.0,3000.0,10.0,0.0,0.0,2.0,2000.0,43200.0,15.0,54.0,0
36.0,660.0,0.3,1.0,35.8,6217.0,7000.0,2.0,0.0,1.0,3.0,5400.0,18000.0,2.0,221.0,0
36.0,795.0,0.08000800080008001,,0.72,,,,,,,3200.0,39996.0,,,1
36.0,660.0,0.10276679841897234,10.0,12.23,36243.0,17500.0,1.0,5.0,1.0,8.0,26000.0,253000.0,9.0,284.0,1
60.0,695.0,0.13043478260869565,6.0,23.71,9248.0,7000.0,5.0,4.0,0.0,5.0,15000.0,115000.0,65.0,167.0,0
36.0,680.0,0.2857142857142857,1.0,38.41,1310.0,9300.0,22.0,14.0,0.0,8.0,10000.0,35000.0,78.0,237.0,0
36.0,660.0,0.1388888888888889,5.0,19.9,17970.0,11000.0,17.0,6.0,1.0,6.0,10000.0,72000.0,18.0,238.0,1
36.0,685.0,0.17333333333333334,6.0,8.78,7095.0,4000.0,3.0,3.0,2.0,5.0,10400.0,60000.0,59.0,105.0,1
36.0,720.0,0.2361842105263158,8.0,29.8,3361.0,38500.0,3.0,3.0,0.0,4.0,8975.0,38000.0,3.0,307.0,0
60.0,670.0,0.2625,6.0,21.96,11040.0,28800.0,9.0,11.0,5.0,6.0,21000.0,80000.0,9.0,194.0,1
36.0,665.0,0.19230769230769232,2.0,16.99,1641.0,19100.0,4.0,4.0,0.0,6.0,5000.0,26000.0,10.0,251.0,0
60.0,670.0,0.2519230769230769,5.0,23.73,5754.0,21800.0,6.0,7.0,0.0,5.0,16375.0,65000.0,17.0,145.0,0
36.0,710.0,0.2,2.0,26.16,5763.0,2400.0,5.0,5.0,2.0,11.0,14000.0,70000.0,93.0,197.0,1
60.0,715.0,0.1391304347826087,4.0,24.7,34598.0,39600.0,10.0,22.0,1.0,10.0,16000.0,115000.0,21.0,187.0,1
36.0,680.0,0.025,1.0,11.8,1222.0,11800.0,5.0,5.0,1.0,7.0,1000.0,40000.0,31.0,365.0,0
36.0,710.0,0.22388059701492538,5.0,33.92,15663.0,37700.0,3.0,3.0,4.0,7.0,15000.0,67000.0,16.0,436.0,1
36.0,670.0,0.21795454545454546,7.0,15.57,53643.0,5800.0,6.0,5.0,2.0,4.0,23975.0,110000.0,16.0,147.0,1
36.0,730.0,0.28,2.0,19.79,3405.0,15500.0,19.0,24.0,0.0,3.0,12600.0,45000.0,41.0,146.0,0
36.0,715.0,0.4583333333333333,1.0,20.45,15268.0,15200.0,24.0,24.0,1.0,3.0,22000.0,48000.0,24.0,88.0,1
60.0,690.0,0.4581818181818182,0.0,16.1,8099.0,19500.0,25.0,8.0,3.0,12.0,25200.0,55000.0,25.0,152.0,1
36.0,660.0,0.3286065786065786,7.0,28.02,307.0,2100.0,5.0,0.0,0.0,7.0,5075.0,15444.0,15.0,204.0,0
36.0,665.0,0.050980392156862744,12.0,11.46,2789.0,7100.0,1.0,4.0,0.0,1.0,2600.0,51000.0,4.0,51.0,0
36.0,720.0,0.4598486441034265,6.0,21.29,1165.0,50400.0,3.0,8.0,0.0,9.0,17500.0,38056.0,3.0,494.0,0
60.0,695.0,0.4166666666666667,7.0,13.35,16690.0,28700.0,6.0,3.0,4.0,8.0,20000.0,48000.0,6.0,219.0,1
36.0,670.0,0.03529411764705882,,18.97,,,,,,,3000.0,85000.0,,,0
60.0,675.0,0.20512820512820512,5.0,13.27,3321.0,20500.0,1.0,1.0,3.0,16.0,24000.0,117000.0,13.0,277.0,0
36.0,660.0,0.17307692307692307,4.0,26.02,26428.0,28000.0,11.0,11.0,4.0,11.0,18000.0,104000.0,23.0,173.0,1
36.0,665.0,0.0628125,2.0,6.93,228.0,800.0,5.0,9.0,1.0,3.0,5025.0,80000.0,38.0,375.0,0
36.0,665.0,0.1875,6.0,7.05,1339.0,9000.0,3.0,5.0,2.0,2.0,9000.0,48000.0,5.0,272.0,0
36.0,715.0,0.16279069767441862,3.0,17.44,2985.0,8300.0,4.0,4.0,4.0,3.0,7000.0,43000.0,4.0,155.0,0
36.0,680.0,0.32941176470588235,4.0,26.31,12258.0,26700.0,11.0,3.0,3.0,14.0,28000.0,85000.0,52.0,277.0,1
36.0,665.0,0.06031746031746032,,12.5,,,,,,,3800.0,63000.0,,,1
36.0,700.0,0.32967032967032966,5.0,18.76,5504.0,500.0,1.0,0.0,0.0,2.0,30000.0,91000.0,8.0,35.0,0
36.0,670.0,0.39473684210526316,3.0,21.69,2671.0,34900.0,10.0,6.0,0.0,12.0,30000.0,76000.0,10.0,85.0,0
36.0,765.0,0.26046511627906976,2.0,16.75,635.0,23700.0,10.0,,0.0,6.0,5600.0,21500.0,15.0,179.0,0
36.0,690.0,0.15849056603773584,6.0,28.56,4963.0,9400.0,1.0,1.0,0.0,9.0,8400.0,53000.0,5.0,408.0,0
36.0,690.0,0.191044776119403,9.0,30.04,,21400.0,,21.0,1.0,,12800.0,67000.0,6.0,,1
36.0,660.0,0.07547169811320754,7.0,22.16,24422.0,2300.0,2.0,2.0,3.0,8.0,8000.0,106000.0,22.0,198.0,0
36.0,665.0,0.20833333333333334,2.0,18.52,,37300.0,,6.0,0.0,,25000.0,120000.0,50.0,,0
36.0,660.0,0.10416666666666667,4.0,16.23,1862.0,6000.0,10.0,,0.0,7.0,5000.0,48000.0,12.0,172.0,0
36.0,710.0,0.052083333333333336,5.0,24.84,15548.0,23600.0,2.0,1.0,6.0,3.0,2000.0,38400.0,3.0,205.0,1
36.0,775.0,0.03333333333333333,4.0,7.48,36622.0,87900.0,7.0,14.0,6.0,4.0,6000.0,180000.0,29.0,237.0,1
36.0,680.0,0.3076923076923077,8.0,30.58,,21500.0,,9.0,0.0,,16000.0,52000.0,13.0,,0
60.0,660.0,0.3633720930232558,2.0,12.65,2693.0,21600.0,1.0,2.0,0.0,7.0,25000.0,68800.0,81.0,243.0,0
36.0,700.0,0.29264214046822745,4.0,19.21,19380.0,28500.0,3.0,10.0,3.0,4.0,16800.0,57408.0,15.0,147.0,1
36.0,715.0,0.2741228070175439,8.0,19.54,1013.0,14300.0,9.0,9.0,0.0,6.0,5000.0,18240.0,13.0,159.0,0
60.0,675.0,0.38461538461538464,5.0,9.12,1262.0,7900.0,9.0,18.0,0.0,3.0,15000.0,39000.0,9.0,45.0,0
36.0,695.0,0.225,6.0,6.75,719.0,63500.0,2.0,2.0,0.0,6.0,7200.0,32000.0,2.0,264.0,0
60.0,730.0,0.32051282051282054,4.0,19.92,5920.0,12600.0,5.0,17.0,1.0,6.0,35000.0,109200.0,24.0,169.0,0
36.0,755.0,0.04941176470588235,2.0,5.02,3450.0,1000.0,17.0,4.0,0.0,2.0,8400.0,170000.0,24.0,139.0,0
36.0,665.0,0.04447572785495498,5.0,9.62,1572.0,4100.0,9.0,3.0,1.0,4.0,2875.0,64642.0,9.0,117.0,0
36.0,695.0,0.32,4.0,22.82,10941.0,11200.0,10.0,7.0,3.0,7.0,24000.0,75000.0,13.0,213.0,1
60.0,665.0,0.2403846153846154,14.0,14.54,18305.0,5300.0,1.0,1.0,1.0,5.0,25000.0,104000.0,10.0,58.0,1
36.0,665.0,0.13714285714285715,2.0,15.19,2408.0,28500.0,14.0,11.0,2.0,9.0,4800.0,35000.0,26.0,189.0,0
36.0,740.0,0.14285714285714285,,9.95,,,,,,,10000.0,70000.0,,,0
36.0,660.0,0.2853519340519975,2.0,15.22,11734.0,9600.0,7.0,4.0,2.0,7.0,9000.0,31540.0,34.0,449.0,1
60.0,730.0,0.32,4.0,16.7,23752.0,28000.0,3.0,0.0,6.0,2.0,32000.0,100000.0,61.0,135.0,0
36.0,730.0,0.2857142857142857,2.0,11.73,3250.0,14200.0,10.0,10.0,2.0,4.0,10000.0,35000.0,10.0,305.0,0
36.0,665.0,0.12,4.0,22.29,39827.0,18000.0,10.0,15.0,3.0,4.0,24000.0,200000.0,27.0,212.0,1
36.0,700.0,0.23809523809523808,1.0,9.17,5449.0,10200.0,22.0,11.0,0.0,2.0,10000.0,42000.0,22.0,148.0,0
36.0,690.0,0.16,1.0,28.1,6889.0,45000.0,14.0,,0.0,5.0,24000.0,150000.0,26.0,196.0,0
36.0,690.0,0.28,5.0,11.19,1603.0,15500.0,1.0,10.0,0.0,2.0,14000.0,50000.0,3.0,161.0,0
36.0,665.0,0.26153846153846155,1.0,16.47,3166.0,3400.0,19.0,7.0,3.0,5.0,17000.0,65000.0,162.0,163.0,0
36.0,665.0,0.27154558404558404,3.0,4.96,27188.0,9000.0,3.0,9.0,1.0,4.0,7625.0,28080.0,3.0,213.0,1
36.0,690.0,0.12903225806451613,5.0,12.1,3055.0,3500.0,2.0,2.0,0.0,3.0,8000.0,62000.0,41.0,65.0,0
36.0,675.0,0.15625,5.0,14.72,22931.0,11800.0,1.0,8.0,2.0,4.0,10000.0,64000.0,54.0,101.0,1
36.0,690.0,0.21818181818181817,2.0,18.22,19982.0,10500.0,10.0,2.0,4.0,3.0,12000.0,55000.0,10.0,296.0,1
36.0,665.0,0.43636363636363634,2.0,12.72,6431.0,15400.0,13.0,22.0,2.0,2.0,24000.0,55000.0,13.0,135.0,0
36.0,745.0,0.1677040110650069,,10.39,,,,,,,24250.0,144600.0,,,0
36.0,730.0,0.043478260869565216,,7.38,,,,,,,5000.0,115000.0,,,1
36.0,680.0,0.25,6.0,7.71,31456.0,14600.0,14.0,13.0,1.0,8.0,20000.0,80000.0,32.0,111.0,1
36.0,735.0,0.232,5.0,21.6,2249.0,7100.0,5.0,11.0,6.0,2.0,11600.0,50000.0,21.0,180.0,0
60.0,665.0,0.2596491228070175,7.0,17.79,4006.0,36100.0,11.0,7.0,0.0,10.0,14800.0,57000.0,11.0,96.0,0
36.0,675.0,0.20066889632107024,8.0,29.39,3272.0,10200.0,4.0,6.0,0.0,7.0,6000.0,29900.0,4.0,288.0,0
60.0,675.0,0.26666666666666666,4.0,10.32,8244.0,30600.0,3.0,8.0,3.0,11.0,20000.0,75000.0,3.0,201.0,1
36.0,685.0,0.1568627450980392,,8.71,,,,,,,8000.0,51000.0,,,1
60.0,660.0,0.23076923076923078,19.0,21.95,2317.0,11000.0,4.0,1.0,3.0,9.0,18000.0,78000.0,4.0,144.0,0
36.0,725.0,0.32323232323232326,2.0,19.95,13611.0,26800.0,2.0,14.0,2.0,4.0,16000.0,49500.0,25.0,194.0,1
36.0,670.0,0.09739130434782609,3.0,10.08,5023.0,8600.0,13.0,5.0,7.0,4.0,11200.0,115000.0,16.0,93.0,0
60.0,680.0,0.464,2.0,15.88,43012.0,9800.0,10.0,,5.0,6.0,34800.0,75000.0,10.0,230.0,1
60.0,665.0,0.25925925925925924,3.0,16.69,8267.0,28000.0,3.0,6.0,5.0,3.0,28000.0,108000.0,122.0,178.0,1
36.0,695.0,0.2076388888888889,4.0,10.33,1992.0,6000.0,6.0,6.0,1.0,3.0,14950.0,72000.0,6.0,195.0,1
36.0,680.0,0.07571168988491823,7.0,8.27,25122.0,8000.0,4.0,0.0,4.0,2.0,5000.0,66040.0,14.0,159.0,1
36.0,675.0,0.2478111454573713,6.0,31.19,8560.0,10000.0,2.0,1.0,2.0,5.0,14350.0,57907.0,18.0,254.0,0
36.0,705.0,0.3909836793933829,3.0,29.61,3444.0,28400.0,4.0,16.0,0.0,5.0,13200.0,33761.0,4.0,140.0,0
60.0,675.0,0.175,4.0,15.58,38621.0,29900.0,8.0,10.0,3.0,5.0,35000.0,200000.0,27.0,164.0,1
36.0,810.0,0.169,4.0,5.51,18314.0,50600.0,11.0,8.0,3.0,3.0,21125.0,125000.0,11.0,160.0,1
36.0,670.0,0.3333333333333333,3.0,18.4,1662.0,6200.0,3.0,4.0,0.0,7.0,12000.0,36000.0,3.0,50.0,0
60.0,740.0,0.09333333333333334,,15.98,,,,,,,5600.0,60000.0,,,1
60.0,660.0,0.4,7.0,13.23,5298.0,14500.0,7.0,7.0,0.0,5.0,18000.0,45000.0,7.0,97.0,0
60.0,670.0,0.25,3.0,34.43,6093.0,900.0,2.0,2.0,1.0,6.0,12000.0,48000.0,13.0,398.0,0
36.0,695.0,0.3375,2.0,9.03,16391.0,11900.0,6.0,5.0,1.0,4.0,12825.0,38000.0,24.0,79.0,1
36.0,800.0,0.1111111111111111,3.0,2.71,48872.0,34000.0,2.0,2.0,5.0,0.0,12000.0,108000.0,104.0,193.0,1
36.0,665.0,0.4197916666666667,2.0,13.6,1329.0,9400.0,10.0,,0.0,7.0,10075.0,24000.0,10.0,88.0,0
36.0,710.0,0.38296568627450983,3.0,14.17,14747.0,13000.0,7.0,12.0,3.0,4.0,15000.0,39168.0,7.0,292.0,1
60.0,710.0,0.16,12.0,19.56,7040.0,67000.0,5.0,2.0,1.0,5.0,24000.0,150000.0,9.0,159.0,1
36.0,675.0,0.17391304347826086,4.0,33.98,3429.0,1100.0,4.0,1.0,2.0,8.0,10000.0,57500.0,34.0,103.0,1
36.0,670.0,0.20833333333333334,,6.4,,,,,,,10000.0,48000.0,,,0
36.0,735.0,0.28,6.0,37.07,12311.0,24300.0,11.0,24.0,1.0,4.0,28000.0,100000.0,16.0,262.0,1
36.0,690.0,0.22302013871852627,5.0,11.95,1909.0,6800.0,5.0,7.0,2.0,11.0,20000.0,89678.0,46.0,371.0,0
36.0,690.0,0.1702127659574468,2.0,20.25,8483.0,7400.0,6.0,19.0,0.0,3.0,8000.0,47000.0,9.0,128.0,0
36.0,680.0,0.22857142857142856,2.0,33.02,1878.0,12800.0,19.0,,0.0,6.0,8000.0,35000.0,19.0,242.0,0
36.0,715.0,0.2625,1.0,24.58,17443.0,28400.0,18.0,,1.0,8.0,21000.0,80000.0,18.0,208.0,1
36.0,700.0,0.20555555555555555,14.0,24.83,18324.0,6700.0,1.0,2.0,6.0,3.0,9250.0,45000.0,8.0,161.0,1
60.0,685.0,0.34,3.0,20.68,6512.0,22800.0,2.0,2.0,3.0,6.0,20400.0,60000.0,11.0,146.0,1
36.0,770.0,0.225,3.0,7.26,54287.0,16000.0,13.0,1.0,7.0,3.0,18000.0,80000.0,76.0,133.0,1
36.0,730.0,0.21428571428571427,,10.49,,,,,,,15000.0,70000.0,,,0
36.0,750.0,0.08954545454545454,1.0,13.96,32184.0,4500.0,20.0,,2.0,1.0,9850.0,110000.0,98.0,123.0,1
36.0,695.0,0.12,2.0,12.2,4774.0,27300.0,2.0,,2.0,4.0,14400.0,120000.0,81.0,167.0,0
36.0,665.0,0.3333333333333333,3.0,27.51,6469.0,4200.0,4.0,23.0,0.0,3.0,20000.0,60000.0,18.0,149.0,1
36.0,690.0,0.0684931506849315,3.0,17.51,3044.0,29600.0,0.0,0.0,0.0,7.0,5000.0,73000.0,0.0,195.0,0
36.0,665.0,0.2564102564102564,7.0,31.88,2488.0,7600.0,2.0,16.0,0.0,10.0,10000.0,39000.0,28.0,131.0,0
60.0,665.0,0.2397371410027584,10.0,12.89,21628.0,7500.0,2.0,3.0,2.0,0.0,14775.0,61630.0,2.0,173.0,1
36.0,735.0,0.2796875,9.0,39.8,24820.0,54000.0,1.0,9.0,3.0,4.0,22375.0,80000.0,17.0,184.0,0
36.0,670.0,0.09433962264150944,3.0,8.36,2165.0,7000.0,4.0,6.0,0.0,5.0,5000.0,53000.0,4.0,89.0,0
36.0,720.0,0.2845528455284553,3.0,26.5,35525.0,36300.0,14.0,9.0,4.0,4.0,35000.0,123000.0,65.0,327.0,1
60.0,720.0,0.19230769230769232,4.0,18.91,34488.0,29300.0,0.0,0.0,1.0,7.0,25000.0,130000.0,0.0,162.0,1
36.0,675.0,0.3888888888888889,11.0,18.37,2546.0,26300.0,6.0,9.0,0.0,7.0,17500.0,45000.0,6.0,248.0,1
36.0,705.0,0.25882352941176473,6.0,17.7,,12100.0,,0.0,0.0,,22000.0,85000.0,7.0,,0
60.0,685.0,0.15,1.0,7.41,10702.0,61600.0,18.0,,3.0,5.0,30000.0,200000.0,57.0,221.0,0
36.0,720.0,0.1935483870967742,7.0,18.74,25572.0,18300.0,7.0,13.0,2.0,4.0,12000.0,62000.0,9.0,62.0,1
36.0,715.0,0.025980392156862746,3.0,31.69,4678.0,3800.0,4.0,4.0,0.0,5.0,1325.0,51000.0,27.0,120.0,0
60.0,680.0,0.39971122184853236,5.0,27.58,8113.0,18400.0,3.0,14.0,2.0,14.0,22700.0,56791.0,3.0,191.0,1
36.0,660.0,0.12307692307692308,7.0,15.32,11488.0,1500.0,1.0,1.0,1.0,2.0,8000.0,65000.0,1.0,118.0,0
60.0,700.0,0.22105263157894736,7.0,25.08,15486.0,43500.0,7.0,13.0,1.0,12.0,21000.0,95000.0,13.0,247.0,1
60.0,660.0,0.26881720430107525,6.0,18.28,20186.0,30700.0,5.0,3.0,7.0,5.0,25000.0,93000.0,9.0,328.0,1
36.0,745.0,0.18475,2.0,17.95,28419.0,32700.0,9.0,16.0,1.0,1.0,18475.0,100000.0,47.0,105.0,1
60.0,675.0,0.34,4.0,24.83,11191.0,18500.0,2.0,10.0,1.0,6.0,11900.0,35000.0,2.0,183.0,1
36.0,705.0,0.3115625,4.0,17.63,69817.0,2000.0,12.0,17.0,4.0,0.0,24925.0,80000.0,23.0,351.0,1
60.0,695.0,0.17391304347826086,9.0,19.18,4078.0,9200.0,0.0,0.0,1.0,9.0,20000.0,115000.0,16.0,255.0,0
36.0,700.0,0.18181818181818182,,4.45,,,,,,,10000.0,55000.0,,,1
36.0,730.0,0.22857142857142856,3.0,5.75,1658.0,36800.0,10.0,6.0,0.0,5.0,24000.0,105000.0,10.0,223.0,0
36.0,685.0,0.2909090909090909,8.0,26.16,2523.0,38900.0,10.0,10.0,0.0,15.0,16000.0,55000.0,17.0,151.0,0
36.0,680.0,0.10638297872340426,6.0,19.07,12411.0,16700.0,3.0,3.0,6.0,10.0,10000.0,94000.0,44.0,293.0,1
36.0,760.0,0.08333333333333333,1.0,9.13,61055.0,25600.0,21.0,13.0,6.0,2.0,10000.0,120000.0,36.0,243.0,1
36.0,690.0,0.288,7.0,12.14,762.0,6800.0,2.0,2.0,0.0,6.0,7200.0,25000.0,2.0,90.0,0
36.0,685.0,0.4396701388888889,2.0,9.27,3168.0,4300.0,5.0,,0.0,4.0,25325.0,57600.0,39.0,89.0,0
60.0,705.0,0.2,6.0,13.99,42722.0,90500.0,2.0,3.0,10.0,5.0,20000.0,100000.0,2.0,286.0,1
36.0,690.0,0.13440860215053763,,15.35,,,,,,,5000.0,37200.0,,,0
60.0,705.0,0.33611111111111114,5.0,17.25,36454.0,22400.0,5.0,1.0,3.0,3.0,15125.0,45000.0,17.0,138.0,1
60.0,695.0,0.3349206349206349,3.0,13.45,7099.0,36600.0,16.0,3.0,0.0,4.0,21100.0,63000.0,16.0,136.0,0
60.0,665.0,0.29069767441860467,2.0,20.75,1916.0,18300.0,12.0,0.0,1.0,13.0,25000.0,86000.0,58.0,167.0,1
36.0,660.0,0.15182186234817813,4.0,5.53,935.0,11900.0,11.0,11.0,0.0,5.0,6000.0,39520.0,11.0,42.0,0
36.0,665.0,0.30973451327433627,4.0,10.03,3518.0,35500.0,2.0,18.0,0.0,4.0,35000.0,113000.0,2.0,223.0,0
60.0,700.0,0.3384615384615385,4.0,28.86,5017.0,24512.0,15.0,15.0,0.0,6.0,22000.0,65000.0,15.0,138.0,0
60.0,695.0,0.2946375957572186,1.0,19.62,,18300.0,,,0.0,,35000.0,118790.0,53.0,,0
36.0,670.0,0.14285714285714285,7.0,4.19,433.0,20100.0,2.0,1.0,0.0,4.0,5000.0,35000.0,2.0,69.0,0
36.0,700.0,0.25625,3.0,33.08,6967.0,32300.0,3.0,0.0,2.0,3.0,8200.0,32000.0,112.0,296.0,0
36.0,710.0,0.216,6.0,28.13,22357.0,23700.0,11.0,9.0,7.0,10.0,21600.0,100000.0,15.0,393.0,1
36.0,695.0,0.1111111111111111,6.0,12.49,3905.0,34900.0,3.0,4.0,1.0,8.0,15000.0,135000.0,3.0,206.0,0
36.0,715.0,0.0837719298245614,,18.6,,,,,,,4775.0,57000.0,,,1
36.0,675.0,0.2222222222222222,8.0,27.84,3214.0,3300.0,8.0,2.0,0.0,5.0,10000.0,45000.0,21.0,83.0,0
36.0,680.0,0.18823529411764706,1.0,5.45,9514.0,45600.0,22.0,,0.0,4.0,16000.0,85000.0,22.0,192.0,0
36.0,675.0,0.05,4.0,6.98,2279.0,38000.0,3.0,17.0,0.0,5.0,6000.0,120000.0,3.0,121.0,0
36.0,690.0,0.38461538461538464,2.0,12.17,2475.0,17900.0,2.0,,0.0,7.0,20000.0,52000.0,2.0,164.0,0
36.0,680.0,0.17467248908296942,6.0,25.97,13760.0,1800.0,2.0,2.0,0.0,5.0,8000.0,45800.0,14.0,315.0,1
36.0,695.0,0.15625,8.0,23.51,7373.0,9100.0,2.0,,6.0,5.0,20000.0,128000.0,7.0,184.0,0
36.0,705.0,0.44,2.0,19.11,1607.0,11100.0,4.0,4.0,0.0,2.0,11000.0,25000.0,4.0,155.0,0
60.0,705.0,0.4426186890418818,3.0,16.84,2666.0,18300.0,6.0,1.0,4.0,4.0,19750.0,44620.8,37.0,254.0,1
60.0,660.0,0.1565,3.0,15.46,6146.0,2500.0,6.0,5.0,1.0,3.0,15650.0,100000.0,22.0,179.0,0
36.0,715.0,0.17777777777777778,0.0,12.61,12638.0,64000.0,26.0,0.0,0.0,4.0,24000.0,135000.0,46.0,202.0,0
36.0,680.0,0.125,4.0,14.18,17734.0,2500.0,6.0,18.0,4.0,1.0,10000.0,80000.0,8.0,173.0,1
36.0,710.0,0.14285714285714285,2.0,18.64,22663.0,2600.0,13.0,,2.0,4.0,8000.0,56000.0,97.0,118.0,1
36.0,700.0,0.04285714285714286,2.0,7.13,25215.0,4200.0,3.0,10.0,2.0,4.0,3000.0,70000.0,123.0,182.0,1
36.0,685.0,0.10555555555555556,,22.63,,,,,,,9500.0,90000.0,,,1
60.0,735.0,0.21428571428571427,8.0,16.13,19323.0,42300.0,4.0,16.0,3.0,6.0,15000.0,70000.0,4.0,146.0,1
36.0,735.0,0.16666666666666666,12.0,9.03,11823.0,26400.0,3.0,2.0,2.0,5.0,15000.0,90000.0,3.0,135.0,1
36.0,690.0,0.04666666666666667,3.0,28.11,12798.0,18700.0,9.0,2.0,0.0,4.0,3500.0,75000.0,9.0,171.0,0
60.0,670.0,0.12264150943396226,3.0,8.42,43556.0,4000.0,7.0,5.0,2.0,4.0,13000.0,106000.0,77.0,104.0,1
36.0,680.0,0.32051282051282054,8.0,27.15,4649.0,17300.0,5.0,9.0,0.0,2.0,10000.0,31200.0,10.0,96.0,0
36.0,705.0,0.1111111111111111,5.0,11.36,,14988.0,,22.0,0.0,,5000.0,45000.0,7.0,,0
36.0,680.0,0.3582089552238806,7.0,31.56,2114.0,17500.0,2.0,4.0,1.0,9.0,24000.0,67000.0,2.0,192.0,0
60.0,685.0,0.08928571428571429,9.0,34.69,26876.0,31100.0,7.0,9.0,4.0,13.0,15000.0,168000.0,13.0,368.0,1
60.0,670.0,0.1653061224489796,6.0,18.33,9060.0,25500.0,5.0,1.0,4.0,5.0,16200.0,98000.0,5.0,159.0,0
36.0,660.0,0.3783783783783784,5.0,18.46,6236.0,12100.0,2.0,3.0,0.0,4.0,14000.0,37000.0,4.0,112.0,0
36.0,740.0,0.1511111111111111,16.0,9.33,5939.0,29200.0,3.0,1.0,7.0,0.0,6800.0,45000.0,8.0,73.0,1
60.0,675.0,0.36923076923076925,1.0,26.94,2630.0,11400.0,12.0,0.0,1.0,3.0,24000.0,65000.0,51.0,416.0,0
36.0,680.0,0.23880597014925373,1.0,29.45,2679.0,13000.0,21.0,,1.0,6.0,8000.0,33500.0,21.0,157.0,1
60.0,675.0,0.1875,3.0,33.74,5349.0,9700.0,8.0,18.0,0.0,4.0,15000.0,80000.0,17.0,218.0,0
60.0,700.0,0.2056818181818182,4.0,12.74,14048.0,8300.0,5.0,5.0,2.0,3.0,22625.0,110000.0,8.0,125.0,0
36.0,680.0,0.11475409836065574,4.0,18.45,32861.0,8100.0,2.0,2.0,5.0,5.0,7000.0,61000.0,8.0,390.0,1
36.0,730.0,0.19692307692307692,4.0,7.53,12719.0,15000.0,7.0,10.0,2.0,6.0,12800.0,65000.0,25.0,121.0,1
36.0,670.0,0.14285714285714285,11.0,18.32,17389.0,8100.0,10.0,3.0,7.0,14.0,20000.0,140000.0,15.0,180.0,1
36.0,705.0,0.15789473684210525,5.0,9.16,631.0,13800.0,9.0,17.0,0.0,6.0,6000.0,38000.0,17.0,58.0,0
36.0,675.0,0.21033653846153846,2.0,12.95,2187.0,7800.0,17.0,17.0,0.0,3.0,7000.0,33280.0,17.0,190.0,0
36.0,715.0,0.4166666666666667,1.0,23.1,14551.0,42800.0,1.0,,1.0,8.0,25000.0,60000.0,1.0,163.0,1
36.0,665.0,0.25,12.0,28.41,7442.0,4500.0,1.0,2.0,0.0,6.0,30000.0,120000.0,9.0,206.0,0
36.0,710.0,0.24,7.0,21.76,9330.0,19200.0,5.0,13.0,3.0,7.0,12000.0,50000.0,7.0,136.0,1
60.0,705.0,0.2735294117647059,7.0,26.37,4794.0,9800.0,2.0,,0.0,6.0,18600.0,68000.0,9.0,226.0,0
36.0,700.0,0.25,2.0,21.1,1447.0,4100.0,20.0,1.0,0.0,4.0,6000.0,24000.0,22.0,70.0,0
36.0,720.0,0.3472222222222222,,2.5,,,,,,,2500.0,7200.0,,,0
60.0,660.0,0.2937526272594431,7.0,18.12,1428.0,11600.0,2.0,5.0,2.0,12.0,14675.0,49957.0,2.0,132.0,0
60.0,760.0,0.30759493670886073,4.0,20.1,20667.0,42300.0,8.0,9.0,3.0,6.0,24300.0,79000.0,26.0,274.0,1
36.0,675.0,0.4166666666666667,2.0,20.36,4049.0,59100.0,8.0,14.0,0.0,10.0,25000.0,60000.0,40.0,253.0,0
60.0,690.0,0.395,12.0,34.0,8984.0,107400.0,2.0,2.0,1.0,21.0,33575.0,85000.0,3.0,357.0,1
60.0,735.0,0.21251475796930341,8.0,16.44,5033.0,29000.0,9.0,5.0,3.0,3.0,18000.0,84700.0,9.0,170.0,0
36.0,710.0,0.3106796116504854,3.0,22.03,18054.0,20600.0,1.0,2.0,8.0,9.0,32000.0,103000.0,17.0,264.0,1
60.0,665.0,0.39528301886792455,3.0,34.08,5121.0,21500.0,3.0,3.0,2.0,6.0,20950.0,53000.0,29.0,215.0,0
60.0,735.0,0.23333333333333334,3.0,15.01,28381.0,19600.0,10.0,2.0,2.0,3.0,17500.0,75000.0,39.0,217.0,0
36.0,685.0,0.3988888888888889,3.0,17.84,18523.0,15400.0,8.0,1.0,8.0,6.0,17950.0,45000.0,8.0,170.0,1
36.0,710.0,0.09438202247191012,12.0,22.79,1738.0,6400.0,3.0,3.0,2.0,6.0,4200.0,44500.0,8.0,128.0,1
36.0,730.0,0.11178861788617886,3.0,17.02,25394.0,19000.0,4.0,13.0,2.0,6.0,11000.0,98400.0,23.0,227.0,1
36.0,735.0,0.11320754716981132,2.0,13.56,12984.0,5300.0,9.0,,3.0,2.0,6000.0,53000.0,9.0,191.0,0
36.0,695.0,0.25,1.0,25.16,1994.0,21800.0,19.0,,1.0,5.0,6500.0,26000.0,43.0,150.0,0
60.0,705.0,0.1646090534979424,3.0,15.73,24127.0,58600.0,6.0,0.0,2.0,6.0,16000.0,97200.0,6.0,126.0,1
36.0,720.0,0.11764705882352941,2.0,2.4,1118.0,20500.0,12.0,,0.0,3.0,10000.0,85000.0,16.0,140.0,0
36.0,715.0,0.11428571428571428,6.0,29.38,11383.0,4700.0,1.0,5.0,3.0,7.0,8000.0,70000.0,4.0,172.0,1
36.0,715.0,0.26246719160104987,5.0,3.77,20347.0,75000.0,2.0,4.0,8.0,4.0,35000.0,133350.0,2.0,149.0,1
60.0,685.0,0.43986486486486487,3.0,29.68,5841.0,17800.0,4.0,4.0,0.0,3.0,16275.0,37000.0,4.0,158.0,0
36.0,730.0,0.046153846153846156,6.0,11.15,22545.0,5900.0,5.0,17.0,1.0,3.0,3000.0,65000.0,5.0,134.0,1
36.0,670.0,0.3157894736842105,13.0,12.19,3767.0,6400.0,10.0,0.0,1.0,3.0,6000.0,19000.0,11.0,292.0,1
36.0,715.0,0.12,1.0,19.39,2951.0,20700.0,16.0,18.0,0.0,3.0,3000.0,25000.0,16.0,56.0,0
60.0,680.0,0.08547008547008547,4.0,13.22,54625.0,5795.0,6.0,1.0,1.0,3.0,10000.0,117000.0,27.0,121.0,1
36.0,720.0,0.23076923076923078,,14.7,,,,,,,15000.0,65000.0,,,1
36.0,670.0,0.16941176470588235,8.0,12.9,34410.0,16600.0,5.0,5.0,1.0,4.0,14400.0,85000.0,10.0,143.0,1
60.0,675.0,0.2,6.0,12.26,49997.0,7300.0,0.0,0.0,3.0,5.0,20000.0,100000.0,129.0,222.0,1
60.0,700.0,0.22727272727272727,3.0,21.18,30062.0,30000.0,16.0,10.0,3.0,9.0,25000.0,110000.0,16.0,187.0,1
36.0,665.0,0.11666666666666667,5.0,12.17,18058.0,13100.0,4.0,5.0,1.0,4.0,8400.0,72000.0,6.0,127.0,1
36.0,675.0,0.16,5.0,18.67,5659.0,5500.0,7.0,7.0,3.0,3.0,12000.0,75000.0,15.0,139.0,0
36.0,705.0,0.21176470588235294,,14.33,,,,,,,18000.0,85000.0,,,1
36.0,720.0,0.22317727927767078,,18.93,,,,,,,17500.0,78413.0,,,1
60.0,760.0,0.37333333333333335,11.0,9.65,30639.0,58000.0,1.0,4.0,7.0,6.0,28000.0,75000.0,1.0,277.0,1
36.0,700.0,0.15217391304347827,6.0,19.95,23896.0,10000.0,6.0,10.0,2.0,8.0,14000.0,92000.0,19.0,120.0,1
60.0,760.0,0.33653846153846156,5.0,35.56,18771.0,97600.0,3.0,3.0,6.0,9.0,35000.0,104000.0,10.0,240.0,1
36.0,710.0,0.35408163265306125,4.0,35.81,5719.0,30000.0,12.0,22.0,1.0,11.0,17350.0,49000.0,18.0,175.0,1
60.0,685.0,0.2613991826918888,4.0,18.52,14159.0,37300.0,3.0,0.0,2.0,6.0,30000.0,114767.0,3.0,116.0,1
36.0,650.0,0.36764705882352944,,20.53,,,,,,,15000.0,40800.0,,,0
60.0,665.0,0.3192879490038841,7.0,23.11,2956.0,6500.0,1.0,7.0,1.0,4.0,23000.0,72035.29,22.0,359.0,1
60.0,720.0,0.445,2.0,28.84,10446.0,51356.0,12.0,12.0,1.0,5.0,22250.0,50000.0,12.0,212.0,0
60.0,695.0,0.16,,11.32,,,,,,,20000.0,125000.0,,,1
36.0,670.0,0.15384615384615385,4.0,23.32,8318.0,1500.0,13.0,9.0,0.0,1.0,6000.0,39000.0,13.0,119.0,0
60.0,720.0,0.16822429906542055,1.0,14.77,30755.0,44800.0,23.0,3.0,4.0,4.0,18000.0,107000.0,89.0,263.0,1
60.0,675.0,0.125,3.0,26.87,27584.0,8500.0,7.0,7.0,1.0,5.0,10000.0,80000.0,16.0,105.0,1
36.0,660.0,0.03,6.0,12.45,8132.0,20300.0,4.0,4.0,0.0,5.0,2400.0,80000.0,4.0,67.0,0
36.0,680.0,0.4385869565217391,1.0,28.65,2926.0,15800.0,16.0,,0.0,6.0,20175.0,46000.0,35.0,172.0,0
60.0,750.0,0.16666666666666666,,9.49,,,,,,,30000.0,180000.0,,,0
60.0,660.0,0.18633540372670807,8.0,14.71,3803.0,21100.0,8.0,11.0,2.0,8.0,21000.0,112700.0,8.0,221.0,0
60.0,690.0,0.34116075511839217,4.0,18.81,,21000.0,,3.0,1.0,,20000.0,58623.39,50.0,,1
36.0,685.0,0.32727272727272727,5.0,13.03,1798.0,39900.0,2.0,,0.0,5.0,18000.0,55000.0,2.0,114.0,0
36.0,680.0,0.22857142857142856,4.0,28.51,5290.0,16600.0,10.0,17.0,0.0,7.0,16000.0,70000.0,10.0,114.0,0
36.0,725.0,0.0802529573214773,13.0,24.14,1593.0,13500.0,1.0,3.0,3.0,20.0,5000.0,62303.0,6.0,391.0,1
36.0,685.0,0.07731958762886598,,17.15,,,,,,,7500.0,97000.0,,,1
36.0,665.0,0.18666666666666668,2.0,7.82,31885.0,58900.0,10.0,,10.0,8.0,28000.0,150000.0,10.0,141.0,1
36.0,675.0,0.1640625,4.0,18.13,28662.0,4000.0,1.0,1.0,1.0,5.0,7875.0,48000.0,2.0,106.0,1
60.0,700.0,0.13916485623497213,5.0,8.23,22036.0,5500.0,1.0,1.0,1.0,5.0,18000.0,129343.0,3.0,272.0,1
36.0,670.0,0.1583531274742676,5.0,21.21,7885.0,3000.0,7.0,13.0,2.0,8.0,10000.0,63150.0,19.0,158.0,1
60.0,720.0,0.13071895424836602,9.0,14.21,25072.0,33500.0,2.0,3.0,4.0,5.0,20000.0,153000.0,11.0,150.0,1
36.0,690.0,0.3103448275862069,7.0,27.23,18206.0,22100.0,7.0,10.0,4.0,5.0,18000.0,58000.0,9.0,208.0,1
36.0,675.0,0.25,3.0,12.62,9804.0,8500.0,22.0,2.0,1.0,6.0,15000.0,60000.0,30.0,169.0,1
36.0,675.0,0.28,0.0,18.5,3160.0,17700.0,29.0,,0.0,3.0,14000.0,50000.0,39.0,127.0,0
36.0,660.0,0.04115384615384615,7.0,10.06,3896.0,5800.0,2.0,1.0,0.0,4.0,2675.0,65000.0,2.0,15.0,0
36.0,710.0,0.24444444444444444,1.0,17.59,8916.0,12600.0,5.0,,2.0,7.0,22000.0,90000.0,95.0,263.0,0
60.0,740.0,0.48,1.0,8.04,1675.0,68400.0,13.0,6.0,0.0,6.0,28800.0,60000.0,13.0,183.0,0
36.0,670.0,0.14444444444444443,9.0,19.2,7342.0,11000.0,4.0,4.0,1.0,4.0,13000.0,90000.0,14.0,150.0,0
36.0,665.0,0.42875,4.0,14.55,6048.0,6600.0,5.0,5.0,7.0,5.0,17150.0,40000.0,14.0,175.0,1
36.0,695.0,0.2222222222222222,1.0,8.77,12121.0,13500.0,7.0,8.0,4.0,5.0,10000.0,45000.0,65.0,151.0,1
36.0,725.0,0.23076923076923078,1.0,16.37,7142.0,5100.0,24.0,,0.0,2.0,30000.0,130000.0,59.0,119.0,0
60.0,715.0,0.11842105263157894,2.0,26.37,43886.0,32900.0,3.0,3.0,5.0,3.0,22500.0,190000.0,45.0,281.0,1
36.0,700.0,0.3645833333333333,3.0,13.56,24256.0,43100.0,2.0,2.0,9.0,7.0,35000.0,96000.0,2.0,191.0,1
60.0,770.0,0.20689655172413793,12.0,14.6,37195.0,77800.0,3.0,1.0,3.0,6.0,24000.0,116000.0,13.0,272.0,1
36.0,685.0,0.2777777777777778,1.0,12.06,897.0,5500.0,16.0,8.0,0.0,4.0,6000.0,21600.0,16.0,89.0,0
36.0,725.0,0.23809523809523808,,13.92,,,,,,,15000.0,63000.0,,,1
36.0,660.0,0.16666666666666666,2.0,9.1,712.0,6800.0,7.0,1.0,0.0,9.0,10000.0,60000.0,7.0,191.0,0
60.0,700.0,0.4166666666666667,11.0,26.72,3559.0,44000.0,6.0,18.0,0.0,9.0,25000.0,60000.0,9.0,122.0,0
36.0,710.0,0.15555555555555556,1.0,18.0,21531.0,12900.0,11.0,1.0,4.0,2.0,14000.0,90000.0,71.0,81.0,1
36.0,660.0,0.08552856654122477,3.0,18.91,2572.0,19200.0,8.0,19.0,0.0,6.0,3000.0,35076.0,8.0,311.0,0
36.0,735.0,0.1509433962264151,2.0,1.83,874.0,800.0,14.0,4.0,0.0,2.0,8000.0,53000.0,37.0,37.0,0
60.0,685.0,0.3597222222222222,7.0,27.57,3764.0,3300.0,6.0,5.0,0.0,6.0,12950.0,36000.0,12.0,140.0,0
60.0,690.0,0.45916666666666667,1.0,30.32,6773.0,35800.0,9.0,9.0,1.0,8.0,13775.0,30000.0,9.0,224.0,0
36.0,825.0,0.192,0.0,2.83,56979.0,78800.0,28.0,,10.0,5.0,24000.0,125000.0,28.0,224.0,1
36.0,665.0,0.19230769230769232,7.0,15.55,20219.0,17000.0,2.0,1.0,6.0,6.0,10000.0,52000.0,10.0,399.0,1
36.0,680.0,0.4072222222222222,5.0,30.4,3693.0,18500.0,3.0,0.0,2.0,7.0,18325.0,45000.0,3.0,122.0,0
36.0,760.0,0.11725,2.0,9.64,6322.0,4000.0,7.0,7.0,0.0,4.0,11725.0,100000.0,36.0,58.0,0
36.0,735.0,0.4311111111111111,4.0,28.64,19313.0,6500.0,19.0,19.0,5.0,4.0,19400.0,45000.0,19.0,225.0,0
60.0,680.0,0.08333333333333333,5.0,16.26,16978.0,19000.0,5.0,6.0,5.0,6.0,15000.0,180000.0,13.0,152.0,1
36.0,720.0,0.2,6.0,11.66,8691.0,13500.0,12.0,15.0,1.0,3.0,20000.0,100000.0,15.0,120.0,0
36.0,675.0,0.07142857142857142,2.0,17.63,2883.0,13600.0,6.0,7.0,2.0,4.0,3000.0,42000.0,6.0,134.0,0
36.0,660.0,0.0875,7.0,3.75,8246.0,6500.0,5.0,10.0,4.0,2.0,7000.0,80000.0,10.0,131.0,1
60.0,735.0,0.3902439024390244,1.0,30.15,3240.0,15700.0,13.0,0.0,0.0,8.0,16000.0,41000.0,13.0,175.0,1
36.0,665.0,0.15818181818181817,4.0,16.95,30056.0,36900.0,9.0,2.0,5.0,10.0,8700.0,55000.0,17.0,241.0,1
36.0,690.0,0.05,4.0,13.6,658.0,0.0,5.0,8.0,0.0,1.0,1500.0,30000.0,,68.0,0
36.0,670.0,0.016666666666666666,6.0,15.94,4653.0,500.0,8.0,1.0,0.0,2.0,1000.0,60000.0,18.0,111.0,0
60.0,750.0,0.21948077685295284,3.0,22.24,2725.0,32100.0,15.0,,1.0,8.0,11075.0,50460.0,24.0,304.0,0
36.0,670.0,0.125,8.0,18.28,6528.0,19700.0,3.0,5.0,1.0,8.0,15000.0,120000.0,3.0,137.0,0
36.0,680.0,0.3723404255319149,4.0,10.19,4358.0,6100.0,7.0,5.0,0.0,6.0,35000.0,94000.0,19.0,204.0,0
60.0,710.0,0.32,3.0,20.56,28693.0,60000.0,4.0,6.0,1.0,4.0,24000.0,75000.0,18.0,206.0,1
36.0,695.0,0.0991571641051066,12.0,12.85,2877.0,13900.0,5.0,5.0,0.0,6.0,4000.0,40340.0,8.0,72.0,0
36.0,690.0,0.20202020202020202,3.0,22.61,2517.0,8800.0,6.0,,0.0,5.0,8000.0,39600.0,12.0,87.0,0
60.0,700.0,0.2857142857142857,6.0,25.72,2948.0,67600.0,8.0,7.0,0.0,13.0,20000.0,70000.0,16.0,228.0,0
36.0,675.0,0.1111111111111111,3.0,22.45,16303.0,18400.0,3.0,0.0,1.0,7.0,5000.0,45000.0,3.0,187.0,1
36.0,685.0,0.125,1.0,15.28,1724.0,4600.0,9.0,6.0,0.0,7.0,6000.0,48000.0,35.0,72.0,0
36.0,685.0,0.07936507936507936,4.0,25.93,11072.0,5900.0,3.0,4.0,0.0,5.0,15000.0,189000.0,40.0,203.0,0
36.0,660.0,0.25,2.0,21.95,11588.0,2600.0,20.0,2.0,0.0,3.0,12000.0,48000.0,35.0,58.0,1
36.0,695.0,0.2857142857142857,5.0,11.65,13764.0,31700.0,3.0,0.0,0.0,4.0,20000.0,70000.0,3.0,165.0,0
36.0,665.0,0.1,12.0,16.55,23156.0,23600.0,2.0,1.0,2.0,7.0,15000.0,150000.0,2.0,184.0,0
36.0,710.0,0.16666666666666666,12.0,18.58,1932.0,54900.0,1.0,7.0,0.0,10.0,10000.0,60000.0,1.0,228.0,0
36.0,660.0,0.059375,7.0,27.56,25239.0,4700.0,1.0,12.0,2.0,4.0,3325.0,56000.0,3.0,344.0,1
60.0,670.0,0.26666666666666666,3.0,9.79,1086.0,4300.0,2.0,3.0,1.0,3.0,10000.0,37500.0,34.0,181.0,1
36.0,710.0,0.1,2.0,7.22,112793.0,35000.0,4.0,4.0,13.0,2.0,30000.0,300000.0,75.0,104.0,1
60.0,660.0,0.3110077265181481,4.0,33.33,5661.0,6500.0,5.0,5.0,0.0,5.0,15175.0,48793.0,5.0,155.0,0
60.0,670.0,0.3587688044338876,12.0,26.63,3466.0,8800.0,5.0,1.0,0.0,8.0,14500.0,40416.0,17.0,239.0,0
36.0,660.0,0.075,3.0,27.67,2603.0,14500.0,5.0,3.0,0.0,6.0,1500.0,20000.0,77.0,601.0,0
60.0,710.0,0.35,5.0,16.73,23663.0,15000.0,8.0,8.0,3.0,7.0,28000.0,80000.0,13.0,293.0,1
36.0,690.0,0.15384615384615385,,18.82,,,,,,,11200.0,72800.0,,,1
36.0,675.0,0.19678714859437751,1.0,16.36,6884.0,2400.0,24.0,24.0,0.0,1.0,9800.0,49800.0,101.0,149.0,0
36.0,665.0,0.16666666666666666,7.0,20.78,10524.0,9600.0,5.0,5.0,3.0,8.0,10000.0,60000.0,24.0,272.0,1
36.0,735.0,0.07090909090909091,2.0,12.36,16548.0,43600.0,12.0,1.0,3.0,4.0,7800.0,110000.0,32.0,145.0,0
36.0,660.0,0.18666666666666668,8.0,18.88,1047.0,1500.0,12.0,16.0,0.0,6.0,5600.0,30000.0,12.0,59.0,0
60.0,720.0,0.17142857142857143,,21.33,,,,,,,12000.0,70000.0,,,1
36.0,710.0,0.13725490196078433,1.0,5.12,1438.0,22300.0,19.0,19.0,1.0,7.0,14000.0,102000.0,19.0,121.0,0
60.0,690.0,0.37402597402597404,2.0,15.24,8768.0,29500.0,16.0,20.0,1.0,5.0,28800.0,77000.0,29.0,239.0,1
60.0,660.0,0.3333333333333333,4.0,27.33,7103.0,8600.0,13.0,3.0,0.0,7.0,22000.0,66000.0,52.0,170.0,0
60.0,680.0,0.20272727272727273,10.0,30.37,5813.0,29700.0,3.0,4.0,3.0,8.0,22300.0,110000.0,21.0,293.0,1
36.0,735.0,0.41,1.0,22.4,17074.0,22000.0,0.0,,6.0,4.0,20500.0,50000.0,42.0,303.0,1
36.0,715.0,0.25806451612903225,7.0,11.03,775.0,9200.0,6.0,3.0,0.0,6.0,8000.0,31000.0,6.0,275.0,1
60.0,700.0,0.30973451327433627,9.0,31.64,4766.0,23100.0,3.0,0.0,0.0,16.0,35000.0,113000.0,17.0,145.0,0
36.0,775.0,0.13636363636363635,4.0,5.84,27176.0,37500.0,15.0,0.0,6.0,5.0,15000.0,110000.0,23.0,145.0,1
60.0,675.0,0.2926829268292683,4.0,8.5,5117.0,9400.0,4.0,6.0,0.0,4.0,24000.0,82000.0,6.0,138.0,0
60.0,670.0,0.44166666666666665,6.0,20.26,5648.0,6500.0,4.0,7.0,0.0,4.0,26500.0,60000.0,32.0,59.0,0
60.0,680.0,0.21428571428571427,5.0,21.17,39512.0,14400.0,7.0,3.0,2.0,4.0,15000.0,70000.0,55.0,148.0,1
60.0,685.0,0.16,5.0,9.92,32607.0,64000.0,5.0,7.0,1.0,7.0,32000.0,200000.0,6.0,159.0,1
60.0,725.0,0.1,1.0,3.58,,10500.0,,12.0,4.0,,9600.0,96000.0,34.0,,1
60.0,685.0,0.12833333333333333,0.0,6.03,95400.0,38300.0,31.0,4.0,7.0,4.0,15400.0,120000.0,31.0,249.0,1
60.0,690.0,0.45,0.0,28.74,17966.0,34600.0,76.0,,4.0,7.0,18000.0,40000.0,80.0,215.0,1
60.0,665.0,0.11325,2.0,13.07,3049.0,1900.0,4.0,6.0,4.0,3.0,11325.0,100000.0,30.0,213.0,0
36.0,735.0,0.075,4.0,7.82,17843.0,12600.0,7.0,7.0,1.0,3.0,7500.0,100000.0,7.0,69.0,1
60.0,715.0,0.3,4.0,11.7,2471.0,17000.0,9.0,9.0,0.0,4.0,18000.0,60000.0,11.0,213.0,0
36.0,675.0,0.24439918533604887,1.0,26.45,5366.0,0.0,20.0,16.0,0.0,2.0,6000.0,24550.0,,169.0,0
60.0,700.0,0.2916666666666667,5.0,11.52,1693.0,5704.0,11.0,2.0,1.0,10.0,21000.0,72000.0,22.0,168.0,1
36.0,760.0,0.09523809523809523,7.0,18.87,2894.0,14300.0,15.0,7.0,0.0,4.0,4000.0,42000.0,15.0,31.0,0
36.0,670.0,0.08108108108108109,7.0,5.34,3443.0,2800.0,0.0,1.0,0.0,5.0,6000.0,74000.0,2.0,103.0,0
36.0,690.0,0.16666666666666666,5.0,12.35,16171.0,13100.0,8.0,7.0,3.0,8.0,20000.0,120000.0,8.0,345.0,1
60.0,660.0,0.40540540540540543,3.0,29.87,4648.0,2200.0,5.0,5.0,0.0,5.0,15000.0,37000.0,51.0,51.0,0
36.0,665.0,0.35714285714285715,3.0,19.85,1222.0,7200.0,4.0,4.0,0.0,7.0,10000.0,28000.0,4.0,80.0,0
60.0,725.0,0.1891891891891892,6.0,30.72,31988.0,55300.0,1.0,14.0,7.0,5.0,35000.0,185000.0,1.0,262.0,1
36.0,660.0,0.1111111111111111,17.0,31.42,4058.0,12800.0,8.0,3.0,0.0,13.0,8000.0,72000.0,8.0,179.0,1
36.0,660.0,0.26973684210526316,5.0,24.88,2051.0,12500.0,4.0,0.0,0.0,5.0,5125.0,19000.0,7.0,88.0,0
36.0,670.0,0.05,7.0,14.43,3379.0,12000.0,5.0,14.0,0.0,7.0,4000.0,80000.0,19.0,103.0,0
36.0,680.0,0.07397260273972603,2.0,9.83,55043.0,8100.0,4.0,4.0,1.0,3.0,2700.0,36500.0,13.0,137.0,0
36.0,695.0,0.246875,1.0,31.69,5177.0,31300.0,10.0,,1.0,7.0,15800.0,64000.0,26.0,225.0,0
36.0,760.0,0.13114754098360656,4.0,21.09,13119.0,48500.0,4.0,20.0,3.0,7.0,8000.0,61000.0,4.0,236.0,1
36.0,700.0,0.275,1.0,4.21,453.0,27200.0,3.0,14.0,7.0,4.0,5500.0,20000.0,3.0,317.0,0
36.0,720.0,0.14,3.0,24.92,6928.0,33300.0,20.0,21.0,0.0,6.0,28000.0,200000.0,61.0,136.0,0
36.0,695.0,0.3,0.0,12.12,13739.0,34700.0,44.0,,1.0,6.0,12000.0,40000.0,65.0,151.0,1
60.0,660.0,0.2962962962962963,6.0,21.16,36726.0,3500.0,4.0,2.0,2.0,5.0,16000.0,54000.0,4.0,56.0,1
36.0,675.0,0.03582089552238806,5.0,27.66,25084.0,21300.0,1.0,3.0,2.0,3.0,2400.0,67000.0,21.0,123.0,0
36.0,670.0,0.29411764705882354,5.0,26.69,3106.0,7100.0,10.0,2.0,0.0,7.0,10000.0,34000.0,10.0,46.0,0
36.0,675.0,0.33962264150943394,6.0,20.78,2118.0,17000.0,5.0,5.0,0.0,8.0,18000.0,53000.0,57.0,194.0,0
36.0,695.0,0.13333333333333333,2.0,9.82,48737.0,6700.0,12.0,9.0,3.0,3.0,10000.0,75000.0,30.0,266.0,1
36.0,685.0,0.0594059405940594,4.0,17.71,33272.0,24400.0,7.0,9.0,2.0,10.0,6000.0,101000.0,12.0,211.0,1
36.0,755.0,0.22580645161290322,10.0,6.81,8708.0,79300.0,4.0,5.0,4.0,16.0,21000.0,93000.0,4.0,161.0,1
36.0,795.0,0.07647058823529412,4.0,15.05,55060.0,73200.0,4.0,5.0,3.0,5.0,13000.0,170000.0,23.0,248.0,1
60.0,680.0,0.19444444444444445,10.0,22.65,4130.0,30300.0,9.0,0.0,8.0,8.0,14000.0,72000.0,24.0,182.0,1
36.0,720.0,0.11707317073170732,2.0,17.07,22823.0,11500.0,11.0,11.0,3.0,7.0,4800.0,41000.0,29.0,161.0,1
36.0,660.0,0.11363636363636363,7.0,14.44,9181.0,20700.0,11.0,11.0,2.0,6.0,12500.0,110000.0,11.0,224.0,1
60.0,685.0,0.168,3.0,7.33,44874.0,20000.0,9.0,12.0,7.0,4.0,21000.0,125000.0,9.0,156.0,1
36.0,670.0,0.1375,2.0,9.63,3598.0,10500.0,7.0,,0.0,4.0,11000.0,80000.0,19.0,102.0,0
60.0,705.0,0.2222222222222222,10.0,25.67,1425.0,31300.0,2.0,4.0,4.0,9.0,12000.0,54000.0,2.0,173.0,1
36.0,690.0,0.2,9.0,26.08,20862.0,12500.0,6.0,9.0,3.0,9.0,20000.0,100000.0,6.0,280.0,1
36.0,675.0,0.17777777777777778,7.0,25.15,2282.0,7700.0,2.0,11.0,0.0,9.0,8000.0,45000.0,3.0,351.0,1
60.0,715.0,0.3936363636363636,1.0,8.77,,8272.0,,,0.0,,21650.0,55000.0,7.0,,0
36.0,740.0,0.2660292632189541,1.0,17.26,25059.0,16800.0,14.0,9.0,3.0,4.0,26600.0,99989.0,40.0,430.0,0
36.0,685.0,0.06315789473684211,6.0,9.58,9042.0,3500.0,1.0,1.0,0.0,2.0,6000.0,95000.0,61.0,129.0,0
36.0,660.0,0.22857142857142856,3.0,15.16,1104.0,4300.0,14.0,2.0,0.0,7.0,8000.0,35000.0,14.0,95.0,0
36.0,670.0,0.38181818181818183,4.0,17.79,2330.0,17300.0,3.0,3.0,2.0,2.0,8400.0,22000.0,3.0,431.0,0
36.0,695.0,0.07384615384615385,2.0,2.55,629.0,4100.0,9.0,9.0,3.0,6.0,4800.0,65000.0,31.0,184.0,0
60.0,660.0,0.310377358490566,16.0,22.58,8604.0,18900.0,7.0,2.0,2.0,12.0,16450.0,53000.0,7.0,59.0,1
36.0,685.0,0.01904761904761905,2.0,26.84,30908.0,18800.0,7.0,7.0,3.0,6.0,2000.0,105000.0,22.0,157.0,1
36.0,675.0,0.1076923076923077,1.0,2.18,4356.0,40500.0,16.0,4.0,0.0,2.0,7000.0,65000.0,16.0,254.0,0
36.0,675.0,0.3983333333333333,0.0,30.6,6008.0,6000.0,38.0,5.0,3.0,4.0,11950.0,30000.0,38.0,248.0,0
60.0,685.0,0.3333333333333333,4.0,23.09,4473.0,28000.0,6.0,6.0,2.0,9.0,25000.0,75000.0,6.0,267.0,0
36.0,660.0,0.5,7.0,13.83,8634.0,35500.0,3.0,5.0,2.0,8.0,30000.0,60000.0,6.0,366.0,1
36.0,665.0,0.2,9.0,32.49,3103.0,11000.0,6.0,15.0,0.0,13.0,14000.0,70000.0,15.0,182.0,1
36.0,700.0,0.10984136526958824,1.0,26.43,5132.0,3900.0,17.0,19.0,0.0,2.0,6000.0,54624.23,68.0,95.0,0
36.0,715.0,0.23255813953488372,6.0,32.54,7695.0,12000.0,4.0,16.0,0.0,3.0,20000.0,86000.0,52.0,76.0,0
36.0,690.0,0.20833333333333334,6.0,24.58,1731.0,9300.0,3.0,3.0,2.0,8.0,10000.0,48000.0,27.0,152.0,1
36.0,675.0,0.135,3.0,11.7,1241.0,3900.0,5.0,5.0,0.0,5.0,5400.0,40000.0,5.0,116.0,0
36.0,670.0,0.3157894736842105,,2.05,,,,,,,12000.0,38000.0,,,0
60.0,665.0,0.44669811320754715,3.0,16.98,21808.0,28400.0,8.0,13.0,1.0,6.0,23675.0,53000.0,8.0,173.0,1
36.0,690.0,0.09090909090909091,3.0,20.95,24871.0,1500.0,8.0,2.0,2.0,4.0,5000.0,55000.0,30.0,265.0,1
36.0,710.0,0.23809523809523808,4.0,6.91,51104.0,14500.0,9.0,23.0,2.0,3.0,10000.0,42000.0,9.0,138.0,1
36.0,660.0,0.3394736842105263,5.0,19.39,2389.0,8900.0,17.0,4.0,2.0,2.0,12900.0,38000.0,17.0,110.0,1
36.0,660.0,0.16666666666666666,3.0,21.74,5214.0,1900.0,1.0,0.0,2.0,2.0,10000.0,60000.0,1.0,231.0,0
36.0,695.0,0.26666666666666666,6.0,29.44,1187.0,9300.0,2.0,2.0,0.0,11.0,8000.0,30000.0,46.0,400.0,0
36.0,705.0,0.17777777777777778,4.0,14.03,1262.0,7800.0,13.0,13.0,0.0,7.0,8000.0,45000.0,13.0,89.0,0
36.0,690.0,0.11375,6.0,24.38,6802.0,9500.0,7.0,7.0,0.0,6.0,9100.0,80000.0,9.0,150.0,0
36.0,710.0,0.039473684210526314,6.0,21.59,26420.0,46500.0,3.0,14.0,5.0,10.0,6000.0,152000.0,82.0,207.0,0
36.0,670.0,0.2,7.0,24.03,6716.0,16800.0,1.0,1.0,0.0,9.0,10000.0,50000.0,7.0,155.0,0
36.0,840.0,0.12962962962962962,4.0,25.26,22112.0,27900.0,2.0,1.0,2.0,4.0,7000.0,54000.0,2.0,157.0,1
60.0,670.0,0.2542372881355932,0.0,12.2,74013.0,23000.0,77.0,12.0,2.0,3.0,21000.0,82600.0,108.0,398.0,1
60.0,660.0,0.2968197879858657,4.0,24.13,7640.0,9000.0,2.0,0.0,0.0,2.0,16800.0,56600.0,7.0,131.0,0
36.0,700.0,0.22581967213114754,8.0,27.3,3134.0,42200.0,2.0,7.0,0.0,9.0,13775.0,61000.0,3.0,150.0,0
36.0,710.0,0.1186,4.0,13.71,48067.0,60800.0,8.0,12.0,7.0,8.0,29650.0,250000.0,8.0,361.0,1
36.0,660.0,0.24,0.0,17.14,4591.0,7000.0,38.0,13.0,2.0,3.0,8400.0,35000.0,72.0,106.0,0
36.0,675.0,0.11544011544011544,14.0,8.34,1156.0,61000.0,3.0,2.0,0.0,8.0,6000.0,51975.0,5.0,182.0,0
36.0,675.0,0.23809523809523808,3.0,7.49,2082.0,14400.0,12.0,,0.0,5.0,10000.0,42000.0,12.0,103.0,0
36.0,675.0,0.1664355062413315,9.0,22.35,5794.0,43600.0,5.0,21.0,0.0,7.0,12000.0,72100.0,6.0,133.0,0
36.0,755.0,0.14814814814814814,6.0,7.55,20752.0,43900.0,7.0,7.0,3.0,6.0,16000.0,108000.0,18.0,230.0,1
36.0,665.0,0.2682926829268293,2.0,35.69,9903.0,26900.0,17.0,23.0,0.0,2.0,11000.0,41000.0,17.0,148.0,0
60.0,695.0,0.124,3.0,6.03,123185.0,33000.0,1.0,1.0,7.0,4.0,31000.0,250000.0,34.0,154.0,1
36.0,675.0,0.1388888888888889,3.0,12.36,28768.0,10500.0,11.0,13.0,1.0,5.0,12500.0,90000.0,11.0,166.0,0
36.0,710.0,0.189873417721519,4.0,5.54,34173.0,27100.0,4.0,8.0,1.0,5.0,30000.0,158000.0,4.0,183.0,1
36.0,720.0,0.08,7.0,8.52,27375.0,24000.0,13.0,2.0,1.0,9.0,8000.0,100000.0,13.0,77.0,1
36.0,700.0,0.18518518518518517,4.0,8.09,386.0,5000.0,5.0,6.0,1.0,5.0,5000.0,27000.0,8.0,179.0,0
36.0,675.0,0.08888888888888889,5.0,14.19,1308.0,14000.0,7.0,0.0,0.0,5.0,4000.0,45000.0,7.0,86.0,0
60.0,665.0,0.2,2.0,23.97,18316.0,11100.0,19.0,14.0,4.0,5.0,16000.0,80000.0,32.0,135.0,1
60.0,710.0,0.1534090909090909,7.0,27.96,19985.0,12000.0,3.0,0.0,4.0,8.0,13500.0,88000.0,3.0,122.0,1
36.0,700.0,0.2647058823529412,4.0,19.36,10658.0,24100.0,5.0,1.0,2.0,5.0,22500.0,85000.0,5.0,190.0,1
36.0,660.0,0.13278688524590163,7.0,23.65,11790.0,2400.0,3.0,1.0,1.0,6.0,8100.0,61000.0,14.0,265.0,1
36.0,685.0,0.35833333333333334,1.0,24.59,1295.0,9900.0,6.0,,0.0,4.0,4300.0,12000.0,45.0,101.0,0
36.0,695.0,0.10638297872340426,5.0,18.37,26875.0,37400.0,4.0,15.0,8.0,6.0,10000.0,94000.0,4.0,356.0,1
36.0,680.0,0.358695652173913,3.0,23.17,2275.0,4400.0,6.0,12.0,0.0,7.0,16500.0,46000.0,16.0,329.0,0
36.0,690.0,0.41944444444444445,4.0,22.58,1907.0,31500.0,2.0,9.0,0.0,7.0,11325.0,27000.0,2.0,388.0,0
36.0,690.0,0.4166666666666667,2.0,19.1,1413.0,7700.0,4.0,4.0,0.0,5.0,5000.0,12000.0,88.0,109.0,0
36.0,675.0,0.12,3.0,34.85,3379.0,7600.0,9.0,20.0,0.0,7.0,6000.0,50000.0,9.0,176.0,1
36.0,730.0,0.18,2.0,6.0,7489.0,3500.0,4.0,10.0,0.0,2.0,1800.0,10000.0,4.0,47.0,0
36.0,685.0,0.37333333333333335,0.0,24.99,9187.0,54300.0,54.0,4.0,1.0,5.0,28000.0,75000.0,92.0,233.0,0
36.0,680.0,0.3716216216216216,6.0,23.12,,26849.0,,1.0,4.0,,13750.0,37000.0,10.0,,1
36.0,710.0,0.18,6.0,21.1,2837.0,16700.0,3.0,9.0,0.0,5.0,9000.0,50000.0,3.0,218.0,0
36.0,685.0,0.10666666666666667,6.0,16.74,9872.0,59700.0,5.0,9.0,2.0,9.0,8000.0,75000.0,5.0,206.0,1
36.0,685.0,0.1724137931034483,6.0,10.47,9359.0,20800.0,7.0,4.0,1.0,9.0,10000.0,58000.0,28.0,131.0,1
36.0,670.0,0.13953488372093023,,8.93,,,,,,,12000.0,86000.0,,,0
36.0,690.0,0.16666666666666666,1.0,8.28,4063.0,20200.0,13.0,,0.0,1.0,20000.0,120000.0,109.0,257.0,0
36.0,690.0,0.204,6.0,11.67,1325.0,26500.0,4.0,8.0,1.0,9.0,10200.0,50000.0,4.0,266.0,1
36.0,670.0,0.337,12.0,25.71,3488.0,15900.0,3.0,5.0,0.0,7.0,33700.0,100000.0,7.0,180.0,0
36.0,710.0,0.025,0.0,10.85,,24300.0,,24.0,2.0,,1000.0,40000.0,48.0,,1
36.0,725.0,0.1,2.0,14.23,16345.0,12200.0,15.0,15.0,3.0,4.0,8000.0,80000.0,15.0,127.0,1
36.0,715.0,0.30666666666666664,3.0,34.53,21421.0,46100.0,4.0,21.0,5.0,4.0,23000.0,75000.0,4.0,195.0,1
36.0,685.0,0.1,5.0,16.92,,13700.0,,0.0,0.0,,6000.0,60000.0,4.0,,0
36.0,660.0,0.17777777777777778,4.0,25.62,3993.0,19800.0,4.0,10.0,0.0,4.0,9600.0,54000.0,4.0,129.0,0
36.0,700.0,0.045703125,4.0,16.56,4601.0,21500.0,8.0,12.0,0.0,4.0,2925.0,64000.0,37.0,110.0,0
36.0,805.0,0.029411764705882353,0.0,2.61,6429.0,30500.0,27.0,,0.0,2.0,5000.0,170000.0,27.0,142.0,1
60.0,660.0,0.2727272727272727,3.0,31.74,7157.0,15900.0,9.0,6.0,3.0,4.0,30000.0,110000.0,55.0,221.0,0
36.0,760.0,0.09278350515463918,4.0,14.9,32950.0,27100.0,2.0,1.0,3.0,2.0,9000.0,97000.0,18.0,179.0,1
36.0,710.0,0.17721518987341772,3.0,11.15,22159.0,3000.0,6.0,4.0,2.0,2.0,7000.0,39500.0,78.0,198.0,0
60.0,665.0,0.2057142857142857,16.0,22.75,12890.0,7900.0,6.0,3.0,3.0,6.0,28800.0,140000.0,7.0,101.0,1
60.0,725.0,0.29411764705882354,2.0,9.77,4564.0,13400.0,1.0,22.0,0.0,3.0,25000.0,85000.0,1.0,185.0,0
36.0,660.0,0.1935483870967742,3.0,4.45,764.0,8300.0,2.0,2.0,2.0,3.0,6000.0,31000.0,2.0,179.0,0
36.0,730.0,0.106,4.0,19.32,5452.0,12000.0,6.0,5.0,0.0,4.0,5300.0,50000.0,6.0,53.0,0
36.0,680.0,0.2581272893772894,6.0,34.18,3360.0,18900.0,9.0,1.0,0.0,7.0,11275.0,43680.0,10.0,153.0,0
60.0,690.0,0.2857142857142857,1.0,25.32,6913.0,22500.0,1.0,1.0,0.0,6.0,20000.0,70000.0,25.0,144.0,0
60.0,665.0,0.2962962962962963,2.0,32.69,2979.0,5000.0,14.0,15.0,3.0,7.0,16000.0,54000.0,63.0,182.0,0
36.0,695.0,0.1411764705882353,4.0,16.97,8077.0,10200.0,12.0,12.0,0.0,3.0,12000.0,85000.0,12.0,31.0,0
60.0,705.0,0.3488372093023256,5.0,9.52,810.0,12300.0,1.0,2.0,0.0,2.0,15000.0,43000.0,1.0,214.0,1
36.0,690.0,0.1027643613194944,6.0,1.83,90.0,17100.0,3.0,3.0,0.0,4.0,6000.0,58386.0,6.0,71.0,0
36.0,695.0,0.06385987319253751,3.0,9.87,5668.0,19500.0,4.0,4.0,0.0,4.0,4200.0,65769.0,4.0,85.0,0
60.0,700.0,0.2,6.0,25.81,27052.0,42400.0,7.0,9.0,4.0,5.0,28000.0,140000.0,12.0,125.0,1
60.0,720.0,0.14583333333333334,0.0,13.32,12849.0,53500.0,25.0,0.0,4.0,5.0,35000.0,240000.0,98.0,227.0,1
36.0,700.0,0.08333333333333333,5.0,28.32,9026.0,14000.0,11.0,1.0,0.0,2.0,6000.0,72000.0,11.0,192.0,0
36.0,710.0,0.4799180327868853,5.0,22.76,3272.0,57400.0,6.0,7.0,0.0,4.0,29275.0,61000.0,11.0,98.0,0
36.0,715.0,0.15733124428776601,11.0,4.12,747.0,30500.0,1.0,9.0,0.0,5.0,12050.0,76590.0,9.0,42.0,0
36.0,680.0,0.35,1.0,10.87,3523.0,6400.0,3.0,,0.0,2.0,10500.0,30000.0,65.0,65.0,0
60.0,660.0,0.399,5.0,29.72,13729.0,7700.0,8.0,14.0,3.0,10.0,19950.0,50000.0,24.0,249.0,1
36.0,705.0,0.1325,9.0,10.11,10460.0,8100.0,1.0,1.0,1.0,6.0,5300.0,40000.0,1.0,117.0,1
60.0,685.0,0.28125,7.0,16.99,18731.0,18900.0,6.0,,7.0,4.0,27000.0,96000.0,6.0,123.0,1
36.0,670.0,0.24,6.0,26.28,10453.0,8700.0,9.0,11.0,1.0,6.0,12000.0,50000.0,9.0,34.0,1
60.0,685.0,0.13714285714285715,3.0,10.48,32244.0,24300.0,8.0,8.0,6.0,5.0,19200.0,140000.0,47.0,151.0,1
36.0,765.0,0.11764705882352941,4.0,14.18,3413.0,29000.0,11.0,11.0,0.0,2.0,12000.0,102000.0,11.0,79.0,0
60.0,705.0,0.14035087719298245,3.0,11.94,26775.0,50600.0,14.0,4.0,4.0,6.0,16000.0,114000.0,28.0,166.0,1
60.0,660.0,0.34838709677419355,8.0,24.17,6001.0,4600.0,8.0,0.0,5.0,7.0,21600.0,62000.0,20.0,304.0,1
60.0,665.0,0.3684210526315789,8.0,22.08,7306.0,16700.0,2.0,3.0,8.0,11.0,35000.0,95000.0,8.0,176.0,0
36.0,690.0,0.16666666666666666,3.0,22.7,38133.0,2000.0,6.0,7.0,1.0,0.0,6000.0,36000.0,91.0,117.0,1
36.0,710.0,0.23809523809523808,4.0,16.86,31026.0,46000.0,7.0,1.0,5.0,6.0,15000.0,63000.0,16.0,179.0,1
60.0,725.0,0.41075184016824395,6.0,16.54,2413.0,29000.0,20.0,20.0,0.0,10.0,25000.0,60864.0,28.0,179.0,0
36.0,695.0,0.14705882352941177,6.0,18.82,22399.0,82400.0,4.0,0.0,2.0,7.0,12500.0,85000.0,4.0,259.0,1
36.0,675.0,0.07079646017699115,10.0,4.64,550.0,10100.0,5.0,0.0,0.0,5.0,8000.0,113000.0,6.0,146.0,0
60.0,680.0,0.26666666666666666,8.0,31.34,2621.0,5550.0,2.0,1.0,2.0,9.0,11200.0,42000.0,11.0,302.0,0
36.0,695.0,0.2,6.0,27.04,33376.0,3500.0,8.0,3.0,2.0,7.0,14000.0,70000.0,20.0,184.0,1
36.0,670.0,0.26666666666666666,2.0,17.76,24602.0,6600.0,6.0,7.0,1.0,5.0,12000.0,45000.0,20.0,125.0,1
36.0,690.0,0.325,3.0,24.61,2229.0,4700.0,12.0,13.0,0.0,4.0,6500.0,20000.0,12.0,55.0,0
36.0,660.0,0.1111111111111111,3.0,16.73,24669.0,3000.0,5.0,6.0,3.0,3.0,4000.0,36000.0,126.0,292.0,1
36.0,710.0,0.11764705882352941,4.0,17.22,,19500.0,,3.0,1.0,,10000.0,85000.0,24.0,,1
36.0,675.0,0.08333333333333333,2.0,32.56,13581.0,25100.0,7.0,7.0,3.0,9.0,6000.0,72000.0,57.0,256.0,1
36.0,695.0,0.5,2.0,15.01,3428.0,42000.0,9.0,,1.0,5.0,32500.0,65000.0,25.0,223.0,0
36.0,690.0,0.28,3.0,25.56,7992.0,12600.0,13.0,13.0,0.0,2.0,11200.0,40000.0,18.0,36.0,0
36.0,675.0,0.2916666666666667,7.0,13.78,27259.0,15600.0,0.0,0.0,3.0,7.0,35000.0,120000.0,21.0,255.0,1
36.0,720.0,0.06818181818181818,2.0,4.77,20372.0,20400.0,19.0,3.0,3.0,2.0,7500.0,110000.0,59.0,199.0,1
60.0,680.0,0.3990740740740741,9.0,27.87,13529.0,11600.0,2.0,2.0,4.0,11.0,21550.0,54000.0,2.0,346.0,1
60.0,730.0,0.3368421052631579,10.0,12.87,13286.0,29200.0,3.0,3.0,1.0,7.0,19200.0,57000.0,3.0,53.0,1
36.0,665.0,0.28035714285714286,7.0,16.37,1019.0,8700.0,3.0,3.0,0.0,9.0,7850.0,28000.0,3.0,107.0,0
36.0,700.0,0.12,1.0,29.84,4518.0,12600.0,14.0,5.0,0.0,6.0,4200.0,35000.0,14.0,102.0,0
36.0,690.0,0.096,2.0,26.16,,0.0,,1.0,1.0,,4800.0,50000.0,,,1
36.0,675.0,0.07578947368421053,11.0,22.2,19759.0,14000.0,8.0,9.0,5.0,8.0,7200.0,95000.0,15.0,253.0,1
36.0,685.0,0.1391304347826087,1.0,15.28,2973.0,3700.0,15.0,11.0,3.0,2.0,8000.0,57500.0,45.0,250.0,0
36.0,680.0,0.09142857142857143,3.0,29.29,6195.0,6300.0,1.0,,0.0,3.0,3200.0,35000.0,1.0,101.0,0
36.0,705.0,0.20588235294117646,3.0,23.58,17568.0,12300.0,8.0,2.0,3.0,3.0,7000.0,34000.0,25.0,107.0,1
36.0,670.0,0.3,1.0,27.2,2652.0,10300.0,3.0,3.0,0.0,4.0,17100.0,57000.0,3.0,100.0,0
36.0,735.0,0.0375,4.0,7.11,19063.0,9000.0,8.0,13.0,3.0,2.0,1500.0,40000.0,13.0,229.0,1
60.0,755.0,0.4444444444444444,7.0,16.37,6795.0,41000.0,6.0,7.0,2.0,7.0,20000.0,45000.0,18.0,138.0,1
36.0,720.0,0.2857142857142857,5.0,10.9,29198.0,30800.0,13.0,13.0,3.0,8.0,20000.0,70000.0,15.0,316.0,1
36.0,660.0,0.48796356538711777,5.0,19.23,2178.0,9100.0,5.0,15.0,2.0,5.0,18000.0,36888.0,6.0,155.0,0
60.0,695.0,0.4445121951219512,5.0,24.2,1988.0,25400.0,14.0,5.0,2.0,7.0,18225.0,41000.0,14.0,108.0,1
36.0,695.0,0.1,4.0,19.28,16680.0,2200.0,4.0,4.0,1.0,5.0,5000.0,50000.0,25.0,45.0,1
36.0,670.0,0.14285714285714285,10.0,24.73,7934.0,29300.0,5.0,5.0,0.0,5.0,15000.0,105000.0,6.0,250.0,0
36.0,670.0,0.025833333333333333,7.0,20.92,15963.0,5600.0,8.0,1.0,2.0,2.0,3100.0,120000.0,8.0,22.0,0
36.0,800.0,0.2222222222222222,2.0,13.13,39414.0,20500.0,13.0,,6.0,2.0,20000.0,90000.0,67.0,159.0,1
36.0,790.0,0.13043478260869565,3.0,4.41,50044.0,8600.0,15.0,18.0,5.0,2.0,15000.0,115000.0,18.0,102.0,1
60.0,715.0,0.345679012345679,2.0,9.7,46018.0,37900.0,18.0,18.0,2.0,4.0,28000.0,81000.0,41.0,132.0,1
36.0,810.0,0.03870967741935484,,1.53,,,,,,,6000.0,155000.0,,,0
60.0,660.0,0.41585365853658535,1.0,16.89,2089.0,9700.0,15.0,0.0,0.0,2.0,17050.0,41000.0,61.0,133.0,0
60.0,680.0,0.4395833333333333,5.0,30.86,6970.0,25702.0,7.0,7.0,0.0,8.0,26375.0,60000.0,28.0,197.0,0
36.0,665.0,0.2295,3.0,26.45,4398.0,2300.0,12.0,1.0,0.0,2.0,11475.0,50000.0,15.0,15.0,0
36.0,700.0,0.2823529411764706,1.0,19.82,3368.0,33300.0,6.0,7.0,0.0,8.0,24000.0,85000.0,6.0,300.0,0
36.0,695.0,0.24647887323943662,6.0,16.91,7890.0,23400.0,11.0,13.0,3.0,8.0,35000.0,142000.0,16.0,136.0,1
60.0,760.0,0.3,0.0,16.07,28282.0,20000.0,65.0,,1.0,2.0,24000.0,80000.0,125.0,320.0,1
36.0,765.0,0.21870543876685125,2.0,26.56,2873.0,10100.0,9.0,,0.0,2.0,5000.0,22861.8,92.0,185.0,0
36.0,665.0,0.21818181818181817,1.0,4.6,1160.0,12900.0,14.0,,0.0,3.0,12000.0,55000.0,14.0,109.0,0
36.0,740.0,0.16551724137931034,9.0,4.86,,0.0,,4.0,1.0,,24000.0,145000.0,,,1
60.0,680.0,0.3333333333333333,7.0,34.08,5459.0,8700.0,10.0,6.0,0.0,5.0,10000.0,30000.0,12.0,37.0,0
36.0,665.0,0.2722772277227723,3.0,28.51,1208.0,8700.0,10.0,1.0,0.0,5.0,4950.0,18180.0,10.0,422.0,0
36.0,730.0,0.2645161290322581,4.0,29.77,3835.0,11800.0,5.0,,0.0,2.0,16400.0,62000.0,9.0,235.0,0
36.0,730.0,0.125,3.0,26.59,11379.0,30100.0,10.0,10.0,1.0,7.0,4000.0,32000.0,13.0,167.0,1
36.0,695.0,0.16785714285714284,3.0,26.03,24753.0,22100.0,11.0,11.0,6.0,5.0,8225.0,49000.0,71.0,158.0,1
36.0,715.0,0.19047619047619047,1.0,18.87,12118.0,42200.0,18.0,3.0,0.0,4.0,20000.0,105000.0,79.0,180.0,0
36.0,700.0,0.12841091492776885,,2.89,,,,,,,4000.0,31150.0,,,0
36.0,670.0,0.13333333333333333,6.0,17.38,4279.0,11600.0,4.0,4.0,2.0,5.0,20000.0,150000.0,16.0,277.0,1
36.0,695.0,0.13333333333333333,5.0,11.6,2694.0,3900.0,15.0,15.0,0.0,5.0,10000.0,75000.0,59.0,72.0,0
36.0,690.0,0.2,0.0,10.9,7782.0,30200.0,41.0,,0.0,7.0,16000.0,80000.0,41.0,188.0,0
36.0,695.0,0.064,8.0,11.62,38247.0,4000.0,2.0,3.0,4.0,1.0,4800.0,75000.0,2.0,206.0,1
36.0,685.0,0.017028985507246377,0.0,15.78,61675.0,600.0,29.0,18.0,6.0,2.0,2350.0,138000.0,69.0,96.0,1
36.0,690.0,0.23333333333333334,5.0,16.64,1998.0,9100.0,9.0,12.0,0.0,4.0,7000.0,30000.0,9.0,79.0,0
36.0,730.0,0.2309090909090909,10.0,27.71,7453.0,38400.0,3.0,3.0,2.0,10.0,12700.0,55000.0,7.0,188.0,1
36.0,690.0,0.2403846153846154,3.0,25.12,10959.0,53000.0,13.0,13.0,0.0,4.0,25000.0,104000.0,45.0,209.0,0
36.0,665.0,0.19444444444444445,0.0,17.93,5592.0,1500.0,26.0,,4.0,6.0,7000.0,36000.0,76.0,224.0,1
60.0,680.0,0.21818181818181817,2.0,11.91,3433.0,12400.0,19.0,1.0,0.0,4.0,12000.0,55000.0,19.0,42.0,0
36.0,715.0,0.13008130081300814,,19.69,,,,,,,8000.0,61500.0,,,0
36.0,665.0,0.3849114703618168,0.0,19.99,3184.0,43300.0,27.0,,0.0,8.0,18000.0,46764.0,27.0,356.0,0
36.0,695.0,0.10566037735849057,5.0,12.93,4848.0,2600.0,1.0,1.0,3.0,5.0,14000.0,132500.0,12.0,186.0,1
60.0,680.0,0.43452380952380953,6.0,25.8,1937.0,12700.0,8.0,8.0,1.0,10.0,18250.0,42000.0,8.0,265.0,0
36.0,690.0,0.15789473684210525,2.0,9.06,5364.0,19800.0,12.0,12.0,0.0,3.0,12000.0,76000.0,12.0,252.0,0
36.0,665.0,0.25,18.0,30.23,1723.0,15700.0,1.0,2.0,1.0,24.0,18000.0,72000.0,2.0,177.0,0
36.0,770.0,0.25,2.0,13.62,5900.0,33600.0,1.0,,2.0,3.0,15000.0,60000.0,26.0,57.0,1
36.0,750.0,0.30305234320071767,,15.96,,,,,,,10000.0,32997.6,,,0
36.0,680.0,0.2,5.0,15.08,1570.0,11500.0,7.0,16.0,0.0,2.0,6000.0,30000.0,7.0,52.0,0
36.0,700.0,0.19384615384615383,1.0,6.61,3074.0,7500.0,24.0,24.0,0.0,2.0,6300.0,32500.0,24.0,60.0,0
36.0,785.0,0.18095238095238095,4.0,13.06,2502.0,38500.0,2.0,0.0,0.0,3.0,15200.0,84000.0,2.0,71.0,0
36.0,665.0,0.3125,4.0,29.25,5053.0,4000.0,2.0,3.0,7.0,4.0,15000.0,48000.0,15.0,169.0,0
36.0,760.0,0.3125,6.0,22.74,57733.0,86000.0,0.0,14.0,4.0,5.0,30000.0,96000.0,0.0,300.0,1
60.0,735.0,0.3148148148148148,6.0,6.98,1831.0,20400.0,1.0,1.0,0.0,5.0,17000.0,54000.0,17.0,42.0,0
60.0,710.0,0.2,7.0,16.6,23843.0,53800.0,5.0,7.0,2.0,6.0,30000.0,150000.0,8.0,187.0,1
36.0,725.0,0.08928571428571429,0.0,24.77,3190.0,3300.0,32.0,8.0,0.0,2.0,2500.0,28000.0,52.0,79.0,0
36.0,685.0,0.16778523489932887,4.0,18.98,23225.0,17100.0,4.0,4.0,2.0,4.0,25000.0,149000.0,40.0,213.0,1
36.0,750.0,0.16666666666666666,4.0,7.23,1753.0,56400.0,12.0,1.0,0.0,7.0,10000.0,60000.0,12.0,347.0,0
36.0,680.0,0.140625,4.0,7.76,16454.0,3500.0,1.0,1.0,2.0,4.0,4500.0,32000.0,7.0,159.0,1
36.0,685.0,0.22833656810138145,1.0,13.74,6004.0,29500.0,12.0,12.0,0.0,4.0,16000.0,70072.0,12.0,168.0,1
60.0,680.0,0.2459016393442623,14.0,20.26,1597.0,5000.0,4.0,5.0,0.0,6.0,15000.0,61000.0,8.0,213.0,0
36.0,705.0,0.15384615384615385,1.0,21.53,4642.0,10900.0,15.0,1.0,1.0,2.0,10000.0,65000.0,48.0,107.0,1
36.0,685.0,0.24390243902439024,6.0,26.69,20611.0,3500.0,6.0,11.0,2.0,2.0,20000.0,82000.0,25.0,179.0,1
36.0,710.0,0.30714285714285716,5.0,17.29,978.0,18700.0,8.0,8.0,0.0,8.0,10750.0,35000.0,10.0,97.0,0
60.0,660.0,0.15625,3.0,33.04,5034.0,5900.0,1.0,1.0,0.0,2.0,10000.0,64000.0,5.0,130.0,0
36.0,660.0,0.064,9.0,23.49,6660.0,4500.0,2.0,7.0,2.0,6.0,8000.0,125000.0,32.0,122.0,0
36.0,680.0,0.041666666666666664,6.0,7.49,2699.0,4700.0,4.0,4.0,0.0,5.0,5000.0,120000.0,15.0,181.0,0
36.0,690.0,0.20623836126629422,5.0,10.93,592.0,4000.0,3.0,1.0,0.0,5.0,11075.0,53700.0,5.0,145.0,0
36.0,660.0,0.18518518518518517,7.0,25.02,30834.0,8900.0,6.0,10.0,1.0,5.0,10000.0,54000.0,14.0,113.0,1
60.0,660.0,0.3333333333333333,6.0,22.77,19678.0,16700.0,3.0,2.0,4.0,6.0,15000.0,45000.0,8.0,142.0,1
36.0,725.0,0.3665625,4.0,7.52,36455.0,23000.0,11.0,11.0,5.0,9.0,29325.0,80000.0,11.0,255.0,1
36.0,665.0,0.1646090534979424,15.0,25.42,6115.0,30200.0,1.0,0.0,4.0,12.0,20000.0,121500.0,19.0,196.0,1
36.0,705.0,0.25316455696202533,9.0,12.91,47558.0,70700.0,3.0,2.0,8.0,8.0,20000.0,79000.0,3.0,159.0,1
36.0,720.0,0.12727272727272726,7.0,8.66,24205.0,10400.0,2.0,3.0,1.0,4.0,14000.0,110000.0,5.0,213.0,1
36.0,675.0,0.1744186046511628,8.0,17.16,12242.0,11250.0,1.0,1.0,9.0,9.0,15000.0,86000.0,18.0,222.0,1
36.0,690.0,0.22728994620804607,3.0,18.73,27196.0,10700.0,1.0,,2.0,4.0,18000.0,79194.0,1.0,299.0,1
36.0,705.0,0.2,3.0,12.72,25855.0,16100.0,4.0,4.0,6.0,6.0,12000.0,60000.0,39.0,296.0,1
36.0,660.0,0.15,,4.75,,,,,,,3600.0,24000.0,,,0
36.0,670.0,0.04854368932038835,5.0,13.78,5438.0,6600.0,2.0,1.0,0.0,3.0,5000.0,103000.0,2.0,111.0,0
36.0,815.0,0.21739130434782608,4.0,10.84,8416.0,75000.0,4.0,4.0,2.0,7.0,10000.0,46000.0,4.0,266.0,1
36.0,735.0,0.3191489361702128,0.0,28.4,8565.0,18700.0,30.0,7.0,0.0,2.0,15000.0,47000.0,79.0,157.0,0
60.0,700.0,0.24621212121212122,5.0,23.53,3444.0,10300.0,5.0,2.0,0.0,5.0,8125.0,33000.0,11.0,150.0,0
60.0,700.0,0.25,1.0,19.74,22101.0,12900.0,7.0,2.0,4.0,5.0,15000.0,60000.0,26.0,127.0,1
36.0,740.0,0.087,5.0,29.04,12705.0,42000.0,9.0,9.0,1.0,4.0,8700.0,100000.0,24.0,184.0,1
36.0,710.0,0.18840579710144928,4.0,13.28,4115.0,5900.0,6.0,8.0,0.0,6.0,13000.0,69000.0,145.0,256.0,0
36.0,730.0,0.23355263157894737,7.0,8.05,276.0,15000.0,2.0,3.0,0.0,10.0,8875.0,38000.0,3.0,420.0,0
60.0,740.0,0.26666666666666666,9.0,20.74,19277.0,33600.0,4.0,4.0,2.0,5.0,16000.0,60000.0,12.0,220.0,1
36.0,690.0,0.19047619047619047,8.0,24.71,2454.0,4100.0,3.0,3.0,1.0,9.0,8000.0,42000.0,3.0,124.0,0
36.0,665.0,0.2042,6.0,1.49,424.0,12900.0,2.0,14.0,10.0,6.0,25525.0,125000.0,2.0,137.0,0
36.0,765.0,0.15037593984962405,14.0,30.67,2727.0,75400.0,3.0,4.0,0.0,7.0,12000.0,79800.0,3.0,442.0,0
36.0,765.0,0.16,3.0,9.98,8306.0,36000.0,12.0,1.0,1.0,7.0,12000.0,75000.0,21.0,151.0,1
36.0,675.0,0.3780487804878049,5.0,12.09,8166.0,22100.0,11.0,15.0,3.0,6.0,15500.0,41000.0,19.0,189.0,1
36.0,715.0,0.12631578947368421,5.0,4.09,32288.0,10500.0,2.0,8.0,5.0,3.0,12000.0,95000.0,12.0,319.0,1
36.0,660.0,0.061224489795918366,5.0,11.58,62601.0,1200.0,3.0,3.0,4.0,3.0,6000.0,98000.0,24.0,158.0,1
36.0,700.0,0.1332142857142857,3.0,23.16,11378.0,11300.0,9.0,10.0,0.0,2.0,9325.0,70000.0,92.0,173.0,0
36.0,660.0,0.19642467843906694,0.0,18.72,3240.0,1800.0,52.0,13.0,7.0,3.0,22525.0,114675.0,52.0,162.0,0
36.0,700.0,0.16,2.0,7.72,38328.0,26900.0,9.0,9.0,2.0,5.0,20000.0,125000.0,44.0,160.0,1
36.0,695.0,0.203125,5.0,29.05,3286.0,8400.0,2.0,2.0,0.0,18.0,9750.0,48000.0,2.0,167.0,0
36.0,750.0,0.45454545454545453,0.0,13.7,3773.0,16900.0,27.0,7.0,0.0,1.0,25000.0,55000.0,104.0,104.0,0
36.0,685.0,0.13333333333333333,3.0,11.09,32414.0,5900.0,2.0,2.0,4.0,4.0,18000.0,135000.0,74.0,305.0,1
36.0,685.0,0.27692307692307694,6.0,17.23,43987.0,13500.0,6.0,11.0,8.0,4.0,18000.0,65000.0,20.0,250.0,1
60.0,690.0,0.24242424242424243,3.0,14.58,4514.0,22800.0,13.0,1.0,0.0,4.0,16000.0,66000.0,13.0,126.0,0
36.0,665.0,0.33980582524271846,0.0,13.13,3662.0,35500.0,32.0,,0.0,7.0,35000.0,103000.0,56.0,311.0,0
60.0,665.0,0.3333333333333333,3.0,24.12,2021.0,5400.0,5.0,0.0,0.0,5.0,10000.0,30000.0,32.0,133.0,0
36.0,660.0,0.11470588235294117,9.0,12.38,29104.0,6400.0,4.0,1.0,1.0,8.0,9750.0,85000.0,4.0,90.0,1
36.0,685.0,0.16304347826086957,0.0,7.67,3783.0,24300.0,34.0,12.0,0.0,6.0,15000.0,92000.0,34.0,206.0,0
36.0,730.0,0.2966101694915254,3.0,17.44,31242.0,50500.0,16.0,5.0,5.0,6.0,35000.0,118000.0,16.0,313.0,1
36.0,665.0,0.30615084887280825,2.0,24.71,2212.0,10800.0,16.0,,0.0,11.0,13200.0,43116.0,16.0,217.0,0
60.0,670.0,0.125,8.0,18.82,26918.0,43400.0,3.0,6.0,9.0,12.0,20000.0,160000.0,5.0,308.0,1
36.0,675.0,0.2223418680705113,2.0,8.2,1922.0,16500.0,2.0,2.0,0.0,8.0,16725.0,75222.0,43.0,197.0,0
36.0,660.0,0.2222222222222222,1.0,12.48,4122.0,2500.0,23.0,23.0,0.0,2.0,10000.0,45000.0,23.0,270.0,1
36.0,695.0,0.12,,6.58,,,,,,,12000.0,100000.0,,,1
36.0,690.0,0.2604166666666667,2.0,30.17,3309.0,21700.0,13.0,8.0,0.0,10.0,12500.0,48000.0,13.0,162.0,0
36.0,660.0,0.17391304347826086,2.0,27.29,10094.0,10900.0,8.0,8.0,0.0,5.0,8000.0,46000.0,32.0,207.0,0
60.0,680.0,0.30669613718625766,0.0,14.99,2895.0,27100.0,29.0,,0.0,10.0,20675.0,67412.0,30.0,106.0,1
60.0,685.0,0.11290322580645161,2.0,9.49,5838.0,10300.0,18.0,1.0,5.0,1.0,14000.0,124000.0,18.0,181.0,0
60.0,685.0,0.5,2.0,5.09,2091.0,33300.0,13.0,4.0,3.0,4.0,25000.0,50000.0,13.0,130.0,0
60.0,695.0,0.10909090909090909,0.0,13.18,47970.0,0.0,25.0,,3.0,2.0,12000.0,110000.0,,128.0,0
60.0,730.0,0.3865336658354115,4.0,39.14,26872.0,24200.0,4.0,0.0,3.0,5.0,20150.0,52130.0,40.0,254.0,1
60.0,690.0,0.2857142857142857,4.0,8.85,2096.0,12100.0,14.0,5.0,1.0,10.0,16000.0,56000.0,37.0,131.0,1
36.0,700.0,0.17647058823529413,0.0,11.4,12716.0,10900.0,80.0,,1.0,6.0,6000.0,34000.0,90.0,164.0,1
36.0,705.0,0.1518987341772152,8.0,33.97,14217.0,12000.0,6.0,1.0,4.0,4.0,12000.0,79000.0,8.0,195.0,0
60.0,675.0,0.35555555555555557,5.0,16.13,1629.0,33000.0,11.0,11.0,0.0,10.0,16000.0,45000.0,11.0,117.0,0
60.0,665.0,0.1111111111111111,6.0,26.36,27987.0,6800.0,3.0,3.0,2.0,3.0,12000.0,108000.0,8.0,109.0,1
36.0,740.0,0.1411764705882353,5.0,32.86,7443.0,17800.0,8.0,5.0,1.0,10.0,6000.0,42500.0,8.0,91.0,1
36.0,680.0,0.25,9.0,24.6,3831.0,2000.0,4.0,0.0,1.0,2.0,10000.0,40000.0,11.0,211.0,0
36.0,760.0,0.4065040650406504,0.0,23.05,5505.0,53000.0,63.0,16.0,0.0,2.0,8000.0,19680.0,146.0,201.0,0
36.0,720.0,0.1875,7.0,15.44,30616.0,15200.0,2.0,2.0,9.0,3.0,15000.0,80000.0,11.0,203.0,1
36.0,665.0,0.056,,13.97,,,,,,,2800.0,50000.0,,,0
36.0,715.0,0.4666666666666667,,2.4,,,,,,,7000.0,15000.0,,,0
36.0,670.0,0.18461538461538463,4.0,16.89,8890.0,7100.0,11.0,11.0,0.0,5.0,9600.0,52000.0,55.0,81.0,0
36.0,680.0,0.35230803373280073,3.0,27.11,26583.0,19200.0,4.0,4.0,9.0,3.0,15875.0,45060.0,18.0,140.0,1
36.0,670.0,0.5,2.0,25.42,1604.0,11500.0,10.0,0.0,0.0,8.0,13500.0,27000.0,10.0,123.0,1
36.0,730.0,0.41875,1.0,8.04,2413.0,24500.0,8.0,1.0,0.0,4.0,16750.0,40000.0,8.0,357.0,1
36.0,695.0,0.2608695652173913,0.0,27.94,3380.0,30000.0,29.0,,1.0,7.0,12000.0,46000.0,32.0,202.0,1
36.0,680.0,0.2159090909090909,4.0,23.18,2556.0,1800.0,4.0,4.0,0.0,2.0,4750.0,22000.0,4.0,198.0,0
36.0,720.0,0.20833333333333334,,9.78,,,,,,,25000.0,120000.0,,,1
36.0,680.0,0.11636363636363636,4.0,14.16,13359.0,8011.0,7.0,0.0,6.0,5.0,6400.0,55000.0,7.0,225.0,0
36.0,665.0,0.12244897959183673,5.0,5.44,997.0,4900.0,12.0,0.0,7.0,4.0,6000.0,49000.0,20.0,188.0,0
36.0,725.0,0.16,1.0,16.77,1089.0,3500.0,24.0,,0.0,2.0,12000.0,75000.0,95.0,95.0,0
60.0,680.0,0.14666666666666667,4.0,23.28,19499.0,52000.0,5.0,10.0,1.0,10.0,22000.0,150000.0,5.0,249.0,1
36.0,660.0,0.32,4.0,16.97,32383.0,15000.0,17.0,3.0,1.0,5.0,14400.0,45000.0,41.0,119.0,1
36.0,665.0,0.044444444444444446,8.0,4.68,8921.0,19800.0,4.0,4.0,2.0,9.0,8000.0,180000.0,14.0,190.0,1
60.0,690.0,0.15555555555555556,3.0,18.55,5579.0,25800.0,16.0,12.0,0.0,14.0,35000.0,225000.0,21.0,432.0,1
36.0,690.0,0.26666666666666666,7.0,19.56,1144.0,500.0,2.0,2.0,0.0,5.0,8000.0,30000.0,2.0,60.0,0
36.0,715.0,0.4,5.0,13.36,23402.0,15500.0,0.0,1.0,1.0,5.0,30000.0,75000.0,0.0,120.0,1
36.0,700.0,0.3,1.0,21.85,1689.0,1300.0,14.0,,0.0,2.0,6000.0,20000.0,39.0,39.0,0
36.0,660.0,0.33578431372549017,15.0,27.93,1972.0,5300.0,1.0,2.0,0.0,8.0,17125.0,51000.0,7.0,175.0,0
36.0,675.0,0.21428571428571427,4.0,14.57,1596.0,11100.0,2.0,2.0,0.0,4.0,6000.0,28000.0,5.0,152.0,0
36.0,685.0,0.10270270270270271,7.0,2.12,1422.0,11600.0,3.0,3.0,0.0,5.0,7600.0,74000.0,3.0,125.0,0
36.0,660.0,0.21818181818181817,2.0,16.86,1352.0,8600.0,23.0,0.0,0.0,6.0,4800.0,22000.0,23.0,52.0,0
60.0,730.0,0.1875,6.0,16.03,12621.0,88600.0,6.0,7.0,4.0,8.0,30000.0,160000.0,7.0,264.0,1
36.0,675.0,0.36363636363636365,1.0,11.65,4366.0,19500.0,24.0,,5.0,2.0,20000.0,55000.0,148.0,154.0,0
36.0,675.0,0.375,4.0,20.7,5887.0,12900.0,13.0,9.0,0.0,4.0,15000.0,40000.0,13.0,103.0,0
60.0,715.0,0.084,3.0,4.25,39084.0,23100.0,5.0,8.0,2.0,8.0,21000.0,250000.0,5.0,317.0,1
36.0,660.0,0.2,9.0,5.9,1003.0,15100.0,3.0,2.0,0.0,8.0,10000.0,50000.0,8.0,65.0,0
36.0,760.0,0.1,4.0,31.97,20282.0,5500.0,12.0,5.0,1.0,5.0,5000.0,50000.0,20.0,80.0,1
36.0,685.0,0.15,6.0,22.64,5613.0,35830.0,4.0,,0.0,12.0,15000.0,100000.0,11.0,206.0,1
60.0,690.0,0.23333333333333334,2.0,28.24,34285.0,38500.0,5.0,13.0,7.0,7.0,35000.0,150000.0,5.0,169.0,1
36.0,700.0,0.1,2.0,4.05,24702.0,25300.0,1.0,1.0,5.0,2.0,10000.0,100000.0,22.0,116.0,1
60.0,690.0,0.2898809523809524,4.0,18.54,1972.0,16500.0,3.0,2.0,0.0,2.0,12175.0,42000.0,3.0,136.0,0
36.0,685.0,0.3561253561253561,1.0,11.35,52454.0,42000.0,11.0,,6.0,2.0,20000.0,56160.0,55.0,173.0,1
36.0,665.0,0.08605646260129562,7.0,13.2,2838.0,6000.0,1.0,3.0,1.0,4.0,7200.0,83666.0,1.0,177.0,0
36.0,705.0,0.26744186046511625,6.0,23.72,15471.0,9900.0,13.0,15.0,2.0,9.0,11500.0,43000.0,13.0,127.0,0
36.0,665.0,0.4187832607643928,2.0,17.05,827.0,3600.0,17.0,17.0,1.0,7.0,6925.0,16536.0,42.0,270.0,0
36.0,675.0,0.15384615384615385,2.0,26.51,1513.0,4800.0,1.0,,0.0,7.0,5000.0,32500.0,1.0,84.0,0
60.0,660.0,0.29010989010989013,7.0,16.68,16607.0,4600.0,3.0,3.0,4.0,3.0,26400.0,91000.0,10.0,106.0,1
60.0,675.0,0.3,6.0,9.66,25252.0,14500.0,12.0,13.0,4.0,6.0,24000.0,80000.0,12.0,223.0,0
36.0,680.0,0.12048192771084337,2.0,29.06,10261.0,2800.0,3.0,3.0,2.0,1.0,10000.0,83000.0,54.0,302.0,0
36.0,685.0,0.07142857142857142,,2.85,,,,,,,5000.0,70000.0,,,0
36.0,670.0,0.18028846153846154,5.0,10.36,23127.0,6200.0,6.0,6.0,5.0,2.0,7500.0,41600.0,24.0,173.0,1
36.0,715.0,0.2631578947368421,1.0,9.47,1012.0,5100.0,22.0,,1.0,3.0,10000.0,38000.0,68.0,196.0,1
36.0,680.0,0.07294429708222812,1.0,27.57,28100.0,45100.0,6.0,22.0,6.0,8.0,5500.0,75400.0,31.0,211.0,1
36.0,685.0,0.028125,3.0,15.11,50752.0,11800.0,3.0,13.0,1.0,3.0,4500.0,160000.0,12.0,98.0,1
36.0,695.0,0.4576388888888889,1.0,22.87,3505.0,26400.0,11.0,,2.0,7.0,16475.0,36000.0,29.0,414.0,1
60.0,750.0,0.19230769230769232,4.0,15.4,17815.0,30800.0,13.0,13.0,3.0,5.0,20000.0,104000.0,13.0,268.0,1
36.0,770.0,0.134,0.0,1.8,28688.0,17700.0,29.0,,4.0,2.0,6700.0,50000.0,49.0,162.0,1
36.0,660.0,0.11666666666666667,8.0,20.95,2841.0,4300.0,1.0,6.0,0.0,6.0,3500.0,30000.0,14.0,175.0,0
60.0,660.0,0.17142857142857143,1.0,11.32,43890.0,23700.0,3.0,3.0,6.0,5.0,30000.0,175000.0,26.0,312.0,1
36.0,740.0,0.08662433624102356,,3.54,,,,,,,10000.0,115441.0,,,1
60.0,680.0,0.112,1.0,5.04,74934.0,10500.0,5.0,,8.0,6.0,28000.0,250000.0,5.0,369.0,1
36.0,660.0,0.018666666666666668,2.0,13.12,2820.0,9000.0,7.0,4.0,2.0,6.0,1400.0,75000.0,7.0,131.0,0
60.0,670.0,0.20270270270270271,3.0,14.64,1423.0,15600.0,16.0,23.0,0.0,10.0,15000.0,74000.0,21.0,230.0,0
36.0,705.0,0.20408163265306123,7.0,19.99,6478.0,20400.0,11.0,17.0,0.0,6.0,20000.0,98000.0,21.0,244.0,1
36.0,810.0,0.07317073170731707,0.0,0.73,182.0,18600.0,39.0,,2.0,1.0,3000.0,41000.0,71.0,212.0,0
36.0,745.0,0.22,1.0,6.58,8198.0,9900.0,9.0,0.0,1.0,5.0,11000.0,50000.0,25.0,213.0,1
36.0,700.0,0.2,7.0,19.66,3514.0,43100.0,6.0,6.0,0.0,9.0,10000.0,50000.0,6.0,75.0,1
36.0,670.0,0.3983333333333333,1.0,15.76,10349.0,5100.0,10.0,6.0,1.0,3.0,11950.0,30000.0,31.0,61.0,1
60.0,670.0,0.4,2.0,11.8,31835.0,15100.0,18.0,7.0,4.0,3.0,20000.0,50000.0,50.0,261.0,0
36.0,660.0,0.275,2.0,8.77,2220.0,11800.0,4.0,18.0,1.0,7.0,19800.0,72000.0,18.0,272.0,0
36.0,750.0,0.030612244897959183,5.0,17.16,28769.0,21500.0,7.0,21.0,2.0,1.0,3000.0,98000.0,21.0,116.0,0
60.0,695.0,0.31093238257120354,3.0,33.93,19423.0,6400.0,20.0,19.0,2.0,9.0,15000.0,48242.0,26.0,104.0,1
36.0,675.0,0.1935483870967742,3.0,25.94,3213.0,13800.0,3.0,,0.0,5.0,6000.0,31000.0,3.0,139.0,0
36.0,695.0,0.17777777777777778,6.0,14.92,5970.0,7800.0,10.0,14.0,0.0,3.0,16000.0,90000.0,10.0,176.0,0
36.0,760.0,0.205,3.0,34.44,41822.0,8000.0,8.0,6.0,2.0,1.0,14350.0,70000.0,34.0,156.0,0
36.0,700.0,0.28,1.0,28.36,39061.0,72700.0,15.0,5.0,1.0,7.0,28000.0,100000.0,79.0,195.0,1
36.0,710.0,0.3684210526315789,4.0,26.56,3885.0,17700.0,13.0,,0.0,7.0,35000.0,95000.0,22.0,92.0,0
36.0,665.0,0.075,5.0,12.48,1969.0,3300.0,11.0,0.0,0.0,5.0,3000.0,40000.0,11.0,58.0,0
36.0,670.0,0.078125,4.0,18.14,22073.0,7000.0,3.0,1.0,3.0,4.0,6250.0,80000.0,7.0,76.0,1
36.0,670.0,0.17073170731707318,5.0,17.45,3415.0,3000.0,8.0,8.0,1.0,5.0,7000.0,41000.0,8.0,227.0,0
36.0,720.0,0.3076923076923077,6.0,26.18,10469.0,42200.0,6.0,6.0,2.0,8.0,20000.0,65000.0,6.0,277.0,1
36.0,705.0,0.21875,11.0,15.23,5763.0,11000.0,5.0,6.0,0.0,5.0,21000.0,96000.0,43.0,101.0,0
60.0,675.0,0.3,3.0,9.46,2708.0,14300.0,12.0,16.0,0.0,4.0,18000.0,60000.0,22.0,43.0,0
36.0,685.0,0.2764227642276423,2.0,12.9,1948.0,9300.0,13.0,13.0,0.0,4.0,17000.0,61500.0,13.0,133.0,0
36.0,750.0,0.5,2.0,28.6,1472.0,86100.0,6.0,1.0,0.0,8.0,21000.0,42000.0,35.0,250.0,1
36.0,660.0,0.13,1.0,7.92,2422.0,1800.0,6.0,6.0,2.0,3.0,3250.0,25000.0,82.0,589.0,1
60.0,705.0,0.2841666666666667,4.0,30.33,18364.0,23900.0,6.0,8.0,3.0,6.0,17050.0,60000.0,18.0,265.0,1
36.0,670.0,0.07228915662650602,6.0,15.13,12166.0,11900.0,1.0,1.0,1.0,6.0,3600.0,49800.0,1.0,190.0,1
36.0,660.0,0.3333333333333333,1.0,11.45,3493.0,3300.0,1.0,14.0,0.0,2.0,20000.0,60000.0,77.0,163.0,0
36.0,690.0,0.0391304347826087,3.0,29.53,3719.0,45000.0,12.0,12.0,0.0,6.0,1800.0,46000.0,38.0,101.0,0
36.0,695.0,0.29994001199760045,,16.37,,,,,,,12000.0,40008.0,,,0
36.0,660.0,0.18259259259259258,4.0,19.02,7953.0,5000.0,14.0,11.0,2.0,3.0,24650.0,135000.0,42.0,243.0,1
36.0,675.0,0.2903225806451613,3.0,20.11,24101.0,3500.0,13.0,13.0,1.0,3.0,18000.0,62000.0,13.0,77.0,1
60.0,685.0,0.12010869565217391,9.0,20.56,14181.0,6500.0,4.0,4.0,2.0,6.0,11050.0,92000.0,4.0,47.0,1
36.0,660.0,0.15460829493087558,8.0,23.15,23189.0,76600.0,2.0,17.0,6.0,9.0,33550.0,217000.0,52.0,252.0,1
36.0,715.0,0.07547169811320754,3.0,6.01,19736.0,18000.0,14.0,11.0,3.0,3.0,8000.0,106000.0,20.0,174.0,1
36.0,680.0,0.0403,11.0,24.88,31353.0,5500.0,3.0,3.0,0.0,2.0,10075.0,250000.0,4.0,196.0,0
36.0,675.0,0.4782608695652174,7.0,15.29,588.0,12000.0,7.0,0.0,0.0,5.0,11000.0,23000.0,7.0,339.0,0
36.0,720.0,0.368,3.0,20.21,9162.0,31400.0,11.0,11.0,1.0,5.0,18400.0,50000.0,15.0,223.0,1
36.0,715.0,0.12993039443155452,6.0,16.57,23401.0,10600.0,1.0,6.0,2.0,5.0,5600.0,43100.0,1.0,130.0,1
36.0,695.0,0.4666666666666667,1.0,9.36,4588.0,61000.0,18.0,4.0,4.0,5.0,35000.0,75000.0,18.0,197.0,0
36.0,700.0,0.20833333333333334,1.0,7.78,90864.0,11500.0,4.0,7.0,1.0,2.0,10000.0,48000.0,29.0,131.0,1
36.0,715.0,0.06444444444444444,5.0,23.36,19635.0,9200.0,4.0,15.0,3.0,3.0,2900.0,45000.0,32.0,174.0,1
36.0,695.0,0.4081818181818182,3.0,15.54,4113.0,32400.0,2.0,6.0,0.0,4.0,22450.0,55000.0,11.0,124.0,0
36.0,675.0,0.19047619047619047,5.0,20.2,18964.0,15500.0,0.0,0.0,1.0,5.0,8000.0,42000.0,0.0,246.0,1
36.0,675.0,0.21428571428571427,7.0,21.04,3710.0,9200.0,6.0,13.0,0.0,8.0,12000.0,56000.0,142.0,157.0,0
36.0,725.0,0.2,1.0,29.49,,8500.0,,17.0,6.0,,15000.0,75000.0,36.0,,1
60.0,700.0,0.12060301507537688,5.0,16.16,25491.0,16200.0,1.0,2.0,5.0,5.0,12000.0,99500.0,9.0,226.0,1
36.0,695.0,0.34322916666666664,3.0,29.58,2084.0,24600.0,4.0,,0.0,9.0,16475.0,48000.0,4.0,131.0,0
60.0,715.0,0.05405113237122318,,13.25,,,,,,,4000.0,74004.0,,,1
36.0,660.0,0.21428571428571427,4.0,5.52,884.0,19500.0,3.0,15.0,0.0,8.0,15000.0,70000.0,3.0,93.0,1
36.0,670.0,0.14375,3.0,9.02,3557.0,7400.0,3.0,4.0,1.0,3.0,11500.0,80000.0,20.0,65.0,0
36.0,670.0,0.07894736842105263,9.0,24.62,10223.0,1700.0,1.0,4.0,0.0,6.0,6000.0,76000.0,23.0,134.0,0
36.0,730.0,0.16666666666666666,2.0,20.05,6619.0,22100.0,15.0,5.0,1.0,5.0,10000.0,60000.0,64.0,165.0,1
36.0,685.0,0.23529411764705882,7.0,22.46,15100.0,59800.0,3.0,3.0,0.0,8.0,20000.0,85000.0,5.0,135.0,0
36.0,690.0,0.2777777777777778,6.0,12.8,19031.0,19200.0,9.0,10.0,1.0,5.0,20000.0,72000.0,9.0,100.0,1
36.0,690.0,0.07428571428571429,3.0,19.58,3699.0,40700.0,4.0,4.0,0.0,6.0,5200.0,70000.0,4.0,275.0,0
60.0,695.0,0.41944444444444445,2.0,28.93,3932.0,4000.0,14.0,0.0,1.0,1.0,15100.0,36000.0,14.0,94.0,0
36.0,690.0,0.47917706301320145,1.0,19.85,1948.0,16800.0,18.0,18.0,0.0,15.0,21125.0,44086.0,18.0,134.0,0
36.0,665.0,0.12307692307692308,6.0,8.53,34866.0,10500.0,6.0,2.0,2.0,5.0,8000.0,65000.0,6.0,137.0,1
36.0,715.0,0.3119584055459272,2.0,18.24,3324.0,37700.0,10.0,9.0,0.0,4.0,18000.0,57700.0,10.0,193.0,0
36.0,760.0,0.14814814814814814,4.0,15.16,3511.0,4800.0,7.0,4.0,0.0,4.0,20000.0,135000.0,14.0,246.0,0
36.0,700.0,0.21367521367521367,2.0,10.39,4707.0,23400.0,14.0,8.0,0.0,6.0,25000.0,117000.0,14.0,117.0,0
36.0,700.0,0.13023255813953488,1.0,10.59,18846.0,91000.0,11.0,4.0,4.0,8.0,28000.0,215000.0,25.0,268.0,1
36.0,670.0,0.295,2.0,14.46,42920.0,7000.0,6.0,6.0,4.0,4.0,14750.0,50000.0,6.0,102.0,1
36.0,720.0,0.3053435114503817,1.0,23.72,8013.0,16300.0,18.0,18.0,0.0,4.0,7200.0,23580.0,30.0,108.0,0
36.0,660.0,0.19047619047619047,2.0,11.45,10632.0,10200.0,2.0,2.0,2.0,4.0,12000.0,63000.0,74.0,187.0,1
36.0,665.0,0.0734508547008547,6.0,37.46,8158.0,31200.0,2.0,2.0,2.0,7.0,5500.0,74880.0,9.0,437.0,0
36.0,715.0,0.1694915254237288,3.0,30.68,3300.0,11500.0,7.0,0.0,0.0,7.0,10000.0,59000.0,7.0,162.0,0
36.0,710.0,0.41379310344827586,8.0,7.9,415.0,53600.0,2.0,4.0,0.0,7.0,12000.0,29000.0,2.0,79.0,0
36.0,690.0,0.2222222222222222,10.0,27.25,3851.0,8500.0,2.0,3.0,0.0,5.0,10000.0,45000.0,17.0,110.0,0
36.0,660.0,0.0673076923076923,1.0,2.54,3066.0,2100.0,2.0,1.0,0.0,4.0,3500.0,52000.0,32.0,137.0,0
60.0,660.0,0.39891304347826084,5.0,19.44,3383.0,5800.0,3.0,9.0,0.0,5.0,18350.0,46000.0,9.0,258.0,1
36.0,700.0,0.10833333333333334,1.0,13.4,30129.0,7500.0,14.0,2.0,1.0,6.0,5200.0,48000.0,39.0,220.0,1
60.0,700.0,0.27472527472527475,8.0,14.84,,11100.0,,7.0,3.0,,30000.0,109200.0,7.0,,1
36.0,675.0,0.3076923076923077,6.0,39.23,20642.0,24000.0,9.0,4.0,1.0,8.0,16000.0,52000.0,12.0,138.0,1
36.0,660.0,0.17391304347826086,1.0,7.12,42067.0,4900.0,13.0,2.0,3.0,3.0,20000.0,115000.0,36.0,275.0,1
60.0,755.0,0.2,4.0,14.79,8336.0,30500.0,4.0,1.0,2.0,3.0,30000.0,150000.0,4.0,220.0,0
36.0,685.0,0.1,3.0,20.51,,11484.0,,1.0,0.0,,3400.0,34000.0,6.0,,0
36.0,700.0,0.06875,8.0,7.29,27607.0,15000.0,3.0,6.0,1.0,6.0,5500.0,80000.0,3.0,58.0,1
36.0,665.0,0.41855203619909503,26.0,36.8,1046.0,11000.0,4.0,1.0,0.0,15.0,14800.0,35360.0,13.0,106.0,1
36.0,660.0,0.28169014084507044,8.0,22.13,3871.0,11300.0,3.0,3.0,11.0,6.0,20000.0,71000.0,29.0,250.0,1
36.0,660.0,0.3333333333333333,3.0,15.12,30694.0,5000.0,4.0,7.0,3.0,2.0,10000.0,30000.0,12.0,360.0,1
60.0,660.0,0.21428571428571427,9.0,13.01,8197.0,6200.0,4.0,4.0,2.0,8.0,15000.0,70000.0,19.0,288.0,1
36.0,675.0,0.13,2.0,21.24,8059.0,10400.0,6.0,6.0,1.0,3.0,13000.0,100000.0,13.0,199.0,0
36.0,665.0,0.15555555555555556,4.0,10.26,15589.0,23900.0,4.0,20.0,3.0,6.0,9100.0,58500.0,8.0,129.0,0
36.0,670.0,0.2857142857142857,6.0,21.79,3784.0,7600.0,11.0,2.0,3.0,5.0,20000.0,70000.0,28.0,166.0,0
36.0,785.0,0.044444444444444446,1.0,20.77,19292.0,61400.0,22.0,13.0,3.0,4.0,4000.0,90000.0,25.0,320.0,1
36.0,660.0,0.16,3.0,13.8,16403.0,2200.0,7.0,0.0,5.0,5.0,9600.0,60000.0,21.0,273.0,1
36.0,670.0,0.32,8.0,8.84,813.0,8800.0,7.0,1.0,3.0,3.0,9600.0,30000.0,8.0,163.0,0
60.0,680.0,0.41846153846153844,5.0,26.75,3048.0,38900.0,1.0,17.0,0.0,13.0,27200.0,65000.0,20.0,233.0,0
36.0,725.0,0.23076923076923078,3.0,17.78,20197.0,60152.0,11.0,11.0,3.0,8.0,18000.0,78000.0,24.0,257.0,1
36.0,730.0,0.1282051282051282,3.0,16.22,23790.0,47200.0,13.0,11.0,4.0,5.0,15000.0,117000.0,20.0,528.0,1
36.0,700.0,0.21428571428571427,7.0,27.2,4746.0,15000.0,1.0,0.0,0.0,4.0,9000.0,42000.0,3.0,212.0,0
36.0,680.0,0.30303030303030304,6.0,18.03,1477.0,18600.0,8.0,8.0,0.0,8.0,10000.0,33000.0,8.0,180.0,0
36.0,660.0,0.08105263157894736,11.0,3.89,480.0,4700.0,2.0,3.0,0.0,8.0,7700.0,95000.0,5.0,202.0,0
36.0,700.0,0.28285714285714286,5.0,22.38,7141.0,82500.0,2.0,10.0,0.0,5.0,19800.0,70000.0,10.0,200.0,0
36.0,685.0,0.2,3.0,18.53,1375.0,9500.0,4.0,1.0,0.0,5.0,5000.0,25000.0,4.0,134.0,0
36.0,700.0,0.1777303830089754,3.0,6.1,22491.0,15400.0,8.0,11.0,6.0,4.0,10000.0,56265.0,8.0,287.0,0
36.0,685.0,0.15730337078651685,7.0,22.79,14252.0,36500.0,4.0,5.0,7.0,16.0,14000.0,89000.0,47.0,359.0,1
60.0,680.0,0.43195876288659796,1.0,14.87,6170.0,13800.0,13.0,13.0,0.0,2.0,20950.0,48500.0,27.0,167.0,0
36.0,685.0,0.16554054054054054,4.0,23.87,21753.0,7900.0,2.0,4.0,2.0,4.0,6125.0,37000.0,4.0,200.0,1
36.0,695.0,0.06153846153846154,0.0,15.09,77680.0,5100.0,56.0,24.0,5.0,3.0,4800.0,78000.0,58.0,407.0,1
36.0,720.0,0.15384615384615385,7.0,26.27,4208.0,17800.0,2.0,2.0,0.0,7.0,8000.0,52000.0,2.0,148.0,1
36.0,675.0,0.07587099906931574,2.0,4.4,2097.0,7700.0,5.0,0.0,0.0,3.0,3000.0,39540.8,5.0,110.0,0
36.0,700.0,0.07197943444730077,5.0,9.61,25334.0,3900.0,2.0,2.0,6.0,3.0,4200.0,58350.0,2.0,189.0,1
60.0,810.0,0.4411764705882353,3.0,16.25,7112.0,92400.0,2.0,2.0,1.0,4.0,30000.0,68000.0,24.0,356.0,1
60.0,755.0,0.2564102564102564,,16.31,,,,,,,10000.0,39000.0,,,1
36.0,725.0,0.15384615384615385,3.0,15.05,2373.0,23300.0,11.0,4.0,1.0,6.0,10000.0,65000.0,11.0,385.0,0
36.0,730.0,0.03636363636363636,2.0,10.3,43522.0,4500.0,12.0,13.0,4.0,1.0,2000.0,55000.0,50.0,79.0,1
60.0,665.0,0.2361111111111111,7.0,15.77,17925.0,33000.0,9.0,13.0,1.0,10.0,17000.0,72000.0,13.0,129.0,1
60.0,695.0,0.33625,1.0,27.36,3328.0,19900.0,18.0,5.0,0.0,6.0,13450.0,40000.0,35.0,232.0,0
60.0,740.0,0.3763440860215054,2.0,6.41,46734.0,47700.0,7.0,,5.0,3.0,35000.0,93000.0,7.0,132.0,1
36.0,690.0,0.48,1.0,18.17,11560.0,38300.0,17.0,,3.0,8.0,24000.0,50000.0,17.0,146.0,1
36.0,805.0,0.05454545454545454,5.0,10.89,15863.0,20500.0,3.0,11.0,1.0,2.0,3000.0,55000.0,3.0,152.0,1
60.0,715.0,0.2164111812443643,10.0,32.24,13223.0,60800.0,1.0,1.0,5.0,10.0,24000.0,110900.0,1.0,438.0,1
36.0,670.0,0.16981132075471697,3.0,11.41,6352.0,20900.0,12.0,19.0,0.0,4.0,18000.0,106000.0,12.0,99.0,0
36.0,690.0,0.06666666666666667,6.0,23.74,14427.0,7500.0,3.0,3.0,0.0,4.0,10000.0,150000.0,13.0,329.0,1
60.0,710.0,0.13125,2.0,28.89,42836.0,39000.0,11.0,,4.0,5.0,10500.0,80000.0,11.0,259.0,1
36.0,665.0,0.28,7.0,13.22,3150.0,2300.0,1.0,18.0,0.0,4.0,14000.0,50000.0,8.0,174.0,0
36.0,780.0,0.022222222222222223,5.0,39.92,2279.0,20800.0,2.0,2.0,0.0,7.0,1000.0,45000.0,21.0,141.0,0
60.0,660.0,0.16,5.0,33.5,4134.0,12200.0,2.0,2.0,1.0,6.0,16000.0,100000.0,9.0,161.0,0
36.0,710.0,0.2127659574468085,13.0,14.27,3036.0,16300.0,1.0,2.0,0.0,3.0,10000.0,47000.0,1.0,62.0,0
36.0,660.0,0.09672880759760816,5.0,26.26,5712.0,9200.0,2.0,2.0,1.0,7.0,5500.0,56860.0,7.0,197.0,0
36.0,695.0,0.21212121212121213,5.0,16.75,4353.0,3600.0,8.0,9.0,0.0,3.0,7000.0,33000.0,8.0,117.0,0
60.0,670.0,0.3,3.0,33.12,12808.0,14000.0,4.0,6.0,0.0,2.0,30000.0,100000.0,136.0,136.0,0
36.0,710.0,0.21978021978021978,2.0,16.96,18961.0,16400.0,12.0,12.0,3.0,4.0,16000.0,72800.0,18.0,168.0,1
60.0,680.0,0.11494252873563218,7.0,24.14,30636.0,6400.0,1.0,1.0,3.0,3.0,12000.0,104400.0,31.0,119.0,1
36.0,680.0,0.25301204819277107,3.0,11.88,2147.0,44700.0,17.0,1.0,0.0,12.0,21000.0,83000.0,21.0,153.0,1
60.0,685.0,0.29411764705882354,4.0,8.89,4836.0,5500.0,1.0,6.0,0.0,2.0,25000.0,85000.0,1.0,56.0,1
60.0,660.0,0.31226765799256506,4.0,16.82,2033.0,9500.0,1.0,1.0,0.0,10.0,16800.0,53800.0,13.0,120.0,0
60.0,705.0,0.38095238095238093,7.0,38.89,5202.0,5400.0,3.0,0.0,0.0,6.0,16000.0,42000.0,23.0,152.0,0
60.0,665.0,0.085,8.0,14.39,53645.0,3800.0,4.0,2.0,6.0,2.0,12750.0,150000.0,34.0,356.0,0
36.0,655.0,0.16666666666666666,,18.12,,,,,,,15000.0,90000.0,,,1
36.0,740.0,0.13714285714285715,2.0,11.76,3007.0,21300.0,5.0,5.0,0.0,2.0,4800.0,35000.0,92.0,106.0,0
36.0,735.0,0.3764705882352941,5.0,15.04,986.0,19000.0,13.0,,0.0,4.0,6400.0,17000.0,47.0,184.0,0
60.0,695.0,0.3,4.0,23.81,20806.0,24200.0,4.0,,4.0,7.0,30000.0,100000.0,36.0,137.0,1
36.0,745.0,0.344989281886388,,19.29,,,,,,,10300.0,29856.0,,,0
60.0,665.0,0.3394736842105263,0.0,16.99,6967.0,5900.0,41.0,11.0,0.0,1.0,12900.0,38000.0,137.0,137.0,0
36.0,685.0,0.3,2.0,10.85,1767.0,7500.0,18.0,2.0,0.0,2.0,7800.0,26000.0,43.0,68.0,0
36.0,715.0,0.1359375,2.0,14.46,9518.0,7400.0,13.0,11.0,0.0,2.0,10875.0,80000.0,21.0,59.0,0
36.0,760.0,0.1,5.0,31.2,22568.0,41900.0,2.0,6.0,4.0,4.0,9000.0,90000.0,2.0,327.0,1
36.0,715.0,0.10869565217391304,2.0,26.67,17069.0,5900.0,17.0,17.0,4.0,6.0,6000.0,55200.0,71.0,216.0,1
36.0,680.0,0.09230769230769231,1.0,16.96,21171.0,50800.0,14.0,8.0,1.0,9.0,6000.0,65000.0,29.0,348.0,1
60.0,760.0,0.4268292682926829,,25.99,,,,,,,35000.0,82000.0,,,0
60.0,680.0,0.23072486060373004,9.0,28.75,8966.0,1600.0,7.0,5.0,0.0,4.0,24000.0,104020.0,30.0,174.0,0
36.0,700.0,0.3924646781789639,4.0,14.45,2969.0,34000.0,5.0,5.0,0.0,5.0,25000.0,63700.0,5.0,266.0,0
60.0,700.0,0.46153846153846156,1.0,30.51,8415.0,60000.0,14.0,14.0,1.0,6.0,30000.0,65000.0,32.0,260.0,0
60.0,720.0,0.2849462365591398,7.0,18.64,,15500.0,,0.0,0.0,,18550.0,65100.0,19.0,,0
36.0,680.0,0.19117647058823528,2.0,9.53,835.0,1700.0,9.0,11.0,0.0,4.0,3250.0,17000.0,9.0,98.0,0
60.0,705.0,0.2786885245901639,5.0,7.22,27824.0,25500.0,1.0,0.0,4.0,4.0,17000.0,61000.0,13.0,251.0,0
60.0,670.0,0.21739130434782608,2.0,9.18,1422.0,3500.0,12.0,0.0,0.0,4.0,10000.0,46000.0,36.0,221.0,0
36.0,760.0,0.1,2.0,2.0,72803.0,4300.0,11.0,13.0,2.0,2.0,3000.0,30000.0,37.0,55.0,1
36.0,685.0,0.23173076923076924,6.0,28.39,2049.0,9200.0,3.0,9.0,0.0,6.0,6025.0,26000.0,3.0,69.0,0
36.0,690.0,0.325,9.0,33.15,5205.0,3800.0,3.0,9.0,0.0,2.0,13000.0,40000.0,17.0,107.0,0
36.0,675.0,0.09066666666666667,6.0,12.93,3704.0,7250.0,3.0,6.0,5.0,6.0,6800.0,75000.0,5.0,276.0,0
36.0,660.0,0.1388888888888889,,12.62,,,,,,,10000.0,72000.0,,,0
60.0,660.0,0.32345013477088946,2.0,31.7,5520.0,8400.0,9.0,9.0,1.0,7.0,12000.0,37100.0,48.0,519.0,0
60.0,695.0,0.46944444444444444,1.0,36.45,6539.0,32300.0,18.0,,2.0,4.0,21125.0,45000.0,88.0,163.0,1
60.0,735.0,0.29411764705882354,3.0,17.95,69924.0,67200.0,1.0,0.0,2.0,4.0,30000.0,102000.0,1.0,251.0,1
36.0,720.0,0.2222222222222222,4.0,16.24,22282.0,46500.0,4.0,3.0,3.0,2.0,20000.0,90000.0,33.0,562.0,1
36.0,680.0,0.1826086956521739,1.0,19.18,6311.0,7200.0,12.0,6.0,0.0,4.0,8400.0,46000.0,41.0,173.0,1
60.0,705.0,0.31496062992125984,2.0,23.11,21883.0,42000.0,5.0,,3.0,6.0,32000.0,101600.0,32.0,184.0,1
36.0,660.0,0.4,4.0,33.75,4341.0,12500.0,8.0,3.0,0.0,4.0,10000.0,25000.0,8.0,56.0,0
36.0,725.0,0.08333333333333333,5.0,6.39,7311.0,23500.0,12.0,14.0,1.0,8.0,10000.0,120000.0,12.0,108.0,1
36.0,705.0,0.061224489795918366,4.0,30.79,33105.0,22500.0,9.0,9.0,1.0,2.0,3000.0,49000.0,9.0,134.0,1
36.0,660.0,0.28,7.0,17.47,30582.0,23000.0,1.0,1.0,2.0,8.0,35000.0,125000.0,1.0,140.0,1
36.0,675.0,0.03333333333333333,,7.88,,,,,,,2000.0,60000.0,,,0
60.0,720.0,0.3465346534653465,3.0,28.74,16862.0,21400.0,9.0,15.0,3.0,2.0,35000.0,101000.0,121.0,186.0,0
36.0,665.0,0.1826086956521739,6.0,12.58,9339.0,1900.0,18.0,2.0,1.0,4.0,4200.0,23000.0,24.0,104.0,0
36.0,715.0,0.18976232269082974,8.0,20.81,12488.0,11600.0,4.0,5.0,1.0,5.0,16000.0,84316.0,39.0,186.0,1
36.0,670.0,0.09420289855072464,2.0,3.92,871.0,2300.0,8.0,8.0,0.0,7.0,6500.0,69000.0,25.0,295.0,1
36.0,700.0,0.2222222222222222,2.0,9.79,15515.0,17700.0,8.0,11.0,2.0,4.0,20000.0,90000.0,37.0,118.0,1
60.0,705.0,0.32978811113859346,4.0,16.26,43002.0,45500.0,15.0,24.0,6.0,6.0,24000.0,72774.0,15.0,302.0,1
36.0,685.0,0.20869565217391303,2.0,33.31,16075.0,9500.0,11.0,4.0,1.0,4.0,9600.0,46000.0,16.0,247.0,1
60.0,705.0,0.4444444444444444,1.0,21.29,2334.0,12000.0,23.0,5.0,0.0,5.0,12000.0,27000.0,23.0,149.0,0
36.0,700.0,0.11818181818181818,4.0,13.81,28922.0,14200.0,10.0,1.0,2.0,3.0,13000.0,110000.0,25.0,193.0,1
36.0,680.0,0.125,11.0,32.38,7153.0,44900.0,3.0,2.0,2.0,14.0,6000.0,48000.0,3.0,125.0,1
36.0,680.0,0.1016949152542373,2.0,22.74,21062.0,5900.0,5.0,5.0,2.0,7.0,6000.0,59000.0,5.0,315.0,1
36.0,660.0,0.18545454545454546,0.0,10.5,2885.0,16500.0,80.0,,0.0,6.0,10200.0,55000.0,80.0,161.0,0
36.0,700.0,0.24615384615384617,2.0,14.01,8559.0,12400.0,3.0,3.0,4.0,4.0,16000.0,65000.0,16.0,295.0,1
60.0,680.0,0.392,4.0,26.88,9449.0,17200.0,10.0,24.0,1.0,8.0,19600.0,50000.0,10.0,133.0,1
36.0,660.0,0.06666666666666667,6.0,15.33,3636.0,7500.0,2.0,6.0,2.0,6.0,5000.0,75000.0,15.0,169.0,0
60.0,680.0,0.20363636363636364,5.0,12.65,8382.0,14900.0,8.0,6.0,1.0,8.0,11200.0,55000.0,18.0,80.0,1
36.0,690.0,0.1564705882352941,7.0,19.55,2650.0,25200.0,4.0,16.0,0.0,6.0,13300.0,85000.0,4.0,280.0,0
36.0,675.0,0.2692307692307692,2.0,12.28,2257.0,5600.0,12.0,12.0,1.0,2.0,7000.0,26000.0,12.0,190.0,0
36.0,675.0,0.2857142857142857,6.0,15.71,5059.0,1300.0,8.0,1.0,3.0,10.0,10000.0,35000.0,12.0,378.0,1
36.0,680.0,0.1951219512195122,1.0,8.99,1299.0,14400.0,8.0,3.0,0.0,7.0,8000.0,41000.0,8.0,119.0,0
36.0,720.0,0.42653846153846153,1.0,18.11,8820.0,52400.0,3.0,,0.0,4.0,27725.0,65000.0,49.0,401.0,0
36.0,695.0,0.2823529411764706,7.0,36.51,11429.0,24500.0,4.0,4.0,1.0,6.0,24000.0,85000.0,10.0,209.0,1
36.0,710.0,0.09652777777777778,5.0,16.47,15190.0,2000.0,9.0,9.0,4.0,7.0,6950.0,72000.0,66.0,279.0,1
36.0,660.0,0.12195121951219512,10.0,24.09,13333.0,14800.0,5.0,2.0,1.0,8.0,5000.0,41000.0,5.0,33.0,1
36.0,700.0,0.3076923076923077,4.0,21.68,3145.0,12400.0,3.0,13.0,1.0,9.0,20000.0,65000.0,3.0,168.0,1
36.0,670.0,0.4166666666666667,5.0,33.9,3818.0,7200.0,3.0,17.0,0.0,6.0,15000.0,36000.0,39.0,82.0,0
36.0,775.0,0.44871794871794873,1.0,24.75,11872.0,28600.0,13.0,,2.0,3.0,35000.0,78000.0,137.0,163.0,0
36.0,695.0,0.3737945126965536,2.0,15.85,2165.0,5500.0,23.0,,0.0,6.0,15000.0,40129.0,23.0,142.0,0
36.0,685.0,0.33136363636363636,5.0,33.69,6297.0,21700.0,4.0,,0.0,3.0,18225.0,55000.0,12.0,65.0,0
60.0,700.0,0.28360152934750643,7.0,22.99,54862.0,3000.0,7.0,13.0,2.0,3.0,27000.0,95204.0,7.0,102.0,1
36.0,785.0,0.24666666666666667,6.0,22.74,16738.0,18500.0,6.0,7.0,2.0,5.0,18500.0,75000.0,17.0,111.0,1
36.0,715.0,0.14814814814814814,4.0,10.44,26457.0,13700.0,4.0,5.0,7.0,7.0,8000.0,54000.0,4.0,312.0,0
36.0,725.0,0.05102040816326531,6.0,30.8,4414.0,132800.0,5.0,19.0,2.0,8.0,5000.0,98000.0,17.0,255.0,1
36.0,680.0,0.3426666666666667,6.0,26.38,16695.0,9200.0,4.0,3.0,3.0,2.0,25700.0,75000.0,4.0,517.0,1
60.0,700.0,0.24,9.0,11.8,14953.0,17500.0,1.0,1.0,2.0,3.0,24000.0,100000.0,4.0,119.0,1
36.0,665.0,0.11790540540540541,9.0,17.72,3861.0,4600.0,5.0,5.0,0.0,7.0,8725.0,74000.0,5.0,97.0,1
36.0,705.0,0.13416815742397137,,11.81,,,,,,,6000.0,44720.0,,,1
36.0,660.0,0.08333333333333333,0.0,6.22,1681.0,7400.0,33.0,,0.0,4.0,5000.0,60000.0,33.0,166.0,0
36.0,665.0,0.1,6.0,33.82,9174.0,24300.0,11.0,11.0,4.0,9.0,7000.0,70000.0,14.0,167.0,1
36.0,665.0,0.35875,2.0,18.99,4021.0,23700.0,10.0,,0.0,5.0,14350.0,40000.0,10.0,168.0,0
60.0,675.0,0.3787878787878788,6.0,20.07,4829.0,8800.0,2.0,1.0,0.0,3.0,25000.0,66000.0,2.0,120.0,0
36.0,750.0,0.3118279569892473,18.0,20.4,1789.0,268400.0,1.0,6.0,0.0,8.0,29000.0,93000.0,1.0,200.0,0
36.0,690.0,0.16666666666666666,5.0,26.72,1979.0,19000.0,14.0,3.0,0.0,11.0,5000.0,30000.0,14.0,190.0,0
36.0,755.0,0.03110419906687403,10.0,17.8,19197.0,7900.0,1.0,0.0,7.0,2.0,2000.0,64300.0,4.0,111.0,0
36.0,750.0,0.263563829787234,7.0,22.66,5629.0,5500.0,3.0,0.0,0.0,5.0,24775.0,94000.0,44.0,54.0,0
36.0,705.0,0.1825,2.0,35.04,4938.0,11400.0,14.0,,0.0,3.0,5475.0,30000.0,94.0,315.0,0
36.0,685.0,0.081875,9.0,21.57,15265.0,2600.0,1.0,1.0,1.0,9.0,3275.0,40000.0,15.0,27.0,1
60.0,675.0,0.17307692307692307,3.0,34.99,7626.0,3600.0,5.0,9.0,1.0,3.0,7200.0,41600.0,27.0,104.0,1
60.0,700.0,0.109375,4.0,18.03,24437.0,65000.0,1.0,7.0,5.0,13.0,14000.0,128000.0,1.0,293.0,1
36.0,670.0,0.04375,12.0,26.75,4700.0,2700.0,2.0,0.0,4.0,5.0,2100.0,48000.0,2.0,203.0,1
36.0,685.0,0.4394736842105263,3.0,4.3,363.0,8100.0,8.0,6.0,0.0,5.0,16700.0,38000.0,22.0,174.0,0
36.0,665.0,0.09615384615384616,9.0,36.79,4210.0,12500.0,1.0,1.0,1.0,13.0,5000.0,52000.0,9.0,206.0,0
36.0,670.0,0.11764705882352941,3.0,19.22,9968.0,8900.0,12.0,1.0,0.0,4.0,10000.0,85000.0,23.0,60.0,0
36.0,705.0,0.16,4.0,19.44,1524.0,154960.0,7.0,11.0,0.0,16.0,8000.0,50000.0,7.0,197.0,0
36.0,730.0,0.3723294506030424,,9.66,,,,,,,19850.0,53313.0,,,0
60.0,690.0,0.27450980392156865,2.0,18.95,31532.0,33500.0,6.0,0.0,5.0,9.0,28000.0,102000.0,6.0,227.0,1
36.0,670.0,0.09923076923076923,5.0,14.05,2241.0,17100.0,6.0,0.0,0.0,7.0,6450.0,65000.0,6.0,74.0,0
36.0,680.0,0.3153846153846154,4.0,20.62,4109.0,9900.0,10.0,10.0,0.0,8.0,20500.0,65000.0,10.0,75.0,0
60.0,685.0,0.33,4.0,21.06,10684.0,9200.0,11.0,0.0,3.0,5.0,13200.0,40000.0,53.0,212.0,1
36.0,705.0,0.17647058823529413,5.0,31.98,7143.0,20704.0,3.0,4.0,0.0,11.0,15000.0,85000.0,3.0,176.0,0
36.0,700.0,0.09090909090909091,7.0,9.91,6266.0,5400.0,2.0,2.0,0.0,5.0,10000.0,110000.0,2.0,151.0,0
60.0,715.0,0.2403846153846154,13.0,12.51,3844.0,13900.0,4.0,0.0,0.0,5.0,21000.0,87360.0,6.0,98.0,1
60.0,670.0,0.2222222222222222,29.0,27.56,2936.0,8800.0,3.0,1.0,1.0,17.0,14000.0,63000.0,3.0,37.0,0
60.0,660.0,0.14814814814814814,4.0,8.6,2912.0,39300.0,0.0,0.0,1.0,9.0,20000.0,135000.0,0.0,278.0,0
36.0,705.0,0.1275,9.0,12.57,17769.0,0.0,4.0,3.0,4.0,2.0,10200.0,80000.0,186.0,186.0,1
60.0,685.0,0.390625,4.0,22.11,2049.0,12100.0,15.0,16.0,2.0,7.0,25000.0,64000.0,15.0,297.0,1
36.0,675.0,0.18983050847457628,7.0,12.69,27496.0,25300.0,4.0,15.0,5.0,6.0,22400.0,118000.0,4.0,219.0,1
60.0,675.0,0.3626943005181347,2.0,15.79,5668.0,27700.0,4.0,3.0,0.0,5.0,35000.0,96500.0,131.0,278.0,0
36.0,680.0,0.16666666666666666,2.0,10.15,4439.0,5300.0,14.0,10.0,0.0,3.0,12000.0,72000.0,28.0,238.0,1
36.0,670.0,0.11764705882352941,5.0,16.56,47686.0,2300.0,3.0,16.0,4.0,3.0,12000.0,102000.0,26.0,155.0,1
36.0,710.0,0.16216216216216217,7.0,27.96,24744.0,21500.0,7.0,8.0,3.0,5.0,12000.0,74000.0,11.0,137.0,1
36.0,685.0,0.21428571428571427,1.0,27.94,2425.0,26000.0,13.0,13.0,1.0,18.0,15000.0,70000.0,52.0,394.0,1
36.0,695.0,0.36231884057971014,1.0,11.5,8226.0,14900.0,2.0,,1.0,3.0,25000.0,69000.0,2.0,185.0,1
36.0,715.0,0.18085106382978725,2.0,19.51,7149.0,8800.0,5.0,5.0,2.0,5.0,8500.0,47000.0,49.0,264.0,1
36.0,700.0,0.27692307692307694,7.0,23.65,2254.0,18800.0,3.0,7.0,0.0,13.0,18000.0,65000.0,3.0,287.0,0
36.0,670.0,0.10256410256410256,3.0,34.4,11399.0,8000.0,4.0,9.0,0.0,1.0,4000.0,39000.0,54.0,162.0,1
36.0,775.0,0.09523809523809523,8.0,12.0,2179.0,16800.0,3.0,13.0,1.0,5.0,8000.0,84000.0,11.0,305.0,0
36.0,665.0,0.16,4.0,13.69,8208.0,17500.0,5.0,3.0,1.0,2.0,16000.0,100000.0,12.0,212.0,0
36.0,675.0,0.33379120879120877,4.0,22.02,2787.0,8400.0,1.0,0.0,0.0,8.0,12150.0,36400.0,1.0,104.0,0
60.0,685.0,0.5,1.0,20.07,,11300.0,,7.0,0.0,,20000.0,40000.0,33.0,,0
36.0,710.0,0.05853658536585366,6.0,27.25,3459.0,8500.0,3.0,4.0,0.0,2.0,2400.0,41000.0,12.0,148.0,0
36.0,725.0,0.10526315789473684,1.0,25.77,17888.0,19700.0,1.0,9.0,2.0,3.0,10000.0,95000.0,67.0,161.0,1
60.0,675.0,0.35384615384615387,2.0,15.45,2003.0,19300.0,4.0,0.0,2.0,7.0,23000.0,65000.0,4.0,337.0,1
36.0,665.0,0.14666666666666667,2.0,2.96,120942.0,9000.0,11.0,23.0,1.0,2.0,11000.0,75000.0,21.0,633.0,1
60.0,690.0,0.16842105263157894,11.0,14.58,25243.0,13800.0,8.0,8.0,1.0,11.0,16000.0,95000.0,8.0,107.0,0
36.0,720.0,0.11538461538461539,2.0,7.38,15076.0,42909.0,5.0,,5.0,4.0,15000.0,130000.0,6.0,243.0,1
36.0,700.0,0.024096385542168676,5.0,10.0,28740.0,47000.0,8.0,8.0,2.0,5.0,6000.0,249000.0,67.0,190.0,1
60.0,705.0,0.2857142857142857,2.0,34.81,14642.0,80900.0,24.0,,6.0,14.0,28000.0,98000.0,104.0,369.0,1
36.0,730.0,0.25,9.0,24.03,13601.0,67400.0,4.0,2.0,2.0,10.0,20000.0,80000.0,8.0,346.0,0
60.0,665.0,0.22608695652173913,4.0,12.94,2754.0,6000.0,6.0,10.0,0.0,4.0,10400.0,46000.0,6.0,153.0,1
36.0,720.0,0.06,3.0,12.58,8765.0,6600.0,3.0,2.0,0.0,2.0,3600.0,60000.0,3.0,36.0,0
36.0,690.0,0.3333333333333333,2.0,32.4,2414.0,1500.0,4.0,4.0,0.0,7.0,4000.0,12000.0,114.0,200.0,0
36.0,775.0,0.19230769230769232,,2.31,,,,,,,5000.0,26000.0,,,1
36.0,770.0,0.10526315789473684,1.0,6.11,1665.0,9200.0,24.0,,0.0,1.0,10000.0,95000.0,24.0,117.0,0
36.0,680.0,0.08235294117647059,8.0,27.69,17396.0,29600.0,5.0,4.0,5.0,6.0,7000.0,85000.0,10.0,187.0,1
36.0,775.0,0.14957264957264957,7.0,9.13,351.0,4400.0,10.0,6.0,0.0,0.0,5600.0,37440.0,27.0,121.0,1
60.0,690.0,0.4,4.0,22.28,4470.0,14200.0,10.0,10.0,1.0,7.0,20000.0,50000.0,10.0,240.0,1
36.0,750.0,0.24210526315789474,6.0,3.95,1917.0,58800.0,5.0,5.0,0.0,4.0,23000.0,95000.0,5.0,305.0,1
36.0,720.0,0.07936507936507936,3.0,33.09,25859.0,11000.0,11.0,2.0,3.0,4.0,5000.0,63000.0,11.0,201.0,1
36.0,695.0,0.14285714285714285,1.0,8.07,2575.0,5000.0,13.0,,0.0,6.0,10000.0,70000.0,81.0,99.0,0
36.0,705.0,0.29411764705882354,4.0,28.68,8370.0,36200.0,12.0,1.0,0.0,4.0,25000.0,85000.0,39.0,145.0,0
36.0,810.0,0.08,3.0,20.79,6404.0,19700.0,10.0,3.0,0.0,5.0,4000.0,50000.0,12.0,117.0,0
36.0,665.0,0.25,1.0,16.1,5182.0,9300.0,9.0,,1.0,4.0,15000.0,60000.0,65.0,152.0,0
36.0,665.0,0.21367521367521367,2.0,17.29,4379.0,29000.0,1.0,,0.0,3.0,10000.0,46800.0,1.0,245.0,0
60.0,740.0,0.3766478342749529,2.0,22.78,16536.0,62500.0,5.0,5.0,3.0,7.0,20000.0,53100.0,47.0,347.0,1
36.0,720.0,0.043010752688172046,2.0,26.48,2876.0,0.0,16.0,22.0,0.0,5.0,2000.0,46500.0,,238.0,0
60.0,695.0,0.2639175257731959,7.0,23.56,22030.0,35108.0,10.0,1.0,1.0,6.0,25600.0,97000.0,22.0,172.0,0
36.0,790.0,0.2777777777777778,4.0,18.41,6665.0,13500.0,5.0,1.0,0.0,4.0,25000.0,90000.0,5.0,115.0,0
36.0,745.0,0.32375,,21.54,,,,,,,19425.0,60000.0,,,1
36.0,695.0,0.06642223284977948,2.0,7.3,1341.0,5600.0,5.0,5.0,0.0,9.0,5000.0,75276.0,17.0,387.0,0
36.0,665.0,0.28313953488372096,6.0,18.72,2136.0,4400.0,8.0,8.0,0.0,4.0,12175.0,43000.0,8.0,201.0,0
36.0,690.0,0.2003504672897196,3.0,13.7,2267.0,10900.0,4.0,4.0,0.0,9.0,17150.0,85600.0,7.0,282.0,0
60.0,705.0,0.3389830508474576,3.0,12.85,1673.0,18200.0,9.0,9.0,0.0,2.0,20000.0,59000.0,11.0,63.0,0
60.0,675.0,0.26456692913385826,4.0,13.34,10668.0,0.0,2.0,9.0,10.0,1.0,33600.0,127000.0,,324.0,0
60.0,665.0,0.12,8.0,15.18,5613.0,17800.0,1.0,4.0,0.0,6.0,18000.0,150000.0,28.0,83.0,0
36.0,665.0,0.41793478260869565,4.0,22.1,9669.0,23900.0,2.0,,2.0,6.0,19225.0,46000.0,20.0,179.0,1
36.0,695.0,0.22857142857142856,1.0,19.8,7127.0,49900.0,15.0,2.0,0.0,5.0,24000.0,105000.0,15.0,82.0,0
36.0,750.0,0.17094017094017094,2.0,17.63,19888.0,20600.0,19.0,19.0,2.0,9.0,20000.0,117000.0,25.0,292.0,1
36.0,785.0,0.2,,24.5,,,,,,,15000.0,75000.0,,,1
60.0,675.0,0.209375,5.0,14.67,23669.0,16700.0,3.0,10.0,3.0,9.0,18425.0,88000.0,12.0,147.0,0
36.0,715.0,0.13636363636363635,9.0,4.35,26062.0,19600.0,3.0,1.0,2.0,3.0,6000.0,44000.0,11.0,149.0,0
36.0,710.0,0.25,6.0,21.98,1683.0,16000.0,6.0,12.0,1.0,7.0,8000.0,32000.0,11.0,127.0,0
36.0,720.0,0.20909090909090908,1.0,16.16,6178.0,27600.0,13.0,,0.0,6.0,11500.0,55000.0,13.0,157.0,0
36.0,680.0,0.1597444089456869,0.0,25.81,1538.0,20000.0,28.0,0.0,2.0,17.0,15000.0,93900.0,28.0,118.0,1
36.0,755.0,0.053763440860215055,1.0,0.44,709.0,1500.0,20.0,1.0,3.0,1.0,5000.0,93000.0,84.0,238.0,0
36.0,700.0,0.13636363636363635,4.0,14.63,8862.0,12000.0,6.0,6.0,2.0,6.0,12000.0,88000.0,21.0,410.0,1
60.0,660.0,0.14705882352941177,8.0,24.52,2849.0,9400.0,1.0,8.0,0.0,12.0,10000.0,68000.0,7.0,110.0,0
36.0,685.0,0.28503021320259947,6.0,14.72,546.0,10500.0,2.0,11.0,0.0,7.0,5000.0,17542.0,2.0,169.0,0
60.0,730.0,0.22727272727272727,1.0,3.36,619.0,22500.0,17.0,0.0,0.0,5.0,25000.0,110000.0,17.0,171.0,0
36.0,690.0,0.25,4.0,22.59,3693.0,7500.0,3.0,7.0,1.0,5.0,10000.0,40000.0,25.0,108.0,1
36.0,665.0,0.275,6.0,26.25,4511.0,17000.0,3.0,8.0,0.0,8.0,17875.0,65000.0,5.0,31.0,0
36.0,800.0,0.11880717595342759,,0.77,,,,,,,12000.0,101004.0,,,1
60.0,660.0,0.19130434782608696,7.0,12.34,4933.0,13500.0,4.0,11.0,6.0,6.0,22000.0,115000.0,18.0,262.0,0
60.0,685.0,0.2608695652173913,11.0,29.65,15286.0,40100.0,2.0,1.0,2.0,6.0,24000.0,92000.0,17.0,163.0,1
36.0,725.0,0.16470588235294117,2.0,10.32,19858.0,54100.0,5.0,15.0,6.0,8.0,28000.0,170000.0,75.0,341.0,1
36.0,725.0,0.10714285714285714,3.0,10.26,28985.0,25000.0,1.0,1.0,5.0,3.0,12000.0,112000.0,17.0,152.0,1
36.0,715.0,0.24444444444444444,5.0,23.71,3262.0,12000.0,14.0,15.0,0.0,2.0,11000.0,45000.0,14.0,240.0,0
36.0,720.0,0.26666666666666666,3.0,8.99,16298.0,8000.0,9.0,,1.0,4.0,20000.0,75000.0,9.0,185.0,1
36.0,780.0,0.08728179551122195,0.0,3.36,44358.0,105900.0,43.0,,3.0,5.0,35000.0,401000.0,43.0,222.0,1
36.0,715.0,0.02912621359223301,,10.45,,,,,,,3000.0,103000.0,,,0
36.0,695.0,0.25,5.0,18.94,3450.0,7000.0,11.0,5.0,0.0,3.0,8000.0,32000.0,11.0,197.0,0
60.0,705.0,0.26666666666666666,2.0,17.23,14899.0,22000.0,2.0,23.0,2.0,5.0,20000.0,75000.0,2.0,126.0,1
36.0,680.0,0.26666666666666666,5.0,28.5,18659.0,4200.0,5.0,6.0,2.0,6.0,20000.0,75000.0,12.0,376.0,1
36.0,665.0,0.22976190476190475,6.0,21.4,21605.0,3400.0,2.0,4.0,4.0,6.0,9650.0,42000.0,12.0,147.0,1
60.0,660.0,0.40229885057471265,8.0,36.67,20247.0,41100.0,1.0,12.0,2.0,6.0,35000.0,87000.0,1.0,330.0,1
36.0,705.0,0.12352941176470589,4.0,20.75,1415.0,8150.0,7.0,7.0,1.0,7.0,6300.0,51000.0,7.0,212.0,1
36.0,730.0,0.15294117647058825,3.0,10.98,3045.0,27000.0,3.0,17.0,2.0,4.0,13000.0,85000.0,3.0,346.0,1
36.0,735.0,0.10526315789473684,4.0,5.92,46030.0,13500.0,2.0,,6.0,2.0,10000.0,95000.0,5.0,177.0,1
36.0,755.0,0.22857142857142856,1.0,19.9,26621.0,0.0,13.0,13.0,0.0,0.0,24000.0,105000.0,,174.0,0
36.0,715.0,0.08333333333333333,4.0,15.02,3348.0,2800.0,7.0,6.0,0.0,3.0,5000.0,60000.0,7.0,117.0,0
60.0,670.0,0.38461538461538464,6.0,28.31,10093.0,35300.0,4.0,4.0,4.0,9.0,25000.0,65000.0,4.0,225.0,1
36.0,680.0,0.33166666666666667,2.0,6.64,2792.0,27000.0,2.0,,0.0,2.0,9950.0,30000.0,2.0,90.0,0
36.0,705.0,0.145,3.0,49.86,3795.0,14800.0,4.0,2.0,0.0,9.0,5075.0,35000.0,4.0,110.0,0
36.0,780.0,0.48,2.0,25.52,4507.0,26700.0,2.0,,4.0,2.0,28800.0,60000.0,2.0,152.0,0
60.0,710.0,0.32432432432432434,4.0,23.61,12213.0,14000.0,3.0,12.0,7.0,8.0,18000.0,55500.0,20.0,115.0,1
36.0,690.0,0.12698412698412698,9.0,18.19,3132.0,2800.0,2.0,8.0,0.0,7.0,8000.0,63000.0,17.0,130.0,0
36.0,670.0,0.12,5.0,24.91,6263.0,12000.0,5.0,1.0,0.0,8.0,15000.0,125000.0,21.0,90.0,0
36.0,705.0,0.0125,8.0,15.84,4285.0,4100.0,7.0,7.0,0.0,1.0,1000.0,80000.0,72.0,156.0,0
60.0,695.0,0.25925925925925924,5.0,22.37,29402.0,24981.0,6.0,1.0,4.0,6.0,35000.0,135000.0,10.0,159.0,1
36.0,680.0,0.09230769230769231,16.0,23.84,19970.0,10700.0,1.0,7.0,6.0,8.0,12000.0,130000.0,9.0,171.0,1
36.0,705.0,0.25,6.0,27.15,7350.0,51900.0,7.0,23.0,2.0,13.0,20000.0,80000.0,7.0,460.0,1
36.0,660.0,0.16,6.0,7.8,517.0,6600.0,10.0,9.0,3.0,8.0,8000.0,50000.0,10.0,221.0,0
60.0,705.0,0.09473684210526316,5.0,16.75,45108.0,15300.0,4.0,4.0,8.0,8.0,18000.0,190000.0,4.0,337.0,1
36.0,685.0,0.12315270935960591,0.0,7.97,8497.0,51400.0,61.0,,5.0,4.0,25000.0,203000.0,61.0,221.0,0
36.0,680.0,0.22285922587486745,2.0,17.9,36942.0,57800.0,1.0,,3.0,7.0,33625.0,150880.0,1.0,351.0,1
36.0,760.0,0.4996807151979566,7.0,16.79,2078.0,48700.0,4.0,2.0,3.0,4.0,31300.0,62640.0,28.0,253.0,1
60.0,670.0,0.025366859140730263,3.0,3.93,16089.0,68000.0,15.0,23.0,0.0,3.0,35000.0,1379753.0,15.0,229.0,0
36.0,680.0,0.19230769230769232,10.0,24.37,1190.0,10000.0,7.0,13.0,2.0,8.0,7200.0,37440.0,13.0,167.0,1
60.0,680.0,0.15,5.0,19.18,7634.0,500.0,7.0,0.0,0.0,4.0,15000.0,100000.0,180.0,203.0,1
36.0,670.0,0.1388888888888889,3.0,10.37,9060.0,5000.0,4.0,4.0,2.0,4.0,15000.0,108000.0,11.0,185.0,0
60.0,690.0,0.15625,2.0,28.17,17577.0,25900.0,13.0,1.0,3.0,5.0,12500.0,80000.0,44.0,120.0,0
36.0,660.0,0.2777777777777778,2.0,14.64,2550.0,15100.0,3.0,2.0,3.0,6.0,15000.0,54000.0,100.0,168.0,0
60.0,680.0,0.4540063746201171,,23.02,,,,,,,24500.0,53964.0,,,0
60.0,700.0,0.34523809523809523,4.0,16.71,14154.0,16500.0,7.0,0.0,3.0,7.0,29000.0,84000.0,7.0,129.0,1
36.0,740.0,0.11428571428571428,5.0,11.17,938.0,18000.0,2.0,9.0,0.0,7.0,4800.0,42000.0,15.0,264.0,0
36.0,685.0,0.20588235294117646,4.0,9.52,45006.0,3600.0,10.0,2.0,2.0,3.0,35000.0,170000.0,156.0,156.0,1
36.0,780.0,0.12643678160919541,5.0,11.79,31793.0,32100.0,9.0,9.0,7.0,2.0,11000.0,87000.0,15.0,232.0,1
60.0,675.0,0.37976190476190474,6.0,19.3,3248.0,2800.0,6.0,3.0,0.0,6.0,23925.0,63000.0,16.0,113.0,0
36.0,690.0,0.05925925925925926,5.0,3.75,45143.0,5400.0,4.0,1.0,2.0,0.0,8000.0,135000.0,5.0,104.0,0
60.0,685.0,0.28888888888888886,2.0,22.83,5694.0,7800.0,6.0,6.0,0.0,2.0,10400.0,36000.0,37.0,62.0,0
36.0,675.0,0.07850525985241011,1.0,21.76,1249.0,1300.0,12.0,0.0,0.0,4.0,2000.0,25476.0,27.0,117.0,1
36.0,710.0,0.46153846153846156,4.0,34.42,4734.0,25300.0,1.0,1.0,0.0,8.0,30000.0,65000.0,7.0,199.0,0
36.0,685.0,0.0946969696969697,6.0,33.32,12671.0,13800.0,1.0,1.0,2.0,8.0,5000.0,52800.0,10.0,106.0,1
36.0,750.0,0.2,6.0,12.62,14569.0,50800.0,1.0,1.0,1.0,3.0,15000.0,75000.0,1.0,93.0,1
36.0,680.0,0.08771929824561403,4.0,13.33,2964.0,10300.0,12.0,12.0,0.0,4.0,5000.0,57000.0,12.0,31.0,0
36.0,690.0,0.2830188679245283,6.0,32.38,2039.0,7800.0,1.0,0.0,0.0,8.0,7500.0,26500.0,1.0,98.0,0
36.0,680.0,0.16955501173650303,3.0,8.48,1822.0,17500.0,8.0,8.0,0.0,3.0,16975.0,100115.0,8.0,170.0,0
36.0,680.0,0.2823529411764706,6.0,32.34,756.0,800.0,6.0,,0.0,5.0,2400.0,8500.0,43.0,43.0,0
36.0,670.0,0.23076923076923078,0.0,15.44,28291.0,8600.0,28.0,9.0,2.0,6.0,12000.0,52000.0,28.0,264.0,1
36.0,680.0,0.256,3.0,26.06,28485.0,57600.0,3.0,3.0,4.0,7.0,32000.0,125000.0,37.0,324.0,1
36.0,745.0,0.18916666666666668,3.0,25.8,2119.0,11400.0,20.0,23.0,0.0,4.0,5675.0,30000.0,20.0,185.0,0
36.0,735.0,0.20833333333333334,2.0,31.15,5104.0,7600.0,4.0,3.0,0.0,4.0,10000.0,48000.0,4.0,107.0,0
36.0,670.0,0.21739130434782608,11.0,26.52,3349.0,12600.0,3.0,1.0,4.0,16.0,20000.0,92000.0,3.0,328.0,1
36.0,660.0,0.33958333333333335,1.0,33.6,1190.0,9600.0,12.0,0.0,6.0,9.0,8150.0,24000.0,44.0,381.0,1
36.0,710.0,0.12923076923076923,7.0,25.4,14208.0,15200.0,5.0,3.0,3.0,8.0,8400.0,65000.0,5.0,288.0,1
60.0,670.0,0.38,2.0,25.54,4410.0,19100.0,2.0,2.0,0.0,10.0,22800.0,60000.0,25.0,173.0,0
36.0,735.0,0.1048780487804878,2.0,5.64,1671.0,9500.0,9.0,,0.0,2.0,4300.0,41000.0,37.0,226.0,0
36.0,675.0,0.17045454545454544,8.0,15.1,7395.0,11500.0,3.0,10.0,0.0,5.0,15000.0,88000.0,10.0,156.0,0
60.0,690.0,0.21084337349397592,6.0,18.27,45066.0,32900.0,9.0,9.0,2.0,5.0,35000.0,166000.0,31.0,115.0,1
36.0,695.0,0.1687071641965907,1.0,21.17,31383.0,24000.0,23.0,23.0,2.0,4.0,14400.0,85355.0,86.0,133.0,1
36.0,665.0,0.3024193548387097,21.0,28.99,904.0,33500.0,4.0,4.0,1.0,10.0,9000.0,29760.0,4.0,27.0,1
36.0,755.0,0.2,6.0,8.88,19896.0,44800.0,2.0,2.0,6.0,6.0,22000.0,110000.0,2.0,273.0,1
60.0,775.0,0.5,,3.16,,,,,,,30000.0,60000.0,,,0
60.0,690.0,0.35,5.0,16.23,3093.0,9400.0,3.0,5.0,0.0,2.0,22750.0,65000.0,75.0,199.0,0
60.0,735.0,0.23333333333333334,16.0,30.97,10397.0,21600.0,2.0,4.0,0.0,2.0,21000.0,90000.0,7.0,183.0,0
36.0,665.0,0.1282051282051282,3.0,28.69,15502.0,23000.0,4.0,3.0,3.0,5.0,10000.0,78000.0,67.0,306.0,1
60.0,680.0,0.16908212560386474,2.0,17.98,22480.0,59600.0,1.0,19.0,2.0,8.0,35000.0,207000.0,19.0,278.0,1
36.0,700.0,0.04411764705882353,4.0,24.8,21046.0,14600.0,5.0,3.0,3.0,3.0,3000.0,68000.0,13.0,138.0,1
60.0,745.0,0.23076923076923078,13.0,8.54,7758.0,33500.0,6.0,1.0,2.0,10.0,12000.0,52000.0,6.0,70.0,1
60.0,665.0,0.15,2.0,21.17,3294.0,23100.0,7.0,0.0,0.0,6.0,12000.0,80000.0,19.0,113.0,0
36.0,670.0,0.1724137931034483,3.0,8.79,3561.0,2000.0,4.0,4.0,1.0,1.0,6000.0,34800.0,6.0,261.0,0
60.0,670.0,0.20444444444444446,4.0,14.74,4364.0,34900.0,4.0,6.0,0.0,7.0,18400.0,90000.0,7.0,393.0,0
36.0,710.0,0.1282051282051282,5.0,23.2,2070.0,9000.0,5.0,5.0,0.0,4.0,5000.0,39000.0,7.0,205.0,0
36.0,660.0,0.10989010989010989,1.0,9.82,16207.0,9400.0,7.0,1.0,3.0,6.0,10000.0,91000.0,47.0,140.0,1
60.0,690.0,0.3225806451612903,2.0,14.32,2400.0,6500.0,19.0,15.0,0.0,3.0,20000.0,62000.0,138.0,159.0,0
36.0,820.0,0.17518248175182483,3.0,11.77,3072.0,50600.0,13.0,13.0,0.0,3.0,24000.0,137000.0,13.0,128.0,0
36.0,705.0,0.2222222222222222,9.0,21.4,18252.0,89600.0,5.0,7.0,2.0,15.0,20000.0,90000.0,5.0,138.0,1
36.0,680.0,0.1225071225071225,2.0,29.44,3404.0,11000.0,7.0,5.0,0.0,3.0,4300.0,35100.0,23.0,84.0,0
60.0,745.0,0.23989444644356483,1.0,12.88,25390.0,34800.0,21.0,1.0,1.0,5.0,20000.0,83370.0,21.0,107.0,1
36.0,680.0,0.1976284584980237,3.0,37.38,4246.0,41300.0,10.0,3.0,0.0,8.0,5000.0,25300.0,10.0,159.0,0
60.0,720.0,0.4,5.0,34.92,2018.0,10600.0,19.0,13.0,2.0,9.0,12000.0,30000.0,19.0,158.0,0
36.0,670.0,0.2,2.0,14.5,1443.0,10800.0,1.0,,0.0,7.0,5000.0,25000.0,1.0,83.0,0
36.0,700.0,0.47960526315789476,3.0,36.95,3780.0,51700.0,5.0,0.0,0.0,6.0,18225.0,38000.0,10.0,326.0,0
60.0,720.0,0.18181818181818182,6.0,31.12,5482.0,55900.0,8.0,14.0,0.0,10.0,10000.0,55000.0,12.0,264.0,0
36.0,710.0,0.108,1.0,10.9,17878.0,22700.0,4.0,3.0,1.0,3.0,5400.0,50000.0,69.0,115.0,1
36.0,695.0,0.26666666666666666,9.0,11.52,809.0,24500.0,6.0,6.0,0.0,11.0,12000.0,45000.0,6.0,237.0,0
36.0,830.0,0.1,8.0,6.52,18744.0,177800.0,1.0,5.0,4.0,6.0,24000.0,240000.0,1.0,368.0,1
36.0,755.0,0.1668520578420467,3.0,27.84,4662.0,9000.0,6.0,6.0,0.0,3.0,3000.0,17980.0,26.0,231.0,0
36.0,745.0,0.15486725663716813,2.0,27.16,63661.0,19400.0,12.0,0.0,1.0,3.0,35000.0,226000.0,54.0,74.0,1
60.0,720.0,0.4895833333333333,,20.35,,,,,,,23500.0,48000.0,,,0
60.0,690.0,0.4037685060565276,7.0,29.16,18182.0,8000.0,6.0,1.0,4.0,9.0,30000.0,74300.0,76.0,326.0,1
36.0,665.0,0.0375,3.0,14.04,2465.0,5800.0,8.0,8.0,0.0,4.0,1500.0,40000.0,8.0,115.0,0
36.0,660.0,0.022222222222222223,1.0,14.09,35691.0,500.0,15.0,15.0,8.0,1.0,2000.0,90000.0,261.0,279.0,1
36.0,665.0,0.26666666666666666,5.0,34.43,3475.0,9100.0,9.0,9.0,0.0,6.0,8000.0,30000.0,12.0,74.0,0
36.0,685.0,0.2857142857142857,6.0,20.1,1248.0,5400.0,8.0,13.0,0.0,6.0,8000.0,28000.0,8.0,51.0,0
60.0,705.0,0.2597402597402597,6.0,23.19,26516.0,20400.0,9.0,0.0,2.0,5.0,20000.0,77000.0,31.0,122.0,0
60.0,705.0,0.2112676056338028,2.0,14.18,6630.0,38900.0,11.0,,0.0,3.0,15000.0,71000.0,16.0,147.0,0
36.0,725.0,0.1625,8.0,20.63,14685.0,38300.0,1.0,1.0,6.0,13.0,13000.0,80000.0,8.0,351.0,1
60.0,665.0,0.42,4.0,26.86,3603.0,4600.0,12.0,12.0,2.0,5.0,25200.0,60000.0,51.0,140.0,0
36.0,665.0,0.2222222222222222,1.0,2.61,112242.0,10700.0,9.0,10.0,1.0,2.0,20000.0,90000.0,99.0,106.0,1
36.0,685.0,0.3684210526315789,12.0,18.97,8994.0,1000.0,3.0,3.0,4.0,7.0,21000.0,57000.0,23.0,162.0,1
36.0,665.0,0.12075471698113208,1.0,27.4,4399.0,1700.0,16.0,10.0,0.0,4.0,3200.0,26500.0,71.0,82.0,0
36.0,660.0,0.15886075949367087,2.0,12.15,6141.0,5800.0,5.0,5.0,1.0,4.0,12550.0,79000.0,10.0,450.0,0
60.0,710.0,0.2800112004480179,2.0,21.76,24551.0,36200.0,22.0,,3.0,7.0,35000.0,124995.0,22.0,189.0,1
36.0,675.0,0.25,7.0,14.03,26520.0,21900.0,4.0,4.0,3.0,6.0,20000.0,80000.0,10.0,104.0,1
60.0,700.0,0.39831569363832936,2.0,13.18,54293.0,38400.0,11.0,13.0,3.0,3.0,35000.0,87870.0,64.0,331.0,1
36.0,680.0,0.1292190003618132,4.0,26.7,39149.0,8600.0,14.0,1.0,1.0,4.0,10000.0,77388.0,112.0,191.0,1
60.0,735.0,0.13125,2.0,12.19,61806.0,63000.0,8.0,,2.0,6.0,21000.0,160000.0,39.0,277.0,1
36.0,760.0,0.060240963855421686,4.0,29.64,22488.0,21000.0,14.0,13.0,1.0,2.0,5000.0,83000.0,90.0,135.0,1
36.0,670.0,0.35368421052631577,4.0,21.72,16842.0,26250.0,5.0,20.0,5.0,11.0,33600.0,95000.0,20.0,548.0,1
60.0,710.0,0.19964285714285715,4.0,18.1,32884.0,8100.0,5.0,0.0,2.0,5.0,13975.0,70000.0,12.0,241.0,0
36.0,705.0,0.2,5.0,7.66,48073.0,10000.0,5.0,14.0,7.0,2.0,24000.0,120000.0,14.0,179.0,1
36.0,675.0,0.14285714285714285,14.0,22.62,3368.0,43200.0,1.0,4.0,4.0,19.0,25000.0,175000.0,1.0,267.0,0
36.0,745.0,0.24200379139273182,5.0,10.49,1102.0,21300.0,4.0,1.0,0.0,9.0,18000.0,74379.0,4.0,236.0,0
36.0,660.0,0.22727272727272727,4.0,7.64,1976.0,18200.0,12.0,,0.0,6.0,10000.0,44000.0,12.0,76.0,0
60.0,715.0,0.2290909090909091,2.0,17.12,29231.0,110100.0,1.0,1.0,2.0,6.0,25200.0,110000.0,11.0,378.0,0
36.0,660.0,0.049358341559723594,6.0,23.18,21770.0,4600.0,1.0,2.0,4.0,8.0,5000.0,101300.0,4.0,129.0,1
60.0,665.0,0.3763440860215054,6.0,27.86,25773.0,16200.0,2.0,12.0,2.0,10.0,35000.0,93000.0,2.0,495.0,1
60.0,725.0,0.2730748225013654,3.0,19.01,46704.0,9200.0,3.0,0.0,5.0,3.0,10000.0,36620.0,3.0,395.0,1
60.0,685.0,0.22583333333333333,14.0,27.44,11338.0,13050.0,1.0,6.0,2.0,12.0,13550.0,60000.0,6.0,198.0,1
36.0,705.0,0.4,5.0,27.08,2262.0,12500.0,1.0,5.0,1.0,5.0,14000.0,35000.0,42.0,346.0,0
36.0,660.0,0.22578125,2.0,22.09,2087.0,8000.0,3.0,4.0,0.0,6.0,7225.0,32000.0,23.0,48.0,0
36.0,740.0,0.3,3.0,6.56,23116.0,26800.0,24.0,19.0,1.0,4.0,30000.0,100000.0,24.0,131.0,1
36.0,685.0,0.07142857142857142,10.0,15.04,15594.0,16500.0,3.0,6.0,1.0,6.0,5000.0,70000.0,3.0,229.0,1
36.0,660.0,0.34509077917438047,5.0,15.94,2187.0,4200.0,11.0,24.0,0.0,4.0,10625.0,30789.0,24.0,67.0,0
36.0,660.0,0.2526017985248055,6.0,27.04,9637.0,5500.0,3.0,4.0,2.0,4.0,10000.0,39588.0,4.0,180.0,1
36.0,660.0,0.16,4.0,14.77,2321.0,12800.0,13.0,19.0,0.0,6.0,12000.0,75000.0,27.0,98.0,0
36.0,710.0,0.041223404255319146,2.0,13.73,38930.0,23700.0,3.0,2.0,3.0,4.0,4650.0,112800.0,116.0,252.0,0
36.0,660.0,0.1,12.0,28.28,2008.0,14400.0,2.0,2.0,1.0,10.0,5000.0,50000.0,2.0,191.0,0
36.0,665.0,0.10344827586206896,4.0,17.05,304.0,1600.0,7.0,7.0,0.0,4.0,3000.0,29000.0,86.0,95.0,0
36.0,680.0,0.22758620689655173,2.0,10.46,35393.0,9200.0,5.0,,5.0,4.0,9900.0,43500.0,25.0,220.0,1
60.0,670.0,0.24,6.0,30.53,7983.0,3300.0,6.0,2.0,0.0,4.0,12000.0,50000.0,31.0,42.0,0
36.0,680.0,0.1016949152542373,12.0,17.68,22064.0,3000.0,3.0,0.0,3.0,11.0,6000.0,59000.0,9.0,37.0,1
60.0,685.0,0.35714285714285715,7.0,22.06,9403.0,20000.0,4.0,0.0,1.0,9.0,15000.0,42000.0,11.0,202.0,1
60.0,680.0,0.47619047619047616,1.0,24.97,2338.0,20000.0,21.0,6.0,1.0,11.0,30000.0,63000.0,21.0,138.0,1
36.0,660.0,0.4173611111111111,3.0,18.83,7684.0,22000.0,20.0,0.0,0.0,9.0,15025.0,36000.0,35.0,152.0,0
36.0,795.0,0.008130081300813009,4.0,14.74,93080.0,8500.0,14.0,9.0,4.0,4.0,1000.0,123000.0,93.0,135.0,1
36.0,670.0,0.26666666666666666,2.0,24.86,24341.0,23000.0,8.0,8.0,1.0,7.0,20000.0,75000.0,28.0,178.0,1
60.0,685.0,0.3076923076923077,6.0,12.74,1175.0,16300.0,7.0,0.0,0.0,12.0,16000.0,52000.0,7.0,105.0,0
60.0,665.0,0.2857142857142857,8.0,13.97,16373.0,25000.0,3.0,3.0,1.0,9.0,20000.0,70000.0,4.0,156.0,1
60.0,675.0,0.12,6.0,11.82,10319.0,7900.0,14.0,15.0,0.0,4.0,20400.0,170000.0,61.0,202.0,0
36.0,665.0,0.43974358974358974,4.0,21.68,4749.0,19100.0,2.0,7.0,1.0,9.0,34300.0,78000.0,20.0,134.0,0
60.0,660.0,0.35119047619047616,0.0,23.37,2172.0,5200.0,51.0,20.0,0.0,7.0,14750.0,42000.0,61.0,105.0,0
36.0,755.0,0.18305784957550714,6.0,29.32,30459.0,35000.0,3.0,1.0,6.0,2.0,20000.0,109255.08,3.0,330.0,1
36.0,660.0,0.3,7.0,15.16,1879.0,11600.0,10.0,10.0,0.0,7.0,12000.0,40000.0,12.0,63.0,0
60.0,715.0,0.25,8.0,32.83,14834.0,15900.0,3.0,6.0,4.0,7.0,25000.0,100000.0,20.0,186.0,1
36.0,660.0,0.3,4.0,12.7,1746.0,21300.0,6.0,6.0,0.0,6.0,18000.0,60000.0,6.0,234.0,0
60.0,710.0,0.3586206896551724,2.0,12.9,43617.0,34600.0,13.0,,1.0,4.0,31200.0,87000.0,34.0,177.0,1
36.0,680.0,0.23076923076923078,4.0,2.12,535.0,1000.0,7.0,11.0,1.0,4.0,15000.0,65000.0,10.0,176.0,1
60.0,670.0,0.17802197802197803,5.0,15.82,22121.0,23700.0,4.0,1.0,3.0,13.0,32400.0,182000.0,15.0,346.0,1
36.0,700.0,0.36764705882352944,0.0,5.28,5491.0,14300.0,61.0,4.0,0.0,2.0,25000.0,68000.0,61.0,184.0,1
60.0,660.0,0.1875,4.0,27.71,3444.0,13200.0,8.0,8.0,0.0,13.0,12000.0,64000.0,21.0,114.0,0
60.0,735.0,0.15,7.0,6.4,20718.0,17600.0,3.0,4.0,3.0,3.0,15000.0,100000.0,12.0,79.0,1
36.0,680.0,0.1111111111111111,4.0,17.57,6004.0,11700.0,2.0,5.0,0.0,7.0,5000.0,45000.0,2.0,121.0,0
60.0,690.0,0.232,7.0,16.71,14457.0,1000.0,1.0,1.0,1.0,0.0,11600.0,50000.0,11.0,121.0,1
60.0,670.0,0.17204301075268819,5.0,27.12,34028.0,12300.0,2.0,10.0,2.0,5.0,16000.0,93000.0,70.0,138.0,1
36.0,660.0,0.151,6.0,13.49,3910.0,1000.0,2.0,,1.0,2.0,7550.0,50000.0,45.0,227.0,0
36.0,700.0,0.08333333333333333,2.0,17.22,17971.0,16950.0,5.0,5.0,4.0,10.0,5000.0,60000.0,5.0,109.0,1
36.0,740.0,0.2,0.0,30.88,2749.0,48000.0,27.0,7.0,2.0,7.0,12000.0,60000.0,40.0,348.0,0
60.0,750.0,0.44907407407407407,4.0,24.22,20691.0,50165.0,2.0,17.0,1.0,2.0,24250.0,54000.0,31.0,150.0,1
60.0,690.0,0.43478260869565216,4.0,23.83,2054.0,5400.0,3.0,8.0,0.0,6.0,15000.0,34500.0,3.0,174.0,0
36.0,755.0,0.06233766233766234,0.0,17.83,76940.0,35500.0,45.0,14.0,1.0,2.0,4800.0,77000.0,64.0,233.0,1
60.0,710.0,0.19811320754716982,4.0,13.93,5577.0,6300.0,21.0,22.0,0.0,4.0,21000.0,106000.0,37.0,165.0,0
36.0,660.0,0.04285714285714286,4.0,7.3,36257.0,2300.0,2.0,3.0,2.0,2.0,3000.0,70000.0,49.0,189.0,1
36.0,660.0,0.20833333333333334,3.0,25.14,3769.0,2900.0,4.0,,0.0,4.0,5000.0,24000.0,4.0,135.0,0
36.0,670.0,0.14676470588235294,7.0,8.11,1499.0,19300.0,1.0,14.0,0.0,10.0,12475.0,85000.0,2.0,181.0,0
